_original_index,id,date,time,year,month,day,hour,day_of_week,district,city,latitude,longitude,deaths_count,weather_code,temp_max,temp_min,temp_mean,precipitation_sum,rain_sum,snowfall_sum,windspeed_max,windgusts_max,humidity_mean
1,2,2026-09-09,19:22:33,2026,9,9,19,Wednesday,කොළඹ,කඩුවෙල,6.9333,79.95,0,1,28.52,25.6,26.67,3.25,3.25,,2.59,,84.34
0,1,2026-09-10,07:00:29,2026,9,10,7,Thursday,පොළොන්නරුව,මින්නේරිය,8.0333,80.8976,0,1,32.31,24.71,27.76,0.43,0.43,,1.59,,72.19
3,4,2026-09-09,14:56:40,2026,9,9,14,Wednesday,බදුල්ල,කොස්ලන්ද,6.8333,81.05,4,1,31.56,22.4,26.05,1.9,1.9,,1.06,,78.86
2,3,2026-09-09,17:49:48,2026,9,9,17,Wednesday,නුවරඑළිය,බගවන්තලාව,6.7833,80.6667,0,1,27.54,21.7,24.06,2.79,2.79,,1.05,,88.53
4,5,2026-09-09,00:47:11,2026,9,9,0,Wednesday,මාතර,පාලටුව,5.95,80.5333,1,2,29.27,26.55,27.67,6.22,6.22,,4.66,,80.79
6,7,2026-09-08,19:49:02,2026,9,8,19,Tuesday,කොළඹ,කොළඹ,6.9271,79.8612,0,2,28.42,25.44,26.45,12.85,12.85,,2.48,,84.74
7,8,2026-09-08,16:01:22,2026,9,8,16,Tuesday,කොළඹ,කොළඹ,6.9271,79.8612,0,2,28.42,25.44,26.45,12.85,12.85,,2.48,,84.74
5,6,2026-09-08,19:52:26,2026,9,8,19,Tuesday,කොළඹ,කොළඹ,6.9271,79.8612,0,2,28.42,25.44,26.45,12.85,12.85,,2.48,,84.74
9,10,2026-09-08,00:18:50,2026,9,8,0,Tuesday,,,0.0,0.0,0,1,24.99,24.36,24.69,1.43,1.43,,3.92,,87.21
8,9,2026-09-08,08:56:11,2026,9,8,8,Tuesday,හම්බන්තොට,මත්තල,6.2833,81.1,0,2,30.99,24.34,26.86,6.58,6.58,,2.58,,79.89
11,12,2026-09-07,08:56:56,2026,9,7,8,Monday,ගම්පහ,දොඩංගොඩ,6.8333,79.9833,0,2,28.84,25.47,26.46,8.52,8.52,,2.23,,84.93
10,11,2026-09-07,11:34:38,2026,9,7,11,Monday,කුරුණෑගල,කොටදෙනියාව,7.5,80.2167,0,2,29.4,25.31,26.66,6.87,6.87,,2.13,,84.9
13,14,2026-09-06,16:44:57,2026,9,6,16,Sunday,මොණරාගල,තණමල්විල,6.6333,81.0167,1,1,32.06,24.16,27.34,2.27,2.27,,2.39,,76.17
12,13,2026-09-06,22:44:59,2026,9,6,22,Sunday,කොළඹ,අඟුලාන,6.8167,79.8833,1,2,28.95,25.27,26.59,9.4,9.4,,2.23,,83.99
14,15,2026-09-06,10:53:09,2026,9,6,10,Sunday,කොළඹ,බොරලැස්ගමුව,6.8333,79.9167,1,2,28.95,25.27,26.59,9.4,9.4,,2.23,,83.99
15,16,2026-09-05,13:30:26,2026,9,5,13,Saturday,අනුරාධපුර,රඹවල,8.1,80.5,1,2,32.76,24.27,27.19,12.23,12.23,,1.25,,79.37
16,17,2026-09-03,22:35:08,2026,9,3,22,Thursday,පොළොන්නරුව,සුංගාවිල,8.0333,81.0,0,1,33.97,25.98,29.28,2.25,2.25,,1.92,,66.61
17,18,2026-09-03,13:18:57,2026,9,3,13,Thursday,මොණරාගල,කතරගම,6.4167,81.7667,0,1,30.15,27.52,28.64,3.35,3.35,,6.3,,76.47
18,19,2026-09-02,21:31:28,2026,9,2,21,Wednesday,,,0.0,0.0,0,1,24.48,23.69,24.16,0.43,0.43,,2.8,,85.75
20,21,2026-09-02,10:24:03,2026,9,2,10,Wednesday,කොළඹ,කොළඹ,6.9271,79.8612,0,2,28.44,25.24,26.39,8.43,8.43,,2.67,,84.78
19,20,2026-09-02,15:16:07,2026,9,2,15,Wednesday,කොළඹ,කොළඹ,6.9271,79.8612,0,2,28.44,25.24,26.39,8.43,8.43,,2.67,,84.78
21,22,2026-08-31,16:39:33,2026,8,31,16,Monday,කෑගල්ල,මාවනැල්ල,7.25,80.45,0,1,29.34,23.31,25.41,0.6,0.6,,1.37,,81.32
22,23,2026-08-31,12:05:59,2026,8,31,12,Monday,මහනුවර,කන්දකැටිය,7.2333,80.7,1,1,27.5,22.12,24.09,1.98,1.98,,1.1,,86.89
23,24,2026-08-31,09:46:36,2026,8,31,9,Monday,ගම්පහ,පමුණුගම,7.0333,79.9,3,1,28.44,25.09,26.34,2.46,2.46,,2.5,,84.73
24,25,2026-08-30,16:35:08,2026,8,30,16,Sunday,ගම්පහ,සපුගස්කන්ද,6.9833,79.95,1,2,27.92,24.78,25.91,6.24,6.24,,2.43,,85.74
25,26,2026-08-30,11:42:19,2026,8,30,11,Sunday,මොණරාගල,තණමල්විල,6.6333,81.0167,1,1,30.84,24.48,26.92,0.85,0.85,,3.04,,76.96
26,27,2026-08-30,11:07:57,2026,8,30,11,Sunday,ත්‍රිකුණාමලය,තඹලගමුව,8.5,81.1,1,0,32.49,26.72,29.0,0.0,0.0,,4.37,,69.07
27,28,2026-08-30,07:07:34,2026,8,30,7,Sunday,කොළඹ,පිළියන්දල,6.8,79.9,0,2,27.92,24.78,25.91,6.24,6.24,,2.43,,85.74
28,29,2026-08-29,08:28:52,2026,8,29,8,Saturday,කළුතර,ගෝනපොල,6.75,80.05,0,2,27.55,24.78,25.68,10.54,10.54,,2.61,,88.42
29,30,2026-08-27,12:50:33,2026,8,27,12,Thursday,,,0.0,0.0,0,1,24.82,24.3,24.59,0.18,0.18,,3.28,,82.53
30,31,2026-08-27,09:54:30,2026,8,27,9,Thursday,අනුරාධපුර,කැබිතිගොල්ලෑව,8.6167,80.6667,3,1,31.09,25.08,27.29,1.09,1.09,,1.86,,76.87
32,33,2026-08-25,14:06:09,2026,8,25,14,Tuesday,කොළඹ,රත්මලාන,6.8167,79.8833,0,3,26.78,24.47,25.41,43.46,43.46,,2.95,,88.31
31,32,2026-08-26,12:58:58,2026,8,26,12,Wednesday,මාතලේ,අඩම්පන්,7.4667,80.6333,6,2,27.2,22.91,24.28,11.64,11.64,,1.36,,88.89
33,34,2026-08-24,15:23:47,2026,8,24,15,Monday,,,0.0,0.0,0,1,25.0,24.58,24.82,0.75,0.75,,3.67,,85.62
34,35,2026-08-24,14:33:13,2026,8,24,14,Monday,නුවරඑළිය,නෝර්වුඩ්,6.9333,80.6167,1,2,27.15,22.21,23.81,7.93,7.93,,1.18,,88.21
35,36,2026-08-23,15:37:53,2026,8,23,15,Sunday,නුවරඑළිය,හග්ගල,6.8667,80.75,1,1,26.96,21.8,23.75,3.01,3.01,,1.16,,87.73
36,37,2026-08-23,14:38:10,2026,8,23,14,Sunday,මඩකලපුව,කෝට්ටේකල්ලාර්,7.7167,81.6667,2,1,32.88,26.81,29.7,0.27,0.27,,4.32,,70.64
37,38,2026-08-23,12:31:01,2026,8,23,12,Sunday,පුත්තලම,මාරවිල,7.75,79.8333,5,1,29.86,25.53,27.33,4.04,4.04,,3.3,,78.43
38,39,2026-08-23,11:55:50,2026,8,23,11,Sunday,ගම්පහ,රාගම,7.0333,79.9167,1,2,27.98,24.84,26.06,7.61,7.61,,2.96,,84.61
40,41,2026-08-22,09:03:39,2026,8,22,9,Saturday,,,0.0,0.0,1749,1,24.72,24.13,24.46,0.18,0.18,,5.29,,83.94
39,40,2026-08-22,18:37:32,2026,8,22,18,Saturday,පුත්තලම,වෙන්නප්පුව,7.3167,79.85,1,1,28.67,25.04,26.41,2.85,2.85,,2.71,,81.65
41,42,2026-08-21,06:22:36,2026,8,21,6,Friday,මොණරාගල,මොණරාගල,6.8667,81.55,5,1,30.57,22.96,25.95,2.77,2.77,,1.27,,76.31
42,43,2026-08-20,11:13:48,2026,8,20,11,Thursday,නුවරඑළිය,නල්ලතන්නිය,6.95,80.5667,0,2,26.91,22.2,23.72,10.18,10.18,,1.14,,89.59
43,44,2026-08-20,09:50:14,2026,8,20,9,Thursday,ගම්පහ,දෙල්ගොඩ,6.9833,80.0,3,2,28.07,24.49,25.91,18.65,18.65,,3.02,,86.95
44,45,2026-08-19,11:03:40,2026,8,19,11,Wednesday,මොණරාගල,තණමල්විල,6.6333,81.0167,1,1,30.92,23.85,26.82,2.14,2.14,,2.86,,79.51
46,47,2026-08-17,14:32:31,2026,8,17,14,Monday,කොළඹ,අඟුලාන,6.8167,79.8833,0,2,27.66,24.91,25.83,15.88,15.88,,2.43,,86.62
45,46,2026-08-17,15:33:25,2026,8,17,15,Monday,පුත්තලම,කල්පිටිය,8.2333,79.7667,5,2,29.39,25.51,27.01,7.25,7.25,,3.0,,81.37
47,48,2026-08-16,19:43:37,2026,8,16,19,Sunday,යාපනය,නාගදීප,9.6667,79.85,0,1,30.2,27.63,28.59,1.66,1.66,,7.69,,78.0
48,49,2026-08-16,16:39:49,2026,8,16,16,Sunday,නුවරඑළිය,නුවරඑළිය,6.9667,80.7667,0,1,27.57,22.04,23.94,2.6,2.6,,1.02,,88.76
49,50,2026-08-16,14:51:48,2026,8,16,14,Sunday,,,0.0,0.0,12,1,24.16,23.77,24.02,0.37,0.37,,4.43,,85.0
50,51,2026-08-16,13:44:25,2026,8,16,13,Sunday,කොළඹ,අඟුලාන,6.8167,79.8833,0,1,28.32,24.91,26.07,2.68,2.68,,2.22,,86.03
51,52,2026-08-16,10:55:05,2026,8,16,10,Sunday,කොළඹ,අඟුලාන,6.8167,79.8833,0,1,28.32,24.91,26.07,2.68,2.68,,2.22,,86.03
52,53,2026-08-16,09:19:05,2026,8,16,9,Sunday,ගම්පහ,මීරිගම,7.25,80.0167,1,1,28.58,24.97,26.22,1.15,1.15,,2.16,,84.96
53,54,2026-08-14,10:34:19,2026,8,14,10,Friday,ගම්පහ,වේයන්ගොඩ,7.0,80.0833,2,3,27.09,24.91,25.61,24.22,24.22,,2.6,,87.52
55,56,2026-08-13,16:28:20,2026,8,13,16,Thursday,,,0.0,0.0,1693,1,23.91,23.2,23.63,0.59,0.59,,3.77,,84.36
56,57,2026-08-13,10:37:16,2026,8,13,10,Thursday,,,0.0,0.0,2,1,23.91,23.2,23.63,0.59,0.59,,3.77,,84.36
54,55,2026-08-13,16:50:14,2026,8,13,16,Thursday,,,0.0,0.0,0,1,23.91,23.2,23.63,0.59,0.59,,3.77,,84.36
57,58,2026-08-11,12:59:27,2026,8,11,12,Tuesday,ගාල්ල,කොක්මාදූව,6.0833,80.1833,0,3,28.18,26.85,27.3,21.2,21.2,,4.72,,83.95
58,59,2026-08-11,10:53:39,2026,8,11,10,Tuesday,පොළොන්නරුව,බකමූණ,7.95,81.0,2,1,32.54,25.47,28.47,3.88,3.88,,1.7,,72.37
59,60,2026-08-10,21:40:06,2026,8,10,21,Monday,,,0.0,0.0,20,1,23.57,23.23,23.42,0.18,0.18,,2.87,,77.78
60,61,2026-08-10,15:52:14,2026,8,10,15,Monday,කොළඹ,කොළඹ,6.9271,79.8612,0,2,27.15,24.6,25.67,12.57,12.57,,2.68,,88.09
62,63,2026-08-09,12:18:18,2026,8,9,12,Sunday,කුරුණෑගල,ගිරිඋල්ල,7.3333,80.05,1,2,27.5,24.43,25.55,10.42,10.42,,2.63,,87.19
61,62,2026-08-10,12:13:39,2026,8,10,12,Monday,පුත්තලම,වෙන්නප්පුව,7.3167,79.85,1,1,27.51,24.57,25.79,4.36,4.36,,2.47,,87.45
63,64,2026-08-07,11:13:03,2026,8,7,11,Friday,කළුතර,බුලත්සිංහල,6.4667,80.2,0,2,26.91,25.2,25.9,19.84,19.84,,3.94,,87.02
64,65,2026-08-07,10:12:56,2026,8,7,10,Friday,කොළඹ,කොළඹ,6.9271,79.8612,0,3,26.51,24.35,25.19,23.31,23.31,,2.96,,88.89
66,67,2026-08-04,21:06:31,2026,8,4,21,Tuesday,අම්පාර,දමන,7.2333,81.6667,1,2,28.67,25.21,26.54,8.08,8.08,,2.5,,86.68
65,66,2026-08-05,14:18:11,2026,8,5,14,Wednesday,කුරුණෑගල,මාවතගම,7.4667,80.3833,1,1,26.83,22.46,24.19,4.03,4.03,,1.48,,85.17
68,69,2026-08-04,19:44:11,2026,8,4,19,Tuesday,කෑගල්ල,රන්දෙණිය,7.25,80.35,1,2,24.99,22.83,23.59,10.8,10.8,,1.31,,92.48
67,68,2026-08-04,20:24:57,2026,8,4,20,Tuesday,කළුතර,හොරණ,6.7167,80.0667,0,2,27.19,25.17,25.91,13.91,13.91,,3.54,,88.4
69,70,2026-08-04,17:58:08,2026,8,4,17,Tuesday,,,0.0,0.0,0,1,24.45,24.06,24.28,0.37,0.37,,3.24,,81.71
71,72,2026-08-04,13:48:59,2026,8,4,13,Tuesday,කෑගල්ල,රන්දෙණිය,7.25,80.35,1,2,24.99,22.83,23.59,10.8,10.8,,1.31,,92.48
70,71,2026-08-04,14:23:55,2026,8,4,14,Tuesday,පුත්තලම,මඳුරාගොඩ,7.5333,79.9333,3,2,26.41,24.67,25.22,18.84,18.84,,2.32,,91.42
72,73,2026-08-04,09:58:13,2026,8,4,9,Tuesday,මඩකලපුව,කලවංචිකුඩි,7.9167,81.5,0,1,27.89,24.62,26.04,4.8,4.8,,1.94,,82.86
73,74,2026-08-03,16:37:47,2026,8,3,16,Monday,මාතලේ,දඹුල්ල,7.8667,80.65,0,3,26.4,24.01,24.85,31.84,31.84,,1.8,,89.86
74,75,2026-08-03,08:58:56,2026,8,3,8,Monday,පොළොන්නරුව,හබරණ,8.0333,80.7667,0,3,26.4,24.01,24.85,31.84,31.84,,1.8,,89.86
75,76,2026-08-03,07:46:29,2026,8,3,7,Monday,කෑගල්ල,කරඬුපන,7.25,80.35,0,3,24.91,22.75,23.4,33.47,33.47,,1.52,,93.52
76,77,2026-08-02,23:17:22,2026,8,2,23,Sunday,ත්‍රිකුණාමලය,මුතූර්,8.45,81.2667,2,1,30.48,26.12,27.85,4.21,4.21,,4.17,,76.0
77,78,2026-08-02,19:40:39,2026,8,2,19,Sunday,කුරුණෑගල,මහරච්චිමුල්ල,7.5,80.2167,0,3,27.07,24.54,25.37,29.45,29.45,,2.38,,90.27
78,79,2026-08-02,17:20:58,2026,8,2,17,Sunday,පුත්තලම,හලාවත,7.5833,79.8,5,3,27.07,24.54,25.37,29.45,29.45,,2.38,,90.27
79,80,2026-08-02,00:52:41,2026,8,2,0,Sunday,,,0.0,0.0,25,1,24.16,23.68,23.94,0.35,0.35,,5.57,,86.3
80,81,2026-08-01,18:23:42,2026,8,1,18,Saturday,,,0.0,0.0,10,1,24.02,23.28,23.6,0.19,0.19,,4.24,,87.11
81,82,2026-07-31,15:30:02,2026,7,31,15,Friday,ගම්පහ,බොලවලාන,7.2167,79.8333,0,2,28.75,25.77,27.24,10.47,10.47,,5.81,,89.97
82,83,2026-07-31,10:38:17,2026,7,31,10,Friday,ගම්පහ,බොලවලාන,7.2167,79.8333,0,2,28.75,25.77,27.24,10.47,10.47,,5.81,,89.97
83,84,2026-07-30,18:56:27,2026,7,30,18,Thursday,නුවරඑළිය,නල්ලතන්නිය,6.95,80.5667,1,1,26.08,21.72,23.53,1.62,1.62,,6.57,,90.6
84,85,2026-07-29,11:49:47,2026,7,29,11,Wednesday,අනුරාධපුර,හුරිගස්වැව,8.1,80.5,4,1,32.15,25.29,27.99,0.44,0.44,,8.12,,77.7
85,86,2026-07-28,11:22:47,2026,7,28,11,Tuesday,මඩකලපුව,තිරුක්කෝවිල්,7.9167,81.5,6,0,34.42,25.9,29.43,0.06,0.06,,7.99,,70.74
86,87,2026-07-27,13:15:22,2026,7,27,13,Monday,මාතර,මාලිම්බඩ,5.95,80.5333,1,1,28.81,27.14,27.8,0.99,0.99,,7.02,,86.11
87,88,2026-07-27,13:05:34,2026,7,27,13,Monday,පුත්තලම,ගොතටුව,7.75,79.8333,1,1,30.62,26.36,28.08,0.16,0.16,,8.15,,82.32
88,89,2026-07-26,13:52:40,2026,7,26,13,Sunday,ගම්පහ,මීගොඩ,7.2,79.9333,0,1,28.86,26.02,27.22,1.3,1.3,,5.44,,87.75
89,90,2026-07-26,11:40:53,2026,7,26,11,Sunday,මාතලේ,කපුවත්ත,7.8667,80.65,1,0,32.24,25.1,27.82,0.08,0.08,,6.37,,79.47
90,91,2026-07-26,08:04:18,2026,7,26,8,Sunday,ගම්පහ,කලපළුවාව,7.0333,79.9333,1,1,28.86,26.02,27.22,1.3,1.3,,5.44,,87.75
91,92,2026-07-25,16:37:45,2026,7,25,16,Saturday,කළුතර,රිලාවල,6.75,80.05,0,1,29.13,25.61,27.23,1.5,1.5,,4.68,,85.91
92,93,2026-07-25,12:14:00,2026,7,25,12,Saturday,හම්බන්තොට,වීරවිල,6.2833,81.1,0,1,30.61,24.04,26.99,1.95,1.95,,5.18,,84.99
93,94,2026-07-23,20:11:43,2026,7,23,20,Thursday,මාතර,දෙවුන්දර,5.95,80.5333,0,1,29.5,26.61,27.86,0.14,0.14,,4.4,,86.91
94,95,2026-07-23,13:37:17,2026,7,23,13,Thursday,,,0.0,0.0,0,0,23.72,23.4,23.59,0.1,0.1,,5.11,,85.63
95,96,2026-07-22,08:46:01,2026,7,22,8,Wednesday,නුවරඑළිය,නල්ලතන්නිය,6.95,80.5667,2,0,27.4,21.37,23.82,0.01,0.01,,3.44,,90.58
96,97,2026-07-21,22:54:38,2026,7,21,22,Tuesday,,,0.0,0.0,1,0,23.42,22.96,23.17,0.03,0.03,,4.16,,79.99
97,98,2026-07-20,19:56:14,2026,7,20,19,Monday,කළුතර,කුරුස හංදිය,6.7,79.95,0,1,28.44,26.51,27.29,1.03,1.03,,5.49,,87.7
98,99,2026-07-20,13:15:20,2026,7,20,13,Monday,පුත්තලම,ආණමඩුව,7.8,79.9167,1,1,29.78,26.12,27.42,0.26,0.26,,6.92,,85.37
99,100,2026-07-19,20:20:25,2026,7,19,20,Sunday,මාතර,වැල්ලමඩම,5.95,80.5333,2,1,28.9,26.71,27.66,1.08,1.08,,5.99,,84.88
100,101,2026-07-19,18:43:53,2026,7,19,18,Sunday,මාතර,වැල්ලමඩම,5.95,80.5333,1,1,28.9,26.71,27.66,1.08,1.08,,5.99,,84.88
101,102,2026-07-19,11:57:04,2026,7,19,11,Sunday,,,0.0,0.0,1500,0,23.45,23.06,23.23,0.0,0.0,,3.95,,76.62
102,103,2026-07-17,06:51:28,2026,7,17,6,Friday,කොළඹ,අතුරුගිරිය,6.8333,79.95,0,0,28.61,24.96,26.49,0.07,0.07,,5.63,,82.85
103,104,2026-07-15,12:28:26,2026,7,15,12,Wednesday,අනුරාධපුර,ඉසුරුමුණිය,8.3333,80.4167,2,0,33.03,25.03,28.11,0.0,0.0,,7.49,,74.06
104,105,2026-07-15,07:52:13,2026,7,15,7,Wednesday,,,0.0,0.0,0,0,24.84,24.47,24.66,0.0,0.0,,4.62,,75.9
105,106,2026-07-14,13:43:25,2026,7,14,13,Tuesday,ත්‍රිකුණාමලය,කින්නියා,8.45,81.2667,1,0,32.55,26.45,28.76,0.05,0.05,,8.09,,76.77
106,107,2026-07-13,14:04:50,2026,7,13,14,Monday,නුවරඑළිය,බගවන්තලාව,6.7833,80.6667,0,0,25.7,21.88,23.11,0.07,0.07,,5.95,,91.44
107,108,2026-07-13,11:49:09,2026,7,13,11,Monday,මොණරාගල,මොණරාගල,6.8667,81.55,5,1,29.25,22.65,25.14,0.11,0.11,,4.77,,84.31
108,109,2026-07-11,17:53:29,2026,7,11,17,Saturday,,,0.0,0.0,15,0,24.26,23.49,23.89,0.06,0.06,,4.22,,80.85
109,110,2026-07-11,12:49:38,2026,7,11,12,Saturday,,,0.0,0.0,10,0,24.26,23.49,23.89,0.06,0.06,,4.22,,80.85
110,111,2026-07-09,19:04:44,2026,7,9,19,Thursday,කොළඹ,වැල්ලවත්ත,6.9167,79.8667,0,1,28.91,25.63,26.99,0.32,0.32,,5.0,,88.34
111,112,2026-07-08,23:45:01,2026,7,8,23,Wednesday,අනුරාධපුර,තලාව,8.1,80.5,1,0,31.48,23.77,27.1,0.01,0.01,,6.08,,84.41
112,113,2026-07-07,12:18:05,2026,7,7,12,Tuesday,රත්නපුර,රත්නපුර,6.6833,80.4,0,0,29.46,22.73,25.26,0.05,0.05,,5.6,,85.87
113,114,2026-07-05,12:01:26,2026,7,5,12,Sunday,යාපනය,කෝපායි,9.6667,79.85,6,0,31.36,28.31,29.63,0.05,0.05,,10.1,,75.42
115,116,2026-07-04,17:58:54,2026,7,4,17,Saturday,මොණරාගල,තණමල්විල,6.6333,81.0167,2,1,28.74,24.34,26.16,4.39,4.39,,5.86,,89.21
114,115,2026-07-05,11:33:27,2026,7,5,11,Sunday,කොළඹ,කොළඹ,6.9271,79.8612,0,1,28.97,25.45,27.0,3.72,3.72,,6.04,,85.67
116,117,2026-07-04,08:55:32,2026,7,4,8,Saturday,,,0.0,0.0,1,0,23.46,23.13,23.28,0.04,0.04,,5.1,,86.67
117,118,2026-07-02,06:20:52,2026,7,2,6,Thursday,කළුතර,කටුකුරුන්ද,6.7,79.95,2,1,28.42,26.11,27.1,0.67,0.67,,5.86,,87.86
118,119,2026-07-01,04:45:29,2026,7,1,4,Wednesday,,,0.0,0.0,14,0,23.11,22.97,23.05,0.09,0.09,,4.42,,84.93
119,120,2026-06-30,18:13:02,2026,6,30,18,Tuesday,පුත්තලම,වනාතවිල්ලුව,7.8,79.9167,4,1,29.89,26.03,27.65,0.77,0.77,,7.36,,82.87
120,121,2026-06-29,17:55:14,2026,6,29,17,Monday,කුරුණෑගල,ඉපලව,7.4667,80.3833,1,2,28.08,23.29,25.25,9.1,9.1,,6.81,,88.23
121,122,2026-06-29,11:52:25,2026,6,29,11,Monday,මාතලේ,මාතලේ,7.4667,80.6333,4,2,28.08,23.29,25.25,9.1,9.1,,6.81,,88.23
123,124,2026-06-27,22:00:19,2026,6,27,22,Saturday,බදුල්ල,බණ්ඩාරවෙල,6.8333,81.05,0,2,29.78,22.8,25.36,7.17,7.17,,3.95,,85.93
122,123,2026-06-29,10:04:07,2026,6,29,10,Monday,අනුරාධපුර,තිරප්පනේ,8.1,80.5,0,1,29.7,24.33,26.54,2.43,2.43,,7.08,,86.44
124,125,2026-06-27,17:11:53,2026,6,27,17,Saturday,පොළොන්නරුව,අතුමල්පිටිය,7.95,81.0,1,1,31.51,25.12,27.69,0.78,0.78,,5.15,,83.71
126,127,2026-06-27,15:19:37,2026,6,27,15,Saturday,බදුල්ල,දියතලාව,6.8333,81.05,0,2,29.78,22.8,25.36,7.17,7.17,,3.95,,85.93
127,128,2026-06-27,06:23:41,2026,6,27,6,Saturday,බදුල්ල,දියතලාව,6.8333,81.05,0,2,29.78,22.8,25.36,7.17,7.17,,3.95,,85.93
125,126,2026-06-27,16:09:50,2026,6,27,16,Saturday,කොළඹ,මකුළුදූව,6.8,79.9,1,1,28.32,25.89,26.86,3.16,3.16,,5.4,,88.48
128,129,2026-06-26,21:34:55,2026,6,26,21,Friday,ගම්පහ,ගැලණිගම,6.8333,79.9833,0,1,28.48,25.95,26.96,3.99,3.99,,5.47,,87.44
129,130,2026-06-26,10:59:55,2026,6,26,10,Friday,කළුතර,අගලවත්ත,6.4667,80.1833,0,2,28.47,26.58,27.34,5.35,5.35,,5.98,,86.9
131,132,2026-06-26,09:08:42,2026,6,26,9,Friday,මාතර,තලල්ල,5.95,80.5333,0,2,28.89,26.95,27.65,7.15,7.15,,6.75,,86.1
130,131,2026-06-26,10:01:12,2026,6,26,10,Friday,මාතර,තලල්ල,5.95,80.5333,0,2,28.89,26.95,27.65,7.15,7.15,,6.75,,86.1
132,133,2026-06-25,08:13:12,2026,6,25,8,Thursday,,,0.0,0.0,0,0,24.26,23.62,23.93,0.03,0.03,,4.86,,79.55
133,134,2026-06-24,19:54:43,2026,6,24,19,Wednesday,පුත්තලම,තිල්අඩිය,7.75,79.8333,0,0,29.54,26.35,27.57,0.08,0.08,,6.1,,84.52
135,136,2026-06-22,23:04:19,2026,6,22,23,Monday,,,0.0,0.0,15,0,23.73,23.43,23.53,0.02,0.02,,4.4,,85.52
134,135,2026-06-24,13:31:42,2026,6,24,13,Wednesday,ගම්පහ,කඩවත,7.0,79.9333,2,1,27.98,25.95,26.82,2.47,2.47,,4.68,,88.09
136,137,2026-06-22,14:06:08,2026,6,22,14,Monday,කෑගල්ල,වරකාපොළ,7.25,80.35,1,3,28.05,23.48,25.17,27.89,27.89,,5.85,,90.2
137,138,2026-06-22,12:11:46,2026,6,22,12,Monday,බදුල්ල,දියබාන,6.8333,81.05,0,2,28.83,22.64,24.99,15.6,15.6,,4.33,,88.08
138,139,2026-06-18,20:13:21,2026,6,18,20,Thursday,අනුරාධපුර,පූනෑව,8.1,80.5,6,1,29.24,24.61,26.3,0.88,0.88,,4.97,,88.78
139,140,2026-06-18,13:04:48,2026,6,18,13,Thursday,අනුරාධපුර,පූනෑව,8.1,80.5,1,1,29.24,24.61,26.3,0.88,0.88,,4.97,,88.78
140,141,2026-06-17,23:05:27,2026,6,17,23,Wednesday,ගාල්ල,බෙන්තොට,6.0833,80.1833,0,2,28.63,27.66,28.07,5.79,5.79,,7.61,,85.31
141,142,2026-06-17,09:54:52,2026,6,17,9,Wednesday,අනුරාධපුර,ගල්කන්දේගම,8.1,80.5,2,1,29.26,25.01,26.62,0.19,0.19,,6.0,,88.89
142,143,2026-06-16,16:55:36,2026,6,16,16,Tuesday,නුවරඑළිය,හක්ගල,6.9667,80.7667,0,1,26.16,22.29,23.72,0.35,0.35,,4.67,,92.83
143,144,2026-06-16,12:05:05,2026,6,16,12,Tuesday,නුවරඑළිය,කැරොලිනා වත්ත,6.9667,80.7667,0,1,26.16,22.29,23.72,0.35,0.35,,4.67,,92.83
145,146,2026-06-15,07:10:39,2026,6,15,7,Monday,,,0.0,0.0,6,1,25.77,25.32,25.5,0.19,0.19,,4.81,,82.09
144,145,2026-06-16,02:27:12,2026,6,16,2,Tuesday,,,0.0,0.0,0,1,26.05,25.57,25.83,0.21,0.21,,6.16,,82.97
146,147,2026-06-14,14:25:06,2026,6,14,14,Sunday,කොළඹ,අතුරුගිරිය,6.8333,79.95,2,2,28.48,25.33,26.76,6.97,6.97,,5.3,,88.11
147,148,2026-06-13,12:22:32,2026,6,13,12,Saturday,මාතලේ,මාතලේ,7.4667,80.6333,1,2,28.03,23.09,25.19,6.09,6.09,,6.76,,88.96
148,149,2026-06-12,13:43:21,2026,6,12,13,Friday,නුවරඑළිය,නාවලපිටිය,6.7833,80.6667,0,2,26.25,22.38,23.65,18.19,18.19,,5.61,,92.97
149,150,2026-06-11,21:29:33,2026,6,11,21,Thursday,හම්බන්තොට,උනාතුවැව,6.2833,81.1,0,2,29.17,25.46,26.8,9.43,9.43,,6.84,,89.27
150,151,2026-06-10,00:29:29,2026,6,10,0,Wednesday,,,0.0,0.0,0,1,26.71,26.31,26.52,0.49,0.49,,5.1,,80.36
151,152,2026-06-09,09:08:45,2026,6,9,9,Tuesday,ගම්පහ,කඳාන,7.0,79.8833,2,2,28.62,26.41,27.32,8.36,8.36,,6.59,,87.76
152,153,2026-06-09,06:30:43,2026,6,9,6,Tuesday,,,0.0,0.0,0,1,26.82,26.58,26.71,0.21,0.21,,4.51,,78.94
153,154,2026-06-08,19:36:10,2026,6,8,19,Monday,ගාල්ල,පින්නදූව,6.0833,80.1833,0,2,28.69,27.77,28.23,5.79,5.79,,8.25,,85.99
154,155,2026-06-08,12:33:20,2026,6,8,12,Monday,අම්පාර,මහඔය,7.2333,81.6667,1,1,31.59,27.19,28.8,2.41,2.41,,4.31,,80.61
155,156,2026-06-07,11:19:42,2026,6,7,11,Sunday,කළුතර,ජල්තර,6.75,80.05,2,2,28.28,26.5,27.24,10.11,10.11,,6.76,,89.38
156,157,2026-06-06,21:25:28,2026,6,6,21,Saturday,පුත්තලම,ආණමඩුව,7.8,79.9167,1,1,30.38,26.99,28.25,2.12,2.12,,8.31,,85.12
157,158,2026-06-04,14:37:29,2026,6,4,14,Thursday,කළුතර,වාද්දුව,6.6667,79.9333,0,1,28.41,27.11,27.74,4.38,4.38,,8.09,,88.41
158,159,2026-06-04,11:41:38,2026,6,4,11,Thursday,කොළඹ,කොටහේන,6.9333,79.8667,1,2,28.44,26.47,27.47,7.86,7.86,,7.74,,88.55
159,160,2026-06-04,11:37:11,2026,6,4,11,Thursday,මහනුවර,මයිලපිටිය,7.2333,80.7,1,2,25.51,22.03,23.84,5.81,5.81,,7.7,,93.11
160,161,2026-06-04,09:27:15,2026,6,4,9,Thursday,නුවරඑළිය,නාවලපිටිය,6.7833,80.6667,3,2,25.51,22.03,23.84,5.81,5.81,,7.7,,93.11
162,163,2026-06-03,11:33:56,2026,6,3,11,Wednesday,යාපනය,කුරුසුට්ටුකුලම්,9.6667,79.85,1,1,31.09,28.47,29.65,0.35,0.35,,10.07,,78.99
161,162,2026-06-03,14:29:34,2026,6,3,14,Wednesday,යාපනය,කනගරායන්කුලම්,9.6667,79.85,2,1,31.09,28.47,29.65,0.35,0.35,,10.07,,78.99
163,164,2026-06-03,11:19:32,2026,6,3,11,Wednesday,ගාල්ල,හික්කඩුව,6.0833,80.1833,0,1,29.12,27.86,28.49,1.93,1.93,,8.02,,86.91
164,165,2026-06-03,06:43:55,2026,6,3,6,Wednesday,පුත්තලම,පුත්තලම,7.75,79.8333,0,1,30.12,26.74,28.25,1.98,1.98,,8.81,,85.99
165,166,2026-06-02,19:05:17,2026,6,2,19,Tuesday,මඩකලපුව,පුණානි,7.7167,81.6667,1,1,32.33,27.07,29.66,1.74,1.74,,2.86,,77.03
166,167,2026-06-01,16:54:25,2026,6,1,16,Monday,ගම්පහ,මීගොඩ,7.2,79.9333,0,1,29.08,26.36,27.51,1.33,1.33,,5.54,,85.51
168,169,2026-06-01,14:32:58,2026,6,1,14,Monday,ගම්පහ,මීගොඩ,7.2,79.9333,0,1,29.08,26.36,27.51,1.33,1.33,,5.54,,85.51
167,168,2026-06-01,15:13:11,2026,6,1,15,Monday,පොළොන්නරුව,බඳනාගල,7.95,81.0,1,1,31.38,25.31,27.87,1.53,1.53,,5.5,,86.34
169,170,2026-06-01,13:49:40,2026,6,1,13,Monday,,,0.0,0.0,1,1,26.54,26.31,26.42,0.4,0.4,,4.57,,83.76
171,172,2026-06-01,10:55:56,2026,6,1,10,Monday,ගම්පහ,මීගොඩ,7.2,79.9333,4,1,29.08,26.36,27.51,1.33,1.33,,5.54,,85.51
172,173,2026-06-01,06:59:02,2026,6,1,6,Monday,ගම්පහ,මීගොඩ,7.2,79.9333,6,1,29.08,26.36,27.51,1.33,1.33,,5.54,,85.51
173,174,2026-06-01,06:27:47,2026,6,1,6,Monday,ගම්පහ,මීගොඩ,7.2,79.9333,6,1,29.08,26.36,27.51,1.33,1.33,,5.54,,85.51
170,171,2026-06-01,13:25:19,2026,6,1,13,Monday,මොණරාගල,බුත්තල,6.8667,81.55,2,1,30.49,22.59,25.91,4.09,4.09,,4.02,,85.47
174,175,2026-05-31,17:53:04,2026,5,31,17,Sunday,ගම්පහ,වැලිවේරිය,7.0,79.95,5,1,29.0,26.48,27.62,2.33,2.33,,5.54,,87.83
175,176,2026-05-31,13:47:22,2026,5,31,13,Sunday,කොළඹ,වැල්ලවත්ත,6.9167,79.8667,1,1,29.0,26.48,27.62,2.33,2.33,,5.54,,87.83
176,177,2026-05-31,13:03:51,2026,5,31,13,Sunday,කළුතර,පානදුර,6.7167,79.9,0,1,29.01,26.98,27.96,4.08,4.08,,5.94,,87.57
178,179,2026-05-28,20:18:48,2026,5,28,20,Thursday,මඩකලපුව,මඩකලපුව,7.7167,81.6667,3,1,31.47,27.45,29.2,1.8,1.8,,3.6,,82.49
177,178,2026-05-29,15:44:30,2026,5,29,15,Friday,මොණරාගල,මොණරාගල,6.8667,81.55,0,2,28.97,23.14,25.57,6.9,6.9,,4.35,,88.32
179,180,2026-05-28,08:35:54,2026,5,28,8,Thursday,පුත්තලම,මඩම්පැල්ල,7.75,79.8333,0,1,29.27,26.96,27.85,0.58,0.58,,7.05,,88.12
180,181,2026-05-26,22:42:43,2026,5,26,22,Tuesday,,,0.0,0.0,4,1,27.28,26.69,26.96,0.12,0.12,,4.88,,81.22
181,182,2026-05-26,15:05:46,2026,5,26,15,Tuesday,හම්බන්තොට,කිරින්ද,6.2833,81.1,1,2,28.5,25.28,26.66,6.65,6.65,,6.44,,90.89
182,183,2026-05-25,21:13:48,2026,5,25,21,Monday,කොළඹ,කහතුඩුව,6.8333,79.95,0,2,29.01,26.33,27.61,5.71,5.71,,6.12,,87.38
184,185,2026-05-24,17:16:14,2026,5,24,17,Sunday,කුරුණෑගල,තරාලවත්ත,7.5,80.2167,1,1,29.5,26.78,27.84,1.1,1.1,,7.52,,86.54
183,184,2026-05-25,12:02:48,2026,5,25,12,Monday,මොණරාගල,තණමල්විල,6.6333,81.0167,1,1,29.33,24.8,26.81,4.49,4.49,,5.86,,89.78
185,186,2026-05-24,16:50:29,2026,5,24,16,Sunday,මහනුවර,මහනුවර,7.4667,80.6333,0,1,29.11,24.14,26.03,0.52,0.52,,6.57,,88.49
186,187,2026-05-22,14:35:19,2026,5,22,14,Friday,නුවරඑළිය,නෝර්වුඩ්,6.9333,80.6167,0,2,25.79,22.8,23.98,14.5,14.5,,6.4,,92.33
187,188,2026-05-21,16:07:49,2026,5,21,16,Thursday,,,0.0,0.0,0,1,27.96,27.43,27.7,0.14,0.14,,4.75,,78.5
188,189,2026-05-20,23:28:52,2026,5,20,23,Wednesday,නුවරඑළිය,බගවන්තලාව,6.7833,80.6667,1,1,27.13,22.94,24.4,4.27,4.27,,6.12,,91.75
189,190,2026-05-20,20:12:27,2026,5,20,20,Wednesday,,,0.0,0.0,1,1,27.69,26.95,27.32,0.21,0.21,,5.3,,79.55
190,191,2026-05-19,12:17:16,2026,5,19,12,Tuesday,නුවරඑළිය,පැණිතුඩුමුල්ල,6.7833,80.6667,1,1,26.21,22.76,24.01,3.02,3.02,,6.01,,92.58
191,192,2026-05-18,16:30:22,2026,5,18,16,Monday,මාතර,මිද්දෙණිය,5.95,80.5333,1,2,29.26,27.62,28.46,11.43,11.43,,6.6,,87.75
192,193,2026-05-18,15:01:39,2026,5,18,15,Monday,ත්‍රිකුණාමලය,තඹලගමුව,8.5,81.1,1,2,31.1,27.29,28.91,8.35,8.35,,5.9,,85.25
193,194,2026-05-17,19:22:31,2026,5,17,19,Sunday,,,0.0,0.0,0,2,27.39,26.63,27.05,9.29,9.29,,3.7,,86.58
194,195,2026-05-17,18:49:50,2026,5,17,18,Sunday,මහනුවර,ගම්පොළ,7.2333,80.7,1,2,26.65,22.21,23.95,6.3,6.3,,5.03,,92.79
195,196,2026-05-17,17:09:14,2026,5,17,17,Sunday,ගාල්ල,දුංහේන,6.0833,80.1833,0,1,29.43,28.54,28.96,4.1,4.1,,6.84,,83.4
196,197,2026-05-17,16:01:31,2026,5,17,16,Sunday,කොළඹ,වනවාසල,6.9333,79.9167,0,2,29.08,26.87,27.76,9.3,9.3,,5.8,,87.34
197,198,2026-05-17,13:12:11,2026,5,17,13,Sunday,කොළඹ,වනවාසල,6.9333,79.9167,0,2,29.08,26.87,27.76,9.3,9.3,,5.8,,87.34
198,199,2026-05-17,09:44:52,2026,5,17,9,Sunday,මහනුවර,පේරාදෙණිය,7.4667,80.6333,1,2,29.41,23.72,26.12,8.24,8.24,,4.33,,90.07
199,200,2026-05-17,08:46:17,2026,5,17,8,Sunday,බදුල්ල,බණ්ඩාරවෙල,6.8333,81.05,1,2,29.16,23.44,25.83,5.58,5.58,,4.45,,89.98
201,202,2026-05-16,13:24:13,2026,5,16,13,Saturday,කොළඹ,වනවාසල,6.9333,79.9167,0,1,29.51,26.01,27.65,4.85,4.85,,5.32,,85.69
202,203,2026-05-16,13:04:55,2026,5,16,13,Saturday,කොළඹ,වනවාසල,6.9333,79.9167,0,1,29.51,26.01,27.65,4.85,4.85,,5.32,,85.69
203,204,2026-05-16,07:23:01,2026,5,16,7,Saturday,කොළඹ,වනවාසල,6.9333,79.9167,0,1,29.51,26.01,27.65,4.85,4.85,,5.32,,85.69
204,205,2026-05-16,06:35:35,2026,5,16,6,Saturday,කොළඹ,වනවාසල,6.9333,79.9167,0,1,29.51,26.01,27.65,4.85,4.85,,5.32,,85.69
200,201,2026-05-16,19:13:49,2026,5,16,19,Saturday,කොළඹ,වනවාසල,6.9333,79.9167,0,1,29.51,26.01,27.65,4.85,4.85,,5.32,,85.69
205,206,2026-05-15,23:48:28,2026,5,15,23,Friday,කොළඹ,කොස්ගම,6.8,80.1,2,3,28.69,25.73,27.19,24.94,24.94,,4.65,,84.85
206,207,2026-05-14,20:04:18,2026,5,14,20,Thursday,ගාල්ල,අහංගම,6.0833,80.1833,4,2,29.32,28.09,28.75,11.22,11.22,,7.41,,82.81
207,208,2026-05-12,16:17:29,2026,5,12,16,Tuesday,මොණරාගල,කිවුල්ආර,6.8667,81.55,0,2,29.52,23.04,25.67,16.5,16.5,,2.72,,86.81
208,209,2026-05-12,13:27:41,2026,5,12,13,Tuesday,කොළඹ,කොළඹ,6.9271,79.8612,0,3,28.59,26.32,27.41,20.91,20.91,,4.26,,88.36
209,210,2026-05-11,19:55:47,2026,5,11,19,Monday,ත්‍රිකුණාමලය,ත්‍රිකුණාමලය,8.5667,81.2333,1,2,29.62,27.03,28.25,12.34,12.34,,2.79,,82.53
210,211,2026-05-11,13:42:03,2026,5,11,13,Monday,අනුරාධපුර,කිරිමැටියාව,8.1,80.5,1,3,30.57,24.34,26.93,28.14,28.14,,1.86,,87.37
211,212,2026-05-11,11:08:19,2026,5,11,11,Monday,නුවරඑළිය,ගැරඬිඇල්ල,6.7833,80.6667,24,3,25.02,21.7,23.22,51.25,51.25,,2.39,,94.91
212,213,2026-05-10,16:32:50,2026,5,10,16,Sunday,හම්බන්තොට,බෙලිඅත්ත,6.2833,81.1,0,2,28.86,25.11,26.66,17.09,17.09,,3.14,,90.92
213,214,2026-05-06,12:00:22,2026,5,6,12,Wednesday,රත්නපුර,පාතකඩ,6.6833,80.4,2,2,29.42,23.65,26.19,7.46,7.46,,1.59,,87.25
214,215,2026-05-05,23:59:44,2026,5,5,23,Tuesday,කොළඹ,රාජගිරිය,6.9167,79.9,0,2,29.4,26.1,27.6,13.17,13.17,,3.11,,83.97
215,216,2026-05-05,09:40:30,2026,5,5,9,Tuesday,නුවරඑළිය,නාවලපිටිය,6.7833,80.6667,0,2,27.24,21.23,23.81,10.16,10.16,,1.88,,89.58
216,217,2026-05-04,11:12:33,2026,5,4,11,Monday,කොළඹ,අතුරුගිරිය,6.8333,79.95,2,2,29.04,26.51,27.62,5.94,5.94,,5.14,,86.07
218,219,2026-05-03,14:13:23,2026,5,3,14,Sunday,ගාල්ල,හබරාදුව,6.0833,80.1833,1,1,29.31,28.16,28.8,4.32,4.32,,5.1,,84.73
217,218,2026-05-03,19:25:28,2026,5,3,19,Sunday,කුරුණෑගල,කුරුණෑගල,7.4833,80.3667,1,1,29.71,23.87,26.29,0.71,0.71,,3.45,,88.41
219,220,2026-05-02,12:24:08,2026,5,2,12,Saturday,කුරුණෑගල,හෙට්ටිපොළ,7.6,80.1,1,1,30.87,26.69,28.64,1.53,1.53,,5.05,,83.14
220,221,2026-05-02,09:05:48,2026,5,2,9,Saturday,,,0.0,0.0,11,1,28.37,27.87,28.11,0.45,0.45,,4.74,,86.31
222,223,2026-04-29,19:25:06,2026,4,29,19,Wednesday,නුවරඑළිය,බඩල්ගල,6.9667,80.7667,1,2,28.11,21.28,24.41,12.47,12.47,,2.37,,89.44
223,224,2026-04-29,16:40:32,2026,4,29,16,Wednesday,නුවරඑළිය,බටල්ගල,6.9667,80.7667,1,2,28.11,21.28,24.41,12.47,12.47,,2.37,,89.44
224,225,2026-04-29,15:53:41,2026,4,29,15,Wednesday,නුවරඑළිය,බටල්ගල,6.9667,80.7667,0,2,28.11,21.28,24.41,12.47,12.47,,2.37,,89.44
221,222,2026-04-30,15:18:08,2026,4,30,15,Thursday,පුත්තලම,කල්අඩිය,7.75,79.8333,0,2,29.74,27.05,28.26,5.17,5.17,,4.05,,85.4
225,226,2026-04-28,19:35:29,2026,4,28,19,Tuesday,කොළඹ,පාදුක්ක,6.8333,80.0,1,1,30.21,26.51,28.07,2.04,2.04,,2.98,,84.13
226,227,2026-04-28,10:04:34,2026,4,28,10,Tuesday,නුවරඑළිය,බගවන්තලාව,6.7833,80.6667,0,1,27.69,21.29,24.08,1.4,1.4,,1.97,,87.93
227,228,2026-04-27,23:48:17,2026,4,27,23,Monday,නුවරඑළිය,නානුඔය,6.9667,80.7667,0,2,27.4,21.43,24.08,15.75,15.75,,2.04,,89.37
228,229,2026-04-27,17:46:50,2026,4,27,17,Monday,ත්‍රිකුණාමලය,කන්තලේ,8.5,81.1,0,2,31.03,27.76,29.25,6.33,6.33,,3.72,,80.01
229,230,2026-04-27,10:14:42,2026,4,27,10,Monday,කොළඹ,බොරළුකැටිය,6.8333,80.0,1,3,30.71,26.65,28.36,35.51,35.51,,2.69,,83.92
230,231,2026-04-26,21:03:15,2026,4,26,21,Sunday,ගම්පහ,දොඩංගොඩ,6.8333,79.9833,0,1,31.33,26.94,29.03,4.86,4.86,,1.31,,80.65
231,232,2026-04-26,19:43:34,2026,4,26,19,Sunday,,,0.0,0.0,0,1,27.92,27.25,27.47,2.82,2.82,,5.09,,86.83
232,233,2026-04-26,17:11:41,2026,4,26,17,Sunday,කුරුණෑගල,වාරියපොළ,7.6167,80.1833,1,2,31.96,26.64,29.35,5.15,5.15,,1.25,,77.98
233,234,2026-04-26,13:45:40,2026,4,26,13,Sunday,අනුරාධපුර,ගලෙන්බිඳුණුවැව,8.6167,80.6667,1,1,34.55,24.38,28.77,0.89,0.89,,2.87,,78.29
234,235,2026-04-25,16:59:39,2026,4,25,16,Saturday,නුවරඑළිය,ග්ලාස්‌ගෝ,6.9667,80.7667,0,1,29.69,21.15,24.93,0.39,0.39,,1.63,,83.6
235,236,2026-04-23,16:37:16,2026,4,23,16,Thursday,,,0.0,0.0,0,2,28.57,27.89,28.19,16.56,16.56,,5.49,,86.3
236,237,2026-04-23,13:18:59,2026,4,23,13,Thursday,කෑගල්ල,කිතුල්ගල,7.25,80.35,0,2,30.06,24.12,26.62,11.66,11.66,,1.41,,87.67
237,238,2026-04-22,20:22:32,2026,4,22,20,Wednesday,ත්‍රිකුණාමලය,උප්පාරු,8.5,81.1,0,2,30.2,27.37,28.64,10.44,10.44,,2.59,,81.91
238,239,2026-04-22,13:02:51,2026,4,22,13,Wednesday,යාපනය,උරිම්බිරායි,9.6667,79.85,2,1,31.84,28.72,30.28,1.68,1.68,,2.44,,71.93
240,241,2026-04-22,13:00:22,2026,4,22,13,Wednesday,කිලිනොච්චි,පරන්තන්,9.3833,80.4,1,1,30.89,28.11,29.4,2.8,2.8,,2.93,,77.89
239,240,2026-04-22,13:00:22,2026,4,22,13,Wednesday,කිලිනොච්චි,පරන්තන්,9.3833,80.4,1,1,30.89,28.11,29.4,2.8,2.8,,2.93,,77.89
241,242,2026-04-22,12:43:18,2026,4,22,12,Wednesday,නිකවැරටිය,සියඹලෑව,7.95,80.05,1,2,30.75,27.29,28.84,15.88,15.88,,1.25,,80.38
242,243,2026-04-21,12:27:45,2026,4,21,12,Tuesday,කළුතර,අළුත්ගම,6.4333,79.95,1,2,30.26,26.17,28.24,7.31,7.31,,1.55,,81.42
243,244,2026-04-21,12:20:58,2026,4,21,12,Tuesday,නුවරඑළිය,නෝර්වුඩ්,6.95,80.5833,1,2,29.0,19.98,24.3,12.09,12.09,,1.2,,83.94
244,245,2026-04-20,15:56:58,2026,4,20,15,Monday,නුවරඑළිය,වටවල,6.95,80.5833,0,3,26.4,20.94,23.52,26.64,26.64,,2.28,,88.76
245,246,2026-04-19,13:40:30,2026,4,19,13,Sunday,මන්නාරම,තාරාපුරම්,8.9833,80.0,1,1,35.18,26.56,30.74,1.1,1.1,,2.0,,65.21
247,248,2026-04-19,07:11:10,2026,4,19,7,Sunday,මන්නාරම,තාරාපුරම්,8.9833,80.0,1,1,35.18,26.56,30.74,1.1,1.1,,2.0,,65.21
246,247,2026-04-19,13:14:52,2026,4,19,13,Sunday,ගාල්ල,කබලාන,6.0333,80.2167,1,1,30.67,28.33,29.72,1.62,1.62,,2.67,,76.93
248,249,2026-04-18,12:12:26,2026,4,18,12,Saturday,පුත්තලම,දෙල්දුව,7.4833,79.9333,1,1,32.94,26.21,29.27,0.16,0.16,,1.86,,74.28
249,250,2026-04-18,09:09:03,2026,4,18,9,Saturday,අනුරාධපුරය,මිහින්තලය,8.35,80.5,26,1,35.47,23.22,28.66,0.25,0.25,,2.38,,68.77
250,251,2026-04-17,18:15:09,2026,4,17,18,Friday,අම්පාර,ඉඟිණියාගල,7.1667,81.3833,1,1,29.94,23.33,26.03,1.26,1.26,,1.75,,87.31
251,252,2026-04-17,10:56:34,2026,4,17,10,Friday,මහනුවර,කෙසෙල්ගමු,7.25,80.6333,1,1,31.92,23.78,27.21,0.41,0.41,,1.74,,82.71
252,253,2026-04-17,10:24:40,2026,4,17,10,Friday,නිකවැරටිය,කොබෙයිගනේ,7.95,80.05,8,1,33.9,26.13,29.78,0.3,0.3,,2.35,,73.23
253,254,2026-04-17,08:09:49,2026,4,17,8,Friday,නිකවැරටිය,කොබෙයිගනේ,7.95,80.05,6,1,33.9,26.13,29.78,0.3,0.3,,2.35,,73.23
254,255,2026-04-16,23:14:47,2026,4,16,23,Thursday,,,0.0,0.0,0,1,28.92,28.36,28.58,4.28,4.28,,3.16,,81.32
255,256,2026-04-16,19:27:46,2026,4,16,19,Thursday,නිකවැරටිය,කොබෙයිගනේ,7.95,80.05,2,1,32.04,26.84,29.36,3.53,3.53,,1.06,,75.92
256,257,2026-04-16,12:55:58,2026,4,16,12,Thursday,කුරුණෑගල,එරමිනිගම්මන,7.4833,80.3667,1,2,31.23,24.12,27.06,6.58,6.58,,1.35,,84.44
257,258,2026-04-16,12:47:30,2026,4,16,12,Thursday,ගාල්ල,නරාවල,6.0333,80.2167,1,3,29.72,28.06,28.92,20.94,20.94,,2.67,,83.73
258,259,2026-04-15,21:33:33,2026,4,15,21,Wednesday,රත්නපුරය,ඇහැලියගොඩ,6.85,80.25,0,2,29.77,26.22,27.76,7.67,7.67,,2.38,,85.73
259,260,2026-04-15,17:54:26,2026,4,15,17,Wednesday,මන්නාරම,වංගාලපාඩුව,8.9833,80.0,1,1,33.67,27.4,30.36,0.18,0.18,,2.09,,73.1
260,261,2026-04-15,09:12:58,2026,4,15,9,Wednesday,මොනරාගල,උනාවටුන,6.8667,81.2,1,2,30.95,22.93,26.69,10.55,10.55,,1.29,,84.16
262,263,2026-04-14,13:43:59,2026,4,14,13,Tuesday,විවිධ,විවිධ,0.0,0.0,6,1,28.48,27.61,28.13,1.89,1.89,,3.87,,80.53
261,262,2026-04-14,15:11:20,2026,4,14,15,Tuesday,,,0.0,0.0,0,1,28.48,27.61,28.13,1.89,1.89,,3.87,,80.53
264,265,2026-04-13,11:34:51,2026,4,13,11,Monday,,,0.0,0.0,0,2,27.75,26.95,27.27,10.88,10.88,,3.56,,86.21
263,264,2026-04-13,15:41:20,2026,4,13,15,Monday,,,0.0,0.0,0,2,27.75,26.95,27.27,10.88,10.88,,3.56,,86.21
265,266,2026-04-13,10:39:54,2026,4,13,10,Monday,,,0.0,0.0,0,2,27.75,26.95,27.27,10.88,10.88,,3.56,,86.21
266,267,2026-04-12,15:45:26,2026,4,12,15,Sunday,කළුතර,පොකුණුවිට,6.4333,79.95,1,3,29.34,26.58,27.75,29.86,29.86,,3.01,,86.67
267,268,2026-04-12,12:30:39,2026,4,12,12,Sunday,ගම්පහ,සීදූව,7.15,79.95,1,2,30.8,26.58,28.11,14.92,14.92,,2.52,,83.39
268,269,2026-04-12,12:05:35,2026,4,12,12,Sunday,මඩකලපුව,තාන්තාමලය,7.9167,81.3667,1,2,32.04,25.66,28.5,7.34,7.34,,3.03,,81.28
269,270,2026-04-12,10:03:27,2026,4,12,10,Sunday,විවිධ,විවිධ,0.0,0.0,5,2,28.46,27.49,28.03,5.45,5.45,,3.06,,83.4
270,271,2026-04-11,10:29:14,2026,4,11,10,Saturday,,,0.0,0.0,1,1,28.64,27.84,28.27,0.96,0.96,,3.31,,83.1
271,272,2026-04-09,13:36:22,2026,4,9,13,Thursday,ගාල්ල,ගාල්ල,6.0333,80.2167,1,1,29.53,28.13,28.76,2.13,2.13,,5.09,,81.93
272,273,2026-04-09,13:23:58,2026,4,9,13,Thursday,මහනුවර සහ කුරුණෑගල,හොබරියාව සහ ගල්ලැහැපිටිය,0.0,0.0,2,1,28.34,27.7,28.09,3.45,3.45,,2.83,,80.66
273,274,2026-04-09,13:20:02,2026,4,9,13,Thursday,කුරුණෑගල,උල්පතගම,7.4833,80.3667,2,1,31.89,22.88,26.81,0.88,0.88,,2.02,,81.25
275,276,2026-04-09,09:03:13,2026,4,9,9,Thursday,,,0.0,0.0,0,1,28.34,27.7,28.09,3.45,3.45,,2.83,,80.66
274,275,2026-04-09,09:16:29,2026,4,9,9,Thursday,හම්බන්තොට,හම්බන්තොට,6.1167,81.1167,0,1,30.33,27.66,28.92,0.86,0.86,,4.68,,81.6
276,277,2026-04-08,19:19:12,2026,4,8,19,Wednesday,අනුරාධපුරය,නොච්චියාගම,8.35,80.5,0,1,36.25,24.79,29.62,0.14,0.14,,2.0,,73.32
277,278,2026-04-08,18:56:38,2026,4,8,18,Wednesday,මොනරාගල,දොඹගහවෙල,6.8667,81.2,2,1,30.98,23.32,26.54,0.38,0.38,,1.43,,84.01
278,279,2026-04-08,18:31:47,2026,4,8,18,Wednesday,ගාල්ල,හික්කඩුව,6.0333,80.2167,1,1,29.94,28.46,29.02,2.03,2.03,,5.27,,82.25
279,280,2026-04-08,12:37:41,2026,4,8,12,Wednesday,මහනුවර,හොබරියාව,7.25,80.6333,2,1,32.34,23.14,27.24,0.67,0.67,,1.41,,81.23
280,281,2026-04-07,17:54:00,2026,4,7,17,Tuesday,හම්බන්තොට,යාල,6.1167,81.1167,0,1,31.04,27.78,29.32,1.26,1.26,,5.2,,81.37
281,282,2026-04-06,19:09:58,2026,4,6,19,Monday,රත්නපුරය,බදුවත්ත,6.85,80.25,0,1,30.27,26.3,28.0,1.21,1.21,,4.67,,81.05
282,283,2026-04-06,17:00:37,2026,4,6,17,Monday,රත්නපුරය,ඇඹිලිපිටිය,6.85,80.25,1,1,30.27,26.3,28.0,1.21,1.21,,4.67,,81.05
283,284,2026-04-06,14:36:16,2026,4,6,14,Monday,මන්නාරම,වටුප්පිටන්නඩු,8.9833,80.0,1,2,30.95,28.1,29.26,5.09,5.09,,5.32,,79.94
284,285,2026-04-06,12:22:36,2026,4,6,12,Monday,ගාල්ල,වැලිපැන්න,6.0333,80.2167,0,1,29.7,28.5,28.98,1.19,1.19,,6.24,,81.03
285,286,2026-04-05,17:35:22,2026,4,5,17,Sunday,කිලිනොච්චි,ධර්මපුරම්,9.3833,80.4,2,1,32.63,27.0,29.85,0.81,0.81,,3.37,,75.33
286,287,2026-04-05,17:27:32,2026,4,5,17,Sunday,පොලොන්නරුව,පොලොන්නරුව,7.9333,81.0,1,1,32.78,24.22,28.27,2.01,2.01,,3.05,,80.61
287,288,2026-04-05,16:56:19,2026,4,5,16,Sunday,මහනුවර,නාවලපිටිය,7.25,80.6333,1,1,30.07,22.06,25.63,0.27,0.27,,2.8,,86.07
288,289,2026-04-04,11:06:12,2026,4,4,11,Saturday,කිලිනොච්චි,ධර්මපුරම්,9.3833,80.4,2,1,31.81,27.34,29.27,1.76,1.76,,3.79,,75.6
289,290,2026-04-04,08:15:16,2026,4,4,8,Saturday,ගාල්ල,මහගෙදර,6.0333,80.2167,1,1,28.36,27.11,27.78,3.84,3.84,,3.73,,84.91
290,291,2026-04-03,15:27:58,2026,4,3,15,Friday,මහනුවර,තැන්නේකුඹුර,7.25,80.6333,1,3,30.17,23.15,26.05,26.8,26.8,,1.26,,86.42
291,292,2026-04-02,18:43:23,2026,4,2,18,Thursday,මහනුවර,පල්ලේකැලේ,7.25,80.6333,2,2,31.77,22.42,26.47,7.09,7.09,,1.21,,81.55
293,294,2026-04-02,11:52:41,2026,4,2,11,Thursday,මහනුවර,පල්ලේකැලේ,7.25,80.6333,1,2,31.77,22.42,26.47,7.09,7.09,,1.21,,81.55
292,293,2026-04-02,13:28:59,2026,4,2,13,Thursday,මහනුවර,මහනුවර,7.25,80.6333,0,2,31.77,22.42,26.47,7.09,7.09,,1.21,,81.55
295,296,2026-04-02,10:49:02,2026,4,2,10,Thursday,මහනුවර,පල්ලේකැලේ,7.25,80.6333,1,2,31.77,22.42,26.47,7.09,7.09,,1.21,,81.55
294,295,2026-04-02,11:41:33,2026,4,2,11,Thursday,නුවරඑළිය,ගැරඬිඇල්ල,6.95,80.5833,0,2,28.64,20.89,24.13,6.07,6.07,,0.91,,86.42
296,297,2026-04-01,20:59:43,2026,4,1,20,Wednesday,මාතර,මාතර,5.95,80.55,0,1,30.57,24.78,27.68,1.38,1.38,,3.2,,74.16
297,298,2026-04-01,17:49:36,2026,4,1,17,Wednesday,ගාල්ල,පයාගල,6.0333,80.2167,1,1,30.09,26.89,28.46,1.39,1.39,,2.56,,73.33
298,299,2026-04-01,14:37:36,2026,4,1,14,Wednesday,මහනුවර,මැදගම සහ මහනුවර,7.25,80.6333,2,1,32.16,17.92,24.92,0.55,0.55,,2.21,,73.34
299,300,2026-04-01,14:30:06,2026,4,1,14,Wednesday,කළුතර,වගවත්ත,6.4333,79.95,1,1,30.96,24.58,27.72,1.16,1.16,,1.5,,76.26
300,301,2026-04-01,13:25:38,2026,4,1,13,Wednesday,බදුල්ල,ඇටම්පිටිය,6.9833,81.05,1,1,29.83,17.42,23.94,1.07,1.07,,1.89,,81.45
302,303,2026-03-31,12:07:26,2026,3,31,12,Tuesday,හම්බන්තොට,නුගේකන්ද,6.1167,81.1167,0,1,29.41,26.84,27.99,0.3,0.3,,3.41,,73.02
301,302,2026-04-01,10:08:18,2026,4,1,10,Wednesday,,,0.0,0.0,29,2,27.6,27.23,27.44,7.62,7.62,,1.15,,78.97
303,304,2026-03-30,13:16:09,2026,3,30,13,Monday,නුවරඑළිය,හතරලියද්ද,6.95,80.5833,1,1,29.58,20.07,23.95,2.98,2.98,,1.35,,81.37
304,305,2026-03-30,12:39:04,2026,3,30,12,Monday,කොළඹ,දම්පේ,6.8333,79.95,1,2,30.3,25.48,27.46,6.23,6.23,,2.42,,81.31
306,307,2026-03-29,13:00:04,2026,3,29,13,Sunday,මොනරාගල,කුඩාඔය,6.8667,81.2,1,1,30.07,22.1,25.32,0.76,0.76,,1.7,,84.46
305,306,2026-03-30,08:58:52,2026,3,30,8,Monday,පුත්තලම,හලාවත,7.4833,79.9333,0,1,32.63,25.79,28.7,1.4,1.4,,2.25,,74.27
307,308,2026-03-28,10:02:01,2026,3,28,10,Saturday,,,0.0,0.0,0,1,28.38,28.0,28.17,4.69,4.69,,3.38,,80.13
308,309,2026-03-28,07:57:01,2026,3,28,7,Saturday,බදුල්ල,මහියංගනය,6.9833,81.05,2,0,30.39,20.99,25.22,0.09,0.09,,1.06,,82.53
309,310,2026-03-27,20:11:36,2026,3,27,20,Friday,නුවරඑළිය,නුවරඑළිය,6.95,80.5833,0,0,29.43,18.38,23.68,0.03,0.03,,1.27,,80.73
311,312,2026-03-26,07:51:40,2026,3,26,7,Thursday,,,0.0,0.0,16,1,28.3,28.04,28.14,1.29,1.29,,4.09,,82.45
310,311,2026-03-26,21:37:44,2026,3,26,21,Thursday,,,0.0,0.0,24,1,28.3,28.04,28.14,1.29,1.29,,4.09,,82.45
313,314,2026-03-25,13:14:59,2026,3,25,13,Wednesday,පුත්තලම,බණ්ඩාරනායකපුර,7.4833,79.9333,1,0,33.9,23.3,28.29,0.0,0.0,,3.39,,68.23
314,315,2026-03-25,13:07:27,2026,3,25,13,Wednesday,ගම්පහ,බණ්ඩාරවත්ත,7.15,79.95,1,0,32.62,24.68,28.51,0.03,0.03,,1.39,,67.38
312,313,2026-03-25,13:27:54,2026,3,25,13,Wednesday,ගම්පහ,කටුනායක,7.15,79.95,1,0,32.62,24.68,28.51,0.03,0.03,,1.39,,67.38
316,317,2026-03-25,12:32:43,2026,3,25,12,Wednesday,පුත්තලම,පලුකඳවැව,7.4833,79.9333,1,0,33.9,23.3,28.29,0.0,0.0,,3.39,,68.23
317,318,2026-03-24,14:29:58,2026,3,24,14,Tuesday,,,0.0,0.0,15,1,28.02,27.74,27.89,2.76,2.76,,2.94,,77.33
315,316,2026-03-25,13:01:37,2026,3,25,13,Wednesday,මාතර,වැලිගම,5.95,80.55,1,0,30.95,25.43,28.02,0.03,0.03,,4.06,,76.44
319,320,2026-03-24,10:30:01,2026,3,24,10,Tuesday,,,0.0,0.0,66,1,28.02,27.74,27.89,2.76,2.76,,2.94,,77.33
320,321,2026-03-24,07:39:14,2026,3,24,7,Tuesday,,,0.0,0.0,34,1,28.02,27.74,27.89,2.76,2.76,,2.94,,77.33
321,322,2026-03-23,17:40:24,2026,3,23,17,Monday,,,0.0,0.0,2,1,28.43,27.7,28.08,1.49,1.49,,4.45,,80.39
318,319,2026-03-24,13:30:29,2026,3,24,13,Tuesday,මාතලේ,දඹුල්ල,7.8667,80.65,0,0,33.39,21.54,26.51,0.0,0.0,,3.66,,76.67
322,323,2026-03-23,13:57:26,2026,3,23,13,Monday,කළුතර,ඉහළ නාරගල,6.4333,79.95,1,1,31.02,24.46,27.82,0.13,0.13,,1.68,,76.29
324,325,2026-03-23,11:08:00,2026,3,23,11,Monday,,,0.0,0.0,0,1,28.43,27.7,28.08,1.49,1.49,,4.45,,80.39
323,324,2026-03-23,12:55:16,2026,3,23,12,Monday,බදුල්ල,ඇල්ල,6.9833,81.05,1,0,29.41,20.45,24.23,0.01,0.01,,2.67,,86.35
325,326,2026-03-22,21:40:58,2026,3,22,21,Sunday,,,0.0,0.0,0,2,28.55,28.23,28.43,6.3,6.3,,5.96,,84.69
327,328,2026-03-22,13:33:54,2026,3,22,13,Sunday,,,0.0,0.0,0,2,28.55,28.23,28.43,6.3,6.3,,5.96,,84.69
326,327,2026-03-22,16:24:03,2026,3,22,16,Sunday,,,0.0,0.0,0,2,28.55,28.23,28.43,6.3,6.3,,5.96,,84.69
328,329,2026-03-21,16:55:39,2026,3,21,16,Saturday,යාපනය,කනකම්පුලියඩි,9.6667,80.0,2,1,31.23,26.58,28.83,0.39,0.39,,4.36,,75.23
329,330,2026-03-19,14:01:21,2026,3,19,14,Thursday,විවිධ,විවිධ,0.0,0.0,3,1,28.44,28.08,28.25,0.33,0.33,,3.35,,79.83
330,331,2026-03-18,18:13:35,2026,3,18,18,Wednesday,මහනුවර,වේවැල්පිටිය,7.25,80.6333,1,1,30.53,20.99,25.45,4.95,4.95,,2.1,,82.37
331,332,2026-03-18,16:02:27,2026,3,18,16,Wednesday,විවිධ,විවිධ,0.0,0.0,3,1,28.16,27.54,27.85,1.27,1.27,,3.41,,83.53
332,333,2026-03-18,16:00:16,2026,3,18,16,Wednesday,ත්‍රිකුණාමලය,මිටිෂුයි හන්දිය,8.5667,81.2333,1,1,29.88,26.13,27.89,2.28,2.28,,3.89,,76.69
333,334,2026-03-18,14:16:17,2026,3,18,14,Wednesday,කුරුණෑගල,ලබුයාය,7.4833,80.3667,1,1,30.53,20.99,25.45,4.95,4.95,,2.1,,82.37
334,335,2026-03-18,13:03:26,2026,3,18,13,Wednesday,හම්බන්තොට,වීරවිල,6.1167,81.1167,4,1,28.75,26.39,27.56,2.68,2.68,,3.85,,82.96
335,336,2026-03-18,12:35:01,2026,3,18,12,Wednesday,හම්බන්තොට,වීරවිල,6.1167,81.1167,3,1,28.75,26.39,27.56,2.68,2.68,,3.85,,82.96
337,338,2026-03-17,13:50:48,2026,3,17,13,Tuesday,යාපනය,නෙඩුම්කුලම්,9.6667,80.0,2,1,30.85,26.51,28.49,0.71,0.71,,4.69,,75.24
336,337,2026-03-18,11:41:31,2026,3,18,11,Wednesday,අම්පාර,සඳුන්පුර,7.1667,81.3833,1,1,28.34,20.4,24.11,3.32,3.32,,2.24,,88.09
338,339,2026-03-16,23:51:06,2026,3,16,23,Monday,පොළොන්නරුව,බිසෝබණ්ඩාරපුර,7.9333,81.0,1,1,30.15,24.0,26.66,1.98,1.98,,2.88,,83.74
339,340,2026-03-16,17:52:09,2026,3,16,17,Monday,පොළොන්නරුව,මාදුරුඔය,7.9333,81.0,6,1,30.15,24.0,26.66,1.98,1.98,,2.88,,83.74
340,341,2026-03-16,15:46:21,2026,3,16,15,Monday,ගම්පහ,දෙනිමුල්ල,7.15,79.95,0,1,30.76,24.92,27.44,0.35,0.35,,1.94,,76.07
341,342,2026-03-15,12:24:36,2026,3,15,12,Sunday,ගම්පහ,දෙනිමුල්ල,7.15,79.95,0,1,31.4,23.38,27.57,1.03,1.03,,1.65,,70.14
342,343,2026-03-14,14:54:13,2026,3,14,14,Saturday,කුරුණෑගල,තුල්හිරිය සහ මාස්පොත,7.4833,80.3667,2,2,29.76,19.24,23.98,6.53,6.53,,2.57,,84.54
344,345,2026-03-14,14:44:12,2026,3,14,14,Saturday,,,0.0,0.0,0,1,28.57,28.27,28.4,2.18,2.18,,3.68,,78.39
343,344,2026-03-14,14:49:33,2026,3,14,14,Saturday,විවිධ,විවිධ,0.0,0.0,3,1,28.57,28.27,28.4,2.18,2.18,,3.68,,78.39
345,346,2026-03-13,20:14:50,2026,3,13,20,Friday,,,0.0,0.0,6,1,28.63,27.59,28.08,0.37,0.37,,3.24,,81.57
346,347,2026-03-13,17:55:37,2026,3,13,17,Friday,හම්බන්තොට,මත්තල,6.1167,81.1167,84,1,28.98,26.03,27.43,1.43,1.43,,4.38,,80.88
348,349,2026-03-13,12:48:00,2026,3,13,12,Friday,හම්බන්තොට,නෙටොල්පිටිය,6.1167,81.1167,1,1,28.98,26.03,27.43,1.43,1.43,,4.38,,80.88
347,348,2026-03-13,12:57:58,2026,3,13,12,Friday,ගම්පහ,හේනිහත්ත,7.15,79.95,1,3,27.41,24.8,26.11,21.82,21.82,,0.9,,83.19
349,350,2026-03-13,12:36:48,2026,3,13,12,Friday,මහනුවර,තෙල්දෙණිය,7.25,80.6333,1,3,29.02,20.76,24.26,24.13,24.13,,2.56,,86.72
350,351,2026-03-13,07:17:38,2026,3,13,7,Friday,,,0.0,0.0,0,1,28.63,27.59,28.08,0.37,0.37,,3.24,,81.57
352,353,2026-03-12,13:31:56,2026,3,12,13,Thursday,මහනුවර,වේවැල්පිටිය,7.25,80.6333,1,1,29.6,20.43,24.54,2.01,2.01,,3.14,,86.36
351,352,2026-03-12,22:13:55,2026,3,12,22,Thursday,,,0.0,0.0,0,1,28.1,27.68,27.89,3.13,3.13,,4.6,,86.0
353,354,2026-03-11,18:06:37,2026,3,11,18,Wednesday,,,0.0,0.0,0,1,27.83,27.56,27.72,4.93,4.93,,3.99,,84.9
354,355,2026-03-11,15:26:50,2026,3,11,15,Wednesday,විවිධ,විවිධ,0.0,0.0,4,1,27.83,27.56,27.72,4.93,4.93,,3.99,,84.9
355,356,2026-03-10,15:54:26,2026,3,10,15,Tuesday,,,0.0,0.0,0,2,27.95,27.63,27.8,6.99,6.99,,4.78,,84.18
356,357,2026-03-10,12:45:43,2026,3,10,12,Tuesday,,,0.0,0.0,0,2,27.95,27.63,27.8,6.99,6.99,,4.78,,84.18
358,359,2026-03-09,17:33:52,2026,3,9,17,Monday,කළුතර,පින්වත්ත,6.4333,79.95,1,1,30.37,24.35,26.97,0.43,0.43,,1.64,,73.22
357,358,2026-03-09,18:20:49,2026,3,9,18,Monday,කළුතර,සේනපුර,6.4333,79.95,1,1,30.37,24.35,26.97,0.43,0.43,,1.64,,73.22
359,360,2026-03-09,13:39:08,2026,3,9,13,Monday,පොළොන්නරුව සහ අම්පාර,රජඇල සහ අඩ්ඩාලච්චේන,0.0,0.0,2,2,28.34,27.9,28.18,9.28,9.28,,4.37,,84.98
360,361,2026-03-09,10:13:58,2026,3,9,10,Monday,පුත්තලම,නවගත්තේගම,7.4833,79.9333,0,0,31.57,21.67,26.08,0.03,0.03,,5.04,,72.61
361,362,2026-03-08,19:00:34,2026,3,8,19,Sunday,විවිධ,විවිධ,0.0,0.0,4,2,28.48,27.69,28.03,9.57,9.57,,4.24,,85.74
363,364,2026-03-06,13:45:16,2026,3,6,13,Friday,පුත්තලම,කජුවත්ත,7.4833,79.9333,1,0,30.99,24.14,27.1,0.01,0.01,,2.12,,75.57
364,365,2026-03-06,12:52:00,2026,3,6,12,Friday,පුත්තලම,කිලාමඩුච්චේන,7.4833,79.9333,2,0,30.99,24.14,27.1,0.01,0.01,,2.12,,75.57
362,363,2026-03-06,17:17:56,2026,3,6,17,Friday,පුත්තලම,කොච්චිකඩේ,7.4833,79.9333,0,0,30.99,24.14,27.1,0.01,0.01,,2.12,,75.57
365,366,2026-03-06,12:22:12,2026,3,6,12,Friday,යාපනය,ගුරුනගර්,9.6667,80.0,2,0,29.73,24.29,27.14,0.0,0.0,,2.67,,69.83
366,367,2026-03-06,11:42:32,2026,3,6,11,Friday,කුරුණෑගල,උඩුකුඹුර,7.4833,80.3667,1,0,30.73,20.99,25.2,0.0,0.0,,1.49,,80.55
367,368,2026-03-06,11:08:45,2026,3,6,11,Friday,,,0.0,0.0,0,1,27.46,27.19,27.34,0.7,0.7,,2.34,,85.21
369,370,2026-03-05,00:29:46,2026,3,5,0,Thursday,,,0.0,0.0,87,1,27.97,27.03,27.39,0.74,0.74,,2.24,,84.79
368,369,2026-03-05,12:17:42,2026,3,5,12,Thursday,,,0.0,0.0,0,1,27.97,27.03,27.39,0.74,0.74,,2.24,,84.79
370,371,2026-03-04,16:41:00,2026,3,4,16,Wednesday,,,0.0,0.0,0,1,28.26,27.51,27.87,1.2,1.2,,3.43,,81.27
372,373,2026-03-04,15:33:39,2026,3,4,15,Wednesday,,,0.0,0.0,0,1,28.26,27.51,27.87,1.2,1.2,,3.43,,81.27
371,372,2026-03-04,15:34:49,2026,3,4,15,Wednesday,කොළඹ,බොරැල්ල,6.8333,79.95,1,0,30.09,22.16,26.02,0.04,0.04,,2.1,,72.77
374,375,2026-03-04,09:33:22,2026,3,4,9,Wednesday,කොළඹ,රත්තනපිටිය,6.8333,79.95,0,0,30.09,22.16,26.02,0.04,0.04,,2.1,,72.77
373,374,2026-03-04,13:00:29,2026,3,4,13,Wednesday,මාතලේ,සිසිරවත්ත,7.8667,80.65,0,0,30.78,20.24,25.06,0.01,0.01,,2.18,,84.44
375,376,2026-03-03,17:31:53,2026,3,3,17,Tuesday,කොළඹ,අංගොඩ,6.8333,79.95,1,0,29.38,20.52,25.13,0.0,0.0,,1.92,,62.99
376,377,2026-03-03,17:28:55,2026,3,3,17,Tuesday,කළුතර,වැලිපැන්න,6.4333,79.95,1,0,28.69,22.88,25.86,0.02,0.02,,1.71,,69.26
377,378,2026-03-03,10:39:52,2026,3,3,10,Tuesday,පොළොන්නරුව,මින්නේරිය,7.9333,81.0,0,0,28.75,22.27,25.12,0.0,0.0,,1.81,,75.82
378,379,2026-03-02,19:04:45,2026,3,2,19,Monday,අනුරාධපුරය,පදවිය,8.35,80.5,1,0,29.7,18.23,23.3,0.0,0.0,,2.8,,80.39
380,381,2026-03-01,17:05:30,2026,3,1,17,Sunday,,,0.0,0.0,0,1,27.87,27.56,27.72,0.81,0.81,,3.18,,82.81
379,380,2026-03-02,12:50:57,2026,3,2,12,Monday,කොළඹ සහ අනුරාධපුරය,කළුබෝවිල සහ මැදවච්චිය,0.0,0.0,2,2,27.79,27.62,27.69,6.96,6.96,,3.12,,82.69
381,382,2026-02-28,17:42:08,2026,2,28,17,Saturday,,,0.0,0.0,0,1,27.92,27.74,27.82,0.72,0.72,,3.33,,79.84
382,383,2026-02-28,14:52:13,2026,2,28,14,Saturday,පොළොන්නරුව,මින්නේරිය,7.9333,81.0,0,0,29.38,21.62,25.01,0.0,0.0,,2.54,,80.34
383,384,2026-02-28,13:08:57,2026,2,28,13,Saturday,පුත්තලම,වාරක්කෑව,7.4833,79.9333,1,0,30.81,21.95,26.27,0.03,0.03,,2.02,,68.21
384,385,2026-02-28,13:07:14,2026,2,28,13,Saturday,කුරුණෑගල,හතලිස්පහුව,7.4833,80.3667,1,0,29.13,17.66,23.0,0.0,0.0,,2.53,,78.99
385,386,2026-02-28,11:00:58,2026,2,28,11,Saturday,නුවරඑළිය,කොටගල,6.95,80.5833,0,0,27.46,16.17,21.54,0.01,0.01,,1.67,,76.45
386,387,2026-02-27,18:17:37,2026,2,27,18,Friday,පොළොන්නරුව,සේවාගම,7.9333,81.0,1,0,29.49,22.47,25.28,0.0,0.0,,1.91,,80.08
387,388,2026-02-27,11:52:00,2026,2,27,11,Friday,ගාල්ල,බෙන්තොට,6.0333,80.2167,1,1,27.74,25.71,26.76,0.11,0.11,,2.93,,82.82
388,389,2026-02-26,18:07:03,2026,2,26,18,Thursday,මුලතිව්,විශ්වමඩු,9.6667,80.0,1,0,28.95,25.45,26.99,0.03,0.03,,3.09,,75.5
389,390,2026-02-26,17:40:52,2026,2,26,17,Thursday,අනුරාධපුරය,මැදවච්චිය,8.35,80.5,1,0,30.22,21.1,24.89,0.0,0.0,,2.47,,84.82
390,391,2026-02-26,17:37:01,2026,2,26,17,Thursday,මඩකලපුව,එරාවූර්,7.9167,81.3667,1,0,29.46,23.04,25.63,0.0,0.0,,2.68,,83.47
392,393,2026-02-26,16:59:24,2026,2,26,16,Thursday,ගම්පහ,කිරිඳිවිට,7.15,79.95,1,0,29.56,23.44,26.33,0.1,0.1,,2.78,,79.38
391,392,2026-02-26,17:26:26,2026,2,26,17,Thursday,අම්පාර,සමනබැද්ද,7.1667,81.3833,1,0,28.69,19.94,23.7,0.07,0.07,,2.37,,86.2
393,394,2026-02-26,14:49:48,2026,2,26,14,Thursday,කළුතර,බද්දේගොඩ,6.4333,79.95,0,1,28.94,24.13,26.35,0.15,0.15,,3.53,,82.25
394,395,2026-02-25,12:31:03,2026,2,25,12,Wednesday,අනුරාධපුරය,පාළුවැව,8.35,80.5,1,0,30.17,20.95,24.99,0.02,0.02,,2.44,,84.94
395,396,2026-02-25,12:26:23,2026,2,25,12,Wednesday,ත්‍රිකුණාමලය,තඹලගමුව,8.5667,81.2333,1,0,28.51,24.71,26.44,0.06,0.06,,3.54,,80.72
396,397,2026-02-24,17:01:05,2026,2,24,17,Tuesday,නුවරඑළිය,රිකාටන්,6.95,80.5833,0,0,27.65,18.04,22.35,0.01,0.01,,2.39,,84.69
397,398,2026-02-24,15:29:14,2026,2,24,15,Tuesday,කෑගල්ල,වතුපිටිවල,7.25,80.3667,2,0,28.91,20.32,23.97,0.02,0.02,,2.35,,86.74
398,399,2026-02-24,12:19:00,2026,2,24,12,Tuesday,කළුතර,මැලෑගම,6.4333,79.95,1,1,29.39,24.03,26.59,0.2,0.2,,3.26,,81.35
400,401,2026-02-24,07:58:25,2026,2,24,7,Tuesday,කොළඹ,පන්නිපිටිය,6.8333,79.95,1,0,29.78,22.9,26.15,0.06,0.06,,3.27,,80.9
399,400,2026-02-24,08:26:22,2026,2,24,8,Tuesday,,,0.0,0.0,7,1,27.65,27.32,27.46,2.59,2.59,,3.92,,85.06
401,402,2026-02-23,20:00:57,2026,2,23,20,Monday,මහනුවර,නාගොල්ල,7.25,80.6333,1,0,28.93,21.44,24.65,0.1,0.1,,2.3,,88.97
402,403,2026-02-23,19:54:36,2026,2,23,19,Monday,නුවරඑළිය,ලක්ෂපාන,6.95,80.5833,0,0,26.91,19.14,22.53,0.02,0.02,,2.74,,89.65
403,404,2026-02-23,19:32:43,2026,2,23,19,Monday,ගාල්ල,තවලම,6.0333,80.2167,1,1,27.57,26.14,26.82,0.31,0.31,,5.06,,87.17
404,405,2026-02-23,18:41:56,2026,2,23,18,Monday,කළුතර,පයාගල,6.4333,79.95,2,1,28.05,24.76,26.19,0.27,0.27,,4.29,,87.24
406,407,2026-02-23,15:11:01,2026,2,23,15,Monday,කළුතර,නාගස්හන්දිය,6.4333,79.95,1,1,28.05,24.76,26.19,0.27,0.27,,4.29,,87.24
405,406,2026-02-23,17:59:04,2026,2,23,17,Monday,පොළොන්නරුව,හිඟුරක්ගොඩ,7.9333,81.0,0,1,29.79,23.38,26.19,0.34,0.34,,3.4,,87.69
407,408,2026-02-23,14:27:54,2026,2,23,14,Monday,,,0.0,0.0,17,1,28.06,27.71,27.91,2.73,2.73,,3.89,,84.03
408,409,2026-02-22,20:55:43,2026,2,22,20,Sunday,,,0.0,0.0,1,1,28.27,27.93,28.11,4.37,4.37,,4.09,,84.22
409,410,2026-02-22,15:55:13,2026,2,22,15,Sunday,,,0.0,0.0,7,1,28.27,27.93,28.11,4.37,4.37,,4.09,,84.22
410,411,2026-02-22,13:40:23,2026,2,22,13,Sunday,කෑගල්ල,වේවැල්දෙනිය,7.25,80.3667,1,2,26.22,22.18,23.87,14.93,14.93,,2.08,,92.22
411,412,2026-02-22,12:30:06,2026,2,22,12,Sunday,ගාල්ල,යද්දෙහිකන්දවත්ත,6.0333,80.2167,1,1,27.15,25.29,26.32,1.52,1.52,,4.51,,86.28
412,413,2026-02-22,11:45:35,2026,2,22,11,Sunday,ගාල්ල,පිටිවැල්ල,6.0333,80.2167,1,1,27.15,25.29,26.32,1.52,1.52,,4.51,,86.28
414,415,2026-02-22,09:44:00,2026,2,22,9,Sunday,කළුතර,පයාගල,6.4333,79.95,0,1,26.96,24.17,25.51,2.55,2.55,,3.57,,88.96
413,414,2026-02-22,11:24:29,2026,2,22,11,Sunday,කළුතර,මග්ගොන,6.4333,79.95,2,1,26.96,24.17,25.51,2.55,2.55,,3.57,,88.96
415,416,2026-02-22,07:08:17,2026,2,22,7,Sunday,කෑගල්ල,වේවැල්දෙණිය,7.25,80.3667,1,2,26.22,22.18,23.87,14.93,14.93,,2.08,,92.22
417,418,2026-02-21,19:45:23,2026,2,21,19,Saturday,,,0.0,0.0,4,1,28.3,27.61,27.91,4.08,4.08,,3.25,,82.47
416,417,2026-02-21,19:48:51,2026,2,21,19,Saturday,,,0.0,0.0,0,1,28.3,27.61,27.91,4.08,4.08,,3.25,,82.47
418,419,2026-02-20,19:22:35,2026,2,20,19,Friday,කොළඹ,කොළඹ,6.8333,79.95,1,2,29.47,23.89,26.23,7.16,7.16,,4.41,,87.07
419,420,2026-02-20,19:20:02,2026,2,20,19,Friday,බදුල්ල,කෙහෙල්උල්ල,6.9833,81.05,1,2,26.84,22.0,23.9,11.37,11.37,,3.37,,93.14
421,422,2026-02-20,17:51:19,2026,2,20,17,Friday,කොළඹ,රාජගිරිය,6.8333,79.95,0,2,29.47,23.89,26.23,7.16,7.16,,4.41,,87.07
422,423,2026-02-20,16:22:26,2026,2,20,16,Friday,කෑගල්ල,තණකොළවත්ත,7.25,80.3667,0,2,27.62,22.02,24.33,5.85,5.85,,4.04,,91.85
420,421,2026-02-20,19:17:25,2026,2,20,19,Friday,මහනුවර,මොරගහමුල,7.25,80.6333,1,2,27.62,22.02,24.33,5.85,5.85,,4.04,,91.85
423,424,2026-02-19,15:32:34,2026,2,19,15,Thursday,කුරුණෑගල,නාරම්මල,7.4833,80.3667,1,1,28.39,21.29,24.11,4.3,4.3,,4.36,,89.87
424,425,2026-02-19,13:27:27,2026,2,19,13,Thursday,පුත්තලම,කලංකුට්ටිය,7.4833,79.9333,1,1,30.06,23.45,26.24,0.87,0.87,,6.01,,83.9
425,426,2026-02-19,13:07:38,2026,2,19,13,Thursday,බදුල්ල,කොන්තහෙල,6.9833,81.05,1,2,26.71,21.23,23.49,11.48,11.48,,3.9,,92.77
426,427,2026-02-18,18:21:41,2026,2,18,18,Wednesday,කළුතර,මිදෙල්ලමුල්ලහේන,6.4333,79.95,1,2,28.27,23.96,25.88,16.3,16.3,,3.81,,85.09
427,428,2026-02-18,16:12:33,2026,2,18,16,Wednesday,මොනරාගල,නාමණ්ඩිය,6.8667,81.2,1,2,24.89,20.98,22.57,12.86,12.86,,3.26,,95.24
428,429,2026-02-18,14:04:06,2026,2,18,14,Wednesday,බදුල්ල,මහියංගනය,6.9833,81.05,1,2,24.89,20.98,22.57,12.86,12.86,,3.26,,95.24
429,430,2026-02-18,13:26:40,2026,2,18,13,Wednesday,යාපනය,නාවල්අඩි,9.6667,80.0,1,1,27.15,25.59,26.22,0.11,0.11,,6.02,,80.55
430,431,2026-02-18,13:03:56,2026,2,18,13,Wednesday,ත්‍රිකුණාමලය,පංසල්ගොඩැල්ල,8.5667,81.2333,1,2,27.21,25.35,26.05,10.83,10.83,,5.34,,85.05
431,432,2026-02-16,19:32:48,2026,2,16,19,Monday,කොළඹ,අකුරේගොඩ,6.8333,79.95,2,0,29.73,21.42,25.14,0.06,0.06,,4.48,,78.94
432,433,2026-02-16,16:31:25,2026,2,16,16,Monday,බදුල්ල,බලගොල්ල,6.9833,81.05,1,1,26.17,18.78,21.97,0.12,0.12,,3.24,,89.2
433,434,2026-02-16,16:29:08,2026,2,16,16,Monday,ගම්පහ,සියඹලාපේ,7.15,79.95,1,0,29.73,21.42,25.14,0.06,0.06,,4.48,,78.94
434,435,2026-02-16,16:13:29,2026,2,16,16,Monday,මුලතිව්,මාන්කුලම,9.6667,80.0,2,0,27.95,24.73,26.08,0.0,0.0,,6.23,,74.11
435,436,2026-02-16,14:27:01,2026,2,16,14,Monday,කුරුණෑගල,කඩපැත්වෙහෙර,7.4833,80.3667,1,0,27.89,18.6,22.58,0.09,0.09,,3.74,,86.84
436,437,2026-02-15,14:22:44,2026,2,15,14,Sunday,රත්නපුරය,ගොඩකවෙල,6.85,80.25,0,1,29.06,22.72,25.25,1.06,1.06,,5.47,,81.67
437,438,2026-02-15,12:36:03,2026,2,15,12,Sunday,මාතර,මඩිහ,5.95,80.55,1,1,28.05,24.51,26.03,4.97,4.97,,3.69,,80.69
438,439,2026-02-15,12:33:18,2026,2,15,12,Sunday,අම්පාර,පැමිණිගම,7.1667,81.3833,2,1,24.77,19.95,22.04,1.59,1.59,,3.87,,91.3
439,440,2026-02-14,15:29:50,2026,2,14,15,Saturday,,,0.0,0.0,0,2,27.86,27.31,27.57,8.66,8.66,,2.47,,79.28
440,441,2026-02-14,12:59:02,2026,2,14,12,Saturday,කොළඹ,කොට්ටාව,6.8333,79.95,0,2,29.14,22.58,25.46,5.21,5.21,,4.99,,85.33
441,442,2026-02-13,13:05:01,2026,2,13,13,Friday,කොළඹ,මොරටුව,6.8333,79.95,0,1,28.3,23.0,25.12,1.09,1.09,,5.43,,86.15
442,443,2026-02-12,18:32:21,2026,2,12,18,Thursday,කළුතර,මිදෙල්ලමුල්ලහේන,6.4333,79.95,1,2,27.6,22.95,25.11,18.31,18.31,,4.87,,84.85
443,444,2026-02-12,17:13:30,2026,2,12,17,Thursday,ගම්පහ,කඩවත,7.15,79.95,0,2,27.17,22.27,24.54,10.74,10.74,,5.31,,85.91
444,445,2026-02-12,15:39:12,2026,2,12,15,Thursday,,,0.0,0.0,0,2,28.14,27.44,27.77,8.01,8.01,,5.01,,83.63
445,446,2026-02-12,13:05:07,2026,2,12,13,Thursday,කොළඹ,බොරැල්ල,6.8333,79.95,0,2,27.17,22.27,24.54,10.74,10.74,,5.31,,85.91
446,447,2026-02-11,18:20:13,2026,2,11,18,Wednesday,කොළඹ,රාජගිරිය,6.8333,79.95,0,0,28.87,20.23,24.19,0.01,0.01,,5.06,,78.93
447,448,2026-02-11,18:14:08,2026,2,11,18,Wednesday,කෑගල්ල,මොළගොඩ,7.25,80.3667,1,1,26.81,16.32,21.28,0.18,0.18,,3.58,,88.65
448,449,2026-02-11,12:32:31,2026,2,11,12,Wednesday,මොනරාගල,බුත්තල,6.8667,81.2,0,1,24.68,16.33,20.61,0.28,0.28,,3.36,,90.52
449,450,2026-02-10,13:44:58,2026,2,10,13,Tuesday,පුත්තලම,සාලියවැව,7.4833,79.9333,1,0,28.22,20.18,23.81,0.01,0.01,,5.68,,79.42
450,451,2026-02-10,10:28:10,2026,2,10,10,Tuesday,මාතලේ,දිගම්පතහ,7.8667,80.65,2,0,27.58,18.01,22.17,0.05,0.05,,3.69,,84.91
451,452,2026-02-08,18:06:25,2026,2,8,18,Sunday,කෑගල්ල,අමිතිරිගල,7.25,80.3667,3,1,27.14,18.4,22.27,0.13,0.13,,4.39,,87.69
452,453,2026-02-08,16:10:12,2026,2,8,16,Sunday,කළුතර,රන්දොඹේ,6.4333,79.95,1,1,29.39,22.91,25.94,0.15,0.15,,4.15,,78.61
453,454,2026-02-07,19:37:23,2026,2,7,19,Saturday,කොළඹ,කොට්ටාව,6.8333,79.95,0,1,29.33,22.98,25.67,2.55,2.55,,6.18,,84.65
454,455,2026-02-07,13:31:25,2026,2,7,13,Saturday,පොළොන්නරුව,මින්නේරිය,7.9333,81.0,0,1,27.74,23.55,25.19,3.47,3.47,,4.88,,84.48
455,456,2026-02-07,09:55:25,2026,2,7,9,Saturday,රත්නපුරය,කනාදොල,6.85,80.25,1,1,29.33,22.98,25.67,2.55,2.55,,6.18,,84.65
456,457,2026-02-06,11:14:59,2026,2,6,11,Friday,ගාල්ල,පින්නදුව,6.0333,80.2167,2,2,28.57,25.86,27.06,13.07,13.07,,2.51,,81.57
457,458,2026-02-05,17:03:11,2026,2,5,17,Thursday,,,0.0,0.0,5,0,27.81,27.03,27.4,0.07,0.07,,4.77,,82.44
458,459,2026-02-04,19:54:06,2026,2,4,19,Wednesday,,,0.0,0.0,0,1,27.98,27.21,27.51,1.39,1.39,,3.33,,79.74
459,460,2026-02-04,14:27:12,2026,2,4,14,Wednesday,කළුතර,එපිටවල,6.4333,79.95,1,1,29.31,23.6,26.29,0.92,0.92,,3.78,,81.75
460,461,2026-02-03,17:58:59,2026,2,3,17,Tuesday,කළුතර,ගෝනදුව,6.4333,79.95,1,1,27.94,23.82,25.76,3.1,3.1,,4.03,,83.27
461,462,2026-02-03,17:36:51,2026,2,3,17,Tuesday,කෑගල්ල,හොරගස්මංකඩ,7.25,80.3667,1,1,27.0,20.3,23.08,2.79,2.79,,3.77,,89.87
462,463,2026-02-03,10:32:22,2026,2,3,10,Tuesday,නුවරඑළිය,නානුඔය,6.95,80.5833,0,1,25.22,18.69,21.31,1.73,1.73,,3.56,,89.96
463,464,2026-02-02,11:40:07,2026,2,2,11,Monday,,,0.0,0.0,9,1,28.14,27.72,27.92,0.58,0.58,,4.31,,82.35
464,465,2026-02-02,07:22:30,2026,2,2,7,Monday,පුත්තලම,ඉහළ කොස්වත්ත,7.4833,79.9333,1,1,29.42,23.24,25.75,0.88,0.88,,6.75,,85.57
465,466,2026-02-01,11:52:41,2026,2,1,11,Sunday,මාතර,වලස්මුල්ල,5.95,80.55,1,2,28.65,24.39,26.44,7.01,7.01,,2.9,,83.56
466,467,2026-02-01,11:10:20,2026,2,1,11,Sunday,පුත්තලම,ගල්කුලම,7.4833,79.9333,0,1,29.01,23.47,25.89,2.2,2.2,,4.58,,88.69
467,468,2026-02-01,09:49:09,2026,2,1,9,Sunday,ගම්පහ,මිරිස්වත්ත,7.15,79.95,0,1,28.64,23.13,25.85,3.11,3.11,,2.79,,86.18
468,469,2026-02-01,08:47:21,2026,2,1,8,Sunday,,,0.0,0.0,0,1,28.12,27.31,27.81,1.01,1.01,,4.29,,83.24
470,471,2026-01-31,16:23:01,2026,1,31,16,Saturday,,,0.0,0.0,0,1,27.44,27.19,27.31,2.88,2.88,,4.33,,86.82
469,470,2026-02-01,07:00:19,2026,2,1,7,Sunday,ගාල්ල,ගාල්ල,6.0333,80.2167,1,2,27.98,25.68,26.83,8.99,8.99,,2.1,,82.2
471,472,2026-01-31,10:47:02,2026,1,31,10,Saturday,,,0.0,0.0,227,1,27.44,27.19,27.31,2.88,2.88,,4.33,,86.82
473,474,2026-01-29,17:14:11,2026,1,29,17,Thursday,කළුතර,දිවලකඩ හන්දිය,6.4333,79.95,1,1,28.48,21.64,25.18,0.12,0.12,,3.61,,76.62
472,473,2026-01-30,11:00:23,2026,1,30,11,Friday,විවිධ,විවිධ,0.0,0.0,5,1,27.38,27.03,27.19,3.93,3.93,,5.13,,87.81
475,476,2026-01-29,09:41:16,2026,1,29,9,Thursday,,,0.0,0.0,15,1,27.47,27.12,27.38,4.86,4.86,,3.28,,85.51
474,475,2026-01-29,15:19:25,2026,1,29,15,Thursday,නුවරඑළිය,සෙන්ක්ලෙයාර්,6.95,80.5833,0,1,25.69,14.13,19.69,0.85,0.85,,2.88,,86.74
476,477,2026-01-28,19:18:52,2026,1,28,19,Wednesday,මොනරාගල,කරාන හංදිය,6.8667,81.2,1,1,25.68,17.02,20.78,0.28,0.28,,3.79,,87.15
477,478,2026-01-28,10:07:28,2026,1,28,10,Wednesday,,,0.0,0.0,1,1,27.96,27.42,27.63,3.4,3.4,,2.84,,84.52
478,479,2026-01-27,16:46:21,2026,1,27,16,Tuesday,,,0.0,0.0,3,1,27.96,27.13,27.51,2.67,2.67,,2.54,,83.99
479,480,2026-01-27,14:09:04,2026,1,27,14,Tuesday,කොළඹ,කෙසෙල්වත්ත,6.8333,79.95,0,1,29.03,22.29,25.19,0.15,0.15,,5.79,,82.63
480,481,2026-01-27,11:59:30,2026,1,27,11,Tuesday,වවුනියාව,තාන්ඩිකුලම්,8.75,80.5,0,1,27.5,22.42,24.68,0.22,0.22,,4.98,,82.7
481,482,2026-01-26,22:39:59,2026,1,26,22,Monday,කළුතර,මොරොන්තුඩුව,6.4333,79.95,1,1,29.66,24.36,26.88,1.49,1.49,,1.9,,78.32
483,484,2026-01-26,17:12:53,2026,1,26,17,Monday,කළුතර,කලුගල,6.4333,79.95,1,1,29.66,24.36,26.88,1.49,1.49,,1.9,,78.32
482,483,2026-01-26,17:38:23,2026,1,26,17,Monday,අනුරාධපුරය,මරදන්කඩවල,8.35,80.5,0,1,28.86,22.08,24.86,2.04,2.04,,4.04,,86.98
484,485,2026-01-26,16:03:06,2026,1,26,16,Monday,මොනරාගල,යාල්කුඹුර,6.8667,81.2,0,1,26.76,20.02,22.82,2.52,2.52,,3.47,,90.24
486,487,2026-01-24,22:31:54,2026,1,24,22,Saturday,,,0.0,0.0,1,1,27.83,27.36,27.62,1.97,1.97,,3.48,,85.59
485,486,2026-01-26,08:23:27,2026,1,26,8,Monday,,,0.0,0.0,7,1,27.71,26.94,27.21,1.6,1.6,,2.59,,87.09
487,488,2026-01-23,00:40:38,2026,1,23,0,Friday,කළුතර,කළුතර,6.4333,79.95,93,0,27.54,20.94,24.42,0.0,0.0,,4.03,,76.96
488,489,2026-01-22,20:16:35,2026,1,22,20,Thursday,ගාල්ල,පෑලැස්ස,6.0333,80.2167,3,0,27.7,23.87,25.99,0.01,0.01,,3.27,,70.1
489,490,2026-01-22,17:42:54,2026,1,22,17,Thursday,,,0.0,0.0,0,1,27.17,26.72,26.92,1.2,1.2,,2.4,,85.11
490,491,2026-01-22,13:34:51,2026,1,22,13,Thursday,,,0.0,0.0,0,1,27.17,26.72,26.92,1.2,1.2,,2.4,,85.11
491,492,2026-01-21,22:00:12,2026,1,21,22,Wednesday,කළුතර,ඉලිඹ හංදිය,6.4333,79.95,1,0,27.51,21.1,24.06,0.02,0.02,,4.92,,78.23
492,493,2026-01-21,21:01:30,2026,1,21,21,Wednesday,කිලිනොච්චි,කිලිනොච්චිය,9.3833,80.4,0,0,26.67,23.88,25.23,0.02,0.02,,5.2,,72.37
493,494,2026-01-21,16:40:46,2026,1,21,16,Wednesday,,,0.0,0.0,1,1,27.38,26.76,27.08,2.8,2.8,,2.89,,84.4
495,496,2026-01-21,00:09:11,2026,1,21,0,Wednesday,,,0.0,0.0,120,1,27.38,26.76,27.08,2.8,2.8,,2.89,,84.4
494,495,2026-01-21,12:01:48,2026,1,21,12,Wednesday,ගම්පහ,බියගම,7.15,79.95,0,0,27.2,19.55,23.22,0.03,0.03,,5.25,,80.62
496,497,2026-01-20,13:09:26,2026,1,20,13,Tuesday,,,0.0,0.0,0,1,27.41,26.68,27.05,4.59,4.59,,2.95,,86.98
497,498,2026-01-19,20:40:14,2026,1,19,20,Monday,,,0.0,0.0,13,1,27.49,27.22,27.37,4.04,4.04,,3.87,,86.35
498,499,2026-01-19,15:39:58,2026,1,19,15,Monday,අනුරාධපුරය,පදවිය,8.35,80.5,1,0,27.58,18.62,22.3,0.0,0.0,,2.44,,83.13
500,501,2026-01-19,12:56:28,2026,1,19,12,Monday,,,0.0,0.0,39,1,27.49,27.22,27.37,4.04,4.04,,3.87,,86.35
501,502,2026-01-19,07:28:28,2026,1,19,7,Monday,,,0.0,0.0,21,1,27.49,27.22,27.37,4.04,4.04,,3.87,,86.35
499,500,2026-01-19,13:37:30,2026,1,19,13,Monday,කොළඹ,බටදොබතුඩුව,6.8333,79.95,1,0,27.01,20.64,23.72,0.0,0.0,,3.83,,79.57
502,503,2026-01-18,12:11:50,2026,1,18,12,Sunday,ගම්පහ,බියගම,7.15,79.95,0,0,27.74,20.31,23.94,0.0,0.0,,3.76,,78.43
503,504,2026-01-18,11:18:53,2026,1,18,11,Sunday,පුත්තලම,සඳලංකාව,7.4833,79.9333,1,0,27.61,19.93,23.69,0.0,0.0,,3.85,,79.87
505,506,2026-01-18,08:49:40,2026,1,18,8,Sunday,බදුල්ල,හල්දුම්මුල්ල,6.7667,81.0,1,0,26.67,16.63,21.26,0.0,0.0,,2.41,,87.74
504,505,2026-01-18,11:06:23,2026,1,18,11,Sunday,ගාල්ල,ඉමදූව,6.0333,80.2167,1,1,26.99,24.37,25.81,0.18,0.18,,2.51,,76.23
507,508,2026-01-17,11:44:07,2026,1,17,11,Saturday,ගම්පහ,බියගම,6.95,79.9333,0,0,27.76,20.25,23.89,0.0,0.0,,5.01,,80.35
506,507,2026-01-17,18:18:35,2026,1,17,18,Saturday,නුවරඑළිය,කුඩාගම,6.9667,80.7667,0,0,25.3,14.94,19.75,0.0,0.0,,3.02,,87.76
509,510,2026-01-15,21:04:56,2026,1,15,21,Thursday,මන්නාරම,පේසාලෙයි,8.9833,79.9,2,0,27.66,22.52,24.84,0.0,0.0,,4.23,,83.03
508,509,2026-01-16,14:20:14,2026,1,16,14,Friday,ගම්පහ,දෙනිමුල්ල,6.9833,80.0,0,1,28.32,20.98,24.17,0.66,0.66,,5.52,,81.58
510,511,2026-01-15,18:58:35,2026,1,15,18,Thursday,මාතර,දෙනිපිටිය,5.9667,80.5,1,1,28.57,23.31,25.78,0.53,0.53,,3.92,,79.66
511,512,2026-01-15,18:30:06,2026,1,15,18,Thursday,ගාල්ල,ගාල්ල,6.0333,80.2167,0,1,28.34,24.89,26.65,0.89,0.89,,2.43,,75.7
512,513,2026-01-15,15:08:59,2026,1,15,15,Thursday,ගම්පහ,ඉඳිපරපේ,7.15,80.0167,0,1,29.01,21.14,24.71,0.18,0.18,,4.01,,80.83
513,514,2026-01-15,11:05:34,2026,1,15,11,Thursday,,,0.0,0.0,82,1,27.17,26.81,26.99,1.64,1.64,,2.91,,86.01
514,515,2026-01-14,20:27:27,2026,1,14,20,Wednesday,කළුතර,පොකුණුවිට,6.75,80.0167,1,1,28.92,22.34,25.17,1.74,1.74,,4.87,,84.41
515,516,2026-01-14,12:23:17,2026,1,14,12,Wednesday,පුත්තලම,අට්ටවිල්ලුව,8.0333,79.8333,2,1,28.84,22.28,25.14,1.5,1.5,,4.94,,84.64
516,517,2026-01-14,11:12:30,2026,1,14,11,Wednesday,,,0.0,0.0,12,1,27.31,26.86,27.1,3.53,3.53,,3.73,,84.68
517,518,2026-01-12,18:43:27,2026,1,12,18,Monday,මුලතිව්,මුරසුමොටෙයි,9.25,80.55,4,2,27.42,25.59,26.35,13.02,13.02,,3.62,,85.15
518,519,2026-01-12,16:55:14,2026,1,12,16,Monday,පුත්තලම,නවඩන්කුලම,8.1167,79.8333,3,2,29.11,22.99,25.8,5.54,5.54,,3.94,,87.41
519,520,2026-01-12,16:50:26,2026,1,12,16,Monday,අනුරාධපුර,ඔයාමඩුව,8.3333,80.4167,1,2,28.84,22.34,24.93,8.8,8.8,,2.95,,90.05
521,522,2026-01-12,09:15:12,2026,1,12,9,Monday,පුත්තලම,නවදන්කුලම,8.1167,79.8333,3,2,29.11,22.99,25.8,5.54,5.54,,3.94,,87.41
520,521,2026-01-12,12:06:30,2026,1,12,12,Monday,නුවරඑළිය,නිව්වැලිවත්ත,6.95,80.6,0,2,26.28,17.96,21.82,14.39,14.39,,2.78,,88.84
522,523,2026-01-11,15:52:10,2026,1,11,15,Sunday,ත්‍රිකුණාමලය,කන්තලේ,8.3667,81.0167,0,2,27.81,24.95,26.21,5.35,5.35,,3.9,,85.52
523,524,2026-01-11,14:49:49,2026,1,11,14,Sunday,මඩකලපුව,නාබැට,7.7,81.2,1,2,27.84,21.96,24.48,5.23,5.23,,2.66,,91.28
525,526,2026-01-10,10:18:57,2026,1,10,10,Saturday,කළුතර,බේරුවල,6.4667,79.9833,1,1,28.29,23.88,25.83,2.47,2.47,,3.82,,87.47
524,525,2026-01-10,23:23:01,2026,1,10,23,Saturday,කළුතර,මාගල්කන්ද,6.4667,79.9833,0,1,28.29,23.88,25.83,2.47,2.47,,3.82,,87.47
527,528,2026-01-09,16:09:13,2026,1,9,16,Friday,කළුතර,දෙහිඕවිට,6.8333,80.1667,1,1,27.09,23.44,24.91,1.93,1.93,,6.93,,90.2
526,527,2026-01-09,17:45:32,2026,1,9,17,Friday,කෑගල්ල,පල්පාත,7.25,80.35,1,1,25.76,21.72,23.25,4.88,4.88,,5.06,,95.39
529,530,2026-01-08,19:58:52,2026,1,8,19,Thursday,නුවරඑළිය,නුවරඑළිය,6.9667,80.7667,0,1,23.3,18.72,20.74,4.03,4.03,,5.08,,93.34
528,529,2026-01-09,11:12:28,2026,1,9,11,Friday,මොණරාගල,වැල්ලවාය,6.7333,81.1,0,2,26.55,23.22,24.71,9.96,9.96,,3.56,,94.5
530,531,2026-01-08,18:38:37,2026,1,8,18,Thursday,කළුතර,ගල්කඩුව,6.7167,80.0833,0,2,27.67,23.09,25.17,5.68,5.68,,6.15,,85.74
531,532,2026-01-08,12:53:16,2026,1,8,12,Thursday,,,0.0,0.0,2,1,27.48,27.08,27.28,4.54,4.54,,3.79,,81.17
532,533,2026-01-07,17:18:46,2026,1,7,17,Wednesday,නුවරඑළිය,නුවරඑළිය,6.9667,80.7667,0,1,24.01,18.46,20.51,0.66,0.66,,6.31,,89.94
534,535,2026-01-07,13:07:38,2026,1,7,13,Wednesday,නුවරඑළිය,නුවරඑළිය,6.9667,80.7667,0,1,24.01,18.46,20.51,0.66,0.66,,6.31,,89.94
533,534,2026-01-07,13:31:20,2026,1,7,13,Wednesday,,,0.0,0.0,0,1,27.4,26.94,27.16,0.83,0.83,,4.33,,81.22
535,536,2026-01-06,18:52:37,2026,1,6,18,Tuesday,,,0.0,0.0,0,1,27.44,26.98,27.2,0.21,0.21,,4.79,,80.41
536,537,2026-01-06,11:16:19,2026,1,6,11,Tuesday,අනුරාධපුර,ගලෙන්බිදුණුවැව,8.3167,80.4,1,1,27.43,22.52,24.31,4.38,4.38,,5.63,,87.55
537,538,2026-01-05,17:47:36,2026,1,5,17,Monday,,,0.0,0.0,0,1,27.13,26.79,26.98,0.4,0.4,,3.85,,78.15
538,539,2026-01-05,15:34:02,2026,1,5,15,Monday,කළුතර,ගලහේනගම,6.75,80.1,1,1,28.63,23.09,25.48,3.64,3.64,,5.94,,86.09
539,540,2026-01-04,14:30:44,2026,1,4,14,Sunday,,,0.0,0.0,5,1,27.09,26.53,26.79,0.54,0.54,,3.85,,81.41
540,541,2026-01-04,12:58:22,2026,1,4,12,Sunday,මොණරාගල,මොණරාගල,6.8667,81.2,1,1,25.8,20.39,22.57,3.59,3.59,,4.75,,92.09
542,543,2026-01-02,19:08:34,2026,1,2,19,Friday,ත්‍රිකුණාමලය,පුණ්‍යාඩි,8.5667,81.2,1,1,27.43,25.55,26.36,2.89,2.89,,5.38,,81.22
541,542,2026-01-04,10:46:29,2026,1,4,10,Sunday,ගම්පහ,සේනපුර,6.8,79.9667,0,1,27.87,22.18,24.68,0.16,0.16,,6.23,,84.89
543,544,2026-01-02,13:32:59,2026,1,2,13,Friday,ගාල්ල,ඉඳුරුව,6.05,80.0333,1,1,27.6,26.26,26.95,4.29,4.29,,4.18,,84.36
544,545,2026-01-02,13:22:49,2026,1,2,13,Friday,ගම්පහ,ගල්කඩේ,6.8,79.9667,0,1,28.38,23.8,25.67,4.84,4.84,,3.74,,85.09
545,546,2026-01-02,07:36:33,2026,1,2,7,Friday,,,0.0,0.0,40,1,27.25,26.71,26.95,2.15,2.15,,4.02,,80.19
546,547,2026-01-01,17:57:47,2026,1,1,17,Thursday,ත්‍රිකුණාමලය,කාංගුවේලි,8.5333,81.1833,1,2,27.57,25.42,26.38,11.29,11.29,,4.05,,86.74
547,548,2026-01-01,12:36:24,2026,1,1,12,Thursday,හම්බන්තොට,අම්බලන්තොට,6.1167,80.9667,1,3,27.88,25.98,26.82,23.2,23.2,,3.78,,86.36
548,549,2025-12-31,16:24:03,2025,12,31,16,Wednesday,,,0.0,0.0,0,1,27.16,26.28,26.86,0.35,0.35,,3.22,,76.85
549,550,2025-12-31,12:29:10,2025,12,31,12,Wednesday,ගම්පහ,ගල්කඩේ,6.8,79.9667,1,2,27.1,23.89,25.43,5.89,5.89,,4.89,,89.83
550,551,2025-12-31,10:50:51,2025,12,31,10,Wednesday,රත්නපුර,තිරිවානාකැටිය,6.6833,80.4,0,3,27.21,22.57,24.38,23.45,23.45,,2.81,,90.96
551,552,2025-12-30,18:47:38,2025,12,30,18,Tuesday,කොළඹ,කඩුවෙල,6.9333,79.9333,1,1,28.17,22.79,25.57,0.29,0.29,,4.96,,88.02
552,553,2025-12-30,16:22:09,2025,12,30,16,Tuesday,නුවරඑළිය,කැලෑගල්ල,6.9833,80.75,0,1,26.07,18.5,22.27,0.27,0.27,,3.01,,92.06
553,554,2025-12-30,13:47:44,2025,12,30,13,Tuesday,කොළඹ,ගල්කිස්ස,6.8167,79.85,1,1,28.17,22.79,25.57,0.29,0.29,,4.96,,88.02
554,555,2025-12-30,00:25:02,2025,12,30,0,Tuesday,,,0.0,0.0,2,1,27.05,26.35,26.82,0.82,0.82,,4.23,,83.0
555,556,2025-12-29,20:17:18,2025,12,29,20,Monday,කළුතර,මිවනපලාන,6.7667,80.0833,1,1,29.04,23.1,25.83,1.57,1.57,,5.0,,85.66
556,557,2025-12-29,19:48:01,2025,12,29,19,Monday,කළුතර,වෑත්තෑව,6.6833,80.1833,1,1,29.21,23.92,26.49,4.37,4.37,,3.72,,84.33
557,558,2025-12-29,16:00:56,2025,12,29,16,Monday,රත්නපුර,කොළඹගෙආර,6.4667,80.7,2,1,29.9,20.94,24.98,1.65,1.65,,1.84,,85.75
558,559,2025-12-29,15:00:48,2025,12,29,15,Monday,,,0.0,0.0,1,1,26.97,25.99,26.4,0.52,0.52,,4.58,,84.49
559,560,2025-12-29,14:15:00,2025,12,29,14,Monday,,,0.0,0.0,0,1,26.97,25.99,26.4,0.52,0.52,,4.58,,84.49
561,562,2025-12-28,12:32:13,2025,12,28,12,Sunday,,,0.0,0.0,0,1,26.34,26.09,26.23,0.48,0.48,,4.22,,83.42
560,561,2025-12-28,17:43:09,2025,12,28,17,Sunday,අම්පාර,ගොනාගොල්ල,7.1667,81.5167,0,1,26.93,19.23,22.6,3.97,3.97,,3.44,,92.08
562,563,2025-12-28,09:54:58,2025,12,28,9,Sunday,,,0.0,0.0,0,1,26.34,26.09,26.23,0.48,0.48,,4.22,,83.42
564,565,2025-12-27,15:58:32,2025,12,27,15,Saturday,,,0.0,0.0,1,1,26.58,26.22,26.41,0.17,0.17,,4.07,,79.21
563,564,2025-12-27,19:08:02,2025,12,27,19,Saturday,,,0.0,0.0,9,1,26.58,26.22,26.41,0.17,0.17,,4.07,,79.21
565,566,2025-12-26,10:14:42,2025,12,26,10,Friday,කළුතර,මතුගම,6.6833,80.1833,1,1,28.88,22.78,25.92,0.3,0.3,,3.58,,77.49
566,567,2025-12-25,23:43:26,2025,12,25,23,Thursday,,,0.0,0.0,5,1,26.93,26.6,26.79,0.11,0.11,,3.87,,77.71
567,568,2025-12-25,19:14:33,2025,12,25,19,Thursday,,,0.0,0.0,0,1,26.93,26.6,26.79,0.11,0.11,,3.87,,77.71
569,570,2025-12-25,15:55:31,2025,12,25,15,Thursday,මාතර,හඳපාන්ගොඩැල්ල,5.9833,80.5833,0,1,28.81,23.98,26.18,0.69,0.69,,3.6,,78.69
568,569,2025-12-25,18:01:13,2025,12,25,18,Thursday,මාතර,හඳපාන්ගොඩැල්ල,5.9833,80.5833,0,1,28.81,23.98,26.18,0.69,0.69,,3.6,,78.69
571,572,2025-12-25,08:28:37,2025,12,25,8,Thursday,,,0.0,0.0,0,1,26.93,26.6,26.79,0.11,0.11,,3.87,,77.71
572,573,2025-12-24,23:41:57,2025,12,24,23,Wednesday,,,0.0,0.0,0,1,27.05,26.72,26.88,0.37,0.37,,5.19,,80.86
573,574,2025-12-24,07:01:05,2025,12,24,7,Wednesday,,,0.0,0.0,8,1,27.05,26.72,26.88,0.37,0.37,,5.19,,80.86
570,571,2025-12-25,10:42:46,2025,12,25,10,Thursday,ත්‍රිකුණාමලය,මහින්දපුර,8.5333,81.1833,0,1,27.48,24.23,25.72,0.99,0.99,,4.17,,76.55
575,576,2025-12-23,11:57:08,2025,12,23,11,Tuesday,,,0.0,0.0,3,1,27.03,26.77,26.9,0.46,0.46,,5.48,,83.04
576,577,2025-12-23,11:33:00,2025,12,23,11,Tuesday,,,0.0,0.0,5,1,27.03,26.77,26.9,0.46,0.46,,5.48,,83.04
574,575,2025-12-23,14:58:33,2025,12,23,14,Tuesday,,,0.0,0.0,2,1,27.03,26.77,26.9,0.46,0.46,,5.48,,83.04
577,578,2025-12-22,19:29:25,2025,12,22,19,Monday,කොළඹ,දෙහිවල,6.85,79.8667,0,1,28.42,22.22,24.99,0.24,0.24,,5.63,,84.3
579,580,2025-12-22,15:27:41,2025,12,22,15,Monday,,,0.0,0.0,16,1,27.1,26.6,26.89,0.41,0.41,,4.94,,81.32
578,579,2025-12-22,16:55:00,2025,12,22,16,Monday,,,0.0,0.0,0,1,27.1,26.6,26.89,0.41,0.41,,4.94,,81.32
581,582,2025-12-20,18:24:26,2025,12,20,18,Saturday,,,0.0,0.0,8,1,26.72,26.36,26.53,1.4,1.4,,3.89,,87.12
580,581,2025-12-21,16:43:34,2025,12,21,16,Sunday,අනුරාධපුර,කුරුන්දන්කුලම,8.0,80.4,2,1,27.88,19.92,23.3,0.39,0.39,,3.99,,89.5
582,583,2025-12-20,14:41:15,2025,12,20,14,Saturday,නුවරඑළිය,දිඹුල පතන,6.9333,80.6333,2,2,24.19,17.43,20.39,6.41,6.41,,3.12,,91.96
583,584,2025-12-20,10:38:36,2025,12,20,10,Saturday,නුවරඑළිය,සමර්සෙට්වත්ත,6.95,80.6833,0,2,24.19,17.43,20.39,6.41,6.41,,3.12,,91.96
584,585,2025-12-19,18:38:24,2025,12,19,18,Friday,ගම්පහ,දෙනිමුල්ල,6.9833,80.0,0,2,28.01,22.71,24.82,5.93,5.93,,6.1,,84.81
585,586,2025-12-19,15:04:18,2025,12,19,15,Friday,,,0.0,0.0,0,1,27.01,26.5,26.83,1.78,1.78,,4.18,,85.88
586,587,2025-12-19,10:28:42,2025,12,19,10,Friday,කොළඹ,කහතුඩුව,6.7833,79.9833,1,2,28.01,22.71,24.82,5.93,5.93,,6.1,,84.81
587,588,2025-12-18,10:30:47,2025,12,18,10,Thursday,,,0.0,0.0,0,1,27.09,26.81,26.96,0.91,0.91,,3.71,,82.49
588,589,2025-12-17,18:41:16,2025,12,17,18,Wednesday,,,0.0,0.0,0,1,27.29,26.68,26.98,0.88,0.88,,4.41,,82.07
589,590,2025-12-17,17:07:30,2025,12,17,17,Wednesday,මාතලේ,දිගම්පතහ,7.85,80.65,1,2,27.34,23.24,24.98,15.85,15.85,,4.15,,94.73
591,592,2025-12-17,12:19:09,2025,12,17,12,Wednesday,මාතලේ,දිගම්පතහ,7.85,80.65,1,2,27.34,23.24,24.98,15.85,15.85,,4.15,,94.73
590,591,2025-12-17,16:39:43,2025,12,17,16,Wednesday,මාතර,මුවගම්මන,6.0333,80.55,2,2,28.55,24.99,26.59,17.51,17.51,,3.9,,86.79
592,593,2025-12-15,21:50:14,2025,12,15,21,Monday,ගම්පහ,දෙනිමුල්ල,6.9833,80.0,0,1,28.42,22.07,25.09,0.56,0.56,,5.82,,84.81
594,595,2025-12-15,19:42:48,2025,12,15,19,Monday,,,0.0,0.0,0,1,27.19,26.82,27.0,0.46,0.46,,4.93,,82.22
593,594,2025-12-15,20:49:31,2025,12,15,20,Monday,මොණරාගල,තෙලුල්ල,6.7,81.15,1,1,28.97,21.98,25.09,4.12,4.12,,4.46,,89.09
596,597,2025-12-14,16:15:02,2025,12,14,16,Sunday,නුවරඑළිය,රොසැල්ල,6.9167,80.5333,0,1,25.05,18.01,20.93,4.68,4.68,,4.1,,91.47
595,596,2025-12-14,17:09:05,2025,12,14,17,Sunday,,,0.0,0.0,5,1,26.9,26.69,26.8,1.43,1.43,,5.49,,84.01
597,598,2025-12-14,13:54:05,2025,12,14,13,Sunday,ගම්පහ,දෙනිමුල්ල,6.9833,80.0,0,1,28.27,22.49,25.0,1.22,1.22,,5.82,,85.42
598,599,2025-12-14,13:40:15,2025,12,14,13,Sunday,ගාල්ල,බලපිටිය,6.05,80.15,0,1,28.13,25.26,26.78,1.47,1.47,,3.92,,80.89
599,600,2025-12-13,21:07:51,2025,12,13,21,Saturday,ගම්පහ,සපුගස්කන්ද,6.9833,80.0,0,1,28.36,23.02,25.3,3.76,3.76,,5.27,,85.88
600,601,2025-12-12,18:38:23,2025,12,12,18,Friday,ගම්පහ,සපුගස්කන්ද,6.9833,80.0,0,2,28.36,23.69,25.84,14.17,14.17,,3.94,,86.82
602,603,2025-12-12,13:38:59,2025,12,12,13,Friday,ගම්පහ,සපුගස්කන්ද,6.9833,80.0,0,2,28.36,23.69,25.84,14.17,14.17,,3.94,,86.82
603,604,2025-12-12,07:53:15,2025,12,12,7,Friday,ගම්පහ,සපුගස්කන්ද,6.9833,80.0,0,2,28.36,23.69,25.84,14.17,14.17,,3.94,,86.82
601,602,2025-12-12,15:30:08,2025,12,12,15,Friday,ගම්පහ,කොටුවිල,7.0167,79.9,1,2,28.36,23.69,25.84,14.17,14.17,,3.94,,86.82
604,605,2025-12-11,22:05:43,2025,12,11,22,Thursday,ගම්පහ,දෙනිමල්ල,6.9833,80.0,0,2,28.48,23.85,25.87,8.06,8.06,,5.29,,88.27
605,606,2025-12-11,14:02:52,2025,12,11,14,Thursday,මහනුවර,පේරාදෙණිය,7.2667,80.6,0,2,27.56,22.11,24.15,16.51,16.51,,4.05,,92.75
606,607,2025-12-11,13:23:17,2025,12,11,13,Thursday,අම්පාර,කෝරකලප්පුව,7.0667,81.6833,1,2,27.56,25.13,26.04,16.11,16.11,,3.55,,90.58
607,608,2025-12-11,11:31:42,2025,12,11,11,Thursday,අනුරාධපුර,රාජපක්ෂගම,8.1167,80.5,1,2,28.4,23.22,25.04,14.55,14.55,,4.33,,92.24
608,609,2025-12-10,16:51:42,2025,12,10,16,Wednesday,ත්‍රිකුණාමලය,චීනවරාය,8.55,81.2333,1,2,26.47,25.05,25.9,5.18,5.18,,5.11,,88.66
609,610,2025-12-09,12:48:17,2025,12,9,12,Tuesday,,,0.0,0.0,0,2,27.21,26.44,26.83,5.18,5.18,,5.21,,84.56
610,611,2025-12-07,15:55:01,2025,12,7,15,Sunday,නුවරඑළිය,සමර්සෙට්වත්ත,6.95,80.6833,0,1,25.9,19.53,22.27,4.18,4.18,,2.81,,92.06
611,612,2025-12-07,07:10:27,2025,12,7,7,Sunday,,,0.0,0.0,0,1,27.17,26.76,26.99,1.28,1.28,,3.79,,81.62
612,613,2025-12-07,00:04:01,2025,12,7,0,Sunday,,,0.0,0.0,0,1,27.17,26.76,26.99,1.28,1.28,,3.79,,81.62
613,614,2025-12-06,07:16:06,2025,12,6,7,Saturday,කොළඹ,බම්බලපිටිය,6.9,79.85,0,2,29.39,23.3,26.28,5.35,5.35,,3.14,,83.29
615,616,2025-12-04,14:23:50,2025,12,4,14,Thursday,කොළඹ,රත්මලාන,6.8167,79.8833,0,2,29.6,23.88,26.64,6.65,6.65,,2.43,,80.72
614,615,2025-12-04,18:27:09,2025,12,4,18,Thursday,කොළඹ,රත්මලාන,6.8167,79.8833,0,2,29.6,23.88,26.64,6.65,6.65,,2.43,,80.72
616,617,2025-12-03,11:58:52,2025,12,3,11,Wednesday,පුත්තලම,ලුණුවිල,7.9667,79.8167,1,1,29.71,23.8,26.65,0.77,0.77,,1.98,,80.43
617,618,2025-12-02,13:26:08,2025,12,2,13,Tuesday,,,0.0,0.0,0,1,27.02,26.58,26.82,1.75,1.75,,4.6,,84.75
618,619,2025-12-02,01:32:18,2025,12,2,1,Tuesday,පුත්තලම,වෙන්නප්පුව,7.9667,79.8167,0,1,28.76,23.46,25.92,0.14,0.14,,3.24,,84.43
619,620,2025-11-30,22:08:01,2025,11,30,22,Sunday,පුත්තලම,වෙන්නප්පුව,7.9667,79.8167,1,2,28.12,24.03,25.69,5.11,5.11,,5.28,,84.65
620,621,2025-11-28,13:30:22,2025,11,28,13,Friday,මහනුවර,නාවලපිටිය,7.05,80.5333,3,3,21.56,19.85,20.48,64.6,64.6,,9.07,,96.19
621,622,2025-11-27,17:54:43,2025,11,27,17,Thursday,කොළඹ,කොළඹ කොටුව,6.9333,79.85,0,3,26.59,24.79,25.53,114.82,114.82,,10.05,,92.05
622,623,2025-11-27,16:14:22,2025,11,27,16,Thursday,ත්‍රිකුණාමලය,වෙල්වේළි,8.5,81.2,1,3,27.41,25.83,26.74,119.26,119.26,,11.15,,86.77
623,624,2025-11-27,13:04:16,2025,11,27,13,Thursday,අම්පාර,සයින්දමරුදු,7.2833,81.6667,3,3,27.5,26.65,26.94,160.54,160.54,,8.71,,91.06
624,625,2025-11-25,18:07:05,2025,11,25,18,Tuesday,කළුතර,රන්මිනික,6.75,80.0333,1,2,26.27,24.54,25.29,14.11,14.11,,5.43,,90.55
625,626,2025-11-25,14:18:33,2025,11,25,14,Tuesday,කුරුණෑගල,ගැට්ටුවාන,7.4833,80.3667,0,3,25.93,22.13,23.88,27.93,27.93,,5.26,,93.64
626,627,2025-11-25,12:14:29,2025,11,25,12,Tuesday,මහනුවර,සෙන්බ්‍රිජ්,7.05,80.5333,1,3,23.46,20.65,21.85,29.35,29.35,,3.5,,94.99
627,628,2025-11-24,17:57:24,2025,11,24,17,Monday,නුවරඑළිය,හැටන්,6.9,80.6,0,3,23.73,20.83,22.1,56.1,56.1,,1.9,,96.46
628,629,2025-11-24,08:33:41,2025,11,24,8,Monday,මහනුවර,කඩුගන්නාව,7.25,80.5167,0,3,25.51,23.11,23.95,53.43,53.43,,5.04,,94.99
629,630,2025-11-24,06:38:51,2025,11,24,6,Monday,කෑගල්ල,තලාගොල්ල,7.2,80.35,1,3,23.73,20.83,22.1,56.1,56.1,,1.9,,96.46
631,632,2025-11-23,15:03:19,2025,11,23,15,Sunday,අනුරාධපුර,තලාව,8.1667,80.65,0,2,28.06,23.16,25.22,16.7,16.7,,3.44,,92.66
630,631,2025-11-23,21:01:01,2025,11,23,21,Sunday,මහනුවර,කඩුගන්නාව,7.25,80.5167,0,3,26.04,22.77,24.19,24.86,24.86,,3.22,,94.61
633,634,2025-11-23,10:16:52,2025,11,23,10,Sunday,කෑගල්ල,ගනේතැන්න,7.25,80.35,2,3,26.04,22.77,24.19,24.86,24.86,,3.22,,94.61
632,633,2025-11-23,13:33:33,2025,11,23,13,Sunday,පුත්තලම,කොච්චිකඩේ,7.55,79.8667,1,3,27.26,24.74,25.99,31.18,31.18,,3.51,,90.05
634,635,2025-11-22,19:43:15,2025,11,22,19,Saturday,මහනුවර,කඩුගන්නාව,7.25,80.5167,6,3,27.77,21.52,24.59,30.62,30.62,,2.01,,90.09
635,636,2025-11-22,15:12:28,2025,11,22,15,Saturday,මාතලේ,දිගම්පතහ,7.85,80.65,1,3,28.72,22.99,25.49,30.74,30.74,,2.11,,90.68
636,637,2025-11-22,11:54:50,2025,11,22,11,Saturday,කෑගල්ල,ගනේතැන්න,7.25,80.35,1,3,27.77,21.52,24.59,30.62,30.62,,2.01,,90.09
637,638,2025-11-21,14:18:23,2025,11,21,14,Friday,මහනුවර,හුළං වංගුව,7.3167,80.6167,1,2,28.07,21.54,24.47,10.18,10.18,,2.93,,91.47
638,639,2025-11-20,14:22:17,2025,11,20,14,Thursday,,,0.0,0.0,0,1,26.18,25.92,26.07,0.32,0.32,,5.68,,85.18
639,640,2025-11-20,11:14:12,2025,11,20,11,Thursday,,,0.0,0.0,0,1,26.18,25.92,26.07,0.32,0.32,,5.68,,85.18
640,641,2025-11-19,15:22:29,2025,11,19,15,Wednesday,නුවරඑළිය,කොටගල,6.9,80.5333,0,2,25.67,19.42,21.98,7.26,7.26,,1.49,,90.88
641,642,2025-11-18,23:18:03,2025,11,18,23,Tuesday,බදුල්ල,බෝගහකුඹුර,6.8667,81.05,2,3,26.73,21.4,23.55,29.92,29.92,,1.72,,91.89
642,643,2025-11-18,09:30:43,2025,11,18,9,Tuesday,,,0.0,0.0,21,1,26.6,26.32,26.48,0.63,0.63,,4.13,,82.54
643,644,2025-11-17,17:31:40,2025,11,17,17,Monday,,,0.0,0.0,45,1,26.67,26.26,26.51,0.85,0.85,,5.22,,83.26
644,645,2025-11-17,15:16:55,2025,11,17,15,Monday,නුවරඑළිය,පොල්පිටිය,6.9333,80.6,1,3,25.27,20.11,22.34,56.94,56.94,,1.55,,91.68
645,646,2025-11-17,09:18:19,2025,11,17,9,Monday,මඩකලපුව,ආරයම්පති,7.7167,81.4333,1,3,26.97,22.83,24.66,25.36,25.36,,2.07,,93.31
646,647,2025-11-17,07:42:23,2025,11,17,7,Monday,මාතලේ,නාරංගමුව,7.45,80.65,1,3,26.29,22.17,24.01,38.58,38.58,,2.04,,93.44
647,648,2025-11-16,18:30:37,2025,11,16,18,Sunday,බදුල්ල,උඩුවර,6.9833,81.0333,1,2,26.61,22.63,24.07,12.5,12.5,,3.29,,93.74
649,650,2025-11-16,14:17:16,2025,11,16,14,Sunday,ගම්පහ,දියගොඩැල්ල,6.8,80.1167,1,1,27.92,24.96,26.19,2.3,2.3,,5.5,,89.68
648,649,2025-11-16,15:59:57,2025,11,16,15,Sunday,,,0.0,0.0,4,1,26.63,26.23,26.41,1.82,1.82,,6.0,,84.68
650,651,2025-11-16,08:58:12,2025,11,16,8,Sunday,මොණරාගල,වැල්ලවාය,6.7333,81.1,1,2,27.6,24.41,25.59,9.25,9.25,,3.58,,92.63
651,652,2025-11-16,07:55:27,2025,11,16,7,Sunday,ගම්පහ,කඳාන,7.05,79.8833,1,1,27.92,24.96,26.19,2.3,2.3,,5.5,,89.68
652,653,2025-11-15,16:02:12,2025,11,15,16,Saturday,කොළඹ,හල්බරාව,6.8667,80.0333,0,1,28.31,24.07,25.9,2.31,2.31,,5.28,,87.72
653,654,2025-11-15,14:32:14,2025,11,15,14,Saturday,,,0.0,0.0,9,1,26.58,26.34,26.48,0.46,0.46,,3.65,,83.18
654,655,2025-11-15,12:25:12,2025,11,15,12,Saturday,පොළොන්නරුව,මලියදේවපුර,7.8667,80.9167,1,2,26.75,22.97,24.68,13.97,13.97,,3.67,,94.58
655,656,2025-11-15,09:40:26,2025,11,15,9,Saturday,හම්බන්තොට,කිරින්ද,6.2,80.9167,0,2,28.93,25.75,27.05,19.9,19.9,,2.22,,83.85
657,658,2025-11-13,23:33:42,2025,11,13,23,Thursday,,,0.0,0.0,7,1,26.68,26.28,26.54,1.25,1.25,,3.83,,81.74
656,657,2025-11-14,18:24:22,2025,11,14,18,Friday,,,0.0,0.0,5,1,26.5,26.16,26.28,0.33,0.33,,3.91,,83.07
658,659,2025-11-13,16:13:54,2025,11,13,16,Thursday,පොළොන්නරුව,දොර හතර,7.8667,80.8667,0,2,29.5,23.07,25.75,11.13,11.13,,3.92,,90.03
659,660,2025-11-13,11:21:39,2025,11,13,11,Thursday,ත්‍රිකුණාමලය,කිතුල්උතුව,8.5,81.0,1,2,29.36,26.33,27.72,14.48,14.48,,5.85,,83.15
660,661,2025-11-12,18:34:41,2025,11,12,18,Wednesday,මාතර,හුංගම,6.0333,80.5833,0,2,29.69,25.86,27.62,14.11,14.11,,2.0,,81.36
661,662,2025-11-12,18:00:32,2025,11,12,18,Wednesday,මහනුවර,කරමඩ,7.25,80.6167,1,2,28.41,21.98,24.6,5.08,5.08,,2.26,,89.87
662,663,2025-11-12,15:15:20,2025,11,12,15,Wednesday,නුවරඑළිය,නානුඔය,6.95,80.7167,0,2,26.42,19.82,22.73,8.21,8.21,,2.22,,89.87
663,664,2025-11-12,07:56:56,2025,11,12,7,Wednesday,,,0.0,0.0,20,1,26.83,26.3,26.64,1.98,1.98,,4.81,,83.45
664,665,2025-11-12,00:19:59,2025,11,12,0,Wednesday,,,0.0,0.0,0,1,26.83,26.3,26.64,1.98,1.98,,4.81,,83.45
665,666,2025-11-11,23:10:22,2025,11,11,23,Tuesday,අනුරාධපුර,තලාව,8.1667,80.65,0,1,29.76,22.65,25.82,4.43,4.43,,2.18,,86.81
666,667,2025-11-11,18:14:52,2025,11,11,18,Tuesday,කොළඹ,බම්බලපිටිය,6.9,79.85,0,2,28.52,24.66,26.33,8.7,8.7,,2.23,,83.6
667,668,2025-11-11,15:03:03,2025,11,11,15,Tuesday,බදුල්ල,කැම්පියන් වත්ත,6.7833,80.9167,0,2,26.4,19.87,22.64,6.88,6.88,,1.99,,90.57
668,669,2025-11-11,14:52:15,2025,11,11,14,Tuesday,කළුතර,මුවපට්ටිය,6.4833,80.15,1,2,27.92,25.04,26.33,9.64,9.64,,3.19,,86.15
669,670,2025-11-11,12:38:04,2025,11,11,12,Tuesday,,,0.0,0.0,2,1,26.72,26.39,26.58,1.88,1.88,,4.72,,83.1
670,671,2025-11-10,14:36:16,2025,11,10,14,Monday,,,0.0,0.0,0,1,26.93,26.48,26.62,1.2,1.2,,4.2,,82.32
671,672,2025-11-10,13:51:08,2025,11,10,13,Monday,අනුරාධපුර,තලාව,8.1667,80.65,0,1,30.34,21.94,25.71,1.09,1.09,,1.77,,84.88
673,674,2025-11-10,13:12:33,2025,11,10,13,Monday,,,0.0,0.0,3,1,26.93,26.48,26.62,1.2,1.2,,4.2,,82.32
672,673,2025-11-10,13:24:35,2025,11,10,13,Monday,මාතලේ,නාඋයන,7.7833,80.6833,1,1,30.34,21.94,25.71,1.09,1.09,,1.77,,84.88
674,675,2025-11-09,20:46:24,2025,11,9,20,Sunday,ගම්පහ,අලුතෑපොල,7.0333,80.0167,1,1,28.71,23.85,26.14,1.62,1.62,,2.87,,81.03
675,676,2025-11-09,15:59:37,2025,11,9,15,Sunday,ගම්පහ,වත්තල,6.9833,79.8833,0,1,28.71,23.85,26.14,1.62,1.62,,2.87,,81.03
676,677,2025-11-09,09:42:54,2025,11,9,9,Sunday,,,0.0,0.0,4,1,27.12,26.39,26.7,0.32,0.32,,4.03,,80.62
677,678,2025-11-08,23:11:01,2025,11,8,23,Saturday,මහනුවර,අසේලපුර,7.2833,80.6667,1,2,28.41,21.81,24.66,15.85,15.85,,1.82,,86.87
678,679,2025-11-08,16:34:31,2025,11,8,16,Saturday,නුවරඑළිය,හුළංවංගුව,6.95,80.7,0,2,26.64,20.31,22.89,15.29,15.29,,1.58,,88.4
679,680,2025-11-07,18:14:34,2025,11,7,18,Friday,නුවරඑළිය,නානුඔය,6.95,80.7167,0,2,25.73,20.2,22.51,5.69,5.69,,2.47,,91.74
680,681,2025-11-07,17:08:49,2025,11,7,17,Friday,කළුතර,දොඩංගොඩ,6.5833,79.95,0,2,27.98,25.94,26.8,6.8,6.8,,5.11,,84.61
681,682,2025-11-07,15:26:20,2025,11,7,15,Friday,මහනුවර,හරංගල,7.1833,80.6167,0,2,25.73,20.2,22.51,5.69,5.69,,2.47,,91.74
683,684,2025-11-07,11:26:41,2025,11,7,11,Friday,නුවරඑළිය,දික්ඔය,6.9333,80.6167,0,2,25.73,20.2,22.51,5.69,5.69,,2.47,,91.74
682,683,2025-11-07,13:36:09,2025,11,7,13,Friday,,,0.0,0.0,0,1,26.43,26.29,26.33,1.18,1.18,,3.62,,79.68
684,685,2025-11-06,19:39:29,2025,11,6,19,Thursday,නුවරඑළිය,මාඋස්සාකැලේ,6.9,80.7,1,2,26.41,20.01,22.48,7.71,7.71,,3.75,,91.17
685,686,2025-11-06,18:43:57,2025,11,6,18,Thursday,මහනුවර,තල්වත්ත,7.2833,80.6167,1,2,28.41,21.95,24.59,11.16,11.16,,3.66,,89.19
686,687,2025-11-06,07:38:59,2025,11,6,7,Thursday,,,0.0,0.0,12,1,26.53,26.13,26.31,1.4,1.4,,5.42,,83.54
687,688,2025-11-05,20:25:03,2025,11,5,20,Wednesday,ගම්පහ,වනවාසල,6.9667,79.9167,0,1,28.21,24.92,26.42,3.74,3.74,,4.63,,85.52
689,690,2025-11-05,07:43:17,2025,11,5,7,Wednesday,,,0.0,0.0,3,1,26.6,26.15,26.41,1.83,1.83,,4.9,,83.99
688,689,2025-11-05,14:37:26,2025,11,5,14,Wednesday,,,0.0,0.0,7,1,26.6,26.15,26.41,1.83,1.83,,4.9,,83.99
690,691,2025-11-04,16:17:21,2025,11,4,16,Tuesday,හම්බන්තොට,කුඩාහීල්ල,6.0333,80.8833,1,1,29.73,26.25,27.66,0.46,0.46,,6.31,,80.54
691,692,2025-11-04,07:29:58,2025,11,4,7,Tuesday,,,0.0,0.0,241,1,26.37,25.85,26.09,0.79,0.79,,4.47,,84.36
692,693,2025-11-03,19:21:14,2025,11,3,19,Monday,කොළඹ,මොරගහහේන,6.8333,80.0167,1,1,28.79,24.75,26.46,0.14,0.14,,3.56,,83.38
693,694,2025-11-03,18:56:31,2025,11,3,18,Monday,බදුල්ල,මොරේතොට,6.9,81.05,0,1,30.29,20.98,25.19,0.45,0.45,,2.02,,78.88
695,696,2025-11-03,15:01:50,2025,11,3,15,Monday,කොළඹ,කහතුඩුව,6.7833,79.9833,1,1,28.79,24.75,26.46,0.14,0.14,,3.56,,83.38
694,695,2025-11-03,16:14:50,2025,11,3,16,Monday,,,0.0,0.0,0,1,26.12,25.55,25.84,1.5,1.5,,4.8,,84.64
696,697,2025-11-03,11:29:00,2025,11,3,11,Monday,,,0.0,0.0,20,1,26.12,25.55,25.84,1.5,1.5,,4.8,,84.64
698,699,2025-11-01,19:15:32,2025,11,1,19,Saturday,ගම්පහ,හුරීගහමුල,7.0333,80.0,1,1,30.01,25.2,27.22,0.27,0.27,,1.82,,80.98
697,698,2025-11-02,18:55:42,2025,11,2,18,Sunday,ත්‍රිකුණාමලය,ත්‍රිකුණාමලය,8.5667,81.2333,0,1,31.47,25.87,28.41,0.73,0.73,,3.17,,78.45
699,700,2025-11-01,19:05:35,2025,11,1,19,Saturday,කළුතර,ඉද්දගොඩ,6.6833,80.1833,1,1,29.62,25.43,27.3,0.15,0.15,,2.02,,81.8
700,701,2025-11-01,11:37:01,2025,11,1,11,Saturday,,,0.0,0.0,4,0,25.85,25.47,25.67,0.1,0.1,,5.06,,80.22
702,703,2025-10-30,15:20:46,2025,10,30,15,Thursday,,,0.0,0.0,1,1,25.78,25.4,25.58,0.38,0.38,,5.79,,83.3
703,704,2025-10-30,12:46:34,2025,10,30,12,Thursday,,,0.0,0.0,0,1,25.78,25.4,25.58,0.38,0.38,,5.79,,83.3
701,702,2025-10-31,08:56:34,2025,10,31,8,Friday,ගම්පහ,කෙහෙල්බද්දර,7.0333,80.0333,1,0,29.4,24.82,26.95,0.01,0.01,,2.12,,82.3
704,705,2025-10-29,15:39:09,2025,10,29,15,Wednesday,,,0.0,0.0,0,1,25.89,25.63,25.82,0.57,0.57,,5.95,,82.37
705,706,2025-10-29,12:02:19,2025,10,29,12,Wednesday,කොළඹ,බොරැල්ල,6.9167,79.8667,0,1,28.83,25.58,27.01,1.07,1.07,,3.96,,84.92
706,707,2025-10-28,17:08:24,2025,10,28,17,Tuesday,,,0.0,0.0,11,1,26.07,25.65,25.85,0.71,0.71,,6.34,,83.62
707,708,2025-10-27,18:05:38,2025,10,27,18,Monday,අනුරාධපුර,මිහින්තලය,8.35,80.5,1,1,28.65,24.37,25.9,1.16,1.16,,4.92,,88.75
708,709,2025-10-27,14:41:54,2025,10,27,14,Monday,බදුල්ල,ඇල්ල,6.8667,81.05,0,1,27.8,21.41,23.79,0.66,0.66,,4.43,,86.37
709,710,2025-10-27,12:16:51,2025,10,27,12,Monday,කුරුණෑගල,කුරුණෑගල,7.4667,80.3667,1,1,26.79,22.84,24.4,0.34,0.34,,5.0,,90.87
711,712,2025-10-26,12:39:05,2025,10,26,12,Sunday,මහනුවර,කටුවන්විල,7.2833,80.6667,1,1,27.29,22.57,24.55,3.9,3.9,,3.21,,92.09
710,711,2025-10-26,13:41:50,2025,10,26,13,Sunday,මොණරාගල,වැල්ලවාය,6.7333,81.1,0,1,30.35,22.82,26.01,2.08,2.08,,3.43,,85.46
712,713,2025-10-24,09:54:21,2025,10,24,9,Friday,,,0.0,0.0,25,1,26.01,25.74,25.92,0.41,0.41,,4.79,,83.25
713,714,2025-10-24,01:18:34,2025,10,24,1,Friday,කළුතර,යටියන,6.75,80.0833,1,3,27.77,24.97,26.21,27.47,27.47,,2.57,,85.6
714,715,2025-10-23,17:33:15,2025,10,23,17,Thursday,,,0.0,0.0,1,1,25.98,25.57,25.79,0.41,0.41,,4.7,,84.57
715,716,2025-10-23,12:06:16,2025,10,23,12,Thursday,මාතලේ,දඹුල්ල,7.8667,80.65,0,2,27.65,23.85,25.42,14.38,14.38,,3.58,,93.9
716,717,2025-10-22,17:40:23,2025,10,22,17,Wednesday,කළුතර,කොතලාවල,6.75,80.0167,1,3,27.63,24.83,26.14,26.0,26.0,,5.52,,86.92
717,718,2025-10-22,15:21:18,2025,10,22,15,Wednesday,,,0.0,0.0,63,1,25.77,25.57,25.68,0.3,0.3,,4.07,,85.62
718,719,2025-10-21,19:09:59,2025,10,21,19,Tuesday,කුරුණෑගල,වැවගෙදර,7.4833,80.3667,1,3,25.03,22.2,23.66,26.01,26.01,,5.24,,92.44
719,720,2025-10-20,16:02:57,2025,10,20,16,Monday,නුවරඑළිය,තලවකැලේ,6.9333,80.7833,0,3,23.77,20.78,21.96,54.25,54.25,,2.86,,96.34
720,721,2025-10-20,14:59:48,2025,10,20,14,Monday,,,0.0,0.0,3,1,25.84,25.57,25.71,0.47,0.47,,3.19,,81.06
722,723,2025-10-20,00:07:52,2025,10,20,0,Monday,,,0.0,0.0,1,1,25.84,25.57,25.71,0.47,0.47,,3.19,,81.06
721,722,2025-10-20,07:04:15,2025,10,20,7,Monday,,,0.0,0.0,2,1,25.84,25.57,25.71,0.47,0.47,,3.19,,81.06
723,724,2025-10-19,11:54:19,2025,10,19,11,Sunday,කොළඹ,පැලවත්ත,6.8667,79.9,0,3,27.5,24.57,25.79,34.69,34.69,,3.28,,88.86
724,725,2025-10-17,10:13:50,2025,10,17,10,Friday,,,0.0,0.0,8,1,25.66,25.42,25.55,0.36,0.36,,3.45,,82.95
725,726,2025-10-16,19:03:12,2025,10,16,19,Thursday,ගම්පහ,වාරියගොඩ,7.1,80.0833,1,3,28.84,24.8,26.54,26.97,26.97,,3.45,,87.29
726,727,2025-10-15,16:48:57,2025,10,15,16,Wednesday,,,0.0,0.0,0,1,25.99,25.61,25.81,0.41,0.41,,5.01,,82.58
727,728,2025-10-14,14:00:56,2025,10,14,14,Tuesday,නුවරඑළිය,කොටගල,6.9,80.5333,0,3,26.72,20.73,23.25,25.27,25.27,,2.47,,87.18
728,729,2025-10-13,18:53:43,2025,10,13,18,Monday,නුවරඑළිය,රදැල්ල,6.95,80.7,0,2,28.25,20.38,23.85,17.77,17.77,,1.57,,88.0
729,730,2025-10-12,22:29:26,2025,10,12,22,Sunday,මහනුවර,මයිලපිටිය,7.2833,80.6333,1,2,31.25,22.32,26.22,10.86,10.86,,1.27,,82.73
730,731,2025-10-12,21:54:12,2025,10,12,21,Sunday,මාතලේ,ඇල්කඩුව,7.7833,80.6833,1,2,33.29,23.65,28.03,12.83,12.83,,1.25,,76.46
731,732,2025-10-12,15:36:22,2025,10,12,15,Sunday,,,0.0,0.0,16,1,26.04,25.27,25.67,0.32,0.32,,4.08,,81.8
732,733,2025-10-12,11:57:13,2025,10,12,11,Sunday,කුරුණෑගල,ඇලහිටියාව,7.4167,80.2,2,2,30.5,25.13,27.41,16.33,16.33,,3.06,,83.69
733,734,2025-10-11,20:20:24,2025,10,11,20,Saturday,ගම්පහ,කරන්දෙණිය,7.1,80.0,0,2,28.75,24.93,26.75,5.05,5.05,,3.91,,85.73
734,735,2025-10-09,11:15:01,2025,10,9,11,Thursday,,,0.0,0.0,1,0,26.06,25.0,25.51,0.08,0.08,,2.88,,74.14
735,736,2025-10-09,07:40:15,2025,10,9,7,Thursday,කළුතර,ඇළගහවත්ත,6.5667,79.9667,0,1,28.24,25.46,26.61,3.45,3.45,,3.27,,86.79
736,737,2025-10-08,18:25:47,2025,10,8,18,Wednesday,කළුතර,බුලත්සිංහල,6.6667,80.1667,1,1,28.67,25.94,26.98,2.34,2.34,,2.77,,85.62
737,738,2025-10-07,23:45:04,2025,10,7,23,Tuesday,මහනුවර,දොළුව,7.1667,80.4833,3,1,26.1,19.32,22.44,3.38,3.38,,2.55,,90.71
738,739,2025-10-07,19:13:59,2025,10,7,19,Tuesday,පුත්තලම,පළුගස්සේගම,8.0333,80.0833,0,1,30.32,25.62,27.54,1.17,1.17,,3.86,,83.12
740,741,2025-10-07,13:56:22,2025,10,7,13,Tuesday,කළුතර,බේරුවල,6.4667,79.9833,1,2,28.42,25.37,26.81,8.49,8.49,,3.74,,88.06
739,740,2025-10-07,15:14:40,2025,10,7,15,Tuesday,නුවරඑළිය,කොටගල,6.9,80.5333,0,1,26.1,19.32,22.44,3.38,3.38,,2.55,,90.71
741,742,2025-10-07,07:46:45,2025,10,7,7,Tuesday,මහනුවර,දොළුව,7.1667,80.4833,3,1,26.1,19.32,22.44,3.38,3.38,,2.55,,90.71
742,743,2025-10-07,01:32:51,2025,10,7,1,Tuesday,කළුතර,කනන්විල,6.7167,80.05,2,2,28.42,25.37,26.81,8.49,8.49,,3.74,,88.06
743,744,2025-10-06,15:46:22,2025,10,6,15,Monday,මහනුවර,දොලුව,7.1667,80.4833,3,2,26.77,18.94,22.58,5.16,5.16,,2.35,,87.14
744,745,2025-10-05,18:59:45,2025,10,5,18,Sunday,කොළඹ,වැලිපිටිය,6.8333,80.0167,1,2,28.94,24.9,26.54,15.74,15.74,,2.77,,82.81
745,746,2025-10-05,10:37:01,2025,10,5,10,Sunday,කුරුණෑගල,නාරම්මල,7.4333,80.2167,3,2,29.54,24.66,26.79,14.54,14.54,,3.7,,82.86
746,747,2025-10-04,17:51:32,2025,10,4,17,Saturday,ගාල්ල,කබලාන,6.0333,80.2167,0,2,28.15,27.12,27.62,10.89,10.89,,4.04,,85.49
747,748,2025-10-04,16:02:40,2025,10,4,16,Saturday,කළුතර,කනන්විල,6.7167,80.05,2,2,28.04,25.73,26.76,12.53,12.53,,2.96,,88.02
748,749,2025-10-04,15:22:20,2025,10,4,15,Saturday,ගම්පහ,වීදියවත්ත,7.0333,80.0,1,2,28.09,25.43,26.56,15.72,15.72,,2.2,,87.4
750,751,2025-10-04,12:25:40,2025,10,4,12,Saturday,ගම්පහ,වීදියවත්ත,7.0333,80.0,1,2,28.09,25.43,26.56,15.72,15.72,,2.2,,87.4
749,750,2025-10-04,14:31:20,2025,10,4,14,Saturday,,,0.0,0.0,1,0,24.94,24.66,24.82,0.06,0.06,,6.69,,83.91
751,752,2025-10-03,14:23:20,2025,10,3,14,Friday,කොළඹ,පිටකොටුව,6.9333,79.85,0,1,28.93,25.24,26.85,1.62,1.62,,2.9,,85.55
752,753,2025-10-03,11:23:39,2025,10,3,11,Friday,මොණරාගල,කිතුල්කොටේ,6.5667,81.0,1,1,31.29,23.21,26.76,2.08,2.08,,2.8,,83.01
753,754,2025-10-02,18:31:46,2025,10,2,18,Thursday,නුවරඑළිය,උඩුපුස්සැල්ලාව,7.0167,80.75,1,0,26.3,20.53,23.05,0.03,0.03,,3.25,,88.39
755,756,2025-10-02,11:45:20,2025,10,2,11,Thursday,කොළඹ,රත්නපිටිය,6.8333,80.0333,1,1,28.66,25.53,26.9,0.14,0.14,,3.58,,85.13
754,755,2025-10-02,12:17:52,2025,10,2,12,Thursday,,,0.0,0.0,2,1,25.25,24.97,25.07,0.21,0.21,,4.91,,82.18
757,758,2025-09-29,22:26:57,2025,9,29,22,Monday,,,0.0,0.0,0,1,25.48,24.97,25.22,0.36,0.36,,3.29,,82.58
756,757,2025-09-30,17:29:28,2025,9,30,17,Tuesday,අනුරාධපුර,පළුගස්වැව,8.35,80.55,0,0,34.02,25.0,28.62,0.01,0.01,,5.65,,73.72
758,759,2025-09-29,20:47:13,2025,9,29,20,Monday,මහනුවර,කීර්තිබණ්ඩාරපුර,7.2833,80.7,0,1,29.51,23.21,25.36,0.17,0.17,,5.82,,87.33
759,760,2025-09-29,16:44:39,2025,9,29,16,Monday,කුරුණෑගල,නාඋයන,7.7667,80.1833,2,0,29.91,26.24,27.64,0.06,0.06,,7.24,,83.67
760,761,2025-09-29,14:41:31,2025,9,29,14,Monday,මහනුවර,කඩුගන්නාව,7.25,80.5167,1,1,29.51,23.21,25.36,0.17,0.17,,5.82,,87.33
761,762,2025-09-29,11:47:31,2025,9,29,11,Monday,මහනුවර,ඇත්ගාල,7.05,80.5333,0,1,26.53,20.68,22.85,0.42,0.42,,4.9,,90.57
762,763,2025-09-28,15:36:51,2025,9,28,15,Sunday,නුවරඑළිය,හැටන්,6.9,80.6,0,1,26.52,20.88,22.99,0.85,0.85,,5.31,,86.99
763,764,2025-09-28,07:56:26,2025,9,28,7,Sunday,ගාල්ල,රත්ගම,6.05,80.0167,1,2,28.65,27.24,27.78,5.44,5.44,,6.03,,84.45
764,765,2025-09-27,21:39:39,2025,9,27,21,Saturday,,,0.0,0.0,20,1,25.25,24.74,25.07,0.53,0.53,,3.73,,82.94
766,767,2025-09-27,14:47:21,2025,9,27,14,Saturday,,,0.0,0.0,2037,1,25.25,24.74,25.07,0.53,0.53,,3.73,,82.94
767,768,2025-09-27,12:19:28,2025,9,27,12,Saturday,කුරුණෑගල,නාඋයන,7.7667,80.1833,0,2,30.98,25.51,27.83,5.76,5.76,,7.24,,79.81
768,769,2025-09-27,12:15:00,2025,9,27,12,Saturday,,,0.0,0.0,6,1,25.25,24.74,25.07,0.53,0.53,,3.73,,82.94
765,766,2025-09-27,17:47:28,2025,9,27,17,Saturday,කුරුණෑගල,නාඋයන,7.7667,80.1833,0,2,30.98,25.51,27.83,5.76,5.76,,7.24,,79.81
770,771,2025-09-27,08:09:39,2025,9,27,8,Saturday,කුරුණෑගල,නාඋයන,7.7667,80.1833,0,2,30.98,25.51,27.83,5.76,5.76,,7.24,,79.81
769,770,2025-09-27,09:23:53,2025,9,27,9,Saturday,කොළඹ,ජාලියගොඩ,6.8,79.95,0,2,28.38,24.94,26.61,9.77,9.77,,5.22,,86.34
772,773,2025-09-27,00:25:35,2025,9,27,0,Saturday,,,0.0,0.0,0,1,25.25,24.74,25.07,0.53,0.53,,3.73,,82.94
771,772,2025-09-27,07:38:09,2025,9,27,7,Saturday,බදුල්ල,සොරබොර,7.4,81.05,0,1,33.71,22.99,27.38,1.33,1.33,,5.22,,69.4
773,774,2025-09-26,19:18:14,2025,9,26,19,Friday,කුරුණෑගල,නාඋයන,7.7667,80.1833,0,2,29.69,25.75,27.19,6.93,6.93,,8.53,,79.7
774,775,2025-09-26,15:58:35,2025,9,26,15,Friday,කුරුණෑගල,නාඋයන,7.7667,80.1833,7,2,29.69,25.75,27.19,6.93,6.93,,8.53,,79.7
776,777,2025-09-26,12:26:26,2025,9,26,12,Friday,කුරුණෑගල,නාඋයන,7.7667,80.1833,0,2,29.69,25.75,27.19,6.93,6.93,,8.53,,79.7
775,776,2025-09-26,15:53:03,2025,9,26,15,Friday,කළුතර,වෑවිට,6.65,80.0,0,2,27.67,25.22,26.33,17.77,17.77,,6.29,,86.71
778,779,2025-09-26,07:46:12,2025,9,26,7,Friday,කුරුණෑගල,නාඋයන,7.7667,80.1833,0,2,29.69,25.75,27.19,6.93,6.93,,8.53,,79.7
777,778,2025-09-26,11:32:03,2025,9,26,11,Friday,කොළඹ,ගොඩගම,6.8333,80.0167,0,3,27.71,24.99,26.03,28.74,28.74,,6.26,,87.11
779,780,2025-09-25,20:43:57,2025,9,25,20,Thursday,කුරුණෑගල,නාඋයන,7.7667,80.1833,0,2,29.1,25.79,27.1,7.61,7.61,,9.0,,78.13
780,781,2025-09-25,19:11:37,2025,9,25,19,Thursday,කුරුණෑගල,නාඋයන,7.7667,80.1833,0,2,29.1,25.79,27.1,7.61,7.61,,9.0,,78.13
782,783,2025-09-25,13:16:27,2025,9,25,13,Thursday,කුරුණෑගල,නාඋයන,7.7667,80.1833,3,2,29.1,25.79,27.1,7.61,7.61,,9.0,,78.13
783,784,2025-09-25,12:11:34,2025,9,25,12,Thursday,කුරුණෑගල,නාඋයන,7.7667,80.1833,0,2,29.1,25.79,27.1,7.61,7.61,,9.0,,78.13
781,782,2025-09-25,15:06:24,2025,9,25,15,Thursday,අනුරාධපුර,තලාව,8.1667,80.65,4,2,29.57,24.4,26.4,6.64,6.64,,8.12,,77.27
785,786,2025-09-25,09:18:46,2025,9,25,9,Thursday,කුරුණෑගල,නාඋයන,7.7667,80.1833,7,2,29.1,25.79,27.1,7.61,7.61,,9.0,,78.13
786,787,2025-09-25,09:03:47,2025,9,25,9,Thursday,අනුරාධපුර,තලාව,8.1667,80.65,4,2,29.57,24.4,26.4,6.64,6.64,,8.12,,77.27
787,788,2025-09-25,07:35:53,2025,9,25,7,Thursday,අනුරාධපුර,මොරගොඩ,8.1667,80.65,3,2,29.57,24.4,26.4,6.64,6.64,,8.12,,77.27
788,789,2025-09-25,07:18:54,2025,9,25,7,Thursday,,,0.0,0.0,4,1,25.19,24.7,24.94,0.36,0.36,,3.35,,79.63
789,790,2025-09-25,00:45:22,2025,9,25,0,Thursday,කුරුණෑගල,නාඋයන,7.7667,80.1833,7,2,29.1,25.79,27.1,7.61,7.61,,9.0,,78.13
784,785,2025-09-25,10:38:19,2025,9,25,10,Thursday,,,0.0,0.0,0,1,25.19,24.7,24.94,0.36,0.36,,3.35,,79.63
790,791,2025-09-24,15:18:21,2025,9,24,15,Wednesday,පුත්තලම,දුම්මලදෙනිය,7.9667,79.8167,1,2,30.4,26.4,27.92,7.63,7.63,,8.46,,80.6
791,792,2025-09-23,18:58:46,2025,9,23,18,Tuesday,කළුතර,වස්කඩුව,6.6167,79.9333,0,2,28.67,26.34,27.22,7.68,7.68,,5.81,,85.71
792,793,2025-09-23,18:52:22,2025,9,23,18,Tuesday,ගම්පහ,මීරිගම,7.1667,80.0,1,1,28.62,25.88,26.95,3.86,3.86,,5.76,,84.42
793,794,2025-09-22,20:41:04,2025,9,22,20,Monday,අම්පාර,අම්පාර,7.2833,81.6667,1,2,32.91,26.53,29.5,5.72,5.72,,3.77,,74.14
795,796,2025-09-22,15:33:59,2025,9,22,15,Monday,කළුතර,බද්දේගොඩ,6.7333,79.9833,0,2,28.74,25.66,27.05,7.72,7.72,,5.36,,87.08
796,797,2025-09-22,14:51:23,2025,9,22,14,Monday,,,0.0,0.0,4,1,25.24,24.64,24.95,0.12,0.12,,4.08,,81.7
797,798,2025-09-22,12:44:43,2025,9,22,12,Monday,,,0.0,0.0,0,1,25.24,24.64,24.95,0.12,0.12,,4.08,,81.7
794,795,2025-09-22,18:04:01,2025,9,22,18,Monday,,,0.0,0.0,1,1,25.24,24.64,24.95,0.12,0.12,,4.08,,81.7
798,799,2025-09-22,10:48:42,2025,9,22,10,Monday,නුවරඑළිය,හාවාඑළිය,6.95,80.7,1,2,27.08,20.86,23.33,5.17,5.17,,5.09,,89.01
799,800,2025-09-21,11:12:38,2025,9,21,11,Sunday,කුරුණෑගල,නයින දෙනිය,7.4167,80.2,1,1,29.39,25.67,27.16,2.13,2.13,,5.97,,83.05
800,801,2025-09-21,11:04:38,2025,9,21,11,Sunday,ගම්පහ,වැලිවේරිය,7.0333,79.9833,1,1,28.31,25.4,26.51,2.71,2.71,,4.97,,86.19
801,802,2025-09-21,10:59:54,2025,9,21,10,Sunday,මඩකලපුව,කාත්තාන්කුඩි,7.75,81.5333,0,1,34.42,24.32,28.52,0.54,0.54,,5.24,,72.86
802,803,2025-09-21,10:56:24,2025,9,21,10,Sunday,මුලතිව්,වෙල්ලම්පලම්,9.2667,80.6,1,1,31.07,27.03,28.89,2.34,2.34,,7.05,,76.6
803,804,2025-09-21,10:43:17,2025,9,21,10,Sunday,පුත්තලම,පාලවිය,8.0333,79.8333,1,1,31.6,25.68,28.02,1.45,1.45,,6.48,,77.26
804,805,2025-09-21,07:45:12,2025,9,21,7,Sunday,,,0.0,0.0,5,1,24.86,24.17,24.52,0.17,0.17,,4.6,,83.29
805,806,2025-09-20,19:04:52,2025,9,20,19,Saturday,නුවරඑළිය,අඹගමුව,7.0333,80.6333,0,1,26.97,20.75,23.06,2.67,2.67,,4.3,,88.58
806,807,2025-09-20,16:07:58,2025,9,20,16,Saturday,මන්නාරම,තිරුපුල්ලානි,8.9833,79.9,0,1,30.99,26.95,28.41,0.37,0.37,,6.51,,78.93
807,808,2025-09-19,17:26:38,2025,9,19,17,Friday,,,0.0,0.0,1,0,24.47,23.53,24.11,0.03,0.03,,4.63,,85.64
808,809,2025-09-18,16:43:16,2025,9,18,16,Thursday,නුවරඑළිය,නෝර්වුඩ්,6.85,80.5667,0,3,25.21,20.78,22.53,26.54,26.54,,4.07,,91.33
809,810,2025-09-18,16:09:51,2025,9,18,16,Thursday,මොණරාගල,තණමල්විල,6.5,81.0333,1,2,28.52,24.2,25.94,18.3,18.3,,4.88,,88.05
811,812,2025-09-18,11:38:59,2025,9,18,11,Thursday,,,0.0,0.0,0,0,24.06,23.67,23.89,0.02,0.02,,2.87,,84.76
810,811,2025-09-18,15:37:22,2025,9,18,15,Thursday,කොළඹ,ගල්කිස්ස,6.8167,79.85,0,3,27.93,25.26,26.42,28.4,28.4,,4.34,,87.53
813,814,2025-09-17,18:05:10,2025,9,17,18,Wednesday,,,0.0,0.0,1,1,24.07,23.69,23.89,0.14,0.14,,4.43,,85.34
812,813,2025-09-17,18:17:28,2025,9,17,18,Wednesday,,,0.0,0.0,0,1,24.07,23.69,23.89,0.14,0.14,,4.43,,85.34
815,816,2025-09-17,10:54:23,2025,9,17,10,Wednesday,,,0.0,0.0,7,1,24.07,23.69,23.89,0.14,0.14,,4.43,,85.34
814,815,2025-09-17,15:09:15,2025,9,17,15,Wednesday,බදුල්ල,ඩයරබා,6.9167,80.9833,0,2,32.14,21.89,26.19,13.56,13.56,,2.76,,79.18
816,817,2025-09-17,07:03:46,2025,9,17,7,Wednesday,ගම්පහ,පෑලියගොඩ,6.9667,79.9,1,2,28.83,25.38,26.81,9.2,9.2,,4.5,,86.43
817,818,2025-09-16,21:42:35,2025,9,16,21,Tuesday,,,0.0,0.0,1,1,24.02,23.8,23.9,0.13,0.13,,3.54,,83.78
818,819,2025-09-16,12:26:43,2025,9,16,12,Tuesday,රත්නපුර,එපිටවල,6.7167,80.25,0,2,27.97,25.91,26.79,6.27,6.27,,4.31,,87.49
819,820,2025-09-16,07:54:27,2025,9,16,7,Tuesday,කොළඹ,වීදියගොඩ,6.8333,80.0333,1,1,27.8,25.27,26.41,4.51,4.51,,3.81,,86.82
820,821,2025-09-15,13:25:44,2025,9,15,13,Monday,පොළොන්නරුව,මාදුරුඔය,7.9333,81.0,6,1,34.5,25.26,29.31,0.19,0.19,,4.89,,67.79
821,822,2025-09-14,18:45:41,2025,9,14,18,Sunday,මඩකලපුව,කළුවාන්චිකුඩි,7.6833,81.5167,0,0,35.88,23.09,28.61,0.05,0.05,,2.92,,67.23
822,823,2025-09-14,14:52:50,2025,9,14,14,Sunday,මාතර,දෙනිපිටිය,5.9667,80.5,1,1,28.87,26.35,27.25,1.04,1.04,,5.22,,84.98
823,824,2025-09-14,10:15:57,2025,9,14,10,Sunday,,,0.0,0.0,15,1,24.07,23.28,23.78,0.27,0.27,,2.98,,83.7
824,825,2025-09-14,10:08:54,2025,9,14,10,Sunday,බදුල්ල,වැලිමඩ,6.9167,80.9333,0,1,27.01,20.5,22.96,0.14,0.14,,3.71,,87.88
825,826,2025-09-13,18:23:55,2025,9,13,18,Saturday,බදුල්ල,ඇල්ල,6.8667,81.05,1,1,33.57,21.84,26.48,2.11,2.11,,3.7,,73.23
826,827,2025-09-13,10:50:38,2025,9,13,10,Saturday,නුවරඑළිය,දෙකිද,7.0333,80.6333,0,1,27.46,20.5,23.18,0.35,0.35,,4.27,,87.21
827,828,2025-09-12,17:39:11,2025,9,12,17,Friday,නුවරඑළිය,නවවැලිගම,6.9167,80.5667,0,1,26.69,20.65,22.77,0.71,0.71,,3.96,,87.99
829,830,2025-09-12,14:48:10,2025,9,12,14,Friday,නුවරඑළිය,නිව්වැලිගම,6.9167,80.5667,0,1,26.69,20.65,22.77,0.71,0.71,,3.96,,87.99
828,829,2025-09-12,17:26:35,2025,9,12,17,Friday,බදුල්ල,ඇල්ල,6.8667,81.05,1,1,31.9,21.93,25.84,3.32,3.32,,3.14,,76.41
830,831,2025-09-11,15:13:45,2025,9,11,15,Thursday,රත්නපුර,බලන්ගොඩ,6.65,80.4667,0,2,27.07,22.92,24.66,6.64,6.64,,3.92,,88.59
831,832,2025-09-11,11:39:37,2025,9,11,11,Thursday,බදුල්ල,ඇල්ල,6.8667,81.05,0,2,30.69,22.06,25.34,7.02,7.02,,3.51,,78.51
832,833,2025-09-11,08:15:42,2025,9,11,8,Thursday,,,0.0,0.0,30,1,24.88,24.4,24.67,0.27,0.27,,4.02,,81.91
833,834,2025-09-10,20:21:14,2025,9,10,20,Wednesday,බදුල්ල,ඇල්ල,6.8667,81.05,0,2,32.13,22.63,26.25,6.07,6.07,,2.8,,77.75
835,836,2025-09-10,15:10:48,2025,9,10,15,Wednesday,බදුල්ල,ඇල්ල,6.8667,81.05,0,2,32.13,22.63,26.25,6.07,6.07,,2.8,,77.75
836,837,2025-09-10,14:12:26,2025,9,10,14,Wednesday,බදුල්ල,ඇල්ල,6.8667,81.05,0,2,32.13,22.63,26.25,6.07,6.07,,2.8,,77.75
837,838,2025-09-10,10:28:40,2025,9,10,10,Wednesday,බදුල්ල,ඇල්ල,6.8667,81.05,0,2,32.13,22.63,26.25,6.07,6.07,,2.8,,77.75
834,835,2025-09-10,17:32:59,2025,9,10,17,Wednesday,,,0.0,0.0,8,1,24.82,24.47,24.63,0.25,0.25,,4.37,,83.29
838,839,2025-09-09,14:02:13,2025,9,9,14,Tuesday,,,0.0,0.0,10,1,25.09,24.63,24.89,0.28,0.28,,4.27,,79.85
840,841,2025-09-09,06:33:42,2025,9,9,6,Tuesday,,,0.0,0.0,0,1,25.09,24.63,24.89,0.28,0.28,,4.27,,79.85
839,840,2025-09-09,08:02:59,2025,9,9,8,Tuesday,,,0.0,0.0,1870,1,25.09,24.63,24.89,0.28,0.28,,4.27,,79.85
842,843,2025-09-08,17:09:56,2025,9,8,17,Monday,මොණරාගල,යාලබෝව,6.4667,81.0167,0,1,31.28,24.23,27.28,2.87,2.87,,3.34,,80.29
841,842,2025-09-08,21:17:12,2025,9,8,21,Monday,බදුල්ල,ඇල්ල,6.8667,81.05,0,1,32.2,23.25,27.32,2.88,2.88,,1.77,,72.07
844,845,2025-09-08,07:22:51,2025,9,8,7,Monday,බදුල්ල,ඇල්ල,6.8667,81.05,0,1,32.2,23.25,27.32,2.88,2.88,,1.77,,72.07
845,846,2025-09-07,19:27:03,2025,9,7,19,Sunday,බදුල්ල,ඇල්ල,6.8667,81.05,0,1,33.86,23.08,27.59,0.21,0.21,,3.13,,71.46
843,844,2025-09-08,13:27:01,2025,9,8,13,Monday,පුත්තලම,හුන්දිරාපොළ,7.95,79.8833,1,1,30.19,25.95,27.78,2.99,2.99,,3.8,,81.36
847,848,2025-09-07,16:42:45,2025,9,7,16,Sunday,බදුල්ල,ඇල්ල,6.8667,81.05,0,1,33.86,23.08,27.59,0.21,0.21,,3.13,,71.46
848,849,2025-09-07,14:33:56,2025,9,7,14,Sunday,බදුල්ල,ඇල්ල,6.8667,81.05,0,1,33.86,23.08,27.59,0.21,0.21,,3.13,,71.46
849,850,2025-09-07,14:29:04,2025,9,7,14,Sunday,,,0.0,0.0,0,1,24.64,24.23,24.5,0.15,0.15,,4.72,,84.33
850,851,2025-09-07,11:35:26,2025,9,7,11,Sunday,,,0.0,0.0,4,1,24.64,24.23,24.5,0.15,0.15,,4.72,,84.33
851,852,2025-09-07,09:09:10,2025,9,7,9,Sunday,බදුල්ල,ඇල්ල,6.8667,81.05,0,1,33.86,23.08,27.59,0.21,0.21,,3.13,,71.46
852,853,2025-09-07,08:13:46,2025,9,7,8,Sunday,,,0.0,0.0,0,1,24.64,24.23,24.5,0.15,0.15,,4.72,,84.33
846,847,2025-09-07,16:58:25,2025,9,7,16,Sunday,හම්බන්තොට,තංගල්ල,6.0333,80.85,0,0,29.82,26.27,27.82,0.1,0.1,,6.94,,80.85
853,854,2025-09-06,21:12:11,2025,9,6,21,Saturday,බදුල්ල,ඇල්ල,6.8667,81.05,0,1,33.89,22.16,27.17,0.43,0.43,,3.87,,71.25
854,855,2025-09-06,17:54:48,2025,9,6,17,Saturday,බදුල්ල,ඇල්ල,6.8667,81.05,0,1,33.89,22.16,27.17,0.43,0.43,,3.87,,71.25
856,857,2025-09-06,16:50:25,2025,9,6,16,Saturday,බදුල්ල,ඇල්ල,6.8667,81.05,0,1,33.89,22.16,27.17,0.43,0.43,,3.87,,71.25
857,858,2025-09-06,16:21:07,2025,9,6,16,Saturday,බදුල්ල,ඇල්ල,6.8667,81.05,0,1,33.89,22.16,27.17,0.43,0.43,,3.87,,71.25
855,856,2025-09-06,17:08:02,2025,9,6,17,Saturday,හම්බන්තොට,තංගල්ල,6.0333,80.85,0,0,29.65,26.27,27.59,0.04,0.04,,6.74,,81.86
859,860,2025-09-06,12:26:56,2025,9,6,12,Saturday,හම්බන්තොට,තංගල්ල,6.0333,80.85,0,0,29.65,26.27,27.59,0.04,0.04,,6.74,,81.86
860,861,2025-09-06,10:06:44,2025,9,6,10,Saturday,බදුල්ල,ඇල්ල,6.8667,81.05,0,1,33.89,22.16,27.17,0.43,0.43,,3.87,,71.25
861,862,2025-09-06,08:57:14,2025,9,6,8,Saturday,හම්බන්තොට,තංගල්ල,6.0333,80.85,0,0,29.65,26.27,27.59,0.04,0.04,,6.74,,81.86
862,863,2025-09-06,08:30:10,2025,9,6,8,Saturday,බදුල්ල,ඇල්ල,6.8667,81.05,0,1,33.89,22.16,27.17,0.43,0.43,,3.87,,71.25
858,859,2025-09-06,14:25:31,2025,9,6,14,Saturday,නුවරඑළිය,හැටන්,6.9,80.6,0,1,26.98,20.55,23.15,0.35,0.35,,4.79,,88.64
863,864,2025-09-05,16:32:49,2025,9,5,16,Friday,බදුල්ල,ඇල්ල,6.8667,81.05,0,0,33.4,21.41,26.51,0.04,0.04,,4.42,,69.64
865,866,2025-09-05,14:01:39,2025,9,5,14,Friday,බදුල්ල,ඇල්ල,6.8667,81.05,0,0,33.4,21.41,26.51,0.04,0.04,,4.42,,69.64
866,867,2025-09-05,13:20:33,2025,9,5,13,Friday,බදුල්ල,රාවණා ඇල්ල,6.8667,81.05,0,0,33.4,21.41,26.51,0.04,0.04,,4.42,,69.64
867,868,2025-09-05,12:32:45,2025,9,5,12,Friday,බදුල්ල,ඇල්ල,6.8667,81.05,0,0,33.4,21.41,26.51,0.04,0.04,,4.42,,69.64
868,869,2025-09-05,10:01:37,2025,9,5,10,Friday,බදුල්ල,ඇල්ල,6.8667,81.05,0,0,33.4,21.41,26.51,0.04,0.04,,4.42,,69.64
869,870,2025-09-05,09:14:06,2025,9,5,9,Friday,බදුල්ල,ඇල්ල,6.8667,81.05,13,0,33.4,21.41,26.51,0.04,0.04,,4.42,,69.64
870,871,2025-09-05,07:36:21,2025,9,5,7,Friday,බදුල්ල,ඇල්ල,6.8667,81.05,0,0,33.4,21.41,26.51,0.04,0.04,,4.42,,69.64
871,872,2025-09-05,07:25:11,2025,9,5,7,Friday,බදුල්ල,ඇල්ල,6.8667,81.05,0,0,33.4,21.41,26.51,0.04,0.04,,4.42,,69.64
872,873,2025-09-05,06:20:41,2025,9,5,6,Friday,බදුල්ල,ඇල්ල,6.8667,81.05,15,0,33.4,21.41,26.51,0.04,0.04,,4.42,,69.64
864,865,2025-09-05,14:33:24,2025,9,5,14,Friday,බදුල්ල,රාවණා ඇල්ල,6.8667,81.05,1,0,33.4,21.41,26.51,0.04,0.04,,4.42,,69.64
873,874,2025-09-04,22:07:49,2025,9,4,22,Thursday,බදුල්ල,ඇල්ල,6.8667,81.05,10,0,33.15,22.03,26.41,0.06,0.06,,5.65,,69.0
874,875,2025-09-04,14:37:47,2025,9,4,14,Thursday,,,0.0,0.0,0,0,24.32,23.75,24.03,0.05,0.05,,4.25,,79.84
876,877,2025-09-02,11:13:57,2025,9,2,11,Tuesday,මොණරාගල,ඇතිලිවැව,6.5667,81.15,0,1,29.86,22.52,26.03,0.53,0.53,,6.5,,81.33
875,876,2025-09-03,06:20:24,2025,9,3,6,Wednesday,ගම්පහ,මීරිගම,7.1667,80.0,2,1,28.4,24.94,26.39,0.92,0.92,,5.65,,88.28
877,878,2025-08-30,17:25:31,2025,8,30,17,Saturday,අම්පාර,පොතුවිල්,6.8667,81.8333,1,1,32.99,26.47,29.11,0.55,0.55,,3.88,,69.81
878,879,2025-08-30,15:40:05,2025,8,30,15,Saturday,,,0.0,0.0,0,1,23.65,23.03,23.46,0.29,0.29,,5.84,,83.76
879,880,2025-08-29,08:28:11,2025,8,29,8,Friday,කුරුණෑගල,කුලියාපිටිය,7.4667,80.0333,0,1,29.31,25.65,27.07,0.73,0.73,,6.91,,85.57
880,881,2025-08-28,18:21:07,2025,8,28,18,Thursday,අනුරාධපුර,හොරොව්පතාන,8.4167,80.55,2,1,33.92,25.7,28.71,0.11,0.11,,8.35,,70.74
881,882,2025-08-28,14:10:42,2025,8,28,14,Thursday,මාතලේ,පොහොරන්වැව,7.8667,80.65,1,1,31.15,25.14,27.41,0.44,0.44,,7.88,,77.07
882,883,2025-08-28,13:32:04,2025,8,28,13,Thursday,කුරුණෑගල,කුලියාපිටිය,7.4667,80.0333,0,1,28.77,25.86,27.02,2.02,2.02,,7.23,,85.59
883,884,2025-08-27,21:02:41,2025,8,27,21,Wednesday,හම්බන්තොට,නාකුළුගම,6.0333,80.8333,0,1,28.99,26.28,27.37,1.97,1.97,,7.34,,82.02
884,885,2025-08-27,15:13:36,2025,8,27,15,Wednesday,කොළඹ,දෙල්ගහවත්ත,6.85,79.9333,1,2,28.96,25.23,26.83,5.16,5.16,,6.23,,84.21
886,887,2025-08-27,12:49:35,2025,8,27,12,Wednesday,කොළඹ,මත්තේගොඩ,6.8333,79.95,1,2,28.96,25.23,26.83,5.16,5.16,,6.23,,84.21
885,886,2025-08-27,14:21:16,2025,8,27,14,Wednesday,මාතලේ,කොහොරන්වැව,7.8667,80.65,0,1,34.09,24.28,28.22,0.32,0.32,,7.55,,72.66
887,888,2025-08-27,08:28:28,2025,8,27,8,Wednesday,කුරුණෑගල,කුලියාපිටිය,7.4667,80.0333,3,1,30.06,25.57,27.37,2.44,2.44,,7.14,,82.58
888,889,2025-08-25,12:20:05,2025,8,25,12,Monday,,,0.0,0.0,8,1,24.4,23.96,24.09,0.42,0.42,,4.82,,81.01
890,891,2025-08-24,11:11:04,2025,8,24,11,Sunday,කළුතර,වස්කඩුව,6.6167,79.9333,0,1,27.97,25.38,26.6,0.92,0.92,,4.06,,88.26
889,890,2025-08-24,15:53:23,2025,8,24,15,Sunday,,,0.0,0.0,0,1,24.6,23.86,24.24,0.19,0.19,,5.37,,78.64
891,892,2025-08-24,08:35:30,2025,8,24,8,Sunday,,,0.0,0.0,3,1,24.6,23.86,24.24,0.19,0.19,,5.37,,78.64
892,893,2025-08-23,21:58:33,2025,8,23,21,Saturday,,,0.0,0.0,7,1,24.22,23.94,24.08,0.21,0.21,,6.09,,82.14
893,894,2025-08-23,10:38:48,2025,8,23,10,Saturday,කළුතර,අපරැක්ක,6.6333,79.9833,0,1,27.76,25.41,26.4,0.88,0.88,,4.41,,87.79
895,896,2025-08-23,09:18:54,2025,8,23,9,Saturday,,,0.0,0.0,5,1,24.22,23.94,24.08,0.21,0.21,,6.09,,82.14
894,895,2025-08-23,09:22:50,2025,8,23,9,Saturday,කළුතර,වස්කඩුව,6.6167,79.9333,0,1,27.76,25.41,26.4,0.88,0.88,,4.41,,87.79
896,897,2025-08-20,11:01:56,2025,8,20,11,Wednesday,,,0.0,0.0,73,1,24.48,24.08,24.3,0.54,0.54,,2.64,,73.41
898,899,2025-08-17,20:59:30,2025,8,17,20,Sunday,වවුනියාව,ඕමන්තෙයි,8.75,80.5,2,1,31.22,26.03,28.14,0.31,0.31,,7.48,,74.01
897,898,2025-08-18,21:25:47,2025,8,18,21,Monday,අනුරාධපුර,ශාස්ත්‍රවෙල්ලිය,8.0333,80.6333,0,1,30.82,24.63,27.0,1.2,1.2,,7.44,,79.84
899,900,2025-08-17,13:54:53,2025,8,17,13,Sunday,,,0.0,0.0,0,1,23.84,23.01,23.41,0.24,0.24,,4.46,,75.3
900,901,2025-08-16,17:00:17,2025,8,16,17,Saturday,,,0.0,0.0,0,0,23.12,22.76,22.96,0.02,0.02,,4.16,,76.63
901,902,2025-08-16,15:14:58,2025,8,16,15,Saturday,කොළඹ,පාදුක්ක,6.8667,80.0833,0,1,27.46,25.07,26.11,2.67,2.67,,6.39,,88.88
902,903,2025-08-16,14:51:02,2025,8,16,14,Saturday,නුවරඑළිය,වටවල,6.9167,80.5333,0,1,24.49,20.9,22.29,1.97,1.97,,6.61,,91.15
903,904,2025-08-16,14:27:09,2025,8,16,14,Saturday,මාතලේ,කයිකාවල,7.4667,80.65,1,1,27.02,23.33,24.81,1.43,1.43,,7.19,,87.55
904,905,2025-08-16,07:31:45,2025,8,16,7,Saturday,මොණරාගල,මොණරාගල,6.8667,81.2,1,1,28.76,21.82,24.74,0.94,0.94,,5.72,,78.45
905,906,2025-08-15,23:24:14,2025,8,15,23,Friday,,,0.0,0.0,0,0,23.12,22.53,22.85,0.01,0.01,,3.74,,78.26
906,907,2025-08-15,10:18:25,2025,8,15,10,Friday,බදුල්ල,දුන්හිද,7.1167,81.0,0,1,30.41,21.56,25.01,0.88,0.88,,4.82,,79.13
907,908,2025-08-15,09:51:25,2025,8,15,9,Friday,බදුල්ල,රාවණා ඇල්ල,6.8667,81.05,0,1,30.41,21.56,25.01,0.88,0.88,,4.82,,79.13
908,909,2025-08-14,21:59:55,2025,8,14,21,Thursday,,,0.0,0.0,0,1,22.76,22.08,22.48,0.22,0.22,,4.28,,82.42
909,910,2025-08-14,21:11:43,2025,8,14,21,Thursday,කොළඹ,නාරාහේන්පිට,6.8833,79.8833,0,1,27.8,24.83,26.11,1.84,1.84,,5.15,,89.45
910,911,2025-08-12,10:24:27,2025,8,12,10,Tuesday,කොළඹ,කොළඹ,6.9333,79.85,0,2,27.35,24.63,25.58,5.75,5.75,,5.92,,84.87
912,913,2025-08-12,06:30:17,2025,8,12,6,Tuesday,පොළොන්නරුව,මින්නේරිය,8.0333,80.9,0,1,31.02,23.72,26.38,2.26,2.26,,6.49,,76.42
911,912,2025-08-12,09:10:42,2025,8,12,9,Tuesday,මාතලේ,දිගම්පතහ,7.85,80.65,1,1,31.02,23.72,26.38,2.26,2.26,,6.49,,76.42
913,914,2025-08-11,13:51:32,2025,8,11,13,Monday,ගාල්ල,කුරුදුගහහැතැක්ම,6.2333,80.2,0,1,27.8,26.86,27.26,2.37,2.37,,6.14,,85.68
914,915,2025-08-11,11:49:11,2025,8,11,11,Monday,,,0.0,0.0,0,1,22.76,22.47,22.63,0.11,0.11,,5.15,,81.55
915,916,2025-08-10,15:41:33,2025,8,10,15,Sunday,,,0.0,0.0,11,1,23.37,22.84,23.1,0.31,0.31,,2.81,,77.01
916,917,2025-08-10,14:37:41,2025,8,10,14,Sunday,,,0.0,0.0,3,1,23.37,22.84,23.1,0.31,0.31,,2.81,,77.01
917,918,2025-08-09,17:37:30,2025,8,9,17,Saturday,ගම්පහ,දිවුලපිටිය,7.0167,80.0,0,1,27.61,24.48,25.91,1.77,1.77,,4.41,,89.03
918,919,2025-08-09,08:57:07,2025,8,9,8,Saturday,කළුතර,අලුත්ගම,6.4333,79.9833,0,1,27.93,25.13,26.34,2.89,2.89,,4.25,,87.4
919,920,2025-08-08,16:07:04,2025,8,8,16,Friday,කොළඹ,කොළඹ,6.9333,79.85,1,1,27.63,24.67,25.91,0.6,0.6,,4.66,,90.4
920,921,2025-08-07,08:20:30,2025,8,7,8,Thursday,,,0.0,0.0,8,1,23.28,22.99,23.13,0.32,0.32,,6.28,,83.94
922,923,2025-08-05,11:47:18,2025,8,5,11,Tuesday,,,0.0,0.0,0,1,23.64,23.39,23.5,0.61,0.61,,5.26,,84.86
921,922,2025-08-06,10:55:20,2025,8,6,10,Wednesday,කොළඹ,අකුරේගොඩ,6.8833,79.9333,0,1,27.87,24.36,25.8,0.21,0.21,,5.19,,88.22
924,925,2025-08-04,07:21:33,2025,8,4,7,Monday,,,0.0,0.0,68,1,23.79,23.38,23.58,0.48,0.48,,6.94,,85.63
923,924,2025-08-04,10:10:03,2025,8,4,10,Monday,,,0.0,0.0,0,1,23.79,23.38,23.58,0.48,0.48,,6.94,,85.63
926,927,2025-08-03,16:10:32,2025,8,3,16,Sunday,බදුල්ල,රජකොටුව,6.8333,81.0,1,2,26.85,22.08,23.96,8.81,8.81,,3.3,,87.21
925,926,2025-08-03,20:13:50,2025,8,3,20,Sunday,,,0.0,0.0,0,1,23.75,23.57,23.68,0.26,0.26,,4.98,,83.2
927,928,2025-08-03,06:49:48,2025,8,3,6,Sunday,කළුතර,පොතුපිටිය,6.6667,79.9333,0,2,26.36,24.9,25.52,15.11,15.11,,5.95,,90.06
928,929,2025-08-02,08:47:10,2025,8,2,8,Saturday,කළුතර,දෙහිඕවිට,6.8333,80.1667,0,2,27.46,24.53,25.59,10.63,10.63,,4.47,,90.47
929,930,2025-08-01,22:22:40,2025,8,1,22,Friday,කුරුණෑගල,අඹන්පොල,7.85,80.5,0,1,30.56,24.46,26.78,3.56,3.56,,4.37,,82.98
930,931,2025-08-01,12:46:12,2025,8,1,12,Friday,,,0.0,0.0,0,1,23.92,23.39,23.73,0.45,0.45,,4.62,,82.34
931,932,2025-07-31,16:19:58,2025,7,31,16,Thursday,,,0.0,0.0,1,1,23.74,23.31,23.57,0.53,0.53,,6.14,,85.02
932,933,2025-07-31,10:47:48,2025,7,31,10,Thursday,නුවරඑළිය,මිල්ලගහමුල,6.9333,80.5667,1,0,26.25,21.41,23.18,0.02,0.02,,4.97,,90.46
933,934,2025-07-30,17:13:47,2025,7,30,17,Wednesday,,,0.0,0.0,0,0,23.92,22.97,23.44,0.05,0.05,,5.56,,79.62
934,935,2025-07-30,14:54:38,2025,7,30,14,Wednesday,කළුතර,තල්ගස්ගොඩ,6.4667,80.05,1,1,28.13,25.42,26.52,0.78,0.78,,6.25,,89.9
935,936,2025-07-30,09:58:00,2025,7,30,9,Wednesday,නුවරඑළිය,මෙරායා,6.9667,80.6333,0,0,26.99,20.55,23.28,0.04,0.04,,5.03,,88.37
936,937,2025-07-29,23:27:57,2025,7,29,23,Tuesday,ගාල්ල,ගිංතොට,6.0333,80.2167,1,1,27.54,26.68,27.03,1.27,1.27,,8.07,,89.87
937,938,2025-07-29,23:14:06,2025,7,29,23,Tuesday,කෑගල්ල,හතරලියද්ද,7.2167,80.4,2,0,26.19,21.16,22.93,0.08,0.08,,5.84,,89.12
938,939,2025-07-29,22:09:30,2025,7,29,22,Tuesday,කොළඹ,බොරැල්ල,6.9167,79.8667,0,1,28.25,25.22,26.33,0.4,0.4,,6.45,,88.64
940,941,2025-07-29,14:14:21,2025,7,29,14,Tuesday,කොළඹ,බොරැල්ල,6.9167,79.8667,0,1,28.25,25.22,26.33,0.4,0.4,,6.45,,88.64
941,942,2025-07-29,10:38:11,2025,7,29,10,Tuesday,,,0.0,0.0,18,0,23.36,22.33,22.76,0.05,0.05,,2.77,,76.62
942,943,2025-07-29,09:43:16,2025,7,29,9,Tuesday,කොළඹ,බොරැල්ල,6.9167,79.8667,0,1,28.25,25.22,26.33,0.4,0.4,,6.45,,88.64
939,940,2025-07-29,19:35:36,2025,7,29,19,Tuesday,,,0.0,0.0,0,0,23.36,22.33,22.76,0.05,0.05,,2.77,,76.62
943,944,2025-07-28,17:33:55,2025,7,28,17,Monday,කොළඹ,බොරැල්ල,6.9167,79.8667,0,1,28.63,24.1,26.12,0.34,0.34,,4.54,,87.13
945,946,2025-07-28,10:12:40,2025,7,28,10,Monday,කොළඹ,බොරැල්ල,6.9167,79.8667,0,1,28.63,24.1,26.12,0.34,0.34,,4.54,,87.13
946,947,2025-07-28,08:50:23,2025,7,28,8,Monday,කොළඹ,බොරැල්ල,6.9167,79.8667,1,1,28.63,24.1,26.12,0.34,0.34,,4.54,,87.13
944,945,2025-07-28,13:05:09,2025,7,28,13,Monday,කොළඹ,බොරැල්ල,6.9167,79.8667,0,1,28.63,24.1,26.12,0.34,0.34,,4.54,,87.13
947,948,2025-07-28,08:35:28,2025,7,28,8,Monday,යාපනය,අල්ලෙයිපිඩ්ඩි,9.6667,80.0,1,0,31.66,27.65,29.56,0.03,0.03,,6.21,,69.11
948,949,2025-07-28,08:20:49,2025,7,28,8,Monday,වවුනියාව,පරසන්කුලම්,8.75,80.4167,1,0,35.16,25.78,29.87,0.03,0.03,,5.59,,64.53
949,950,2025-07-27,21:28:47,2025,7,27,21,Sunday,හම්බන්තොට,අඟුණුකොලපැලැස්ස,6.2833,80.8667,2,1,26.99,22.01,23.91,0.91,0.91,,4.61,,89.14
950,951,2025-07-27,14:48:18,2025,7,27,14,Sunday,නුවරඑළිය,කොටගල,6.9,80.5333,0,1,24.66,19.8,21.69,0.42,0.42,,5.2,,90.65
951,952,2025-07-27,14:28:18,2025,7,27,14,Sunday,මාතර,මිරිස්ස,5.95,80.5333,0,1,27.55,25.14,26.1,2.04,2.04,,5.19,,87.64
952,953,2025-07-27,10:31:25,2025,7,27,10,Sunday,පොළොන්නරුව,මින්නේරිය,8.0333,80.9,0,1,31.15,23.76,26.66,0.13,0.13,,6.91,,76.22
953,954,2025-07-27,08:30:59,2025,7,27,8,Sunday,වවුනියාව,පරසන්කුලම්,8.75,80.4167,1,1,33.76,25.68,28.94,0.41,0.41,,7.3,,69.35
954,955,2025-07-26,18:25:32,2025,7,26,18,Saturday,,,0.0,0.0,2,0,22.31,21.72,21.95,0.06,0.06,,4.74,,87.66
955,956,2025-07-25,15:50:59,2025,7,25,15,Friday,,,0.0,0.0,0,1,21.87,21.06,21.47,0.33,0.33,,3.56,,89.88
957,958,2025-07-25,13:27:00,2025,7,25,13,Friday,,,0.0,0.0,0,1,21.87,21.06,21.47,0.33,0.33,,3.56,,89.88
958,959,2025-07-25,13:26:32,2025,7,25,13,Friday,,,0.0,0.0,9,1,21.87,21.06,21.47,0.33,0.33,,3.56,,89.88
959,960,2025-07-25,10:45:02,2025,7,25,10,Friday,,,0.0,0.0,4,1,21.87,21.06,21.47,0.33,0.33,,3.56,,89.88
956,957,2025-07-25,15:15:17,2025,7,25,15,Friday,,,0.0,0.0,0,1,21.87,21.06,21.47,0.33,0.33,,3.56,,89.88
961,962,2025-07-24,09:18:08,2025,7,24,9,Thursday,,,0.0,0.0,0,0,22.11,21.43,21.85,0.08,0.08,,4.11,,90.26
962,963,2025-07-24,08:39:09,2025,7,24,8,Thursday,,,0.0,0.0,0,0,22.11,21.43,21.85,0.08,0.08,,4.11,,90.26
960,961,2025-07-24,18:20:44,2025,7,24,18,Thursday,,,0.0,0.0,0,0,22.11,21.43,21.85,0.08,0.08,,4.11,,90.26
963,964,2025-07-23,15:23:51,2025,7,23,15,Wednesday,කොළඹ,නුගේගොඩ,6.8667,79.8833,1,2,27.38,24.62,25.92,9.71,9.71,,6.32,,89.47
964,965,2025-07-23,13:37:58,2025,7,23,13,Wednesday,,,0.0,0.0,0,1,23.04,22.23,22.78,0.16,0.16,,4.66,,84.48
965,966,2025-07-23,10:40:36,2025,7,23,10,Wednesday,හම්බන්තොට,බෙලිඅත්ත,6.0333,80.8833,0,2,27.75,25.59,26.45,8.8,8.8,,6.63,,89.87
967,968,2025-07-22,19:47:04,2025,7,22,19,Tuesday,,,0.0,0.0,0,1,23.59,23.11,23.44,0.19,0.19,,5.44,,80.61
966,967,2025-07-22,20:49:52,2025,7,22,20,Tuesday,,,0.0,0.0,0,1,23.59,23.11,23.44,0.19,0.19,,5.44,,80.61
968,969,2025-07-22,17:49:52,2025,7,22,17,Tuesday,කෑගල්ල,දංඕවිට,7.05,80.25,1,1,27.4,24.93,26.07,4.79,4.79,,5.75,,91.57
969,970,2025-07-21,17:15:00,2025,7,21,17,Monday,,,0.0,0.0,19,1,24.32,23.62,23.94,0.32,0.32,,5.98,,82.99
971,972,2025-07-21,15:11:52,2025,7,21,15,Monday,,,0.0,0.0,1,1,24.32,23.62,23.94,0.32,0.32,,5.98,,82.99
972,973,2025-07-21,14:29:11,2025,7,21,14,Monday,,,0.0,0.0,0,1,24.32,23.62,23.94,0.32,0.32,,5.98,,82.99
970,971,2025-07-21,15:54:41,2025,7,21,15,Monday,බදුල්ල,දියබානාවැව,7.3833,81.0833,1,1,31.32,22.98,26.49,2.68,2.68,,6.26,,76.97
973,974,2025-07-21,09:33:53,2025,7,21,9,Monday,කෑගල්ල,දංඕවිට,7.05,80.25,0,2,27.36,24.74,25.83,11.31,11.31,,6.36,,89.84
974,975,2025-07-21,07:59:16,2025,7,21,7,Monday,කෑගල්ල,ගලිගමුව,7.25,80.35,0,2,27.97,22.61,24.71,8.36,8.36,,7.52,,87.84
975,976,2025-07-20,16:28:15,2025,7,20,16,Sunday,,,0.0,0.0,1,1,24.67,24.27,24.46,0.29,0.29,,5.07,,77.81
977,978,2025-07-20,07:46:44,2025,7,20,7,Sunday,,,0.0,0.0,3,1,24.67,24.27,24.46,0.29,0.29,,5.07,,77.81
976,977,2025-07-20,09:16:55,2025,7,20,9,Sunday,,,0.0,0.0,34,1,24.67,24.27,24.46,0.29,0.29,,5.07,,77.81
978,979,2025-07-19,19:44:24,2025,7,19,19,Saturday,කෑගල්ල,මංගලගම,7.25,80.35,1,1,27.19,22.86,24.65,3.32,3.32,,8.77,,87.85
979,980,2025-07-19,15:13:44,2025,7,19,15,Saturday,,,0.0,0.0,0,0,24.77,24.51,24.66,0.02,0.02,,4.62,,72.84
980,981,2025-07-19,11:43:36,2025,7,19,11,Saturday,අනුරාධපුර,තිරප්පනය,8.1,80.5,0,1,29.34,24.64,26.42,0.39,0.39,,8.72,,82.62
981,982,2025-07-17,13:24:29,2025,7,17,13,Thursday,,,0.0,0.0,1,0,25.05,24.53,24.77,0.03,0.03,,6.15,,77.07
983,984,2025-07-16,15:49:50,2025,7,16,15,Wednesday,බදුල්ල,ගැරඬිඇල්ල,6.7667,81.0333,0,2,28.7,22.21,24.52,6.09,6.09,,5.14,,83.83
982,983,2025-07-17,12:20:26,2025,7,17,12,Thursday,කොළඹ,හල්පෙවත්ත,6.8667,80.0833,2,2,28.4,24.9,26.27,5.5,5.5,,6.51,,87.31
984,985,2025-07-16,10:12:04,2025,7,16,10,Wednesday,,,0.0,0.0,0,1,24.99,24.48,24.77,0.16,0.16,,5.8,,82.31
985,986,2025-07-14,10:31:12,2025,7,14,10,Monday,,,0.0,0.0,0,1,25.0,24.63,24.81,0.74,0.74,,3.41,,77.79
986,987,2025-07-13,18:54:56,2025,7,13,18,Sunday,ගම්පහ,මල්ලැහැව,7.1167,80.0,2,1,27.43,25.53,26.32,0.45,0.45,,6.15,,88.46
987,988,2025-07-13,14:14:33,2025,7,13,14,Sunday,කොළඹ,කලපළුවාව,6.9167,79.9333,0,1,27.43,25.53,26.32,0.45,0.45,,6.15,,88.46
988,989,2025-07-12,12:23:20,2025,7,12,12,Saturday,මහනුවර,උඩවල,7.25,80.7,2,1,28.17,24.12,25.72,0.37,0.37,,6.69,,87.84
989,990,2025-07-12,08:29:12,2025,7,12,8,Saturday,,,0.0,0.0,0,1,24.27,23.67,23.98,0.32,0.32,,5.27,,81.22
990,991,2025-07-12,08:21:39,2025,7,12,8,Saturday,වවුනියාව,කූමාන්කුලම,8.75,80.5,1,0,33.65,26.93,29.68,0.03,0.03,,6.0,,73.97
991,992,2025-07-11,14:29:54,2025,7,11,14,Friday,නුවරඑළිය,ස්ටැඩන් වත්ත,6.9,80.6,0,1,26.4,21.58,23.36,0.43,0.43,,6.57,,90.62
993,994,2025-07-10,17:02:53,2025,7,10,17,Thursday,කෑගල්ල,පින්නවල,7.3,80.3833,0,1,29.22,24.12,25.96,0.29,0.29,,4.86,,88.28
992,993,2025-07-11,13:25:37,2025,7,11,13,Friday,මන්නාරම,නරුවිලිකුලම්,8.9,80.0,1,1,31.59,27.91,29.57,0.16,0.16,,6.14,,77.61
994,995,2025-07-10,11:28:46,2025,7,10,11,Thursday,නුවරඑළිය,නානුඔය,6.95,80.7167,0,1,26.25,21.8,23.41,1.39,1.39,,4.52,,91.96
995,996,2025-07-07,13:25:26,2025,7,7,13,Monday,,,0.0,0.0,0,1,24.12,23.88,24.01,0.3,0.3,,4.9,,76.51
996,997,2025-07-07,10:05:13,2025,7,7,10,Monday,,,0.0,0.0,1351,1,24.12,23.88,24.01,0.3,0.3,,4.9,,76.51
997,998,2025-07-07,07:43:11,2025,7,7,7,Monday,,,0.0,0.0,0,1,24.12,23.88,24.01,0.3,0.3,,4.9,,76.51
999,1000,2025-07-06,15:36:24,2025,7,6,15,Sunday,,,0.0,0.0,0,0,24.32,23.41,23.97,0.03,0.03,,5.62,,80.11
998,999,2025-07-06,21:28:20,2025,7,6,21,Sunday,,,0.0,0.0,0,0,24.32,23.41,23.97,0.03,0.03,,5.62,,80.11
1000,1001,2025-07-05,08:54:34,2025,7,5,8,Saturday,ගම්පහ,රාගම,7.0333,79.9167,0,1,28.83,25.63,27.02,0.46,0.46,,4.89,,88.84
1001,1002,2025-07-04,17:22:07,2025,7,4,17,Friday,,,0.0,0.0,1,1,23.96,23.5,23.63,0.34,0.34,,5.35,,87.82
1002,1003,2025-07-04,13:17:33,2025,7,4,13,Friday,පුත්තලම,දැදුරුඔය,7.6167,79.8833,0,1,29.85,25.59,27.48,0.66,0.66,,5.29,,85.44
1004,1005,2025-07-03,08:45:49,2025,7,3,8,Thursday,,,0.0,0.0,4,1,24.05,23.4,23.74,0.35,0.35,,5.29,,80.59
1003,1004,2025-07-03,14:34:54,2025,7,3,14,Thursday,,,0.0,0.0,1,1,24.05,23.4,23.74,0.35,0.35,,5.29,,80.59
1005,1006,2025-06-30,17:58:08,2025,6,30,17,Monday,,,0.0,0.0,0,1,23.62,23.49,23.58,0.16,0.16,,4.71,,90.61
1006,1007,2025-06-30,17:31:06,2025,6,30,17,Monday,මඩකලපුව,කිරාන්කුලම්,7.75,81.5167,0,0,33.27,25.35,28.55,0.08,0.08,,5.71,,76.55
1007,1008,2025-06-30,10:39:12,2025,6,30,10,Monday,කළුතර,කෝරලඉම,6.7333,79.9667,1,1,28.63,26.11,27.23,0.29,0.29,,4.74,,87.51
1008,1009,2025-06-29,17:08:43,2025,6,29,17,Sunday,හම්බන්තොට,පරවිවැල්ල,6.0333,80.85,1,1,28.61,26.4,27.33,0.85,0.85,,5.33,,86.6
1009,1010,2025-06-29,12:55:03,2025,6,29,12,Sunday,මාතර,වීරකැටිය,6.0833,80.6833,0,1,28.61,26.4,27.33,0.85,0.85,,5.33,,86.6
1011,1012,2025-06-29,07:06:36,2025,6,29,7,Sunday,හම්බන්තොට,තංගල්ල,6.0333,80.85,0,1,28.61,26.4,27.33,0.85,0.85,,5.33,,86.6
1010,1011,2025-06-29,10:02:21,2025,6,29,10,Sunday,නුවරඑළිය,බඹරකැලේ,6.95,80.7,0,1,26.17,20.87,22.94,0.49,0.49,,4.3,,90.14
1012,1013,2025-06-28,23:15:37,2025,6,28,23,Saturday,ගාල්ල,හික්කඩුව,6.15,80.1,0,1,28.23,27.35,27.73,2.38,2.38,,5.62,,86.93
1013,1014,2025-06-28,09:59:15,2025,6,28,9,Saturday,,,0.0,0.0,0,1,24.73,24.07,24.34,0.13,0.13,,5.45,,84.23
1014,1015,2025-06-27,17:26:29,2025,6,27,17,Friday,මහනුවර,හෙම්මාතගම,7.2167,80.5667,0,1,26.06,20.72,22.69,1.58,1.58,,4.66,,89.59
1015,1016,2025-06-27,13:55:47,2025,6,27,13,Friday,ත්‍රිකුණාමලය,කන්තලේ,8.3667,81.0167,1,1,31.5,26.09,28.27,0.3,0.3,,6.67,,77.5
1017,1018,2025-06-26,16:26:13,2025,6,26,16,Thursday,,,0.0,0.0,0,1,25.56,25.22,25.39,0.2,0.2,,6.51,,83.43
1016,1017,2025-06-26,16:37:06,2025,6,26,16,Thursday,,,0.0,0.0,0,1,25.56,25.22,25.39,0.2,0.2,,6.51,,83.43
1018,1019,2025-06-26,10:09:49,2025,6,26,10,Thursday,කොළඹ,ඔරුගොඩවත්ත,6.9333,79.8833,0,2,28.28,25.47,26.83,7.62,7.62,,5.56,,88.92
1019,1020,2025-06-25,20:41:06,2025,6,25,20,Wednesday,,,0.0,0.0,0,1,26.18,25.48,25.85,0.18,0.18,,5.78,,79.67
1020,1021,2025-06-24,22:40:51,2025,6,24,22,Tuesday,මාතර,වළල්ගොඩ,6.05,80.55,1,1,29.01,26.2,27.39,0.86,0.86,,6.18,,86.91
1021,1022,2025-06-24,21:56:05,2025,6,24,21,Tuesday,,,0.0,0.0,0,1,26.22,26.03,26.14,0.12,0.12,,5.8,,78.42
1022,1023,2025-06-24,17:24:54,2025,6,24,17,Tuesday,මොණරාගල,දොඹගහවෙල,6.65,81.2667,1,1,29.56,23.21,25.99,0.28,0.28,,5.17,,88.05
1023,1024,2025-06-24,14:12:30,2025,6,24,14,Tuesday,කොළඹ,ආමර්වීදිය,6.9333,79.85,1,1,28.34,25.31,26.7,0.91,0.91,,5.08,,89.63
1024,1025,2025-06-23,14:18:18,2025,6,23,14,Monday,,,0.0,0.0,0,1,26.67,25.84,26.28,0.65,0.65,,5.49,,82.23
1025,1026,2025-06-23,11:38:08,2025,6,23,11,Monday,නුවරඑළිය,නානුඔය,6.95,80.7167,0,1,25.17,19.6,22.18,0.93,0.93,,4.95,,86.4
1026,1027,2025-06-22,20:01:21,2025,6,22,20,Sunday,බදුල්ල,දුන්හිඳ,6.9833,81.0333,0,1,28.61,22.26,24.71,1.56,1.56,,4.48,,86.89
1027,1028,2025-06-22,15:48:11,2025,6,22,15,Sunday,බදුල්ල,දුන්හිඳ,6.9833,81.0333,0,1,28.61,22.26,24.71,1.56,1.56,,4.48,,86.89
1029,1030,2025-06-22,08:44:47,2025,6,22,8,Sunday,,,0.0,0.0,8,1,26.83,26.03,26.53,0.18,0.18,,5.63,,78.09
1030,1031,2025-06-22,07:33:24,2025,6,22,7,Sunday,බදුල්ල,දුන්හිඳ,6.9833,81.0333,0,1,28.61,22.26,24.71,1.56,1.56,,4.48,,86.89
1028,1029,2025-06-22,12:02:07,2025,6,22,12,Sunday,,,0.0,0.0,0,1,26.83,26.03,26.53,0.18,0.18,,5.63,,78.09
1031,1032,2025-06-21,21:39:57,2025,6,21,21,Saturday,රත්නපුර,කඳංගොඩ,6.8167,80.3667,1,1,25.53,21.77,23.16,1.15,1.15,,4.35,,92.85
1032,1033,2025-06-21,18:25:09,2025,6,21,18,Saturday,බදුල්ල,දුන්හිඳ,6.9833,81.0333,3,1,28.69,22.73,25.09,0.72,0.72,,3.65,,87.16
1033,1034,2025-06-21,17:53:26,2025,6,21,17,Saturday,මාතලේ,නාඋල,7.5167,80.65,0,1,28.08,23.9,25.51,1.23,1.23,,5.07,,89.86
1034,1035,2025-06-21,06:52:06,2025,6,21,6,Saturday,බදුල්ල,මහියංගනය,7.3333,81.0333,1,1,30.09,23.84,26.33,0.47,0.47,,3.81,,85.98
1035,1036,2025-06-20,20:40:21,2025,6,20,20,Friday,,,0.0,0.0,0,0,25.75,25.0,25.35,0.0,0.0,,4.62,,80.56
1036,1037,2025-06-20,14:54:37,2025,6,20,14,Friday,,,0.0,0.0,2000,0,25.75,25.0,25.35,0.0,0.0,,4.62,,80.56
1037,1038,2025-06-20,10:23:58,2025,6,20,10,Friday,නුවරඑළිය,බගතොලුව,6.9667,80.55,0,1,25.86,21.49,23.17,1.76,1.76,,4.63,,92.77
1038,1039,2025-06-19,12:42:48,2025,6,19,12,Thursday,ත්‍රිකුණාමලය,තංගනගර්,8.5667,81.2,1,1,31.14,26.22,28.24,0.55,0.55,,7.33,,82.95
1039,1040,2025-06-19,07:13:03,2025,6,19,7,Thursday,පුත්තලම,කන්දකුඩාව,8.0333,79.8833,1,1,29.06,26.36,27.5,0.26,0.26,,6.89,,87.9
1040,1041,2025-06-18,10:23:04,2025,6,18,10,Wednesday,රත්නපුර,මින්නාන,6.75,80.1667,0,1,28.23,25.36,26.46,1.53,1.53,,4.19,,89.62
1041,1042,2025-06-18,08:45:40,2025,6,18,8,Wednesday,ත්‍රිකුණාමලය,ආන්ද්‍රකුලම,8.5667,81.2,1,1,31.5,25.87,28.18,0.78,0.78,,7.1,,81.34
1042,1043,2025-06-16,17:36:55,2025,6,16,17,Monday,කළුතර,කෝරලඉම,6.7333,79.9667,2,2,28.53,25.82,26.93,5.56,5.56,,5.29,,86.66
1043,1044,2025-06-16,14:20:01,2025,6,16,14,Monday,,,0.0,0.0,0,1,24.69,24.01,24.36,0.63,0.63,,3.47,,84.02
1044,1045,2025-06-16,14:11:52,2025,6,16,14,Monday,,,0.0,0.0,0,1,24.69,24.01,24.36,0.63,0.63,,3.47,,84.02
1045,1046,2025-06-14,22:24:15,2025,6,14,22,Saturday,,,0.0,0.0,0,1,25.03,24.48,24.79,0.29,0.29,,3.89,,85.95
1046,1047,2025-06-14,14:52:42,2025,6,14,14,Saturday,,,0.0,0.0,279,1,25.03,24.48,24.79,0.29,0.29,,3.89,,85.95
1047,1048,2025-06-13,16:38:26,2025,6,13,16,Friday,,,0.0,0.0,0,0,25.21,24.63,25.08,0.04,0.04,,4.37,,83.25
1048,1049,2025-06-13,07:23:05,2025,6,13,7,Friday,,,0.0,0.0,290,0,25.21,24.63,25.08,0.04,0.04,,4.37,,83.25
1050,1051,2025-06-12,16:19:21,2025,6,12,16,Thursday,,,0.0,0.0,0,1,25.42,25.19,25.27,0.34,0.34,,5.32,,83.67
1049,1050,2025-06-12,21:14:44,2025,6,12,21,Thursday,,,0.0,0.0,0,1,25.42,25.19,25.27,0.34,0.34,,5.32,,83.67
1052,1053,2025-06-12,15:54:40,2025,6,12,15,Thursday,,,0.0,0.0,0,1,25.42,25.19,25.27,0.34,0.34,,5.32,,83.67
1053,1054,2025-06-12,14:41:09,2025,6,12,14,Thursday,,,0.0,0.0,0,1,25.42,25.19,25.27,0.34,0.34,,5.32,,83.67
1054,1055,2025-06-12,14:24:28,2025,6,12,14,Thursday,,,0.0,0.0,0,1,25.42,25.19,25.27,0.34,0.34,,5.32,,83.67
1055,1056,2025-06-12,07:49:44,2025,6,12,7,Thursday,,,0.0,0.0,2,1,25.42,25.19,25.27,0.34,0.34,,5.32,,83.67
1051,1052,2025-06-12,16:03:28,2025,6,12,16,Thursday,රත්නපුර,කල්තොට,6.65,80.4667,1,1,28.5,22.63,25.32,2.8,2.8,,6.65,,88.19
1056,1057,2025-06-11,10:17:11,2025,6,11,10,Wednesday,කොළඹ,ඔරුගොඩවත්ත,6.9333,79.8833,0,2,27.53,25.76,26.48,13.23,13.23,,8.03,,86.93
1057,1058,2025-06-11,08:37:27,2025,6,11,8,Wednesday,පොළොන්නරුව,මින්නේරිය,8.0333,80.9,0,1,29.21,24.6,26.34,3.69,3.69,,8.4,,86.61
1058,1059,2025-06-10,10:16:08,2025,6,10,10,Tuesday,අනුරාධපුර,රඹෑව,8.5333,80.5,1,1,31.44,25.77,27.65,1.02,1.02,,6.77,,82.36
1059,1060,2025-06-09,15:08:22,2025,6,9,15,Monday,,,0.0,0.0,0,0,26.85,26.33,26.65,0.05,0.05,,6.4,,79.3
1060,1061,2025-06-07,11:12:21,2025,6,7,11,Saturday,නුවරඑළිය,රාගල,6.9833,80.6333,0,0,26.44,21.41,23.33,0.03,0.03,,4.83,,91.46
1061,1062,2025-06-06,20:15:59,2025,6,6,20,Friday,,,0.0,0.0,0,0,26.61,25.88,26.28,0.03,0.03,,4.94,,80.14
1062,1063,2025-06-06,12:37:35,2025,6,6,12,Friday,,,0.0,0.0,0,0,26.61,25.88,26.28,0.03,0.03,,4.94,,80.14
1063,1064,2025-06-06,11:25:39,2025,6,6,11,Friday,කුරුණෑගල,කනදුල්ල,7.4667,79.95,1,1,29.88,26.66,27.89,0.16,0.16,,5.7,,88.69
1064,1065,2025-06-06,08:02:58,2025,6,6,8,Friday,කොළඹ,මෝදර,6.8167,79.8667,0,1,29.13,26.02,27.34,0.46,0.46,,4.68,,89.66
1065,1066,2025-06-05,12:55:24,2025,6,5,12,Thursday,කොළඹ,මෝදර,6.8167,79.8667,0,1,29.14,26.18,27.34,2.27,2.27,,4.39,,88.55
1066,1067,2025-06-04,17:14:28,2025,6,4,17,Wednesday,කොළඹ,වැල්ලවත්ත,6.9167,79.8667,1,1,28.5,25.97,27.11,3.4,3.4,,4.73,,89.36
1067,1068,2025-06-03,15:42:04,2025,6,3,15,Tuesday,බදුල්ල,බණ්ඩාරවෙල,6.8333,80.9833,0,1,30.05,22.07,25.54,0.75,0.75,,3.72,,85.52
1068,1069,2025-06-01,11:31:28,2025,6,1,11,Sunday,ගාල්ල,පයාගල,6.0333,80.1167,1,2,28.7,28.11,28.34,5.1,5.1,,7.12,,86.0
1069,1070,2025-06-01,09:51:14,2025,6,1,9,Sunday,,,0.0,0.0,0,1,26.64,26.43,26.55,0.99,0.99,,5.79,,80.85
1070,1071,2025-05-31,16:51:43,2025,5,31,16,Saturday,,,0.0,0.0,0,1,26.73,25.95,26.42,1.72,1.72,,4.86,,85.35
1071,1072,2025-05-29,15:43:12,2025,5,29,15,Thursday,මහනුවර,ගැරඬිඇල්ල,7.2333,80.5833,0,2,25.42,21.0,23.32,9.74,9.74,,7.41,,92.79
1073,1074,2025-05-28,06:58:33,2025,5,28,6,Wednesday,,,0.0,0.0,4,0,26.55,26.12,26.34,0.02,0.02,,5.11,,79.07
1072,1073,2025-05-29,07:28:44,2025,5,29,7,Thursday,ගම්පහ,බියගම,6.95,79.9333,1,2,28.97,25.89,27.51,15.56,15.56,,7.39,,89.0
1075,1076,2025-05-25,19:46:55,2025,5,25,19,Sunday,,,0.0,0.0,0,1,27.3,26.63,26.8,0.49,0.49,,3.24,,83.22
1074,1075,2025-05-27,10:15:51,2025,5,27,10,Tuesday,,,0.0,0.0,4,1,26.59,26.18,26.41,0.25,0.25,,5.6,,88.31
1077,1078,2025-05-24,16:36:13,2025,5,24,16,Saturday,මොණරාගල,කුඩාඔය,6.4667,81.0333,0,2,28.8,23.13,26.04,7.16,7.16,,5.45,,89.79
1076,1077,2025-05-25,08:41:26,2025,5,25,8,Sunday,මොණරාගල,කුඩාඔය,6.4667,81.0333,0,2,30.28,23.57,26.68,7.0,7.0,,5.48,,89.32
1078,1079,2025-05-24,09:07:45,2025,5,24,9,Saturday,හම්බන්තොට,වැලිආර,6.05,80.85,1,2,28.92,26.52,27.68,8.23,8.23,,6.17,,88.31
1079,1080,2025-05-24,06:20:04,2025,5,24,6,Saturday,නුවරඑළිය,ටොප්පාස්,6.95,80.7,0,2,25.27,19.66,22.57,11.45,11.45,,4.91,,91.62
1080,1081,2025-05-21,21:51:06,2025,5,21,21,Wednesday,,,0.0,0.0,0,1,28.09,27.41,27.82,0.53,0.53,,6.69,,82.33
1081,1082,2025-05-20,12:21:46,2025,5,20,12,Tuesday,,,0.0,0.0,0,1,27.64,26.26,27.03,2.55,2.55,,5.28,,84.87
1082,1083,2025-05-20,06:45:42,2025,5,20,6,Tuesday,පොළොන්නරුව,හබරණ,8.0,80.9167,0,2,31.08,24.67,27.26,6.39,6.39,,5.94,,87.02
1083,1084,2025-05-19,18:17:52,2025,5,19,18,Monday,,,0.0,0.0,1007,2,26.7,26.38,26.56,8.97,8.97,,3.41,,87.96
1084,1085,2025-05-18,19:14:23,2025,5,18,19,Sunday,,,0.0,0.0,2,2,27.82,26.75,27.43,7.18,7.18,,3.68,,82.42
1085,1086,2025-05-15,14:53:05,2025,5,15,14,Thursday,මහනුවර,ගැරඬිඇල්ල,7.2333,80.5833,0,2,27.5,20.71,23.48,5.36,5.36,,1.9,,83.0
1087,1088,2025-05-15,13:47:02,2025,5,15,13,Thursday,මහනුවර,ගැරඬිඇල්ල,7.2333,80.5833,0,2,27.5,20.71,23.48,5.36,5.36,,1.9,,83.0
1086,1087,2025-05-15,13:54:14,2025,5,15,13,Thursday,,,0.0,0.0,21,0,27.97,27.57,27.8,0.05,0.05,,4.04,,80.27
1088,1089,2025-05-15,13:38:39,2025,5,15,13,Thursday,නුවරඑළිය,තලවකැලේ,6.9333,80.7833,0,2,27.5,20.71,23.48,5.36,5.36,,1.9,,83.0
1089,1090,2025-05-14,11:52:42,2025,5,14,11,Wednesday,,,0.0,0.0,0,1,27.97,27.83,27.9,0.31,0.31,,5.0,,80.25
1090,1091,2025-05-11,08:09:46,2025,5,11,8,Sunday,මහනුවර,ගැරඬිඇල්ල,7.2333,80.5833,21,1,26.24,20.73,23.04,0.43,0.43,,3.0,,91.86
1091,1092,2025-05-10,08:49:01,2025,5,10,8,Saturday,පොළොන්නරුව,මාදුරු ඔය,7.9333,81.0,6,1,31.12,25.66,28.0,3.81,3.81,,2.96,,86.46
1092,1093,2025-05-08,08:34:41,2025,5,8,8,Thursday,මාතර,පාලටුව,6.05,80.5833,0,1,29.39,26.61,27.88,4.03,4.03,,4.18,,81.15
1093,1094,2025-05-05,15:04:33,2025,5,5,15,Monday,කොළඹ,කොටහේන,6.9333,79.8667,1,2,29.31,26.39,27.7,12.43,12.43,,3.13,,89.08
1094,1095,2025-05-03,12:12:44,2025,5,3,12,Saturday,,,0.0,0.0,7,3,27.14,26.4,26.85,22.71,22.71,,2.82,,83.69
1095,1096,2025-05-01,18:30:00,2025,5,1,18,Thursday,පොළොන්නරුව,මින්නේරිය,8.0333,80.9,2,1,32.24,23.87,27.72,0.3,0.3,,2.01,,80.87
1096,1097,2025-04-30,11:22:06,2025,4,30,11,Wednesday,,,0.0,0.0,0,2,28.27,28.05,28.16,6.84,6.84,,4.54,,81.64
1097,1098,2025-04-30,10:59:00,2025,4,30,10,Wednesday,නුවරඑළිය,නෝර්වුඩ්,6.85,80.5667,0,3,25.78,21.03,23.06,24.21,24.21,,2.88,,92.49
1098,1099,2025-04-28,14:44:23,2025,4,28,14,Monday,මහනුවර,තොනිගල,7.2833,80.6333,0,3,30.73,23.06,26.35,25.79,25.79,,1.9,,83.13
1099,1100,2025-04-26,16:13:55,2025,4,26,16,Saturday,අනුරාධපුර,ඔලුකරඳ,8.0333,80.6333,1,2,30.86,24.96,27.65,5.75,5.75,,1.7,,86.27
1100,1101,2025-04-26,09:14:05,2025,4,26,9,Saturday,වවුනියාව,මුණ්ඩිමුරුප්පුව,8.75,80.5,1,1,32.03,25.94,28.83,3.06,3.06,,2.69,,81.32
1101,1102,2025-04-24,07:47:04,2025,4,24,7,Thursday,අම්පාර,තාන්ඩියඩි,6.9,81.85,1,2,31.22,26.62,28.7,5.5,5.5,,2.32,,81.93
1102,1103,2025-04-23,20:38:47,2025,4,23,20,Wednesday,නුවරඑළිය,හැටන්,6.9,80.6,0,2,26.18,19.88,22.65,12.38,12.38,,2.31,,91.32
1103,1104,2025-04-21,19:06:19,2025,4,21,19,Monday,ගම්පහ,වත්තල,6.9895,79.8898,0,2,29.11,26.28,27.6,6.77,6.77,,3.48,,87.22
1104,1105,2025-04-21,14:08:03,2025,4,21,14,Monday,ගම්පහ,නිට්ටඹුව,7.1438,80.0982,0,2,29.11,26.28,27.6,6.77,6.77,,3.48,,87.22
1105,1106,2025-04-21,11:12:43,2025,4,21,11,Monday,කුරුණෑගල,බෙලිගමුව,7.4867,80.6337,2,2,29.44,23.76,26.09,7.71,7.71,,2.53,,89.38
1106,1107,2025-04-19,17:12:08,2025,4,19,17,Saturday,නුවරඑළිය,හැටන්,6.9,80.6,0,2,27.21,21.24,23.54,6.44,6.44,,3.24,,90.7
1107,1108,2025-04-18,18:09:37,2025,4,18,18,Friday,කොළඹ,කොළඹ,6.9271,79.8612,0,1,29.57,25.99,27.58,2.52,2.52,,3.85,,85.9
1108,1109,2025-04-17,11:16:02,2025,4,17,11,Thursday,නුවරඑළිය,දික්ඔය,6.95,80.65,0,1,27.29,21.51,24.03,0.27,0.27,,1.53,,89.54
1109,1110,2025-04-15,16:01:34,2025,4,15,16,Tuesday,අනුරාධපුර,මිහින්තලය,8.35,80.5,5,1,31.47,23.64,27.22,3.28,3.28,,2.15,,83.71
1110,1111,2025-04-15,08:02:32,2025,4,15,8,Tuesday,ගාල්ල,කුරුඳුගහ,6.2,80.2,1,2,29.1,28.21,28.65,5.7,5.7,,4.04,,83.3
1111,1112,2025-04-14,16:42:11,2025,4,14,16,Monday,ත්‍රිකුණාමලය,කන්තලේ,8.35,81.0,1,2,30.38,26.71,28.45,5.25,5.25,,1.8,,81.38
1112,1113,2025-04-12,09:40:21,2025,4,12,9,Saturday,කොළඹ,කොස්ගම,6.75,80.05,0,1,28.99,26.19,27.42,2.79,2.79,,4.9,,85.48
1113,1114,2025-04-12,08:21:11,2025,4,12,8,Saturday,බදුල්ල,වැලිමඩ,6.95,80.95,0,1,29.95,21.8,25.56,2.36,2.36,,3.35,,85.79
1114,1115,2025-04-11,07:16:54,2025,4,11,7,Friday,ගම්පහ,මිනුවන්ගොඩ,7.1667,79.95,1,2,29.19,26.3,27.44,7.05,7.05,,5.46,,84.61
1115,1116,2025-04-09,14:59:42,2025,4,9,14,Wednesday,මහනුවර,මහනුවර,7.2906,80.6337,0,2,28.01,23.22,25.15,5.28,5.28,,3.74,,89.39
1116,1117,2025-04-08,23:17:51,2025,4,8,23,Tuesday,කුරුණෑගල,රස්නායකපුර,7.75,80.05,1,2,30.21,26.23,28.06,6.71,6.71,,1.4,,81.74
1117,1118,2025-04-06,12:38:23,2025,4,6,12,Sunday,කොළඹ,වැලිසර,6.95,79.9,1,2,29.0,25.99,27.37,15.22,15.22,,2.86,,84.99
1118,1119,2025-04-05,11:30:34,2025,4,5,11,Saturday,පොළොන්නරුව,පොළොන්නරුව,7.94,81.0,1,1,31.08,25.39,27.77,3.4,3.4,,1.67,,79.17
1119,1120,2025-04-04,15:33:23,2025,4,4,15,Friday,ගම්පහ,කටුනායක,7.17,79.89,0,3,30.92,24.93,27.85,41.75,41.75,,1.75,,72.69
1120,1121,2025-04-04,10:36:51,2025,4,4,10,Friday,කොළඹ,කොළඹ,6.9271,79.8612,592,3,30.92,24.93,27.85,41.75,41.75,,1.75,,72.69
1121,1122,2025-04-01,17:55:50,2025,4,1,17,Tuesday,මඩකලපුව,මනම්පිටිය,7.6,81.4,0,3,29.54,23.58,26.0,20.53,20.53,,2.03,,87.22
1122,1123,2025-04-01,08:24:24,2025,4,1,8,Tuesday,ගම්පහ,ගැලනිගම,7.0,79.95,0,2,29.18,25.55,27.14,10.79,10.79,,1.92,,82.48
1123,1124,2025-03-31,07:13:53,2025,3,31,7,Monday,මහනුවර,පේරාදෙණිය,7.26,80.6,2,1,30.69,19.22,25.01,0.51,0.51,,1.76,,80.45
1124,1125,2025-03-30,17:34:17,2025,3,30,17,Sunday,මොණරාගල,උඩවලව,6.5,80.9,0,1,29.63,22.48,25.37,2.4,2.4,,2.2,,85.53
1125,1126,2025-03-27,11:04:59,2025,3,27,11,Thursday,කෑගල්ල,කලවාන,7.1,80.3,2,2,29.15,25.43,27.22,5.95,5.95,,2.2,,80.35
1126,1127,2025-03-27,10:40:20,2025,3,27,10,Thursday,නුවරඑළිය,නානුඔය,6.95,80.7,0,2,26.31,20.66,23.18,10.57,10.57,,1.8,,88.15
1127,1128,2025-03-27,09:15:34,2025,3,27,9,Thursday,කළුතර,ඉංගිරිය,6.75,80.05,0,2,29.15,25.43,27.22,5.95,5.95,,2.2,,80.35
1128,1129,2025-03-26,10:19:07,2025,3,26,10,Wednesday,ගම්පහ,මීරිගම,7.2,80.0,3,2,30.12,24.35,27.39,13.31,13.31,,2.05,,71.72
1129,1130,2025-03-26,07:26:20,2025,3,26,7,Wednesday,මොණරාගල,වත්තේගම,6.75,81.0,1,1,30.83,21.29,25.7,4.09,4.09,,1.22,,80.28
1130,1131,2025-03-24,13:51:04,2025,3,24,13,Monday,බදුල්ල,බණ්ඩාරවෙල,6.8333,81.0,0,2,28.77,21.39,24.7,7.14,7.14,,2.92,,90.7
1131,1132,2025-03-23,17:51:33,2025,3,23,17,Sunday,බදුල්ල,බදුල්ල,6.9833,81.05,0,1,29.04,21.69,24.71,1.69,1.69,,2.86,,89.49
1132,1133,2025-03-23,10:38:04,2025,3,23,10,Sunday,මහනුවර,ගම්පොල,7.15,80.5833,0,1,28.38,19.25,23.28,1.18,1.18,,2.76,,86.66
1134,1135,2025-03-22,20:33:49,2025,3,22,20,Saturday,මහනුවර,වරකාපොල,7.1167,80.4667,0,1,28.29,20.34,23.77,4.99,4.99,,2.56,,86.41
1135,1136,2025-03-22,16:26:16,2025,3,22,16,Saturday,මහනුවර,වරකාපොල,7.1167,80.4667,0,1,28.29,20.34,23.77,4.99,4.99,,2.56,,86.41
1133,1134,2025-03-23,10:00:45,2025,3,23,10,Sunday,නුවරඑළිය,හැටන්,6.9,80.6,0,1,28.38,19.25,23.28,1.18,1.18,,2.76,,86.66
1136,1137,2025-03-21,21:00:18,2025,3,21,21,Friday,කුරුණෑගල,වාරියපොල,7.6,80.1,0,1,31.18,24.95,27.97,3.01,3.01,,3.26,,82.33
1137,1138,2025-03-21,10:47:38,2025,3,21,10,Friday,මාතලේ,මාතලේ,7.4667,80.6167,0,1,30.02,22.45,25.74,1.2,1.2,,3.21,,88.45
1138,1139,2025-03-20,17:59:05,2025,3,20,17,Thursday,ගාල්ල,පැලවත්ත,6.05,80.2,2,1,29.93,27.2,28.43,1.65,1.65,,4.51,,81.11
1139,1140,2025-03-20,15:47:26,2025,3,20,15,Thursday,මොණරාගල,බෝඹුරු ඇල්ල,6.7,81.2,0,1,30.03,23.9,26.35,1.29,1.29,,4.01,,87.69
1141,1142,2025-03-20,09:47:19,2025,3,20,9,Thursday,කොළඹ,අවිස්සාවේල්ල,6.95,80.15,0,1,31.43,24.58,27.92,0.81,0.81,,2.38,,77.38
1140,1141,2025-03-20,13:58:07,2025,3,20,13,Thursday,කොළඹ,කොල්ලුපිටිය,6.9,79.85,0,1,31.43,24.58,27.92,0.81,0.81,,2.38,,77.38
1143,1144,2025-03-19,23:13:47,2025,3,19,23,Wednesday,හම්බන්තොට,තිස්සමහාරාම,6.2833,81.3,1,2,29.14,24.23,26.27,6.48,6.48,,2.68,,87.61
1142,1143,2025-03-20,09:03:05,2025,3,20,9,Thursday,මහනුවර,පිළිමතලාව,7.25,80.55,0,1,29.69,21.62,25.3,0.26,0.26,,3.67,,87.74
1144,1145,2025-03-19,14:56:25,2025,3,19,14,Wednesday,මාතලේ,දඹුල්ල,7.4667,80.65,1,1,30.02,22.71,25.78,4.4,4.4,,2.2,,86.52
1145,1146,2025-03-19,10:51:10,2025,3,19,10,Wednesday,මාතලේ,දඹුල්ල,7.4667,80.65,1,1,30.02,22.71,25.78,4.4,4.4,,2.2,,86.52
1147,1148,2025-03-17,11:39:39,2025,3,17,11,Monday,පුත්තලම,ආරච්චිකට්ටුව,7.6,79.9,0,2,29.66,24.61,27.12,6.9,6.9,,3.16,,84.86
1146,1147,2025-03-19,10:19:22,2025,3,19,10,Wednesday,ගම්පහ,මීරිගම,7.2,80.0,1,2,29.99,25.56,27.56,6.69,6.69,,1.95,,83.1
1148,1149,2025-03-16,12:16:27,2025,3,16,12,Sunday,ගාල්ල,කුඹල්ගම,6.05,80.15,0,1,28.95,27.06,28.05,1.98,1.98,,1.6,,77.4
1149,1150,2025-03-15,19:13:05,2025,3,15,19,Saturday,නුවරඑළිය,කුයිල්වත්ත,6.95,80.6,0,1,28.96,20.04,23.82,3.12,3.12,,1.43,,84.35
1150,1151,2025-03-14,13:46:43,2025,3,14,13,Friday,පොළොන්නරුව,මරදන්කඩවල,7.9,81.0,0,1,30.16,24.02,26.71,0.42,0.42,,2.3,,84.59
1151,1152,2025-03-12,17:39:46,2025,3,12,17,Wednesday,කොළඹ,කොළඹ,6.9271,79.8612,0,1,30.42,23.41,26.92,3.36,3.36,,2.42,,77.51
1152,1153,2025-03-12,15:43:40,2025,3,12,15,Wednesday,කොළඹ,බම්බලපිටිය,6.9,79.85,0,1,30.42,23.41,26.92,3.36,3.36,,2.42,,77.51
1153,1154,2025-03-11,13:36:42,2025,3,11,13,Tuesday,කොළඹ,කොළඹ,6.9271,79.8612,0,3,27.57,24.44,26.07,53.54,53.54,,3.73,,89.61
1154,1155,2025-03-11,07:03:24,2025,3,11,7,Tuesday,මාතලේ,බකමූණ,7.6,80.55,4,3,28.81,21.75,25.28,41.44,41.44,,4.4,,91.91
1155,1156,2025-03-10,23:10:31,2025,3,10,23,Monday,පොළොන්නරුව,තෝලංගමුව,8.0,81.0,0,3,28.86,24.48,26.6,22.48,22.48,,4.83,,88.98
1156,1157,2025-03-10,20:17:05,2025,3,10,20,Monday,මාතලේ,දඹුල්ල,7.4667,80.65,11,2,28.43,20.4,24.17,11.51,11.51,,3.99,,92.47
1157,1158,2025-03-10,18:04:06,2025,3,10,18,Monday,මාතලේ,දඹුල්ල,7.4667,80.65,2,2,28.43,20.4,24.17,11.51,11.51,,3.99,,92.47
1158,1159,2025-03-10,17:18:55,2025,3,10,17,Monday,ගම්පහ,නාල්ල,7.2,80.0,0,2,29.77,23.13,26.32,5.89,5.89,,4.39,,83.51
1159,1160,2025-03-10,15:50:34,2025,3,10,15,Monday,පුත්තලම,මාදම්පේ,7.45,79.9,3,2,29.95,23.18,26.45,5.22,5.22,,5.43,,85.44
1161,1162,2025-03-10,08:50:26,2025,3,10,8,Monday,පුත්තලම,මාදම්පේ,7.45,79.9,3,2,29.95,23.18,26.45,5.22,5.22,,5.43,,85.44
1160,1161,2025-03-10,14:19:08,2025,3,10,14,Monday,හම්බන්තොට,කිරින්ද,6.2,81.0,1,3,28.27,26.18,27.2,20.69,20.69,,5.63,,86.51
1162,1163,2025-03-09,21:48:07,2025,3,9,21,Sunday,පුත්තලම,මාදම්පේ,7.45,79.9,3,0,30.24,20.92,25.56,0.01,0.01,,4.22,,74.16
1163,1164,2025-03-09,19:44:04,2025,3,9,19,Sunday,මහනුවර,වරකාපොල,7.1167,80.4667,1,1,27.16,14.15,20.57,0.17,0.17,,2.4,,78.05
1164,1165,2025-03-09,16:44:56,2025,3,9,16,Sunday,මහනුවර,මහනුවර,7.2906,80.6337,0,1,28.57,16.57,22.5,0.11,0.11,,3.19,,82.1
1165,1166,2025-03-09,13:00:42,2025,3,9,13,Sunday,අනුරාධපුර,ශ්‍රාවස්තිපුර,8.3,80.4,1,0,29.79,18.79,24.07,0.09,0.09,,3.17,,79.05
1166,1167,2025-03-08,14:58:11,2025,3,8,14,Saturday,ගාල්ල,වැලිපිටිය,6.05,80.1,1,0,29.02,26.61,27.92,0.05,0.05,,3.58,,75.94
1168,1169,2025-03-07,19:56:57,2025,3,7,19,Friday,පොළොන්නරුව,මරදන්කඩවල,7.9,81.0,0,0,30.32,22.37,26.12,0.0,0.0,,2.23,,77.9
1167,1168,2025-03-08,09:17:17,2025,3,8,9,Saturday,කොළඹ,කොහුවල,6.85,79.9,1,0,29.66,23.64,26.4,0.0,0.0,,2.53,,72.36
1169,1170,2025-03-07,11:59:26,2025,3,7,11,Friday,අනුරාධපුර,පලුගස්වැව,8.35,80.5,0,0,31.04,19.46,24.94,0.0,0.0,,2.38,,80.81
1170,1171,2025-03-05,16:04:10,2025,3,5,16,Wednesday,කොළඹ,බණ්ඩාරගම,6.85,80.0,0,0,31.18,24.06,27.59,0.05,0.05,,1.89,,73.89
1171,1172,2025-03-05,12:08:07,2025,3,5,12,Wednesday,ගම්පහ,කුරුඳුගහහැතැක්ම,6.95,79.95,1,0,31.18,24.06,27.59,0.05,0.05,,1.89,,73.89
1172,1173,2025-03-05,08:36:00,2025,3,5,8,Wednesday,කොළඹ,කොළඹ,6.9271,79.8612,0,0,31.18,24.06,27.59,0.05,0.05,,1.89,,73.89
1173,1174,2025-03-03,12:11:31,2025,3,3,12,Monday,රත්නපුර,කුරුවිට,6.7667,80.3667,0,2,26.25,19.56,22.53,12.4,12.4,,2.68,,90.36
1174,1175,2025-03-02,18:41:51,2025,3,2,18,Sunday,මාතර,වැලිගම,5.9667,80.4167,0,3,28.79,25.57,26.9,90.5,90.5,,2.14,,84.98
1175,1176,2025-03-02,16:02:56,2025,3,2,16,Sunday,මහනුවර,උඩතලවින්න,7.3,80.6,1,3,29.49,22.27,25.22,25.19,25.19,,2.72,,90.33
1176,1177,2025-03-01,20:05:04,2025,3,1,20,Saturday,ගම්පහ,මීරිගම,7.2,80.0,1,3,29.12,25.25,26.87,27.91,27.91,,3.45,,88.35
1177,1178,2025-03-01,17:49:38,2025,3,1,17,Saturday,මාතර,වැලිගම,5.9667,80.4167,0,3,27.19,26.18,26.62,26.66,26.66,,2.15,,89.19
1178,1179,2025-03-01,15:34:16,2025,3,1,15,Saturday,ත්‍රිකුණාමලය,මුතූර්,8.45,81.2667,0,2,28.7,27.15,27.73,19.35,19.35,,6.17,,85.96
1179,1180,2025-02-27,07:17:09,2025,2,27,7,Thursday,කුරුණෑගල,කැකුණාව,7.6,80.2,3,2,28.57,25.33,26.68,9.38,9.38,,6.31,,89.23
1180,1181,2025-02-26,15:43:30,2025,2,26,15,Wednesday,නුවරඑළිය,ගිනිගත්හේන,6.95,80.6,0,3,27.26,20.44,23.22,22.95,22.95,,4.59,,89.12
1182,1183,2025-02-25,14:07:42,2025,2,25,14,Tuesday,මාතලේ,කොහොලන්වල,7.5,80.7,1,1,29.44,21.16,24.66,2.75,2.75,,4.48,,89.34
1181,1182,2025-02-25,16:41:10,2025,2,25,16,Tuesday,අනුරාධපුර,පදවිය,8.2,80.4,0,2,30.18,22.73,25.81,6.27,6.27,,4.71,,88.04
1183,1184,2025-02-24,17:31:01,2025,2,24,17,Monday,කෑගල්ල,මහපල්ලේගම,7.25,80.35,1,0,28.84,19.02,23.64,0.07,0.07,,4.05,,87.19
1184,1185,2025-02-24,14:10:21,2025,2,24,14,Monday,වවුනියාව,වවුනියාව,8.75,80.5,0,1,29.49,23.18,25.98,0.88,0.88,,4.55,,80.37
1185,1186,2025-02-22,14:03:02,2025,2,22,14,Saturday,පොළොන්නරුව,මින්නේරිය,8.0,80.9,0,0,29.92,20.33,24.56,0.01,0.01,,3.04,,85.26
1186,1187,2025-02-20,07:02:10,2025,2,20,7,Thursday,පොළොන්නරුව,ගල්ඔය,7.9,81.0,0,0,29.17,23.19,25.7,0.06,0.06,,2.91,,76.34
1187,1188,2025-02-17,08:56:46,2025,2,17,8,Monday,මහනුවර,කන්දකැටිය,7.2,80.55,0,0,27.85,17.01,22.13,0.09,0.09,,2.83,,86.84
1188,1189,2025-02-16,17:27:14,2025,2,16,17,Sunday,කොළඹ,දෙහිඕවිට,6.8,80.1,0,0,30.3,22.68,26.12,0.05,0.05,,2.94,,76.13
1189,1190,2025-02-16,12:08:34,2025,2,16,12,Sunday,කොළඹ,බණ්ඩාරගම,6.85,80.0,1,0,30.3,22.68,26.12,0.05,0.05,,2.94,,76.13
1190,1191,2025-02-15,19:08:16,2025,2,15,19,Saturday,යාපනය,චාවකච්චේරි,9.65,80.0,0,0,28.44,24.01,26.12,0.0,0.0,,4.0,,72.91
1191,1192,2025-02-15,15:10:52,2025,2,15,15,Saturday,පුත්තලම,වෙන්නප්පුව,7.3,79.85,1,0,29.38,20.03,24.58,0.0,0.0,,4.45,,78.92
1192,1193,2025-02-15,08:01:52,2025,2,15,8,Saturday,පුත්තලම,වෙන්නප්පුව,7.3,79.85,1,0,29.38,20.03,24.58,0.0,0.0,,4.45,,78.92
1193,1194,2025-02-15,06:48:11,2025,2,15,6,Saturday,කළුතර,පානදුර,6.7167,79.9,0,1,29.33,24.1,26.62,0.11,0.11,,1.76,,74.46
1194,1195,2025-02-14,11:45:56,2025,2,14,11,Friday,මාතර,වැලිගම,5.9667,80.4167,0,0,29.01,23.52,26.37,0.01,0.01,,3.01,,74.88
1195,1196,2025-02-14,09:08:28,2025,2,14,9,Friday,පුත්තලම,වෙන්නප්පුව,7.3,79.85,1,0,29.6,20.27,25.01,0.0,0.0,,3.25,,78.64
1196,1197,2025-02-13,13:40:24,2025,2,13,13,Thursday,කොළඹ,කොළඹ,6.9271,79.8612,0,0,30.11,21.18,25.46,0.0,0.0,,4.26,,79.13
1197,1198,2025-02-13,11:18:25,2025,2,13,11,Thursday,කොළඹ,කොළඹ,6.9271,79.8612,0,0,30.11,21.18,25.46,0.0,0.0,,4.26,,79.13
1198,1199,2025-02-12,19:25:32,2025,2,12,19,Wednesday,බදුල්ල,හල්පේ,6.9833,81.05,1,0,27.58,19.35,23.15,0.05,0.05,,3.56,,89.62
1199,1200,2025-02-12,17:37:48,2025,2,12,17,Wednesday,හම්බන්තොට,හම්බන්තොට,6.14,81.12,0,0,28.88,26.0,27.24,0.02,0.02,,6.84,,82.9
1201,1202,2025-02-12,10:18:28,2025,2,12,10,Wednesday,ගම්පහ,බරවාවිල,7.1,79.95,0,0,30.52,22.67,26.29,0.01,0.01,,4.79,,81.97
1200,1201,2025-02-12,11:11:12,2025,2,12,11,Wednesday,කළුතර,වාද්දුව,6.65,79.95,1,0,30.7,24.85,27.53,0.06,0.06,,2.74,,79.34
1203,1204,2025-02-11,14:05:26,2025,2,11,14,Tuesday,කුරුණෑගල,තෝරයාය,7.4833,80.3667,4,1,28.91,19.6,23.84,0.16,0.16,,3.65,,89.44
1202,1203,2025-02-11,14:32:59,2025,2,11,14,Tuesday,කළුතර,අගලවත්ත,6.6,80.05,1,0,30.27,23.24,26.94,0.08,0.08,,3.33,,80.31
1204,1205,2025-02-11,11:34:42,2025,2,11,11,Tuesday,මොණරාගල,කතරගම,6.4167,81.3,0,1,29.54,21.71,25.4,0.16,0.16,,4.29,,87.81
1205,1206,2025-02-10,22:44:01,2025,2,10,22,Monday,නුවරඑළිය,නොර්වුඩ්,6.9,80.6,0,0,26.37,15.31,20.61,0.01,0.01,,3.26,,86.91
1206,1207,2025-02-10,08:40:12,2025,2,10,8,Monday,කුරුණෑගල,තෝරයාය,7.4833,80.3667,4,0,27.53,18.06,22.56,0.0,0.0,,3.61,,86.46
1207,1208,2025-02-10,06:25:18,2025,2,10,6,Monday,කුරුණෑගල,තෝරයාය,7.4833,80.3667,4,0,27.53,18.06,22.56,0.0,0.0,,3.61,,86.46
1208,1209,2025-02-09,10:54:55,2025,2,9,10,Sunday,නුවරඑළිය,දික්ඔය,6.95,80.65,0,0,25.04,16.49,20.11,0.0,0.0,,4.47,,87.14
1209,1210,2025-02-07,10:56:28,2025,2,7,10,Friday,කුරුණෑගල,ඉපලෝගම,7.7,80.2,1,0,29.22,21.48,24.9,0.0,0.0,,5.39,,82.65
1210,1211,2025-02-06,13:17:23,2025,2,6,13,Thursday,නුවරඑළිය,නුවරඑළිය,6.9667,80.7667,0,1,26.85,17.26,21.44,0.15,0.15,,3.07,,87.28
1211,1212,2025-02-05,18:34:00,2025,2,5,18,Wednesday,කළුතර,අලුත්ගම,6.55,79.9833,0,1,28.8,24.37,26.54,2.09,2.09,,1.68,,80.92
1212,1213,2025-02-03,21:10:54,2025,2,3,21,Monday,බදුල්ල,බණ්ඩාරවෙල,6.8333,81.0,1,1,27.06,18.5,22.48,0.22,0.22,,2.73,,88.61
1213,1214,2025-02-03,08:58:02,2025,2,3,8,Monday,වවුනියාව,මහරම්බකුලම,8.75,80.5,1,0,28.49,22.23,25.02,0.05,0.05,,3.44,,83.19
1214,1215,2025-02-02,19:23:09,2025,2,2,19,Sunday,රත්නපුර,උඩකඩ,6.6833,80.4,1,1,29.73,20.82,24.82,0.5,0.5,,2.33,,84.41
1215,1216,2025-02-02,16:10:22,2025,2,2,16,Sunday,ගම්පහ,දූනගහ,7.2,80.0,0,1,29.98,22.92,26.3,0.37,0.37,,3.85,,81.19
1216,1217,2025-02-01,23:04:53,2025,2,1,23,Saturday,මහනුවර,ගම්පොල,7.15,80.5833,0,1,27.06,19.25,22.52,1.62,1.62,,3.21,,89.07
1217,1218,2025-02-01,12:22:32,2025,2,1,12,Saturday,පොළොන්නරුව,හබරණ,8.0833,80.9167,2,1,29.1,22.23,25.14,0.21,0.21,,3.73,,89.39
1218,1219,2025-01-31,07:05:20,2025,1,31,7,Friday,ගම්පහ,දරණාගම,7.05,79.95,1,2,29.62,24.69,26.85,5.95,5.95,,2.8,,87.05
1219,1220,2025-01-29,13:50:40,2025,1,29,13,Wednesday,පොළොන්නරුව,මින්නේරිය,8.0,80.9,0,2,24.69,20.18,22.88,11.65,11.65,,3.04,,94.59
1220,1221,2025-01-26,09:47:49,2025,1,26,9,Sunday,ගාල්ල,අඟුළුගහ,6.05,80.2,0,1,27.95,25.82,26.74,2.63,2.63,,4.49,,82.62
1222,1223,2025-01-24,07:48:40,2025,1,24,7,Friday,පුත්තලම,කට්ටුව,7.2,79.85,4,2,28.38,22.58,25.26,5.92,5.92,,4.66,,83.17
1221,1222,2025-01-26,06:59:42,2025,1,26,6,Sunday,පුත්තලම,මදුරන්කුලිය,7.3,79.85,1,0,28.32,22.66,25.07,0.02,0.02,,6.36,,85.03
1223,1224,2025-01-23,23:27:49,2025,1,23,23,Thursday,රත්නපුර,මාහිංගොඩ,6.6833,80.4,0,1,27.85,21.29,23.8,3.95,3.95,,3.24,,87.22
1224,1225,2025-01-23,15:31:00,2025,1,23,15,Thursday,කළුතර,පයාගල,6.6,80.0,1,2,28.25,24.08,26.0,6.78,6.78,,3.65,,83.84
1226,1227,2025-01-22,07:22:14,2025,1,22,7,Wednesday,ත්‍රිකුණාමලය,මුතූර්,8.45,81.2667,0,2,27.52,25.44,26.26,18.53,18.53,,5.54,,86.43
1225,1226,2025-01-23,10:04:09,2025,1,23,10,Thursday,බදුල්ල,දෙමෝදර,6.8333,81.0,0,1,26.1,20.63,22.75,1.77,1.77,,3.94,,90.54
1227,1228,2025-01-21,14:39:00,2025,1,21,14,Tuesday,කොළඹ,දෙමටගොඩ,6.92,79.88,0,1,28.98,23.52,25.88,2.81,2.81,,5.79,,86.8
1228,1229,2025-01-20,06:44:02,2025,1,20,6,Monday,ත්‍රිකුණාමලය,සේරුනුවර,8.4667,81.0833,0,2,27.56,25.43,26.28,10.62,10.62,,5.74,,87.44
1229,1230,2025-01-19,23:38:28,2025,1,19,23,Sunday,මහනුවර,මයිලපිටිය,7.2,80.7,1,2,23.91,20.19,21.94,18.89,18.89,,5.17,,95.39
1230,1231,2025-01-19,15:04:35,2025,1,19,15,Sunday,මහනුවර,පන්විල,7.25,80.6,2,3,24.59,22.3,23.32,24.61,24.61,,6.08,,95.46
1231,1232,2025-01-19,10:19:57,2025,1,19,10,Sunday,මාතර,ගන්දර,5.95,80.55,0,3,26.57,24.74,25.67,40.35,40.35,,4.66,,89.75
1232,1233,2025-01-18,11:49:15,2025,1,18,11,Saturday,නුවරඑළිය,නානුඔය,6.95,80.7,0,3,24.11,20.15,21.51,30.28,30.28,,4.39,,93.01
1234,1235,2025-01-17,08:25:09,2025,1,17,8,Friday,හම්බන්තොට,අපරැක්ක,6.2,80.85,1,1,29.46,24.17,26.63,0.23,0.23,,4.7,,80.41
1233,1234,2025-01-17,17:22:46,2025,1,17,17,Friday,කොළඹ,කොළඹ,6.9271,79.8612,68,1,28.9,22.4,25.29,0.23,0.23,,6.25,,84.06
1236,1237,2025-01-16,20:34:51,2025,1,16,20,Thursday,අනුරාධපුර,නොච්චියාගම,8.2,80.5,2,1,26.07,22.08,23.95,4.35,4.35,,4.51,,92.35
1235,1236,2025-01-16,23:17:54,2025,1,16,23,Thursday,බදුල්ල,ලොග්ගල්ලාඔය,7.3,81.0,1,2,26.47,21.81,23.96,7.43,7.43,,4.03,,92.18
1237,1238,2025-01-12,16:41:14,2025,1,12,16,Sunday,කොළඹ,කොළඹ,6.9271,79.8612,0,2,28.58,23.96,25.95,16.22,16.22,,4.65,,87.27
1238,1239,2025-01-12,14:39:09,2025,1,12,14,Sunday,ගම්පහ,මිනුවන්ගොඩ,7.1667,79.95,0,2,28.58,23.96,25.95,16.22,16.22,,4.65,,87.27
1240,1241,2025-01-12,11:02:36,2025,1,12,11,Sunday,හම්බන්තොට,මිරිජ්ජවිල,6.15,81.1,1,2,27.7,26.07,26.67,14.85,14.85,,6.37,,88.16
1239,1240,2025-01-12,11:28:39,2025,1,12,11,Sunday,හම්බන්තොට,හුංගම,6.1167,80.15,1,2,27.96,26.01,26.83,6.55,6.55,,5.36,,86.53
1241,1242,2025-01-11,08:44:49,2025,1,11,8,Saturday,බදුල්ල,පස්සර,6.9833,81.05,0,2,26.57,21.64,23.65,9.34,9.34,,3.65,,93.19
1242,1243,2025-01-10,11:49:08,2025,1,10,11,Friday,කොළඹ,රාජගිරිය,6.9,79.9,0,1,29.04,24.17,26.1,3.24,3.24,,5.63,,87.11
1243,1244,2025-01-09,12:47:46,2025,1,9,12,Thursday,කොළඹ,කොල්ලුපිටිය,6.9,79.85,0,1,29.45,23.36,26.06,1.88,1.88,,5.08,,84.15
1244,1245,2025-01-09,07:57:08,2025,1,9,7,Thursday,පොළොන්නරුව,පොළොන්නරුව,7.94,81.0,1,2,28.2,23.63,25.63,9.5,9.5,,4.69,,89.78
1245,1246,2025-01-08,20:23:11,2025,1,8,20,Wednesday,අනුරාධපුර,මැදවච්චිය,8.15,80.5,0,1,28.89,21.5,24.4,0.97,0.97,,3.49,,89.35
1246,1247,2025-01-08,18:03:27,2025,1,8,18,Wednesday,අනුරාධපුර,මැදවච්චිය,8.15,80.5,1,1,28.89,21.5,24.4,0.97,0.97,,3.49,,89.35
1247,1248,2025-01-08,11:35:35,2025,1,8,11,Wednesday,මාතලේ,පල්ලේපොළ,7.4667,80.65,2,1,28.32,20.57,23.76,1.45,1.45,,3.31,,89.9
1248,1249,2025-01-06,12:37:56,2025,1,6,12,Monday,කොළඹ,කොළඹ,6.9271,79.8612,12140,0,28.8,22.56,25.56,0.02,0.02,,4.78,,82.25
1249,1250,2025-01-06,06:46:48,2025,1,6,6,Monday,අනුරාධපුර,රාජාංගනය,8.1,80.6,1,1,28.31,20.39,23.98,0.38,0.38,,3.38,,88.01
1250,1251,2025-01-05,11:10:02,2025,1,5,11,Sunday,කොළඹ,කොළඹ,6.9271,79.8612,0,1,29.17,22.5,25.58,0.2,0.2,,4.39,,79.54
1251,1252,2025-01-05,07:12:43,2025,1,5,7,Sunday,රත්නපුර,ඇඹිලිපිටිය,6.35,80.85,5,1,29.29,20.28,24.24,0.51,0.51,,1.72,,84.42
1252,1253,2025-01-04,06:27:48,2025,1,4,6,Saturday,මාතර,වැලිගම,5.9667,80.4167,1,1,28.54,24.32,26.3,0.28,0.28,,4.49,,80.69
1253,1254,2025-01-03,07:15:42,2025,1,3,7,Friday,කොළඹ,අඹතලය,6.9,80.0,1,1,28.67,23.07,25.26,0.52,0.52,,6.39,,83.5
1254,1255,2025-01-02,20:25:38,2025,1,2,20,Thursday,මාතර,මාතර,5.95,80.5333,1,3,27.76,24.98,26.17,22.08,22.08,,4.82,,85.58
1255,1256,2025-01-02,12:52:39,2025,1,2,12,Thursday,කිලිනොච්චිය,කිලිනොච්චිය,9.38,80.0,2,0,27.14,25.47,26.21,0.08,0.08,,7.32,,75.69
1256,1257,2025-01-02,10:07:35,2025,1,2,10,Thursday,වවුනියාව,කුරුමන්කාඩු,8.75,80.5,1,1,27.0,23.43,24.79,0.39,0.39,,5.26,,82.68
1257,1258,2025-01-01,16:53:02,2025,1,1,16,Wednesday,කොළඹ,කොළඹ,6.9271,79.8612,0,2,28.55,24.25,25.9,14.9,14.9,,6.01,,87.38
1259,1260,2025-01-01,14:46:26,2025,1,1,14,Wednesday,අනුරාධපුර,තිරප්පනේ,8.35,80.5,0,2,27.83,22.71,24.88,10.69,10.69,,5.6,,88.96
1258,1259,2025-01-01,16:14:46,2025,1,1,16,Wednesday,නුවරඑළිය,දික්ඔය,6.95,80.65,0,3,24.84,20.17,21.93,23.47,23.47,,5.17,,92.5
1260,1261,2025-01-01,07:10:10,2025,1,1,7,Wednesday,වවුනියාව,පාවක්කුලම,8.75,80.5,1,1,27.75,23.94,25.52,3.74,3.74,,6.36,,84.97
1261,1262,2024-12-31,15:29:50,2024,12,31,15,Tuesday,බදුල්ල,විහාරගල,6.8333,81.0,2,2,26.21,21.77,23.73,8.13,8.13,,3.95,,93.47
1262,1263,2024-12-31,07:17:02,2024,12,31,7,Tuesday,ගාල්ල,අහුංගල්ල,6.05,80.05,0,2,28.78,26.57,27.61,8.78,8.78,,3.64,,82.55
1263,1264,2024-12-29,14:08:07,2024,12,29,14,Sunday,ගම්පහ,කැලණිය,6.95,79.92,0,1,28.59,23.32,25.96,0.72,0.72,,4.87,,85.26
1264,1265,2024-12-28,17:16:32,2024,12,28,17,Saturday,කොළඹ,කොළඹ,6.9271,79.8612,0,1,29.78,24.13,26.57,1.14,1.14,,4.64,,83.67
1265,1266,2024-12-28,16:43:15,2024,12,28,16,Saturday,කොළඹ,පන්නිපිටිය,6.85,79.95,1,1,29.78,24.13,26.57,1.14,1.14,,4.64,,83.67
1266,1267,2024-12-27,16:33:22,2024,12,27,16,Friday,ගාල්ල,හික්කඩුව,6.1333,80.1,7,1,28.85,26.5,27.68,0.7,0.7,,1.64,,79.97
1267,1268,2024-12-27,15:52:25,2024,12,27,15,Friday,කොළඹ,කොළඹ,6.9271,79.8612,0,1,29.76,24.44,26.92,2.06,2.06,,1.97,,83.4
1269,1270,2024-12-27,07:06:23,2024,12,27,7,Friday,කොළඹ,කොළඹ,6.9271,79.8612,1,1,29.76,24.44,26.92,2.06,2.06,,1.97,,83.4
1268,1269,2024-12-27,08:38:33,2024,12,27,8,Friday,පොළොන්නරුව,ගල්ඔය,7.9,81.0,1,2,29.36,23.64,26.34,6.85,6.85,,3.43,,88.1
1270,1271,2024-12-26,19:10:19,2024,12,26,19,Thursday,ශ්‍රී ලංකාව,ශ්‍රී ලංකාව,6.9271,79.8612,35000,1,29.8,23.33,26.66,0.2,0.2,,2.87,,79.39
1272,1273,2024-12-26,15:55:57,2024,12,26,15,Thursday,කොළඹ,කොළඹ,6.9271,79.8612,0,1,29.8,23.33,26.66,0.2,0.2,,2.87,,79.39
1271,1272,2024-12-26,15:57:08,2024,12,26,15,Thursday,ගාල්ල,පැරෑලිය,6.05,80.1,1,0,29.38,25.89,27.72,0.07,0.07,,2.24,,76.04
1273,1274,2024-12-26,14:48:58,2024,12,26,14,Thursday,කළුතර,කොහොලාන,6.5833,79.9833,1,1,30.03,23.68,26.97,0.12,0.12,,2.4,,78.46
1275,1276,2024-12-26,06:36:23,2024,12,26,6,Thursday,ශ්‍රී ලංකාව,ශ්‍රී ලංකාව,6.9271,79.8612,35000,1,29.8,23.33,26.66,0.2,0.2,,2.87,,79.39
1274,1275,2024-12-26,09:37:33,2024,12,26,9,Thursday,කිලිනොච්චිය,කිලිනොච්චිය,9.38,80.0,1,1,28.47,25.82,27.11,0.25,0.25,,4.36,,83.45
1276,1277,2024-12-25,22:54:37,2024,12,25,22,Wednesday,බදුල්ල,බණ්ඩාරවෙල,6.8333,81.0,0,0,29.5,20.37,24.32,0.06,0.06,,0.87,,82.24
1277,1278,2024-12-25,15:40:27,2024,12,25,15,Wednesday,කොළඹ,කොළඹ,6.9271,79.8612,0,0,28.62,23.68,26.02,0.0,0.0,,1.81,,78.17
1278,1279,2024-12-25,14:11:14,2024,12,25,14,Wednesday,කොළඹ,කොළඹ,6.9271,79.8612,0,0,28.62,23.68,26.02,0.0,0.0,,1.81,,78.17
1279,1280,2024-12-24,16:07:40,2024,12,24,16,Tuesday,කොළඹ,කොළඹ,6.9271,79.8612,0,0,28.55,22.89,25.77,0.0,0.0,,2.55,,81.55
1280,1281,2024-12-23,07:19:31,2024,12,23,7,Monday,කොළඹ,කොළඹ,6.9271,79.8612,0,1,28.84,24.1,26.21,0.25,0.25,,3.27,,84.3
1281,1282,2024-12-22,21:00:44,2024,12,22,21,Sunday,කොළඹ,කොළඹ,6.9271,79.8612,13,1,28.82,25.35,26.8,3.07,3.07,,2.68,,87.12
1283,1284,2024-12-22,17:08:06,2024,12,22,17,Sunday,කොළඹ,කොළඹ,6.9271,79.8612,0,1,28.82,25.35,26.8,3.07,3.07,,2.68,,87.12
1282,1283,2024-12-22,18:04:20,2024,12,22,18,Sunday,නුවරඑළිය,මල්ලිඅප්පුව,6.9,80.6,3,1,26.92,20.74,23.2,3.78,3.78,,2.06,,90.26
1285,1286,2024-12-22,14:03:35,2024,12,22,14,Sunday,නුවරඑළිය,මල්ලියප්පු,6.9,80.6,3,1,26.92,20.74,23.2,3.78,3.78,,2.06,,90.26
1286,1287,2024-12-22,12:42:26,2024,12,22,12,Sunday,කොළඹ,කොළඹ,6.9271,79.8612,11000,1,28.82,25.35,26.8,3.07,3.07,,2.68,,87.12
1287,1288,2024-12-22,11:16:59,2024,12,22,11,Sunday,කොළඹ,කොළඹ,6.9271,79.8612,13,1,28.82,25.35,26.8,3.07,3.07,,2.68,,87.12
1284,1285,2024-12-22,17:07:38,2024,12,22,17,Sunday,මාතලේ,ලෝටන්,7.5,80.7,1,1,29.08,22.53,25.28,3.58,3.58,,1.85,,89.84
1288,1289,2024-12-21,15:47:01,2024,12,21,15,Saturday,කෑගල්ල,කඩුගන්නාව,7.25,80.2833,0,1,28.74,25.66,27.15,1.88,1.88,,3.41,,89.68
1290,1291,2024-12-21,11:08:54,2024,12,21,11,Saturday,නුවරඑළිය,හැටන්,6.9,80.6,0,2,26.15,21.27,23.21,13.8,13.8,,3.04,,94.65
1289,1290,2024-12-21,11:47:01,2024,12,21,11,Saturday,නුවරඑළිය,මල්ලියප්පු,6.9,80.6,3,2,26.15,21.27,23.21,13.8,13.8,,3.04,,94.65
1291,1292,2024-12-21,06:36:07,2024,12,21,6,Saturday,ගාල්ල,බද්දේගම,6.05,80.15,2,2,28.85,28.03,28.38,15.45,15.45,,6.16,,87.09
1292,1293,2024-12-20,21:38:14,2024,12,20,21,Friday,කළුතර,කළුතර,6.5833,79.95,0,1,28.39,26.07,27.19,4.46,4.46,,3.92,,87.93
1293,1294,2024-12-20,07:03:16,2024,12,20,7,Friday,ගාල්ල,හික්කඩුව,6.1333,80.1,0,1,28.66,27.35,28.1,4.99,4.99,,5.09,,85.38
1294,1295,2024-12-19,07:21:36,2024,12,19,7,Thursday,ගම්පහ,කඩවත,7.0,79.95,1,2,28.6,25.04,26.56,7.81,7.81,,2.15,,86.91
1295,1296,2024-12-18,16:03:05,2024,12,18,16,Wednesday,කොළඹ,කොළඹ,6.9271,79.8612,16,1,28.68,24.3,26.27,1.95,1.95,,3.26,,87.57
1296,1297,2024-12-17,09:21:31,2024,12,17,9,Tuesday,ගාල්ල,හික්කඩුව,6.1333,80.1,0,1,28.2,26.86,27.53,0.59,0.59,,5.79,,86.0
1298,1299,2024-12-16,11:12:24,2024,12,16,11,Monday,මාතලේ,දඹුල්ල,7.4667,80.65,0,3,27.49,22.29,24.38,22.52,22.52,,3.71,,93.26
1297,1298,2024-12-16,12:20:10,2024,12,16,12,Monday,මහනුවර,මහනුවර,7.2906,80.6337,1,3,27.49,22.29,24.38,22.52,22.52,,3.71,,93.26
1299,1300,2024-12-16,08:09:04,2024,12,16,8,Monday,හම්බන්තොට,බෙලිඅත්ත,6.05,80.85,0,2,28.06,25.43,26.64,7.33,7.33,,2.05,,87.1
1300,1301,2024-12-16,07:13:01,2024,12,16,7,Monday,කොළඹ,ගම්මන්පිල,6.8,80.0,0,2,27.91,24.04,25.93,11.98,11.98,,5.47,,90.27
1302,1303,2024-12-15,17:18:59,2024,12,15,17,Sunday,හම්බන්තොට,බෙලිඅත්ත,6.05,80.85,0,2,29.75,25.9,27.42,14.81,14.81,,2.58,,83.33
1301,1302,2024-12-15,17:48:10,2024,12,15,17,Sunday,මාතලේ,ලග්ගල,7.5,80.7,1,1,26.9,21.51,23.63,2.5,2.5,,3.77,,90.23
1303,1304,2024-12-14,11:30:36,2024,12,14,11,Saturday,අනුරාධපුර,තඹුත්තේගම,8.2,80.7,1,3,26.94,23.44,25.07,28.51,28.51,,3.85,,94.61
1304,1305,2024-12-13,07:42:26,2024,12,13,7,Friday,ගාල්ල,පිටිගල,6.35,80.3,3,2,28.41,25.38,26.66,12.5,12.5,,1.97,,86.24
1305,1306,2024-12-12,09:04:03,2024,12,12,9,Thursday,කොළඹ,කොට්ටාව,6.85,79.95,2,2,28.51,24.34,26.25,10.87,10.87,,3.12,,86.62
1306,1307,2024-12-11,23:13:28,2024,12,11,23,Wednesday,මාතලේ,මිරිස්ගෝනියාව,7.7,80.6,1,1,28.13,21.8,24.26,1.36,1.36,,3.17,,90.59
1307,1308,2024-12-11,16:16:08,2024,12,11,16,Wednesday,අනුරාධපුර,මිහින්තලය,8.35,80.5,1,2,28.35,23.66,25.28,10.5,10.5,,3.97,,90.81
1308,1309,2024-12-11,13:13:21,2024,12,11,13,Wednesday,ගාල්ල,අහුංගල්ල,6.05,80.05,0,1,28.83,26.82,27.82,2.18,2.18,,5.31,,82.72
1309,1310,2024-12-11,11:10:36,2024,12,11,11,Wednesday,කොළඹ,කොළඹ,6.9271,79.8612,0,1,28.72,24.43,26.4,1.15,1.15,,4.92,,86.17
1310,1311,2024-12-10,09:23:28,2024,12,10,9,Tuesday,කොළඹ,කඩුවෙල,6.9333,79.95,0,1,28.7,23.61,26.19,0.46,0.46,,4.5,,82.83
1311,1312,2024-12-10,08:05:17,2024,12,10,8,Tuesday,පුත්තලම,වට්ටක්කල්ලිය,7.5,79.9,1,1,28.79,23.65,26.26,1.05,1.05,,4.44,,84.37
1312,1313,2024-12-09,13:47:01,2024,12,9,13,Monday,කොළඹ,කොල්ලුපිටිය,6.9,79.85,0,1,29.38,23.11,26.16,0.81,0.81,,3.58,,81.15
1313,1314,2024-12-09,11:25:43,2024,12,9,11,Monday,පුත්තලම,බෝලවත්ත,7.3,79.85,1,0,29.5,23.45,26.15,0.08,0.08,,3.83,,83.26
1314,1315,2024-12-09,10:03:51,2024,12,9,10,Monday,කොළඹ,කොළඹ,6.9271,79.8612,0,1,29.38,23.11,26.16,0.81,0.81,,3.58,,81.15
1315,1316,2024-12-08,21:12:51,2024,12,8,21,Sunday,බදුල්ල,ඇල්ල,6.8667,81.05,0,2,26.54,21.11,23.35,5.15,5.15,,2.55,,91.7
1316,1317,2024-12-08,18:14:42,2024,12,8,18,Sunday,කළුතර,නෑහින්න,6.6,80.0,2,2,29.1,25.32,26.79,9.28,9.28,,1.48,,83.17
1317,1318,2024-12-08,15:03:39,2024,12,8,15,Sunday,මඩකලපුව,කරදියනාරු,7.7,81.2,0,1,27.94,23.02,25.04,4.03,4.03,,2.53,,89.33
1318,1319,2024-12-08,07:13:42,2024,12,8,7,Sunday,පොළොන්නරුව,පොලොන්නරුව,7.94,81.0,1,1,28.56,24.52,26.15,1.65,1.65,,3.54,,86.77
1320,1321,2024-12-07,18:08:54,2024,12,7,18,Saturday,කොළඹ,කොල්ලුපිටිය,6.9,79.85,0,1,29.96,23.35,26.67,0.22,0.22,,3.05,,80.89
1319,1320,2024-12-07,19:44:02,2024,12,7,19,Saturday,මොණරාගල,සෙල්ලකතරගම,6.4167,81.3,1,1,28.41,22.68,25.23,0.52,0.52,,3.19,,88.84
1321,1322,2024-12-07,14:17:20,2024,12,7,14,Saturday,කොළඹ,කොල්ලුපිටිය,6.9,79.85,0,1,29.96,23.35,26.67,0.22,0.22,,3.05,,80.89
1322,1323,2024-12-07,12:51:46,2024,12,7,12,Saturday,කොළඹ,කොල්ලුපිටිය,6.9,79.85,0,1,29.96,23.35,26.67,0.22,0.22,,3.05,,80.89
1324,1325,2024-12-06,18:57:40,2024,12,6,18,Friday,කොළඹ,කොල්ලුපිටිය,6.9,79.85,0,1,28.11,23.73,25.98,0.81,0.81,,3.25,,85.47
1323,1324,2024-12-07,07:28:48,2024,12,7,7,Saturday,මඩකලපුව,කලවංචිකුඩි,7.8,81.3,0,1,29.34,24.22,26.5,0.14,0.14,,3.3,,85.72
1325,1326,2024-12-06,09:12:25,2024,12,6,9,Friday,ගම්පහ,පෑලියගොඩ,6.95,79.9,1,1,28.11,23.73,25.98,0.81,0.81,,3.25,,85.47
1326,1327,2024-12-04,14:37:48,2024,12,4,14,Wednesday,කළුතර,වැලිපැන්න,6.6,80.05,0,1,29.62,25.04,27.35,0.36,0.36,,1.26,,75.21
1327,1328,2024-12-04,14:05:12,2024,12,4,14,Wednesday,කොළඹ,කොළඹ,6.9271,79.8612,0,1,30.16,24.56,27.2,0.37,0.37,,1.44,,75.67
1328,1329,2024-12-03,22:23:25,2024,12,3,22,Tuesday,ගාල්ල,මාගල්ල,6.05,80.1,0,1,29.36,27.79,28.48,0.18,0.18,,4.88,,75.54
1329,1330,2024-12-03,20:14:31,2024,12,3,20,Tuesday,පුත්තලම,පල්ලම,7.45,79.9,1,0,29.51,24.7,27.03,0.01,0.01,,3.27,,77.82
1330,1331,2024-12-02,12:17:31,2024,12,2,12,Monday,මාතර,මාතර,5.95,80.5333,0,0,29.18,26.28,27.44,0.04,0.04,,6.17,,78.71
1331,1332,2024-12-01,07:55:49,2024,12,1,7,Sunday,ගම්පහ,පෑලියගොඩ,6.95,79.9,3,1,28.66,24.95,26.67,0.24,0.24,,6.1,,83.1
1332,1333,2024-11-30,17:58:42,2024,11,30,17,Saturday,අම්පාර,අම්පාර,7.3,81.6667,6,2,28.99,25.93,27.18,6.97,6.97,,3.66,,85.55
1333,1334,2024-11-30,17:32:02,2024,11,30,17,Saturday,කොළඹ,මහරගම,6.85,79.92,1,2,27.56,25.29,26.34,6.65,6.65,,5.92,,87.21
1334,1335,2024-11-30,12:38:38,2024,11,30,12,Saturday,කොළඹ,කොළඹ,6.9271,79.8612,15,2,27.56,25.29,26.34,6.65,6.65,,5.92,,87.21
1335,1336,2024-11-29,22:24:51,2024,11,29,22,Friday,අම්පාර,අම්පාර,7.3,81.6667,5,2,28.24,25.94,26.98,6.05,6.05,,6.17,,86.7
1336,1337,2024-11-27,13:06:57,2024,11,27,13,Wednesday,අනුරාධපුර,පූනෑව,8.15,80.5,1,3,26.83,23.85,25.21,62.06,62.06,,10.08,,94.88
1337,1338,2024-11-27,12:12:06,2024,11,27,12,Wednesday,කළුතර,කෙවිටියාගල,6.6,80.05,0,2,27.07,25.62,26.44,6.52,6.52,,10.47,,88.12
1338,1339,2024-11-26,09:56:14,2024,11,26,9,Tuesday,පුත්තලම,හලාවත,7.5667,79.85,0,3,27.26,25.24,26.06,49.3,49.3,,7.4,,91.59
1339,1340,2024-11-26,09:06:04,2024,11,26,9,Tuesday,බදුල්ල,බණ්ඩාරවෙල,6.8333,81.0,1,3,24.76,22.63,23.55,68.41,68.41,,9.24,,92.12
1340,1341,2024-11-24,15:09:20,2024,11,24,15,Sunday,ගම්පහ,මීගමුව,7.2,79.8333,0,2,27.79,24.57,26.05,13.94,13.94,,4.51,,88.23
1341,1342,2024-11-23,14:19:20,2024,11,23,14,Saturday,බදුල්ල,දුන්හිඳ,6.8333,81.0,1,2,26.38,22.0,23.87,10.68,10.68,,2.21,,92.48
1342,1343,2024-11-23,09:18:41,2024,11,23,9,Saturday,කුරුණෑගල,කුලියාපිටිය,7.4667,80.0333,2,1,29.22,24.68,26.71,3.16,3.16,,4.44,,87.33
1343,1344,2024-11-23,07:33:55,2024,11,23,7,Saturday,මොණරාගල,තණමල්විල,6.4167,81.0,1,2,28.42,24.23,25.91,8.19,8.19,,1.89,,86.78
1344,1345,2024-11-22,09:32:53,2024,11,22,9,Friday,මන්නාරම,මන්නාරම,8.9833,79.9,0,3,28.17,26.03,26.93,26.64,26.64,,4.4,,89.21
1345,1346,2024-11-22,07:32:45,2024,11,22,7,Friday,පුත්තලම,කල්පිටිය,8.25,79.7,1,3,28.79,25.54,26.91,22.27,22.27,,3.07,,87.32
1346,1347,2024-11-21,14:25:45,2024,11,21,14,Thursday,මුලතිව්,මන්කුලම්,9.2,80.5,2,3,28.67,25.61,26.59,20.74,20.74,,5.21,,90.06
1347,1348,2024-11-20,21:09:46,2024,11,20,21,Wednesday,කුරුණෑගල,ඹබරගොඩ,7.5,80.4,1,2,30.03,21.68,25.64,9.52,9.52,,2.27,,85.04
1349,1350,2024-11-18,22:16:19,2024,11,18,22,Monday,කොළඹ,කොස්වත්ත,6.9,80.0,1,1,29.82,25.07,27.31,4.65,4.65,,2.07,,81.74
1348,1349,2024-11-20,17:30:14,2024,11,20,17,Wednesday,අනුරාධපුර,අනුරාධපුර,8.35,80.4,1,3,28.98,23.89,26.21,29.51,29.51,,3.22,,91.37
1351,1352,2024-11-18,12:00:41,2024,11,18,12,Monday,කොළඹ,වැල්ලවත්ත,6.92,79.87,0,1,29.82,25.07,27.31,4.65,4.65,,2.07,,81.74
1350,1351,2024-11-18,13:04:20,2024,11,18,13,Monday,ගාල්ල,බලපිටිය,6.05,80.0,0,2,28.84,27.33,28.04,10.18,10.18,,2.59,,79.67
1352,1353,2024-11-16,14:42:27,2024,11,16,14,Saturday,මාතර,දෙණිපිටිය,5.95,80.4,2,2,29.29,26.02,27.67,5.95,5.95,,3.76,,83.39
1353,1354,2024-11-16,07:38:36,2024,11,16,7,Saturday,පොළොන්නරුව,ගල්කඩවල,8.0,80.9,1,2,30.36,23.47,26.29,5.82,5.82,,2.58,,88.61
1354,1355,2024-11-15,20:47:13,2024,11,15,20,Friday,මාතර,දෙනිපිටිය,5.95,80.4,1,2,29.05,26.02,27.33,12.19,12.19,,2.52,,83.18
1355,1356,2024-11-14,21:45:38,2024,11,14,21,Thursday,මාතලේ,මාතලේ,7.4667,80.6167,3,2,29.08,22.46,25.44,5.13,5.13,,2.2,,88.55
1356,1357,2024-11-13,12:45:19,2024,11,13,12,Wednesday,ගාල්ල,බූස්ස,6.05,80.2,0,2,28.01,27.37,27.69,8.74,8.74,,4.0,,86.36
1357,1358,2024-11-12,16:27:28,2024,11,12,16,Tuesday,නුවරඑළිය,හැටන්,6.9,80.6,0,2,26.69,20.47,23.15,5.81,5.81,,2.5,,90.7
1359,1360,2024-11-11,20:31:16,2024,11,11,20,Monday,බදුල්ල,අඹගහඔය,7.3,81.0,2,1,29.79,23.08,25.98,2.73,2.73,,3.12,,88.25
1358,1359,2024-11-12,14:12:55,2024,11,12,14,Tuesday,කළුතර,ගෝනපොළ,6.7,80.05,1,1,28.84,25.71,27.12,3.91,3.91,,4.64,,85.64
1360,1361,2024-11-11,09:55:11,2024,11,11,9,Monday,කොළඹ,කොළඹ,6.9271,79.8612,0,1,29.94,24.08,26.95,0.14,0.14,,4.33,,83.12
1361,1362,2024-11-10,09:54:30,2024,11,10,9,Sunday,බදුල්ල,බතලපිටිය,7.3,81.0,0,1,29.34,22.85,25.51,2.46,2.46,,3.49,,88.12
1362,1363,2024-11-10,07:09:08,2024,11,10,7,Sunday,මොණරාගල,සෙවනගල,6.75,81.0,1,1,28.34,21.44,24.14,1.74,1.74,,3.44,,89.41
1363,1364,2024-11-08,22:12:35,2024,11,8,22,Friday,කොළඹ,කොළඹ,6.9271,79.8612,0,3,27.87,25.72,26.75,23.92,23.92,,3.51,,92.09
1364,1365,2024-11-08,15:22:17,2024,11,8,15,Friday,නුවරඑළිය,කොංකොඩියා වත්ත,6.9667,80.7667,1,3,25.29,21.45,23.1,28.26,28.26,,2.48,,95.47
1365,1366,2024-11-08,10:16:27,2024,11,8,10,Friday,අනුරාධපුර,කෝන්වැව,8.2,80.5,0,3,28.6,24.13,25.95,23.55,23.55,,2.23,,93.54
1366,1367,2024-11-07,12:10:16,2024,11,7,12,Thursday,කොළඹ,හංවැල්ල,6.85,80.1,1,2,29.12,24.39,26.7,5.19,5.19,,3.34,,83.84
1367,1368,2024-11-06,19:24:50,2024,11,6,19,Wednesday,නුවරඑළිය,ඔහිය,6.7833,80.8833,0,1,27.93,19.15,22.8,0.27,0.27,,2.04,,82.45
1368,1369,2024-11-05,22:00:43,2024,11,5,22,Tuesday,කුරුණෑගල,පුවග්ගහවෙල,7.7,80.1,0,2,29.03,25.41,27.02,11.46,11.46,,2.07,,81.61
1369,1370,2024-11-05,15:13:04,2024,11,5,15,Tuesday,බදුල්ල,බදුල්ල,6.9833,81.05,0,3,26.48,21.37,23.92,34.23,34.23,,1.86,,91.14
1371,1372,2024-11-05,12:08:42,2024,11,5,12,Tuesday,මොණරාගල,වැල්ලවාය,6.75,81.1,0,3,26.48,21.37,23.92,34.23,34.23,,1.86,,91.14
1370,1371,2024-11-05,13:14:36,2024,11,5,13,Tuesday,නුවරඑළිය,දික්ඔය,6.95,80.65,0,2,25.32,20.21,22.44,13.7,13.7,,1.93,,90.26
1372,1373,2024-11-05,07:35:54,2024,11,5,7,Tuesday,කළුතර,බොල්ගොඩ,6.65,79.95,1,2,27.76,25.1,26.29,15.44,15.44,,2.98,,83.29
1373,1374,2024-11-04,09:30:05,2024,11,4,9,Monday,කුරුණෑගල,නාන්වත්තේගම,7.8,80.2,1,3,29.85,24.76,27.13,24.97,24.97,,1.85,,83.92
1374,1375,2024-11-03,22:51:33,2024,11,3,22,Sunday,මාතර,මාතර,5.95,80.5333,0,2,28.88,25.65,27.09,18.3,18.3,,2.36,,83.02
1376,1377,2024-11-03,09:16:06,2024,11,3,9,Sunday,බදුල්ල,අඹගහඔය,7.3,81.0,2,2,29.13,23.42,25.86,15.29,15.29,,1.62,,86.85
1375,1376,2024-11-03,19:54:24,2024,11,3,19,Sunday,බදුල්ල,අඹගහඔය,7.3,81.0,2,2,29.13,23.42,25.86,15.29,15.29,,1.62,,86.85
1378,1379,2024-11-02,19:44:24,2024,11,2,19,Saturday,බදුල්ල,අඹගහඔය,7.3,81.0,2,3,29.68,23.45,26.08,26.49,26.49,,1.55,,85.04
1377,1378,2024-11-03,07:29:43,2024,11,3,7,Sunday,මාතලේ,ගලේවෙල,7.4833,80.65,1,3,29.94,22.3,25.68,23.78,23.78,,1.03,,84.92
1380,1381,2024-11-02,14:06:25,2024,11,2,14,Saturday,බදුල්ල,අඹගහඔය,7.3,81.0,2,3,29.68,23.45,26.08,26.49,26.49,,1.55,,85.04
1381,1382,2024-11-02,12:38:34,2024,11,2,12,Saturday,බදුල්ල,අඹගහඔය,7.3,81.0,0,3,29.68,23.45,26.08,26.49,26.49,,1.55,,85.04
1379,1380,2024-11-02,18:22:32,2024,11,2,18,Saturday,කොළඹ,කොළඹ,6.9271,79.8612,1898,3,28.45,24.95,26.4,34.35,34.35,,1.6,,84.43
1382,1383,2024-11-02,12:11:17,2024,11,2,12,Saturday,කෑගල්ල,රුවන්වැල්ල,7.05,80.3,0,3,28.45,24.95,26.4,34.35,34.35,,1.6,,84.43
1384,1385,2024-11-02,07:23:59,2024,11,2,7,Saturday,බදුල්ල,අඹගහඔය,7.3,81.0,2,3,29.68,23.45,26.08,26.49,26.49,,1.55,,85.04
1383,1384,2024-11-02,07:40:55,2024,11,2,7,Saturday,අම්පාර,අම්පාර,7.3,81.6667,1,2,29.29,26.79,27.87,12.66,12.66,,2.26,,80.31
1386,1387,2024-11-01,20:25:38,2024,11,1,20,Friday,නුවරඑළිය,රදැල්ල,6.95,80.7,1,1,28.48,21.03,24.12,3.89,3.89,,0.8,,85.66
1385,1386,2024-11-01,23:39:41,2024,11,1,23,Friday,නුවරඑළිය,රදැල්ල,6.95,80.7,1,1,28.48,21.03,24.12,3.89,3.89,,0.8,,85.66
1387,1388,2024-11-01,19:54:45,2024,11,1,19,Friday,බදුල්ල,අඹගහඔය,7.3,81.0,2,1,29.89,24.48,26.59,2.95,2.95,,1.42,,85.72
1388,1389,2024-11-01,12:07:13,2024,11,1,12,Friday,කළුතර,දොඩන්ගොඩ,6.65,80.0,1,2,28.27,25.9,26.87,5.29,5.29,,2.33,,88.0
1389,1390,2024-11-01,09:13:45,2024,11,1,9,Friday,බදුල්ල,අඹගහඔය,7.3,81.0,2,1,29.89,24.48,26.59,2.95,2.95,,1.42,,85.72
1391,1392,2024-10-31,16:21:12,2024,10,31,16,Thursday,කොළඹ,කොල්ලුපිටිය,6.9,79.85,0,1,28.91,25.59,27.0,0.32,0.32,,2.47,,86.28
1390,1391,2024-10-31,17:12:53,2024,10,31,17,Thursday,රත්නපුර,දිගදුර නාගහ,6.65,80.45,0,1,29.07,23.31,25.65,0.35,0.35,,2.18,,89.23
1392,1393,2024-10-31,11:50:11,2024,10,31,11,Thursday,ගාල්ල,කරාපිටිය,6.07,80.22,0,1,28.71,27.67,28.06,1.03,1.03,,3.58,,85.94
1393,1394,2024-10-30,19:27:46,2024,10,30,19,Wednesday,යාපනය,යාපනය,9.65,80.0,0,1,29.8,27.55,28.84,1.73,1.73,,1.98,,78.88
1394,1395,2024-10-30,18:56:08,2024,10,30,18,Wednesday,කළුතර,පානදුර,6.7167,79.9,0,1,28.7,26.53,27.43,0.59,0.59,,3.04,,88.03
1395,1396,2024-10-28,22:46:32,2024,10,28,22,Monday,හම්බන්තොට,අපරැක්ක,6.2,80.85,1,1,29.42,26.9,27.89,0.6,0.6,,6.12,,84.96
1396,1397,2024-10-28,15:45:32,2024,10,28,15,Monday,කොළඹ,කොල්ලුපිටිය,6.9,79.85,0,1,28.48,25.81,26.95,1.24,1.24,,4.35,,88.64
1397,1398,2024-10-28,08:28:32,2024,10,28,8,Monday,ගම්පහ,ඉඳුරාන,7.1,80.0,1,1,28.48,25.81,26.95,1.24,1.24,,4.35,,88.64
1399,1400,2024-10-27,15:59:24,2024,10,27,15,Sunday,පුත්තලම,පුත්තලම,8.0333,79.8333,0,1,29.22,26.38,27.45,1.6,1.6,,4.96,,87.94
1398,1399,2024-10-27,22:48:57,2024,10,27,22,Sunday,මොණරාගල,බිබිල,7.15,81.0,1,1,29.25,22.3,25.29,4.08,4.08,,2.5,,86.13
1401,1402,2024-10-26,20:17:00,2024,10,26,20,Saturday,කොළඹ,මිරිහාන,6.87,79.88,0,2,28.29,26.06,26.93,8.9,8.9,,4.52,,89.16
1400,1401,2024-10-27,09:17:55,2024,10,27,9,Sunday,පොළොන්නරුව,මින්නේරිය,8.0,80.9,0,1,30.37,24.62,26.82,0.89,0.89,,4.29,,86.91
1402,1403,2024-10-26,09:05:15,2024,10,26,9,Saturday,අනුරාධපුර,දංගහාමුල්ල,8.2,80.4,0,1,29.71,24.78,26.67,2.09,2.09,,4.58,,88.38
1403,1404,2024-10-25,15:55:06,2024,10,25,15,Friday,ගම්පහ,කහතුඩුව,6.95,79.95,0,1,29.15,25.43,27.08,2.67,2.67,,4.16,,86.11
1405,1406,2024-10-25,07:32:04,2024,10,25,7,Friday,ගාල්ල,මිහිරිපැන්න,6.05,80.2,1,1,29.18,27.6,28.36,4.3,4.3,,5.09,,80.53
1404,1405,2024-10-25,14:46:33,2024,10,25,14,Friday,කොළඹ,අටුලුගම,6.8,80.0,0,1,29.15,25.43,27.08,2.67,2.67,,4.16,,86.11
1406,1407,2024-10-25,07:04:46,2024,10,25,7,Friday,කුරුණෑගල,පොල්ගහවෙල,7.4167,80.2667,2,1,29.72,26.02,27.52,1.76,1.76,,4.78,,85.18
1407,1408,2024-10-24,19:00:34,2024,10,24,19,Thursday,අනුරාධපුර,අන්දරවැව,8.2,80.4,1,1,28.55,24.27,26.0,2.99,2.99,,3.97,,89.61
1409,1410,2024-10-23,11:14:30,2024,10,23,11,Wednesday,අම්පාර,ආරුගම්බේ,6.85,81.6667,0,2,29.75,27.05,28.09,10.13,10.13,,2.52,,86.0
1408,1409,2024-10-24,07:26:53,2024,10,24,7,Thursday,මොණරාගල,මැදගම,6.75,81.0,1,1,28.48,21.7,24.71,2.12,2.12,,3.04,,86.71
1410,1411,2024-10-22,17:44:47,2024,10,22,17,Tuesday,පොළොන්නරුව,මින්නේරිය,8.0,80.9,0,2,30.44,23.94,26.69,6.28,6.28,,1.56,,84.48
1411,1412,2024-10-22,16:49:41,2024,10,22,16,Tuesday,රත්නපුර,ගැටහැත්ත,6.6833,80.4,0,1,28.51,23.49,25.48,4.05,4.05,,1.94,,90.42
1413,1414,2024-10-21,20:45:20,2024,10,21,20,Monday,කුරුණෑගල,කිරිවවුල,7.6,80.5,0,2,28.92,23.87,25.8,5.65,5.65,,2.04,,89.02
1412,1413,2024-10-21,23:08:18,2024,10,21,23,Monday,මහනුවර,අකුරණ,7.25,80.6167,0,2,28.92,23.87,25.8,5.65,5.65,,2.04,,89.02
1414,1415,2024-10-21,15:50:31,2024,10,21,15,Monday,කොළඹ,කිඳෙල්පිටිය,6.8,80.0,0,2,28.65,25.73,27.01,8.95,8.95,,3.28,,87.64
1415,1416,2024-10-21,08:57:29,2024,10,21,8,Monday,ගම්පහ,රාගම,7.03,79.92,1,2,28.65,25.73,27.01,8.95,8.95,,3.28,,87.64
1416,1417,2024-10-20,16:51:36,2024,10,20,16,Sunday,බදුල්ල,මඩොල්සිම,7.15,81.0,0,1,30.29,22.5,25.91,4.71,4.71,,1.41,,84.9
1417,1418,2024-10-19,19:49:14,2024,10,19,19,Saturday,පොළොන්නරුව,මින්නේරිය,8.0,80.9,0,1,30.34,24.48,26.69,0.37,0.37,,3.63,,84.01
1419,1420,2024-10-19,09:22:24,2024,10,19,9,Saturday,පොළොන්නරුව,මින්නේරිය,8.0,80.9,0,1,30.34,24.48,26.69,0.37,0.37,,3.63,,84.01
1418,1419,2024-10-19,12:45:15,2024,10,19,12,Saturday,නුවරඑළිය,හැටන්,6.9,80.6,0,1,26.61,20.98,23.22,0.33,0.33,,2.63,,87.87
1420,1421,2024-10-18,17:17:52,2024,10,18,17,Friday,මොණරාගල,බෙරගල,6.75,81.0,0,1,31.98,21.39,26.22,1.33,1.33,,1.97,,80.56
1421,1422,2024-10-18,11:26:54,2024,10,18,11,Friday,මාතලේ,නාඋල,7.6,80.65,1,0,32.04,22.65,26.56,0.01,0.01,,3.61,,80.46
1422,1423,2024-10-18,07:00:01,2024,10,18,7,Friday,පොළොන්නරුව,මින්නේරිය,8.0,80.9,0,1,32.1,23.76,27.22,0.11,0.11,,4.15,,82.97
1424,1425,2024-10-15,18:52:35,2024,10,15,18,Tuesday,පොළොන්නරුව,ගනේවල්පොල,7.9,81.0,1,1,29.9,23.58,26.09,1.07,1.07,,5.47,,86.59
1423,1424,2024-10-16,14:39:57,2024,10,16,14,Wednesday,කුරුණෑගල,කුඩහකපොල,7.6,80.4,0,1,30.73,22.75,25.94,2.49,2.49,,4.49,,84.44
1425,1426,2024-10-15,17:12:03,2024,10,15,17,Tuesday,කොළඹ,පන්නිපිටිය,6.85,79.95,1,1,28.38,24.56,26.4,2.46,2.46,,5.09,,85.47
1426,1427,2024-10-14,17:23:52,2024,10,14,17,Monday,නුවරඑළිය,හැටන්,6.9,80.6,0,2,24.37,20.06,21.64,9.94,9.94,,4.94,,91.59
1427,1428,2024-10-14,13:31:45,2024,10,14,13,Monday,මහනුවර,ගම්පොල,7.15,80.5833,1,2,24.37,20.06,21.64,9.94,9.94,,4.94,,91.59
1429,1430,2024-10-13,19:36:07,2024,10,13,19,Sunday,කළුතර,කටුකුරුන්ද,6.65,79.95,3,2,27.85,25.27,26.32,10.31,10.31,,4.7,,84.07
1430,1431,2024-10-13,13:38:13,2024,10,13,13,Sunday,කළුතර,කටුකුරුන්ද,6.65,79.95,3,2,27.85,25.27,26.32,10.31,10.31,,4.7,,84.07
1428,1429,2024-10-13,21:51:14,2024,10,13,21,Sunday,කළුතර,කටුකුරුන්ද,6.65,79.95,3,2,27.85,25.27,26.32,10.31,10.31,,4.7,,84.07
1431,1432,2024-10-11,20:04:40,2024,10,11,20,Friday,කොළඹ,කොළඹ,6.9271,79.8612,0,2,27.38,25.03,26.07,19.05,19.05,,6.31,,87.16
1432,1433,2024-10-11,13:29:14,2024,10,11,13,Friday,කොළඹ,රාජගිරිය,6.9,79.9,0,2,27.38,25.03,26.07,19.05,19.05,,6.31,,87.16
1433,1434,2024-10-11,10:28:30,2024,10,11,10,Friday,මහනුවර,වලකඩයාව,7.2,80.5,0,2,25.69,20.6,22.35,10.25,10.25,,4.71,,91.5
1434,1435,2024-10-10,23:26:38,2024,10,10,23,Thursday,පොළොන්නරුව,හබරණ,8.0833,80.9167,1,2,30.48,23.73,26.28,6.92,6.92,,3.87,,85.28
1435,1436,2024-10-09,21:50:13,2024,10,9,21,Wednesday,මහනුවර,වලපනේ,7.35,80.65,1,2,29.84,22.37,25.42,6.59,6.59,,3.04,,84.02
1436,1437,2024-10-07,16:39:26,2024,10,7,16,Monday,පොළොන්නරුව,සෝමියෙල්,8.0,80.9,1,2,29.74,23.89,25.9,16.09,16.09,,2.85,,87.13
1437,1438,2024-10-06,23:07:27,2024,10,6,23,Sunday,හම්බන්තොට,මත්තල,6.2,81.1,0,1,28.62,26.16,27.37,2.83,2.83,,6.26,,84.42
1438,1439,2024-10-06,22:21:35,2024,10,6,22,Sunday,මොණරාගල,වරුණගම,6.75,81.0,0,2,32.01,22.28,26.08,6.41,6.41,,2.05,,78.76
1439,1440,2024-10-06,18:27:16,2024,10,6,18,Sunday,කොළඹ,ලබුගම,6.85,80.0,1,2,27.15,24.67,25.76,5.13,5.13,,3.98,,88.12
1440,1441,2024-10-06,09:32:12,2024,10,6,9,Sunday,හම්බන්තොට,බෙලිඅත්ත,6.05,80.85,1,1,28.42,25.5,26.81,2.64,2.64,,5.14,,85.29
1441,1442,2024-10-05,11:12:37,2024,10,5,11,Saturday,ගම්පහ,මීගමුව,7.2,79.8333,2,1,28.35,25.44,26.83,4.94,4.94,,3.71,,86.51
1442,1443,2024-10-04,11:57:31,2024,10,4,11,Friday,මාතලේ,අරනායක,7.5,80.65,0,1,33.96,22.83,27.37,0.45,0.45,,4.37,,75.19
1443,1444,2024-10-03,09:36:25,2024,10,3,9,Thursday,මොණරාගල,සූරියවැව,6.75,81.0,1,1,31.25,23.36,26.31,4.34,4.34,,3.65,,81.26
1444,1445,2024-10-02,14:56:07,2024,10,2,14,Wednesday,මාතර,දෙණියාය,6.05,80.5,1,2,28.92,26.89,27.68,5.59,5.59,,4.61,,85.42
1445,1446,2024-10-02,11:04:31,2024,10,2,11,Wednesday,කොළඹ,රාජගිරිය,6.9,79.9,0,1,29.23,25.6,27.13,3.95,3.95,,4.84,,86.69
1446,1447,2024-09-29,18:57:05,2024,9,29,18,Sunday,හම්බන්තොට,හම්බන්තොට,6.14,81.12,1,2,28.74,26.49,27.31,15.59,15.59,,3.26,,85.15
1448,1449,2024-09-28,17:54:12,2024,9,28,17,Saturday,ගම්පහ,යක්කල,7.05,80.05,1,1,30.45,25.13,27.5,4.88,4.88,,2.48,,82.32
1447,1448,2024-09-29,16:11:17,2024,9,29,16,Sunday,බදුල්ල,වැලිමඩ,6.95,80.95,0,2,30.02,22.77,25.23,10.18,10.18,,2.44,,85.14
1450,1451,2024-09-27,19:30:32,2024,9,27,19,Friday,කෑගල්ල,නෙලුම්දෙණිය,7.25,80.35,0,1,31.33,23.4,26.49,2.64,2.64,,3.75,,80.75
1449,1450,2024-09-28,09:48:47,2024,9,28,9,Saturday,බදුල්ල,බෙලිහුල්ඔය,7.15,81.0,0,1,30.94,22.45,25.99,1.94,1.94,,2.21,,79.17
1451,1452,2024-09-27,18:10:21,2024,9,27,18,Friday,මොණරාගල,මොනරාගල,6.8667,81.05,0,2,30.44,23.44,26.28,11.56,11.56,,2.16,,78.31
1452,1453,2024-09-26,12:11:06,2024,9,26,12,Thursday,ගම්පහ,කටුවන,6.85,79.95,0,1,29.49,26.14,27.51,2.25,2.25,,4.63,,85.56
1453,1454,2024-09-25,21:04:10,2024,9,25,21,Wednesday,මාතර,අකුරැස්ස,6.05,80.5333,2,1,30.21,27.14,28.33,0.8,0.8,,6.95,,82.44
1454,1455,2024-09-23,23:04:46,2024,9,23,23,Monday,කොළඹ,කඩුවෙල,6.9333,79.95,0,1,29.4,25.89,27.27,0.41,0.41,,6.79,,83.29
1455,1456,2024-09-20,16:06:52,2024,9,20,16,Friday,මොණරාගල,කුඹුක්කන,6.75,81.0,0,1,32.05,22.88,26.47,0.21,0.21,,4.75,,72.33
1456,1457,2024-09-19,22:57:16,2024,9,19,22,Thursday,පොළොන්නරුව,ඇතුන්ගම,7.9,81.0,1,0,34.78,25.68,29.56,0.06,0.06,,6.39,,70.5
1458,1459,2024-09-19,08:51:24,2024,9,19,8,Thursday,වවුනියාව,ඔිමන්ත,8.75,80.5,2,0,34.58,26.81,29.74,0.05,0.05,,6.54,,70.2
1457,1458,2024-09-19,09:01:56,2024,9,19,9,Thursday,කොළඹ,කොළඹ,6.9271,79.8612,0,1,28.99,25.81,27.19,0.44,0.44,,5.55,,85.19
1459,1460,2024-09-18,18:17:04,2024,9,18,18,Wednesday,මාතර,හුලංදාව,6.05,80.5,0,1,29.34,27.05,28.02,0.74,0.74,,7.4,,81.35
1460,1461,2024-09-18,14:02:23,2024,9,18,14,Wednesday,ගම්පහ,මීගොඩ,7.1,80.0,1,1,29.0,25.86,27.17,0.83,0.83,,5.79,,87.08
1461,1462,2024-09-18,09:43:35,2024,9,18,9,Wednesday,පොළොන්නරුව,ලත්පඳුර,7.9,81.0,1,0,35.03,25.79,29.49,0.07,0.07,,6.73,,71.52
1462,1463,2024-09-17,14:09:39,2024,9,17,14,Tuesday,මහනුවර,පලාගොල්ල,7.15,80.5833,0,1,27.07,21.96,23.8,0.19,0.19,,5.81,,87.56
1464,1465,2024-09-16,10:24:32,2024,9,16,10,Monday,අනුරාධපුර,ගල්කුලම,8.2,80.5,0,1,34.2,25.14,28.56,0.19,0.19,,6.99,,75.7
1463,1464,2024-09-16,17:28:28,2024,9,16,17,Monday,නුවරඑළිය,නානුඔය,6.95,80.7,0,1,27.24,21.73,23.78,0.6,0.6,,6.03,,86.98
1466,1467,2024-09-15,19:49:44,2024,9,15,19,Sunday,මොණරාගල,හෑපොල,7.15,81.0,0,1,32.77,22.92,26.73,0.63,0.63,,5.84,,71.13
1465,1466,2024-09-15,21:47:52,2024,9,15,21,Sunday,පුත්තලම,පාලාවිය,7.3,79.85,0,1,30.22,26.06,27.83,1.0,1.0,,6.41,,83.36
1468,1469,2024-09-15,13:07:40,2024,9,15,13,Sunday,මොණරාගල,මහියංගණය,7.15,81.0,1,1,32.77,22.92,26.73,0.63,0.63,,5.84,,71.13
1469,1470,2024-09-15,10:51:39,2024,9,15,10,Sunday,පුත්තලම,පාලවිය,7.3,79.85,0,1,30.22,26.06,27.83,1.0,1.0,,6.41,,83.36
1467,1468,2024-09-15,18:45:43,2024,9,15,18,Sunday,කුරුණෑගල,වෑඋඩ,7.5,80.4,1,1,31.27,23.78,26.68,1.22,1.22,,6.51,,80.96
1470,1471,2024-09-15,09:55:09,2024,9,15,9,Sunday,යාපනය,ඌර්කාවතුරේ,9.65,80.0,1,1,32.14,28.54,29.99,0.16,0.16,,7.07,,74.08
1471,1472,2024-09-14,14:43:53,2024,9,14,14,Saturday,මොණරාගල,මහියංගනය,7.15,81.0,0,1,31.22,23.43,26.49,0.6,0.6,,4.93,,74.81
1472,1473,2024-09-14,13:39:56,2024,9,14,13,Saturday,කෑගල්ල,මාවනැල්ල,7.2333,80.45,0,1,26.38,21.53,23.51,1.16,1.16,,5.19,,88.75
1473,1474,2024-09-14,12:17:42,2024,9,14,12,Saturday,නුවරඑළිය,ආර්ගිල්වත්ත,6.9,80.6,0,1,26.38,21.53,23.51,1.16,1.16,,5.19,,88.75
1474,1475,2024-09-14,07:28:15,2024,9,14,7,Saturday,කුරුණෑගල,ඉබ්බාගමුව,7.7,80.1,2,1,30.02,26.55,27.86,1.52,1.52,,6.43,,84.16
1476,1477,2024-09-13,14:43:30,2024,9,13,14,Friday,මාතලේ,ගලහා,7.5,80.65,1,1,32.96,23.45,27.29,0.17,0.17,,5.89,,76.89
1475,1476,2024-09-13,14:47:18,2024,9,13,14,Friday,පුත්තලම,දන්කොටුව,7.25,79.85,1,1,30.34,25.97,27.88,0.56,0.56,,5.95,,84.39
1477,1478,2024-09-13,12:07:28,2024,9,13,12,Friday,මහනුවර,හසලක,7.2,80.7,0,1,29.29,20.7,24.2,0.45,0.45,,4.57,,84.7
1478,1479,2024-09-13,10:16:22,2024,9,13,10,Friday,ගාල්ල,රත්ගම,6.05,80.1,2,1,28.87,27.32,28.07,1.79,1.79,,5.68,,84.03
1479,1480,2024-09-12,16:46:11,2024,9,12,16,Thursday,මොණරාගල,වැල්ලවාය,6.75,81.1,2,1,32.92,22.55,26.69,0.5,0.5,,5.26,,71.8
1480,1481,2024-09-12,15:46:57,2024,9,12,15,Thursday,කොළඹ,පාදුක්ක,6.85,80.05,1,1,28.45,25.21,26.79,0.59,0.59,,5.29,,85.7
1481,1482,2024-09-11,12:37:02,2024,9,11,12,Wednesday,බදුල්ල,බදුල්ල,6.9833,81.05,0,1,31.19,22.46,25.96,1.16,1.16,,4.63,,75.94
1482,1483,2024-09-11,09:40:30,2024,9,11,9,Wednesday,යාපනය,කොකුවිල්,9.65,80.0,1,1,30.91,28.14,29.4,2.25,2.25,,9.37,,78.94
1483,1484,2024-09-11,07:33:36,2024,9,11,7,Wednesday,මහනුවර,දුම්මලදෙණිය,7.1167,80.4667,0,1,25.86,21.21,23.07,3.17,3.17,,5.02,,88.88
1484,1485,2024-09-10,16:02:18,2024,9,10,16,Tuesday,බදුල්ල,දුන්හිඳ,6.8333,81.0,1,1,32.02,23.03,26.51,2.9,2.9,,4.87,,76.47
1485,1486,2024-09-08,23:15:39,2024,9,8,23,Sunday,කොළඹ,මහල්වරාව,6.85,80.0,0,1,28.82,26.2,27.18,3.14,3.14,,5.82,,86.92
1486,1487,2024-09-08,21:12:48,2024,9,8,21,Sunday,කොළඹ,ඇහැළියගොඩ,6.85,80.0,0,1,28.82,26.2,27.18,3.14,3.14,,5.82,,86.92
1487,1488,2024-09-08,15:25:14,2024,9,8,15,Sunday,කුරුණෑගල,කලුගමුව,7.5,80.2,0,1,29.54,26.7,27.76,2.33,2.33,,6.9,,84.44
1488,1489,2024-09-07,17:08:17,2024,9,7,17,Saturday,කුරුණෑගල,පොතුහැර,7.5,80.2,4,1,29.45,26.69,27.79,2.0,2.0,,6.44,,85.33
1489,1490,2024-09-07,11:24:21,2024,9,7,11,Saturday,පොළොන්නරුව,ජයන්තිපුර,7.94,81.0,1,1,32.68,26.17,28.83,0.51,0.51,,6.39,,76.75
1490,1491,2024-09-07,09:06:23,2024,9,7,9,Saturday,අනුරාධපුර,ගල්ගමුව,8.2,80.4,1,1,31.4,25.56,27.67,0.99,0.99,,6.23,,81.77
1491,1492,2024-09-05,21:08:20,2024,9,5,21,Thursday,මොණරාගල,බිබිල,7.15,81.0,0,1,31.6,23.07,26.26,1.03,1.03,,4.74,,76.52
1492,1493,2024-09-05,18:30:40,2024,9,5,18,Thursday,පොළොන්නරුව,ගිරිතලේ,8.0,81.0,0,0,32.86,25.96,28.66,0.1,0.1,,6.49,,77.29
1493,1494,2024-09-05,11:06:13,2024,9,5,11,Thursday,යාපනය,පරන්තන්,9.65,80.0,1,1,31.2,28.31,29.51,0.58,0.58,,6.45,,78.44
1494,1495,2024-09-05,09:50:19,2024,9,5,9,Thursday,ගාල්ල,පින්නදූව,6.05,80.15,0,1,28.83,27.8,28.27,2.7,2.7,,7.01,,84.61
1495,1496,2024-09-04,21:59:50,2024,9,4,21,Wednesday,අනුරාධපුර,එප්පාවල,8.1,80.55,2,1,31.46,24.46,27.42,0.14,0.14,,6.08,,80.25
1496,1497,2024-09-04,10:15:53,2024,9,4,10,Wednesday,මොණරාගල,බිබිල,7.15,81.0,1,1,31.49,22.33,25.96,0.63,0.63,,4.51,,76.9
1497,1498,2024-09-04,07:32:56,2024,9,4,7,Wednesday,මොණරාගල,බිබිල,7.15,81.0,1,1,31.49,22.33,25.96,0.63,0.63,,4.51,,76.9
1499,1500,2024-09-03,08:39:12,2024,9,3,8,Tuesday,මඩකලපුව,ආලයඩි,7.7,81.3,1,1,31.1,24.45,27.0,0.75,0.75,,4.77,,76.8
1498,1499,2024-09-03,11:01:38,2024,9,3,11,Tuesday,බදුල්ල,දොළොස්වන සැතපුම් කණුව,7.15,81.0,0,1,29.98,22.9,25.44,2.98,2.98,,4.4,,80.65
1500,1501,2024-09-02,13:07:30,2024,9,2,13,Monday,ගම්පහ,ගනේමුල්ල,6.95,80.0,0,2,28.95,26.05,27.19,10.19,10.19,,6.3,,85.48
1501,1502,2024-09-01,21:22:46,2024,9,1,21,Sunday,කළුතර,කහවත්ත,6.65,80.0,0,2,28.25,26.07,27.09,6.99,6.99,,5.45,,84.46
1503,1504,2024-08-31,19:59:42,2024,8,31,19,Saturday,ගම්පහ,බෝගමුව,7.05,80.0,2,1,28.27,25.25,26.69,3.84,3.84,,5.79,,85.42
1502,1503,2024-09-01,17:18:12,2024,9,1,17,Sunday,හම්බන්තොට,වීරවිල,6.25,81.15,0,1,30.19,24.27,26.51,3.25,3.25,,6.03,,81.84
1505,1506,2024-08-31,12:28:39,2024,8,31,12,Saturday,මාතර,මාතර,5.95,80.5333,0,2,29.46,26.36,27.68,5.25,5.25,,6.31,,81.37
1504,1505,2024-08-31,20:00:01,2024,8,31,20,Saturday,කුරුණෑගල,වැලගනේ කන්ද,7.6,80.2,1,1,28.88,25.87,27.18,2.59,2.59,,7.04,,84.04
1506,1507,2024-08-30,20:14:32,2024,8,30,20,Friday,අනුරාධපුර,මහමීගස්සෑගම,8.2,80.5,1,1,30.59,24.79,26.78,2.92,2.92,,6.87,,82.58
1507,1508,2024-08-30,11:21:25,2024,8,30,11,Friday,හම්බන්තොට,ගොඩිගමුව,6.05,80.85,0,2,29.21,26.06,27.6,11.49,11.49,,7.44,,83.8
1508,1509,2024-08-29,22:07:07,2024,8,29,22,Thursday,කොළඹ,මොරටුව,6.8,79.88,0,1,28.76,25.82,27.11,1.57,1.57,,5.42,,86.19
1509,1510,2024-08-29,20:54:16,2024,8,29,20,Thursday,මහනුවර,මහයියාව,7.3,80.65,0,1,29.32,23.92,25.92,0.43,0.43,,5.73,,84.41
1510,1511,2024-08-29,08:10:40,2024,8,29,8,Thursday,පුත්තලම,කහටගස්දිගිලිය,7.3,79.85,2,1,29.23,26.48,27.63,0.9,0.9,,6.4,,83.66
1511,1512,2024-08-28,14:48:59,2024,8,28,14,Wednesday,කොළඹ,ගල්කිස්ස,6.83,79.85,0,1,28.63,25.38,26.86,0.18,0.18,,4.46,,86.19
1512,1513,2024-08-28,10:23:11,2024,8,28,10,Wednesday,කිලිනොච්චිය,කිළිනොච්චිය,9.38,80.0,1,1,30.06,28.06,28.93,0.3,0.3,,6.88,,80.16
1513,1514,2024-08-28,08:05:42,2024,8,28,8,Wednesday,මන්නාරම,උයිලන්කුලම,8.9833,79.9,0,0,30.15,27.47,28.56,0.03,0.03,,6.73,,80.32
1514,1515,2024-08-28,07:50:25,2024,8,28,7,Wednesday,ගම්පහ,කටුනායක,7.17,79.89,0,1,28.63,25.38,26.86,0.18,0.18,,4.46,,86.19
1515,1516,2024-08-27,11:59:31,2024,8,27,11,Tuesday,යාපනය,කච්චතිව්,9.65,80.0,0,1,30.41,27.97,29.04,0.18,0.18,,8.39,,78.8
1516,1517,2024-08-26,08:27:01,2024,8,26,8,Monday,කොළඹ,කොළඹ,6.9271,79.8612,0,0,29.37,25.63,27.15,0.09,0.09,,5.53,,83.15
1517,1518,2024-08-25,07:08:26,2024,8,25,7,Sunday,යාපනය,චුන්නාකම්,9.65,80.0,1,1,30.81,27.92,29.12,0.19,0.19,,8.84,,78.39
1518,1519,2024-08-24,21:26:54,2024,8,24,21,Saturday,කළුතර,හොරණ,6.7167,80.05,1,1,28.34,25.69,26.86,1.05,1.05,,4.27,,87.93
1519,1520,2024-08-24,08:10:12,2024,8,24,8,Saturday,කොළඹ,කොට්ටාව,6.85,79.95,1,1,28.31,24.95,26.5,0.76,0.76,,4.48,,87.37
1520,1521,2024-08-23,16:14:51,2024,8,23,16,Friday,පුත්තලම,ආරච්චිකට්ටුව,7.6,79.9,1,1,30.05,25.07,27.14,0.29,0.29,,5.68,,82.36
1521,1522,2024-08-23,07:25:29,2024,8,23,7,Friday,ගාල්ල,බෙන්තොට,6.42,79.995,0,1,28.73,25.7,26.91,1.78,1.78,,4.22,,84.24
1522,1523,2024-08-22,16:57:03,2024,8,22,16,Thursday,බදුල්ල,බදුල්ල,6.9833,81.05,0,1,29.26,21.66,24.69,1.96,1.96,,3.87,,79.81
1523,1524,2024-08-22,10:36:11,2024,8,22,10,Thursday,කොළඹ,කොළඹ,6.9271,79.8612,71,1,27.83,24.58,26.06,0.48,0.48,,4.47,,84.78
1524,1525,2024-08-21,17:48:04,2024,8,21,17,Wednesday,ගාල්ල,බද්දේගම,6.05,80.15,0,2,28.35,27.24,27.65,5.67,5.67,,6.9,,80.6
1525,1526,2024-08-21,13:19:04,2024,8,21,13,Wednesday,ත්‍රිකුණාමලය,පුලමුඩේ,8.45,81.2,0,2,30.02,26.36,27.9,9.64,9.64,,6.66,,79.92
1526,1527,2024-08-19,19:47:14,2024,8,19,19,Monday,ගම්පහ,ජාඇල,7.08,79.9,1,2,28.08,25.57,26.73,9.0,9.0,,4.88,,90.74
1527,1528,2024-08-19,15:05:31,2024,8,19,15,Monday,ගම්පහ,මහ ඉඳුරුව,7.1,80.0,1,2,28.08,25.57,26.73,9.0,9.0,,4.88,,90.74
1528,1529,2024-08-19,07:36:58,2024,8,19,7,Monday,මාතර,පුහුල්වැල්ල,6.05,80.5,1,2,28.18,26.31,27.16,8.3,8.3,,5.26,,88.74
1529,1530,2024-08-18,20:43:37,2024,8,18,20,Sunday,කුරුණෑගල,මැදිරිගිරිය,7.7,80.5,1,1,30.19,23.86,26.25,3.76,3.76,,4.01,,86.3
1530,1531,2024-08-16,19:34:16,2024,8,16,19,Friday,ගම්පහ,ගැලනිගම,7.0,79.95,0,2,29.03,26.39,27.47,15.03,15.03,,5.8,,88.64
1531,1532,2024-08-16,12:11:05,2024,8,16,12,Friday,කොළඹ,කොළඹ,6.9271,79.8612,0,2,29.03,26.39,27.47,15.03,15.03,,5.8,,88.64
1532,1533,2024-08-16,07:03:15,2024,8,16,7,Friday,මාතලේ,මාතලේ,7.4667,80.6167,2,2,31.22,23.87,26.91,8.3,8.3,,4.51,,85.2
1533,1534,2024-08-15,14:34:25,2024,8,15,14,Thursday,ගම්පහ,දූනගහ,7.2,80.0,3,1,28.39,25.39,26.91,2.16,2.16,,4.67,,88.01
1534,1535,2024-08-15,12:44:47,2024,8,15,12,Thursday,අනුරාධපුර,ශ්‍රාවස්තිපුර,8.3,80.4,0,1,34.97,24.64,28.8,0.28,0.28,,4.95,,75.1
1535,1536,2024-08-14,12:34:29,2024,8,14,12,Wednesday,කොළඹ,කොළඹ,6.9271,79.8612,0,2,28.26,24.99,26.33,6.24,6.24,,3.8,,88.21
1536,1537,2024-08-14,09:35:38,2024,8,14,9,Wednesday,නුවරඑළිය,කොටගල,6.9,80.6,0,1,27.6,20.78,23.38,4.01,4.01,,3.46,,89.64
1537,1538,2024-08-14,08:12:48,2024,8,14,8,Wednesday,පුත්තලම,සාලියවැව,8.0,80.0,5,1,30.76,25.61,27.7,4.62,4.62,,4.36,,82.75
1538,1539,2024-08-13,20:44:28,2024,8,13,20,Tuesday,මාතලේ,දඹුල්ල,7.4667,80.65,0,2,31.49,24.24,26.48,17.09,17.09,,1.77,,85.06
1539,1540,2024-08-13,09:41:24,2024,8,13,9,Tuesday,කුරුණෑගල,කොබෙයිගනේ,7.7,80.1,3,2,29.71,25.88,27.01,19.17,19.17,,3.96,,89.26
1540,1541,2024-08-12,16:44:01,2024,8,12,16,Monday,කොළඹ,ගල් කඩේ,6.8,80.0,2,2,28.48,25.8,26.8,12.56,12.56,,4.56,,88.61
1541,1542,2024-08-12,16:15:31,2024,8,12,16,Monday,කෑගල්ල,වේවැල්දෙණිය,7.15,80.3,3,2,28.48,25.8,26.8,12.56,12.56,,4.56,,88.61
1542,1543,2024-08-11,17:18:49,2024,8,11,17,Sunday,පුත්තලම,මාරවිල,7.3,79.85,0,2,29.73,25.68,27.34,12.42,12.42,,5.4,,82.82
1543,1544,2024-08-10,17:54:01,2024,8,10,17,Saturday,නුවරඑළිය,මස්කෙළිය,6.9,80.6,2,1,26.92,21.27,23.34,1.0,1.0,,4.82,,86.88
1544,1545,2024-08-10,07:57:16,2024,8,10,7,Saturday,කළුතර,වැලිපැන්න,6.6,80.05,1,1,28.68,26.15,27.12,3.46,3.46,,5.48,,83.18
1545,1546,2024-08-09,13:03:35,2024,8,9,13,Friday,කිලිනොච්චිය,අලිමංකඩ,9.38,80.0,1,1,30.5,28.02,29.11,2.89,2.89,,5.3,,77.38
1546,1547,2024-08-09,06:58:53,2024,8,9,6,Friday,කොළඹ,ග්‍රෑන්ඩ්පාස්,6.9,79.9,1,1,28.91,25.16,26.88,0.43,0.43,,4.57,,82.89
1547,1548,2024-08-08,16:15:17,2024,8,8,16,Thursday,පුත්තලම,මාම්පුරිය,8.0,79.85,0,1,30.72,26.22,28.01,1.97,1.97,,6.51,,78.03
1548,1549,2024-08-07,13:27:18,2024,8,7,13,Wednesday,රත්නපුර,පතුල්පාන,6.6833,80.4,1,1,29.26,23.07,25.54,0.31,0.31,,4.35,,84.45
1549,1550,2024-08-07,10:42:43,2024,8,7,10,Wednesday,කළුතර,පානදුර,6.7167,79.9,1,1,28.56,25.96,27.12,1.01,1.01,,4.64,,84.68
1550,1551,2024-08-04,19:41:19,2024,8,4,19,Sunday,බදුල්ල,බදුල්ල,6.9833,81.05,0,1,33.68,22.58,27.3,4.22,4.22,,2.96,,74.36
1551,1552,2024-08-04,11:53:41,2024,8,4,11,Sunday,යාපනය,කෝවිලන්,9.65,80.0,0,1,30.99,27.87,29.41,1.24,1.24,,2.9,,75.5
1552,1553,2024-08-03,17:46:18,2024,8,3,17,Saturday,කොළඹ,කොළඹ,6.9271,79.8612,1,1,28.16,25.18,26.5,2.24,2.24,,3.78,,85.65
1554,1555,2024-08-03,08:14:26,2024,8,3,8,Saturday,රත්නපුර,බළන්ගොඩ,6.65,80.45,1,1,28.93,22.7,25.18,2.4,2.4,,4.12,,85.92
1553,1554,2024-08-03,16:12:17,2024,8,3,16,Saturday,මොණරාගල,වැල්ලවාය,6.75,81.1,0,1,32.26,22.28,26.49,2.46,2.46,,3.33,,71.75
1556,1557,2024-08-02,14:53:07,2024,8,2,14,Friday,යාපනය,ඩෙල්ෆ්,9.5,79.85,0,1,31.7,28.4,29.84,0.13,0.13,,6.81,,75.29
1555,1556,2024-08-03,08:01:59,2024,8,3,8,Saturday,මාතර,දික්වැල්ල,6.05,80.5333,2,1,29.46,26.28,27.55,2.71,2.71,,5.18,,83.4
1558,1559,2024-08-02,10:42:58,2024,8,2,10,Friday,නුවරඑළිය,ලිදුල,6.95,80.7,0,1,26.2,20.87,23.12,1.21,1.21,,5.16,,88.33
1557,1558,2024-08-02,14:32:37,2024,8,2,14,Friday,කළුතර,හොරණ,6.7167,80.05,1,1,28.45,25.68,27.07,3.92,3.92,,5.29,,85.78
1560,1561,2024-08-01,11:21:23,2024,8,1,11,Thursday,අනුරාධපුර,රාජාංගනය,8.1,80.6,1,1,33.14,25.31,28.08,0.38,0.38,,6.85,,77.15
1559,1560,2024-08-01,14:19:49,2024,8,1,14,Thursday,කළුතර,කොරළවැල්ල,6.65,79.95,1,1,28.98,25.77,27.21,3.81,3.81,,4.99,,86.69
1562,1563,2024-07-31,07:12:48,2024,7,31,7,Wednesday,කුරුණෑගල,කුඹුක්වැව,7.7,80.1,1,1,29.92,26.13,27.62,1.17,1.17,,5.87,,84.73
1561,1562,2024-08-01,09:02:48,2024,8,1,9,Thursday,යාපනය,ඩෙල්ෆ්,9.5,79.85,1,1,30.11,28.38,29.04,0.14,0.14,,8.62,,81.3
1563,1564,2024-07-30,17:04:40,2024,7,30,17,Tuesday,අනුරාධපුර,නොච්චියාගම,8.2,80.5,1,1,32.72,23.09,27.1,3.25,3.25,,7.3,,74.38
1564,1565,2024-07-30,16:25:31,2024,7,30,16,Tuesday,මොණරාගල,මොනරාගල,6.8667,81.05,0,1,32.26,21.6,25.8,1.89,1.89,,5.81,,70.28
1566,1567,2024-07-29,17:15:15,2024,7,29,17,Monday,කොළඹ,තුන්මෝදර,6.85,80.05,1,2,29.57,25.5,27.34,8.6,8.6,,6.52,,84.69
1565,1566,2024-07-30,11:04:50,2024,7,30,11,Tuesday,ත්‍රිකුණාමලය,උප්පුවේලි,8.45,81.2,4,1,33.07,25.98,28.92,0.3,0.3,,9.11,,71.55
1568,1569,2024-07-28,09:59:08,2024,7,28,9,Sunday,කොළඹ,මාලඹේ,6.85,80.0,1,2,28.8,26.22,27.32,6.03,6.03,,5.92,,89.29
1567,1568,2024-07-28,16:41:42,2024,7,28,16,Sunday,නුවරඑළිය,නාවලපිටිය,7.05,80.55,0,1,26.29,22.1,23.66,4.19,4.19,,6.71,,89.71
1570,1571,2024-07-27,08:25:04,2024,7,27,8,Saturday,ගම්පහ,නිට්ටඹුව,7.1438,80.0982,1,1,28.67,26.09,27.13,2.01,2.01,,5.72,,88.52
1569,1570,2024-07-28,07:34:41,2024,7,28,7,Sunday,කිලිනොච්චිය,කිලිනිච්චිය,9.38,80.0,0,0,31.93,28.6,30.06,0.04,0.04,,8.95,,71.91
1572,1573,2024-07-26,15:32:00,2024,7,26,15,Friday,ගාල්ල,පිටිගල,6.35,80.3,2,1,29.03,26.52,27.62,2.45,2.45,,6.05,,87.06
1571,1572,2024-07-27,07:29:26,2024,7,27,7,Saturday,මහනුවර,කටුගස්තොට,7.2906,80.6337,1,0,30.87,24.48,26.71,0.02,0.02,,7.04,,81.6
1573,1574,2024-07-25,14:03:24,2024,7,25,14,Thursday,මොණරාගල,මොනරාගල,6.8667,81.05,0,1,31.84,23.29,26.36,0.32,0.32,,5.98,,68.3
1574,1575,2024-07-24,11:18:54,2024,7,24,11,Wednesday,මොණරාගල,සූරියවැව,6.75,81.0,1,1,34.71,22.81,27.69,0.28,0.28,,4.74,,69.72
1576,1577,2024-07-22,11:50:24,2024,7,22,11,Monday,අනුරාධපුර,තිරප්පනේ,8.35,80.5,0,0,36.39,25.44,29.68,0.03,0.03,,6.74,,68.03
1575,1576,2024-07-22,17:17:13,2024,7,22,17,Monday,නුවරඑළිය,නොර්වුඩ්,6.9,80.6,0,1,28.44,21.41,23.92,0.96,0.96,,4.53,,84.51
1578,1579,2024-07-20,16:40:38,2024,7,20,16,Saturday,අනුරාධපුර,ඉකිරියගොල්ලෑව,8.2,80.5,0,0,33.66,25.66,28.6,0.0,0.0,,7.49,,75.38
1577,1578,2024-07-21,16:21:55,2024,7,21,16,Sunday,ගාල්ල,බද්දේගම,6.05,80.15,0,1,29.07,27.94,28.42,0.53,0.53,,5.6,,86.58
1579,1580,2024-07-20,15:25:33,2024,7,20,15,Saturday,පුත්තලම,කොත්තන්තිව්,8.0,79.85,0,0,31.1,26.44,28.18,0.07,0.07,,6.98,,83.36
1580,1581,2024-07-20,10:29:50,2024,7,20,10,Saturday,ගාල්ල,ගාල්ල,6.0333,80.2167,1,1,29.0,27.85,28.43,1.48,1.48,,5.79,,87.67
1581,1582,2024-07-20,08:11:26,2024,7,20,8,Saturday,ත්‍රිකුණාමලය,මුතූර්,8.45,81.2667,0,0,34.18,27.19,29.91,0.02,0.02,,8.74,,72.21
1583,1584,2024-07-19,18:46:47,2024,7,19,18,Friday,ත්‍රිකුණාමලය,මුතූර්,8.45,81.2667,0,0,33.88,26.76,29.68,0.03,0.03,,9.72,,71.24
1582,1583,2024-07-19,21:23:54,2024,7,19,21,Friday,ත්‍රිකුණාමලය,මුතූර්,8.45,81.2667,0,0,33.88,26.76,29.68,0.03,0.03,,9.72,,71.24
1584,1585,2024-07-18,18:39:47,2024,7,18,18,Thursday,හම්බන්තොට,බෙලිඅත්ත,6.05,80.85,0,1,28.81,26.55,27.35,2.33,2.33,,6.72,,85.66
1585,1586,2024-07-18,07:50:42,2024,7,18,7,Thursday,කොළඹ,කොළඹ,6.9271,79.8612,0,1,28.02,25.35,26.43,2.96,2.96,,5.57,,88.52
1586,1587,2024-07-17,08:54:38,2024,7,17,8,Wednesday,කුරුණෑගල,පන්ලියද්ද,7.6,80.4,1,1,28.99,24.01,26.04,0.77,0.77,,6.89,,82.57
1587,1588,2024-07-17,08:16:01,2024,7,17,8,Wednesday,යාපනය,කීරමලෙයි,9.65,80.0,0,1,30.64,28.53,29.41,0.66,0.66,,8.35,,75.85
1588,1589,2024-07-15,22:31:52,2024,7,15,22,Monday,කොළඹ,කොල්ලුපිටිය,6.9,79.85,0,2,28.91,25.93,27.14,7.09,7.09,,6.32,,85.93
1589,1590,2024-07-15,14:13:49,2024,7,15,14,Monday,ගම්පහ,තලංගම,7.0,80.0,0,2,28.91,25.93,27.14,7.09,7.09,,6.32,,85.93
1590,1591,2024-07-15,11:48:48,2024,7,15,11,Monday,ගම්පහ,මොරත්තුඩුව,7.1,79.9,1,2,28.91,25.93,27.14,7.09,7.09,,6.32,,85.93
1591,1592,2024-07-14,12:56:10,2024,7,14,12,Sunday,අනුරාධපුර,හොරොව්පතාන,8.5,80.5,0,1,34.51,24.93,28.83,0.15,0.15,,6.58,,69.35
1592,1593,2024-07-13,18:52:40,2024,7,13,18,Saturday,අනුරාධපුර,සෙනරත්ගම,8.2,80.4,0,1,30.88,24.88,27.13,0.55,0.55,,6.51,,80.06
1593,1594,2024-07-13,15:46:05,2024,7,13,15,Saturday,ගම්පහ,ගැලණිගම,7.0,79.95,0,1,27.61,25.39,26.6,3.99,3.99,,6.03,,88.04
1594,1595,2024-07-13,15:03:55,2024,7,13,15,Saturday,පුත්තලම,කරුවලගස්වැව,7.8,80.0,0,1,29.71,26.52,27.68,0.59,0.59,,7.16,,81.42
1596,1597,2024-07-11,15:23:46,2024,7,11,15,Thursday,හම්බන්තොට,ඉසුරුපුර,6.05,80.85,1,1,29.7,26.84,28.03,2.39,2.39,,6.0,,83.84
1595,1596,2024-07-11,18:07:58,2024,7,11,18,Thursday,කොළඹ,කොළඹ,6.9271,79.8612,0,1,29.02,25.96,27.25,2.2,2.2,,4.98,,85.92
1598,1599,2024-07-11,06:52:46,2024,7,11,6,Thursday,නුවරඑළිය,ටොප්පාස්,6.9667,80.7667,0,1,27.52,21.7,23.92,0.78,0.78,,4.55,,88.35
1597,1598,2024-07-11,12:58:59,2024,7,11,12,Thursday,යාපනය,කොකාවිල්,9.65,80.0,1,1,30.41,28.48,29.31,0.32,0.32,,5.54,,74.76
1599,1600,2024-07-10,15:04:06,2024,7,10,15,Wednesday,කොළඹ,කොළඹ,6.9271,79.8612,0,1,29.2,25.44,27.11,1.88,1.88,,4.77,,84.72
1600,1601,2024-07-10,09:29:08,2024,7,10,9,Wednesday,මුලතිව්,තුනුකායී,9.2,80.5,1,1,33.74,26.5,29.38,0.3,0.3,,6.16,,73.0
1601,1602,2024-07-09,07:37:00,2024,7,9,7,Tuesday,පුත්තලම,වනාතවිල්ලුව,7.3,79.9,0,1,30.08,25.72,27.57,0.53,0.53,,5.52,,81.02
1602,1603,2024-07-07,11:26:20,2024,7,7,11,Sunday,කිලිනොච්චිය,කෝනාවිල්,9.38,80.0,1,1,31.16,28.36,29.4,0.99,0.99,,7.87,,76.73
1603,1604,2024-07-06,18:20:46,2024,7,6,18,Saturday,කොළඹ,හංවැල්ල,6.85,80.1,0,1,28.91,24.79,26.76,4.75,4.75,,4.92,,82.67
1604,1605,2024-07-06,09:33:44,2024,7,6,9,Saturday,බදුල්ල,හල්පේ,6.9833,81.05,0,1,30.82,21.22,25.19,3.79,3.79,,4.99,,77.09
1605,1606,2024-07-05,13:28:28,2024,7,5,13,Friday,බදුල්ල,වැලිහිද,6.8333,81.0,4,2,31.2,22.42,25.66,10.45,10.45,,4.65,,80.38
1606,1607,2024-07-04,21:49:03,2024,7,4,21,Thursday,කොළඹ,කොළඹ,6.9271,79.8612,2,2,29.16,25.67,27.13,5.07,5.07,,4.83,,82.85
1607,1608,2024-07-04,20:34:51,2024,7,4,20,Thursday,පුත්තලම,ඉරට්ටකුලම්,7.5667,79.85,2,1,29.96,26.15,27.74,2.6,2.6,,5.79,,82.33
1608,1609,2024-07-04,15:22:47,2024,7,4,15,Thursday,කොළඹ,කෙහෙල් අල්ල,6.85,80.0,1,2,29.16,25.67,27.13,5.07,5.07,,4.83,,82.85
1610,1611,2024-07-04,09:44:33,2024,7,4,9,Thursday,පුත්තලම,ඉරට්ටකුලම්,7.5667,79.85,1,1,29.96,26.15,27.74,2.6,2.6,,5.79,,82.33
1609,1610,2024-07-04,13:55:59,2024,7,4,13,Thursday,රත්නපුර,රාවනා ඇල්ල,6.65,80.45,0,2,28.26,23.1,25.25,7.58,7.58,,3.86,,86.96
1611,1612,2024-07-03,21:50:25,2024,7,3,21,Wednesday,මහනුවර,නුගවෙල,7.15,80.5833,0,1,27.01,21.59,23.63,1.79,1.79,,3.48,,89.47
1613,1614,2024-07-03,12:50:36,2024,7,3,12,Wednesday,නුවරඑළිය,යටියන්තොට,6.8,80.55,2,1,27.01,21.59,23.63,1.79,1.79,,3.48,,89.47
1612,1613,2024-07-03,17:49:20,2024,7,3,17,Wednesday,කළුතර,පානදුර,6.7167,79.9,1,1,28.76,26.47,27.44,3.05,3.05,,4.43,,89.72
1615,1616,2024-07-01,11:03:16,2024,7,1,11,Monday,වවුනියාව,වවුනියාව,8.75,80.5,1,1,32.54,26.46,28.91,0.47,0.47,,5.1,,75.71
1614,1615,2024-07-01,12:43:34,2024,7,1,12,Monday,යාපනය,නුනාවිල්,9.65,80.0,1,1,30.03,28.25,28.9,0.53,0.53,,4.79,,77.54
1616,1617,2024-07-01,07:32:13,2024,7,1,7,Monday,කුරුණෑගල,කුරුළුකැලේ,7.5,80.2,5,1,29.32,25.94,27.5,1.84,1.84,,5.46,,84.32
1617,1618,2024-06-29,23:23:31,2024,6,29,23,Saturday,ගම්පහ,පමුණුගම,7.05,79.9,1,1,28.39,25.77,26.93,0.58,0.58,,4.15,,88.92
1618,1619,2024-06-29,16:35:30,2024,6,29,16,Saturday,පුත්තලම,කරුවලගස්වැව,7.8,80.0,0,1,30.46,26.55,28.08,0.11,0.11,,5.87,,83.4
1619,1620,2024-06-29,12:15:00,2024,6,29,12,Saturday,පුත්තලම,කරුවලගස්වැව,7.8,80.0,0,1,30.46,26.55,28.08,0.11,0.11,,5.87,,83.4
1620,1621,2024-06-29,09:26:27,2024,6,29,9,Saturday,අම්පාර,අම්පාර,7.3,81.6667,0,1,32.41,27.17,29.65,0.38,0.38,,3.02,,73.69
1621,1622,2024-06-27,20:11:58,2024,6,27,20,Thursday,කළුතර,ඉංගිරිය,6.75,80.05,1,2,28.62,25.73,26.91,5.03,5.03,,4.88,,89.65
1622,1623,2024-06-27,11:26:14,2024,6,27,11,Thursday,කොළඹ,කොළඹ,6.9271,79.8612,7,2,28.62,25.73,26.91,5.03,5.03,,4.88,,89.65
1623,1624,2024-06-26,15:50:52,2024,6,26,15,Wednesday,කොළඹ,දෙහිඕවිට,6.8,80.1,0,2,27.73,25.37,26.53,6.16,6.16,,5.59,,86.49
1624,1625,2024-06-26,11:15:48,2024,6,26,11,Wednesday,මුලතිව්,පනිච්චන්කුලම්,9.2,80.5,3,1,32.89,26.79,28.89,0.61,0.61,,8.18,,67.12
1625,1626,2024-06-26,06:41:48,2024,6,26,6,Wednesday,කිලිනොච්චිය,මාන්කුලම්,9.38,80.0,3,1,30.65,28.1,29.24,0.72,0.72,,9.9,,70.47
1626,1627,2024-06-25,18:18:56,2024,6,25,18,Tuesday,ගම්පහ,කඩවල,7.1,80.0,1,1,29.16,25.67,27.29,1.84,1.84,,6.04,,85.94
1627,1628,2024-06-25,16:26:05,2024,6,25,16,Tuesday,කෑගල්ල,බැලුම්මහර,7.15,80.3,0,1,29.16,25.67,27.29,1.84,1.84,,6.04,,85.94
1628,1629,2024-06-24,10:51:52,2024,6,24,10,Monday,කිලිනොච්චිය,කනකපුරම්,9.38,80.0,0,1,31.21,28.28,29.71,0.13,0.13,,10.36,,72.24
1629,1630,2024-06-23,11:13:00,2024,6,23,11,Sunday,ගම්පහ,බටයපොළ,7.1,80.0,0,1,28.85,26.18,27.32,1.71,1.71,,7.85,,84.39
1630,1631,2024-06-23,11:14:55,2024,6,23,11,Sunday,නුවරඑළිය,ගිනිගත්හේන,6.95,80.6,0,1,26.63,21.7,23.53,1.34,1.34,,8.0,,87.66
1631,1632,2024-06-22,16:21:40,2024,6,22,16,Saturday,මාතලේ,කවටයාමුණ,7.4667,80.65,2,1,30.44,23.76,26.19,3.15,3.15,,8.1,,79.76
1632,1633,2024-06-22,09:41:09,2024,6,22,9,Saturday,පුත්තලම,ජයබිම,7.5667,79.9,2,2,29.46,26.26,27.49,9.04,9.04,,8.57,,82.09
1634,1635,2024-06-21,12:29:17,2024,6,21,12,Friday,මොණරාගල,බිබිල,7.15,81.0,0,1,30.27,22.37,25.43,2.74,2.74,,5.51,,77.27
1633,1634,2024-06-21,14:53:31,2024,6,21,14,Friday,පුත්තලම,කල්පිටිය,8.25,79.7,0,1,31.16,26.64,28.56,1.15,1.15,,7.96,,79.02
1636,1637,2024-06-20,11:59:51,2024,6,20,11,Thursday,අනුරාධපුර,පලුගස්වැව,8.35,80.5,0,1,32.51,25.32,28.08,0.71,0.71,,6.93,,78.95
1635,1636,2024-06-20,19:42:20,2024,6,20,19,Thursday,මොණරාගල,මහියංගනය,7.15,81.0,0,1,31.01,22.98,26.04,3.34,3.34,,4.76,,80.12
1638,1639,2024-06-19,15:33:46,2024,6,19,15,Wednesday,කොළඹ,රනාල,6.9,80.0,0,1,28.55,26.34,27.2,4.57,4.57,,6.37,,88.26
1637,1638,2024-06-20,07:14:12,2024,6,20,7,Thursday,මාතර,මිරිස්වත්ත,6.05,80.5333,0,1,29.22,27.2,28.02,2.71,2.71,,6.99,,84.04
1639,1640,2024-06-19,11:11:09,2024,6,19,11,Wednesday,නුවරඑළිය,කුයිල්වත්ත,6.95,80.6,0,1,26.12,22.14,23.64,2.81,2.81,,5.73,,90.34
1640,1641,2024-06-16,18:37:29,2024,6,16,18,Sunday,මාතලේ,ගෝණදෙනියාගම,7.4667,80.65,1,1,31.09,24.45,26.92,0.26,0.26,,5.72,,82.5
1641,1642,2024-06-15,23:01:31,2024,6,15,23,Saturday,නුවරඑළිය,ඔහිය,6.7833,80.8833,0,1,26.8,22.35,23.9,1.79,1.79,,5.27,,90.07
1642,1643,2024-06-13,17:18:13,2024,6,13,17,Thursday,නුවරඑළිය,නෝටන්බ්‍රිජ්,6.95,80.6,0,1,26.85,21.61,23.8,0.43,0.43,,4.38,,90.2
1643,1644,2024-06-13,07:41:12,2024,6,13,7,Thursday,හම්බන්තොට,මත්තල,6.2,81.1,0,1,29.22,27.6,28.28,0.69,0.69,,6.71,,87.12
1644,1645,2024-06-12,16:20:50,2024,6,12,16,Wednesday,මොණරාගල,බිබිල,7.15,81.0,3,1,29.75,23.15,25.65,0.97,0.97,,4.17,,83.71
1645,1646,2024-06-12,10:19:43,2024,6,12,10,Wednesday,කොළඹ,කොට්ටාව,6.85,79.95,0,1,28.94,26.3,27.33,1.44,1.44,,5.33,,86.62
1646,1647,2024-06-11,15:20:27,2024,6,11,15,Tuesday,නුවරඑළිය,දියගල,6.95,80.6,0,1,26.37,22.07,23.72,0.39,0.39,,5.61,,90.43
1647,1648,2024-06-11,11:01:30,2024,6,11,11,Tuesday,ගම්පහ,කිරිබත්ගොඩ,6.95,79.9,0,1,28.96,26.4,27.45,1.01,1.01,,5.98,,87.54
1648,1649,2024-06-11,09:43:46,2024,6,11,9,Tuesday,මාතලේ,නාඋල,7.6,80.65,2,0,30.12,24.48,26.56,0.09,0.09,,6.4,,83.91
1649,1650,2024-06-09,18:53:24,2024,6,9,18,Sunday,ගම්පහ,එඩේරමුල්ල,7.05,79.9,0,2,28.56,26.49,27.24,8.95,8.95,,6.13,,88.51
1650,1651,2024-06-09,12:37:59,2024,6,9,12,Sunday,කොළඹ,කොළඹ,6.9271,79.8612,0,2,28.56,26.49,27.24,8.95,8.95,,6.13,,88.51
1651,1652,2024-06-09,12:29:41,2024,6,9,12,Sunday,මහනුවර,වරකාපොල,7.1167,80.4667,0,1,25.9,22.34,23.58,3.1,3.1,,5.57,,91.32
1652,1653,2024-06-08,15:29:37,2024,6,8,15,Saturday,කෑගල්ල,මංගල ගම,7.25,80.35,1,1,31.08,23.91,26.77,0.76,0.76,,5.59,,80.74
1653,1654,2024-06-08,07:05:52,2024,6,8,7,Saturday,ගම්පහ,එඩේරමුල්ල,7.05,79.9,2,1,29.27,26.21,27.43,3.46,3.46,,6.4,,85.75
1654,1655,2024-06-07,12:41:06,2024,6,7,12,Friday,නුවරඑළිය,ගල්පාය,6.95,80.55,0,1,26.46,22.01,23.73,3.45,3.45,,4.89,,90.48
1655,1656,2024-06-07,11:12:41,2024,6,7,11,Friday,නුවරඑළිය,නොර්වුඩ්,6.9,80.6,0,1,26.46,22.01,23.73,3.45,3.45,,4.89,,90.48
1656,1657,2024-06-06,12:46:34,2024,6,6,12,Thursday,ගම්පහ,දූනගහ,7.2,80.0,1,1,29.21,25.96,27.39,1.92,1.92,,5.93,,87.28
1657,1658,2024-06-05,15:34:35,2024,6,5,15,Wednesday,යාපනය,නෙඩුන්කේනි,9.65,80.0,0,1,30.83,28.39,29.55,0.47,0.47,,8.58,,80.42
1658,1659,2024-06-02,13:58:02,2024,6,2,13,Sunday,බදුල්ල,උඩුවර,6.8333,81.0,0,2,29.25,23.42,25.77,11.21,11.21,,2.81,,84.49
1659,1660,2024-06-02,13:33:10,2024,6,2,13,Sunday,කළුතර,පානදුර,6.7167,79.9,1,3,28.31,26.0,27.15,43.08,43.08,,4.83,,88.65
1660,1661,2024-05-31,12:45:26,2024,5,31,12,Friday,කොළඹ,රාජගිරිය,6.9,79.9,0,2,28.8,26.4,27.46,5.13,5.13,,5.25,,89.54
1661,1662,2024-05-29,21:24:26,2024,5,29,21,Wednesday,බදුල්ල,පස්සර,6.9833,81.05,1,1,30.54,24.34,26.68,2.9,2.9,,6.08,,80.86
1662,1663,2024-05-29,14:58:59,2024,5,29,14,Wednesday,මාතලේ,ඉලුක්වල,7.4667,80.65,1,1,29.12,24.74,26.37,2.38,2.38,,7.62,,87.98
1663,1664,2024-05-29,08:13:57,2024,5,29,8,Wednesday,කුරුණෑගල,පැල්ලන්දෙනිය,7.5,80.2,3,1,29.32,26.95,27.86,4.52,4.52,,8.32,,87.98
1664,1665,2024-05-28,10:22:46,2024,5,28,10,Tuesday,ගම්පහ,වේයන්ගොඩ,7.156,80.058,1,2,29.39,26.34,27.6,5.46,5.46,,8.78,,85.1
1666,1667,2024-05-23,16:06:01,2024,5,23,16,Thursday,පුත්තලම,හලාවත,7.575,79.795,1,2,29.89,27.54,28.22,10.93,10.93,,10.71,,85.01
1665,1666,2024-05-26,10:42:39,2024,5,26,10,Sunday,කුරුණෑගල,ගල්ගමුව,7.996,80.267,13,1,30.65,27.53,28.65,2.92,2.92,,8.29,,83.94
1668,1669,2024-05-22,18:02:43,2024,5,22,18,Wednesday,නුවරඑළිය,තලවකැලේ,6.949,80.661,0,2,25.91,23.03,24.09,7.46,7.46,,8.39,,90.54
1667,1668,2024-05-23,07:30:36,2024,5,23,7,Thursday,නුවරඑළිය,මස්කෙලිය,6.866,80.566,0,2,26.58,23.11,24.35,6.57,6.57,,9.47,,90.54
1669,1670,2024-05-22,11:17:37,2024,5,22,11,Wednesday,කුරුණෑගල,කුලියාපිටිය,7.469,80.04,0,2,29.42,27.66,28.33,8.28,8.28,,9.53,,84.87
1670,1671,2024-05-21,13:27:03,2024,5,21,13,Tuesday,කොළඹ,බොරැල්ල,6.914,79.877,0,1,30.62,26.65,28.55,3.76,3.76,,6.19,,82.48
1671,1672,2024-05-21,12:31:03,2024,5,21,12,Tuesday,කුරුණෑගල,කුලියාපිටිය,7.469,80.04,0,1,31.39,27.04,29.01,2.84,2.84,,6.97,,80.95
1672,1673,2024-05-21,08:43:25,2024,5,21,8,Tuesday,බදුල්ල,ඇල්ල,6.866,81.046,0,1,31.15,22.78,26.4,2.93,2.93,,4.66,,82.0
1673,1674,2024-05-20,16:30:26,2024,5,20,16,Monday,යාපනය,යාපනය,9.661,80.025,0,2,30.36,28.52,29.47,14.91,14.91,,4.84,,80.16
1674,1675,2024-05-20,07:36:00,2024,5,20,7,Monday,මුලතිව්,මාන්කුලම්,9.066,80.469,0,2,30.45,26.32,28.02,9.18,9.18,,3.81,,85.52
1675,1676,2024-05-18,19:17:11,2024,5,18,19,Saturday,කොළඹ,අවිස්සාවේල්ල,6.955,80.211,0,3,29.1,26.44,27.64,36.89,36.89,,5.24,,87.33
1676,1677,2024-05-18,07:10:50,2024,5,18,7,Saturday,කොළඹ,දෙහිවල,6.851,79.865,0,3,29.1,26.44,27.64,36.89,36.89,,5.24,,87.33
1677,1678,2024-05-17,07:02:09,2024,5,17,7,Friday,රත්නපුර,පල්ලෙබැද්ද,6.579,80.613,0,2,28.41,23.73,25.76,5.47,5.47,,3.21,,89.91
1678,1679,2024-05-15,22:41:38,2024,5,15,22,Wednesday,බදුල්ල,දියතලාව,6.811,80.949,0,2,30.39,24.35,26.5,11.97,11.97,,1.31,,82.41
1679,1680,2024-05-14,20:07:14,2024,5,14,20,Tuesday,යාපනය,යාපනය,9.661,80.025,0,2,31.65,29.23,30.38,8.66,8.66,,2.87,,73.37
1680,1681,2024-05-13,18:44:04,2024,5,13,18,Monday,මාතර,මාතර,5.948,80.535,1,2,30.93,27.32,28.98,13.63,13.63,,1.95,,79.81
1681,1682,2024-05-12,19:43:05,2024,5,12,19,Sunday,මාතලේ,දඹුල්ල,7.873,80.651,1,2,35.18,25.1,29.49,13.25,13.25,,1.43,,74.68
1682,1683,2024-05-11,18:48:35,2024,5,11,18,Saturday,රත්නපුර,රත්නපුර,6.682,80.399,0,2,30.86,23.96,26.85,6.48,6.48,,1.24,,85.38
1683,1684,2024-05-11,16:16:31,2024,5,11,16,Saturday,නුවරඑළිය,හගුරන්කෙත,7.156,80.782,0,2,29.14,22.1,25.09,8.81,8.81,,1.15,,83.26
1685,1686,2024-05-11,08:27:49,2024,5,11,8,Saturday,බදුල්ල,බදුල්ල,6.993,81.055,0,2,31.42,24.1,27.12,7.4,7.4,,1.61,,79.64
1684,1685,2024-05-11,11:31:44,2024,5,11,11,Saturday,මාතලේ,දඹුල්ල,7.873,80.651,0,2,34.54,24.35,29.16,6.24,6.24,,1.76,,70.31
1686,1687,2024-05-08,07:08:20,2024,5,8,7,Wednesday,ගම්පහ,දුම්මලදෙණිය,7.16,80.07,0,2,31.25,27.69,29.06,5.11,5.11,,2.28,,83.49
1687,1688,2024-05-07,16:48:08,2024,5,7,16,Tuesday,කොළඹ,කොල්ලුපිටිය,6.907,79.85,0,2,30.6,27.75,28.92,6.57,6.57,,4.42,,86.95
1688,1689,2024-05-06,09:38:00,2024,5,6,9,Monday,මාතර,මාතර,5.948,80.535,0,2,31.76,28.68,29.94,6.28,6.28,,4.9,,81.08
1689,1690,2024-05-03,14:56:18,2024,5,3,14,Friday,අම්පාර,අම්පාර,7.297,81.682,0,1,33.19,28.45,30.71,0.12,0.12,,4.15,,79.1
1691,1692,2024-04-29,12:07:55,2024,4,29,12,Monday,කොළඹ,කොළඹ,6.927,79.861,0,2,30.85,27.32,28.86,7.85,7.85,,1.96,,83.97
1690,1691,2024-05-01,18:18:57,2024,5,1,18,Wednesday,යාපනය,යාපනය,9.661,80.025,1,1,33.27,29.83,31.5,1.3,1.3,,4.51,,75.8
1692,1693,2024-04-26,09:24:32,2024,4,26,9,Friday,කුරුණෑගල,ගල්ගමුව,7.996,80.267,0,0,36.87,27.06,31.41,0.07,0.07,,1.5,,61.14
1693,1694,2024-04-24,17:07:05,2024,4,24,17,Wednesday,කොළඹ,කොළඹ,6.927,79.861,0,2,30.89,26.93,28.67,5.3,5.3,,2.23,,82.8
1694,1695,2024-04-24,14:02:43,2024,4,24,14,Wednesday,බදුල්ල,දියතලාව,6.811,80.949,0,1,34.66,23.68,28.41,0.7,0.7,,1.6,,73.72
1695,1696,2024-04-23,21:37:23,2024,4,23,21,Tuesday,බදුල්ල,දියතලාව,6.811,80.949,0,1,33.92,24.15,28.1,1.23,1.23,,2.33,,75.95
1696,1697,2024-04-23,11:14:26,2024,4,23,11,Tuesday,මාතර,මාතර,5.948,80.535,0,2,31.04,27.16,28.82,6.19,6.19,,3.43,,81.98
1697,1698,2024-04-22,23:19:23,2024,4,22,23,Monday,මාතර,මාතර,5.948,80.535,0,1,30.55,27.84,28.88,4.51,4.51,,3.18,,84.05
1698,1699,2024-04-22,20:09:52,2024,4,22,20,Monday,මාතර,මාතර,5.948,80.535,0,1,30.55,27.84,28.88,4.51,4.51,,3.18,,84.05
1699,1700,2024-04-22,19:52:52,2024,4,22,19,Monday,ත්‍රිකුණාමලය,කන්තලේ,8.365,80.958,1,1,33.43,27.75,30.33,1.32,1.32,,3.6,,73.73
1700,1701,2024-04-22,18:16:18,2024,4,22,18,Monday,බදුල්ල,දියතලාව,6.811,80.949,0,1,33.98,23.46,28.12,1.43,1.43,,1.51,,72.96
1701,1702,2024-04-22,08:55:11,2024,4,22,8,Monday,බදුල්ල,දියතලාව,6.811,80.949,0,1,33.98,23.46,28.12,1.43,1.43,,1.51,,72.96
1703,1704,2024-04-22,07:09:32,2024,4,22,7,Monday,මාතර,මාතර,5.948,80.535,0,1,30.55,27.84,28.88,4.51,4.51,,3.18,,84.05
1702,1703,2024-04-22,07:54:24,2024,4,22,7,Monday,යාපනය,යාපනය,9.661,80.025,0,1,33.3,29.41,31.38,0.13,0.13,,2.44,,69.92
1704,1705,2024-04-21,16:39:14,2024,4,21,16,Sunday,,,0.0,0.0,0,1,29.45,29.07,29.33,2.65,2.65,,3.42,,84.14
1705,1706,2024-04-21,15:38:02,2024,4,21,15,Sunday,බදුල්ල,දියතලාව,7.05,80.95,7,1,34.09,23.97,27.96,1.07,1.07,,1.67,,74.53
1706,1707,2024-04-21,11:38:54,2024,4,21,11,Sunday,ගාල්ල,ඇල්පිටිය,6.2,80.2,3,1,30.51,28.91,29.6,4.46,4.46,,2.99,,81.85
1707,1708,2024-04-20,16:56:10,2024,4,20,16,Saturday,මාතලේ,මොරගහකන්ද,7.85,80.65,0,1,37.1,26.08,30.75,2.84,2.84,,2.24,,71.51
1708,1709,2024-04-17,21:43:31,2024,4,17,21,Wednesday,,,0.0,0.0,0,1,29.29,28.3,28.91,2.27,2.27,,4.39,,82.71
1710,1711,2024-04-15,20:20:48,2024,4,15,20,Monday,,,0.0,0.0,23,2,29.54,28.55,29.26,6.78,6.78,,4.43,,82.45
1709,1710,2024-04-16,08:09:15,2024,4,16,8,Tuesday,බදුල්ල,බණ්ඩාරවෙල,6.83,80.98,0,1,30.71,23.47,26.31,2.41,2.41,,2.23,,84.3
1711,1712,2024-04-15,10:06:04,2024,4,15,10,Monday,,,0.0,0.0,10,2,29.54,28.55,29.26,6.78,6.78,,4.43,,82.45
1713,1714,2024-04-13,17:53:06,2024,4,13,17,Saturday,බදුල්ල,බණ්ඩාරවෙල,6.83,80.98,0,2,31.32,21.66,25.98,5.14,5.14,,2.29,,82.49
1712,1713,2024-04-14,15:43:03,2024,4,14,15,Sunday,බදුල්ල,බදුල්ල,6.99,81.05,2,1,30.09,22.95,26.0,3.7,3.7,,2.96,,86.58
1714,1715,2024-04-13,07:28:41,2024,4,13,7,Saturday,,,0.0,0.0,0,2,29.29,27.9,28.63,10.81,10.81,,3.79,,80.29
1715,1716,2024-04-12,16:11:29,2024,4,12,16,Friday,මොණරාගල,වැල්ලවාය,6.75,81.1,0,2,29.64,22.78,25.55,8.5,8.5,,2.5,,86.29
1716,1717,2024-04-10,11:42:38,2024,4,10,11,Wednesday,මුලතිව්,මුලතිව්,9.26,80.81,2,0,31.84,28.11,29.8,0.08,0.08,,4.8,,74.62
1717,1718,2024-04-09,14:39:02,2024,4,9,14,Tuesday,මහනුවර,නාවලපිටිය,7.05,80.53,0,1,30.63,20.31,24.67,0.12,0.12,,2.71,,77.03
1718,1719,2024-04-09,10:14:11,2024,4,9,10,Tuesday,කොළඹ,මුල්ලේරියාව,6.97,79.95,0,1,34.02,26.0,29.65,0.45,0.45,,2.02,,69.1
1719,1720,2024-04-09,07:20:20,2024,4,9,7,Tuesday,ගම්පහ,හුණුපිටිය,6.98,79.95,1,1,34.02,26.0,29.65,0.45,0.45,,2.02,,69.1
1720,1721,2024-04-08,15:59:14,2024,4,8,15,Monday,අනුරාධපුර,තලාව,8.15,80.65,1,1,37.42,26.17,30.68,0.97,0.97,,2.03,,67.54
1722,1723,2024-04-06,07:30:57,2024,4,6,7,Saturday,කළුතර,බුලත්සිංහල,6.65,80.15,1,1,31.22,27.5,28.92,1.77,1.77,,2.07,,82.06
1721,1722,2024-04-07,16:56:27,2024,4,7,16,Sunday,අම්පාර,ඉගිනියාගල,7.3,81.67,1,0,32.64,28.4,30.05,0.02,0.02,,3.31,,74.8
1723,1724,2024-04-04,18:11:44,2024,4,4,18,Thursday,,,0.0,0.0,35,1,30.16,29.44,29.74,0.78,0.78,,6.2,,82.81
1724,1725,2024-04-03,19:25:51,2024,4,3,19,Wednesday,රත්නපුර,රත්නපුර,6.68,80.4,0,2,31.66,23.9,26.98,5.49,5.49,,2.1,,84.87
1725,1726,2024-04-02,07:23:12,2024,4,2,7,Tuesday,මහනුවර,නාවලපිටිය,7.05,80.53,1,2,31.0,21.76,25.61,9.14,9.14,,1.19,,80.33
1726,1727,2024-04-01,17:31:07,2024,4,1,17,Monday,කුරුණෑගල,පරගහදෙණිය,7.48,80.35,1,1,34.93,22.15,28.1,1.27,1.27,,1.66,,71.51
1727,1728,2024-03-31,14:50:54,2024,3,31,14,Sunday,රත්නපුර,ඇඹිලිපිටිය,6.45,80.6,1,1,32.17,23.08,26.97,0.88,0.88,,1.4,,82.29
1728,1729,2024-03-31,07:07:06,2024,3,31,7,Sunday,ගම්පහ,රාගම,7.03,79.92,2,1,31.4,26.03,28.54,1.08,1.08,,1.73,,76.58
1729,1730,2024-03-30,14:07:18,2024,3,30,14,Saturday,මඩකලපුව,කල්මුණේ,7.42,81.79,0,1,30.79,27.67,29.02,2.26,2.26,,3.16,,76.34
1731,1732,2024-03-29,07:42:01,2024,3,29,7,Friday,,,0.0,0.0,0,2,29.61,28.37,28.99,17.28,17.28,,5.93,,84.07
1730,1731,2024-03-29,21:31:47,2024,3,29,21,Friday,,,0.0,0.0,0,2,29.61,28.37,28.99,17.28,17.28,,5.93,,84.07
1732,1733,2024-03-28,21:45:49,2024,3,28,21,Thursday,කුරුණෑගල,අලව්ව,7.25,80.2,4,1,35.47,24.37,29.71,0.69,0.69,,2.3,,69.99
1733,1734,2024-03-28,18:07:52,2024,3,28,18,Thursday,නුවරඑළිය,හැටන්,6.9,80.6,0,1,30.92,19.76,24.79,0.75,0.75,,1.98,,80.45
1734,1735,2024-03-27,17:25:43,2024,3,27,17,Wednesday,කුරුණෑගල,අලව්ව,7.25,80.2,4,1,30.73,25.85,27.99,4.51,4.51,,4.26,,78.97
1735,1736,2024-03-27,15:17:20,2024,3,27,15,Wednesday,,,0.0,0.0,0,1,30.0,29.55,29.74,2.25,2.25,,3.06,,82.02
1737,1738,2024-03-27,08:59:11,2024,3,27,8,Wednesday,පුත්තලම,නාත්තන්ඩිය,7.75,79.85,0,1,32.1,25.88,28.57,1.22,1.22,,4.36,,73.2
1736,1737,2024-03-27,12:29:17,2024,3,27,12,Wednesday,කුරුණෑගල,මල්කඩුවාව,7.48,80.35,0,1,30.81,22.6,25.94,2.08,2.08,,3.79,,84.35
1738,1739,2024-03-26,07:39:44,2024,3,26,7,Tuesday,කොළඹ,කොට්ටාව,6.85,79.95,1,1,32.2,24.17,28.33,0.95,0.95,,1.95,,71.84
1739,1740,2024-03-25,19:12:18,2024,3,25,19,Monday,අම්පාර,අම්පාර,7.3,81.67,0,1,30.37,27.4,28.66,0.4,0.4,,4.64,,77.66
1740,1741,2024-03-24,10:21:32,2024,3,24,10,Sunday,,,0.0,0.0,0,1,29.44,28.64,29.08,3.92,3.92,,4.4,,79.88
1741,1742,2024-03-23,20:19:54,2024,3,23,20,Saturday,,,0.0,0.0,0,1,29.49,28.12,28.77,3.27,3.27,,3.93,,78.78
1743,1744,2024-03-23,11:14:36,2024,3,23,11,Saturday,,,0.0,0.0,0,1,29.49,28.12,28.77,3.27,3.27,,3.93,,78.78
1744,1745,2024-03-22,12:07:05,2024,3,22,12,Friday,අනුරාධපුර,කැකිරාව,8.15,80.65,1,2,33.3,24.84,27.88,5.75,5.75,,4.2,,81.74
1742,1743,2024-03-23,18:07:46,2024,3,23,18,Saturday,මහනුවර,මහනුවර,7.29,80.63,0,1,31.65,23.21,26.46,1.5,1.5,,3.25,,83.79
1745,1746,2024-03-20,11:50:20,2024,3,20,11,Wednesday,මාතලේ,විල්ගමුව,7.85,80.65,1,1,34.72,20.69,27.19,0.48,0.48,,3.47,,73.96
1746,1747,2024-03-17,19:51:29,2024,3,17,19,Sunday,,,0.0,0.0,0,1,30.38,29.3,29.94,1.52,1.52,,3.78,,80.3
1748,1749,2024-03-14,17:40:49,2024,3,14,17,Thursday,මඩකලපුව,මඩකලපුව,7.42,81.79,0,0,30.27,26.57,28.13,0.05,0.05,,2.48,,73.9
1747,1748,2024-03-17,08:23:23,2024,3,17,8,Sunday,මහනුවර,පේරාදෙණිය,7.29,80.63,1,0,31.7,17.36,24.23,0.0,0.0,,3.16,,75.94
1750,1751,2024-03-11,22:37:34,2024,3,11,22,Monday,රත්නපුර,බලංගොඩ,6.68,80.4,0,0,30.87,19.5,24.9,0.02,0.02,,2.4,,80.65
1749,1750,2024-03-12,17:37:23,2024,3,12,17,Tuesday,,,0.0,0.0,0,2,29.66,28.79,29.15,16.71,16.71,,5.16,,83.87
1751,1752,2024-03-11,08:45:39,2024,3,11,8,Monday,පුත්තලම,මාරවිල,7.75,79.85,1,0,33.11,23.12,27.49,0.0,0.0,,4.89,,75.22
1752,1753,2024-03-10,14:40:23,2024,3,10,14,Sunday,අනුරාධපුර,රඹෑව,8.15,80.65,3,0,31.88,20.09,25.37,0.0,0.0,,3.4,,80.69
1753,1754,2024-03-09,20:34:43,2024,3,9,20,Saturday,අනුරාධපුර,රඹෑව,8.15,80.65,3,0,32.05,19.48,25.25,0.0,0.0,,3.14,,80.46
1754,1755,2024-03-09,06:34:48,2024,3,9,6,Saturday,අනුරාධපුර,රඹෑව,8.15,80.65,3,0,32.05,19.48,25.25,0.0,0.0,,3.14,,80.46
1755,1756,2024-03-07,20:08:40,2024,3,7,20,Thursday,,,0.0,0.0,0,1,29.0,27.93,28.36,3.96,3.96,,4.91,,82.61
1756,1757,2024-03-07,17:56:06,2024,3,7,17,Thursday,කුරුණෑගල,පොතුහැර,7.48,80.35,3,0,29.58,20.0,24.09,0.0,0.0,,2.6,,81.4
1757,1758,2024-03-07,13:12:39,2024,3,7,13,Thursday,අනුරාධපුර,මැදවච්චිය,8.15,80.65,0,0,29.22,21.03,24.6,0.0,0.0,,2.86,,85.0
1758,1759,2024-03-06,15:54:18,2024,3,6,15,Wednesday,රත්නපුර,රත්නපුර,6.68,80.4,0,1,29.71,23.18,25.5,1.14,1.14,,1.55,,87.25
1759,1760,2024-03-06,09:05:21,2024,3,6,9,Wednesday,කුරුණෑගල,පොතුහැර,7.48,80.35,3,0,30.27,20.52,24.75,0.0,0.0,,2.09,,84.32
1760,1761,2024-03-05,15:57:35,2024,3,5,15,Tuesday,අනුරාධපුර,මොරගොල්ලාගම,8.15,80.65,1,0,30.97,19.66,24.93,0.0,0.0,,2.93,,83.82
1761,1762,2024-03-05,07:30:52,2024,3,5,7,Tuesday,,,0.0,0.0,7,2,29.26,28.95,29.08,6.86,6.86,,4.4,,81.86
1762,1763,2024-03-04,07:12:34,2024,3,4,7,Monday,,,0.0,0.0,0,2,29.31,28.86,29.07,5.15,5.15,,3.25,,79.6
1763,1764,2024-03-03,22:07:33,2024,3,3,22,Sunday,මහනුවර,කඩුගන්නාව,7.29,80.63,0,0,30.05,19.66,24.45,0.02,0.02,,2.69,,85.17
1764,1765,2024-03-03,12:03:01,2024,3,3,12,Sunday,,,0.0,0.0,0,1,29.28,28.77,28.94,1.13,1.13,,2.37,,78.66
1765,1766,2024-03-03,07:05:41,2024,3,3,7,Sunday,කිළිනොච්චිය,පුනරීන්,9.38,80.1,0,0,29.69,26.03,27.61,0.0,0.0,,4.42,,74.92
1766,1767,2024-03-02,11:30:15,2024,3,2,11,Saturday,යාපනය,චාවකච්චේරි,9.66,80.01,1,0,29.95,26.25,27.91,0.0,0.0,,4.55,,73.91
1767,1768,2024-03-02,08:55:10,2024,3,2,8,Saturday,කුරුණෑගල,කිතුල්ගල,7.48,80.35,0,0,28.84,20.34,23.96,0.0,0.0,,3.33,,87.05
1768,1769,2024-03-01,18:23:44,2024,3,1,18,Friday,යාපනය,චාවකච්චේරි,9.66,80.01,1,0,29.58,26.63,27.87,0.0,0.0,,6.48,,75.38
1769,1770,2024-03-01,17:00:40,2024,3,1,17,Friday,කුරුණෑගල,කිතුල්ගල,7.48,80.35,0,0,28.91,20.97,24.27,0.0,0.0,,4.48,,87.23
1770,1771,2024-03-01,07:11:52,2024,3,1,7,Friday,මඩකලපුව,පෙරියනිලාවනි,7.42,81.79,1,1,28.49,26.61,27.46,1.13,1.13,,5.99,,81.16
1771,1772,2024-02-29,19:53:45,2024,2,29,19,Thursday,,,0.0,0.0,0,3,28.74,28.37,28.58,22.47,22.47,,3.93,,83.08
1772,1773,2024-02-29,08:41:06,2024,2,29,8,Thursday,මොණරාගල,මොණරාගල,6.75,81.1,0,0,28.83,21.17,24.3,0.1,0.1,,3.56,,87.58
1773,1774,2024-02-28,23:29:29,2024,2,28,23,Wednesday,පුත්තලම,පුලිච්චාකුලම,7.75,79.85,1,0,31.43,24.25,27.1,0.01,0.01,,6.23,,80.66
1774,1775,2024-02-27,14:02:09,2024,2,27,14,Tuesday,ගාල්ල,කුරුඳුගහහැතැප්ම,6.2,80.2,2,1,30.19,27.55,28.65,1.83,1.83,,5.67,,83.79
1775,1776,2024-02-26,06:58:30,2024,2,26,6,Monday,මොණරාගල,මල්වත්තාවල,6.75,81.1,1,1,28.79,21.87,24.83,0.44,0.44,,4.35,,89.86
1776,1777,2024-02-24,16:27:13,2024,2,24,16,Saturday,අනුරාධපුර,ගැටලාව,8.15,80.65,1,1,30.7,22.27,25.85,3.15,3.15,,3.21,,86.58
1777,1778,2024-02-24,11:05:07,2024,2,24,11,Saturday,ගම්පහ,වැලිසර,7.03,79.92,1,1,30.29,25.43,27.75,3.71,3.71,,1.44,,79.65
1778,1779,2024-02-23,18:04:22,2024,2,23,18,Friday,,,0.0,0.0,0,1,28.8,27.98,28.32,3.36,3.36,,4.75,,81.42
1779,1780,2024-02-23,10:22:44,2024,2,23,10,Friday,,,0.0,0.0,0,1,28.8,27.98,28.32,3.36,3.36,,4.75,,81.42
1780,1781,2024-02-22,20:14:05,2024,2,22,20,Thursday,,,0.0,0.0,0,2,28.8,28.24,28.54,5.43,5.43,,4.46,,79.86
1782,1783,2024-02-22,13:21:27,2024,2,22,13,Thursday,මහනුවර,මහනුවර,7.29,80.63,0,0,30.23,23.13,26.02,0.01,0.01,,1.59,,85.89
1781,1782,2024-02-22,19:42:29,2024,2,22,19,Thursday,මහනුවර,රදැල්ල,7.29,80.63,0,0,30.23,23.13,26.02,0.01,0.01,,1.59,,85.89
1784,1785,2024-02-22,08:02:36,2024,2,22,8,Thursday,,,0.0,0.0,0,2,28.8,28.24,28.54,5.43,5.43,,4.46,,79.86
1783,1784,2024-02-22,12:23:19,2024,2,22,12,Thursday,යාපනය,යාපනය,9.66,80.01,1,0,29.52,25.7,27.86,0.0,0.0,,2.62,,78.94
1785,1786,2024-02-21,11:56:08,2024,2,21,11,Wednesday,,,0.0,0.0,0,2,29.01,28.35,28.64,11.94,11.94,,5.63,,86.64
1787,1788,2024-02-20,08:17:42,2024,2,20,8,Tuesday,රත්නපුර,පැල්මඩුල්ල,6.68,80.4,1,1,30.44,21.23,25.61,0.16,0.16,,2.95,,86.94
1786,1787,2024-02-21,09:03:26,2024,2,21,9,Wednesday,කොළඹ,බත්තරමුල්ල,6.85,79.95,1,1,31.1,25.09,27.56,0.42,0.42,,2.24,,82.21
1788,1789,2024-02-20,07:54:44,2024,2,20,7,Tuesday,පුත්තලම,ආරච්චිකට්ටුව,7.75,79.85,3,0,31.34,23.21,26.87,0.0,0.0,,4.82,,84.43
1789,1790,2024-02-19,10:01:11,2024,2,19,10,Monday,කොළඹ,පිළියන්දල,6.85,79.95,2,1,30.96,23.61,26.94,0.18,0.18,,3.75,,81.11
1791,1792,2024-02-18,19:43:42,2024,2,18,19,Sunday,නුවරඑළිය,ගිනිගත්හේන,6.9,80.6,0,0,27.51,18.55,22.44,0.02,0.02,,4.0,,87.23
1792,1793,2024-02-18,14:04:38,2024,2,18,14,Sunday,කොළඹ,කොළඹ,6.97,79.95,0,0,30.77,23.1,26.51,0.03,0.03,,4.73,,80.38
1790,1791,2024-02-18,23:04:48,2024,2,18,23,Sunday,කොළඹ,කොළඹ,6.97,79.95,0,0,30.77,23.1,26.51,0.03,0.03,,4.73,,80.38
1793,1794,2024-02-18,11:29:31,2024,2,18,11,Sunday,කිළිනොච්චිය,පරන්තන්,9.38,80.1,4,0,28.78,25.71,27.14,0.0,0.0,,5.92,,78.71
1794,1795,2024-02-17,13:32:02,2024,2,17,13,Saturday,ගම්පහ,කඩවත,7.03,79.92,0,1,30.83,23.91,26.83,0.26,0.26,,5.27,,83.28
1795,1796,2024-02-17,09:16:22,2024,2,17,9,Saturday,මාතලේ,දඹුල්ල,7.85,80.65,1,0,29.82,22.79,25.64,0.03,0.03,,4.61,,85.79
1796,1797,2024-02-16,18:41:14,2024,2,16,18,Friday,කුරුණෑගල,වාරියපොළ,7.48,80.35,0,1,27.17,21.26,23.83,0.95,0.95,,4.48,,92.29
1797,1798,2024-02-15,11:45:06,2024,2,15,11,Thursday,මහනුවර,අලදෙණිය,7.29,80.63,1,1,28.59,21.67,24.3,0.5,0.5,,5.0,,87.57
1798,1799,2024-02-15,09:04:15,2024,2,15,9,Thursday,පොළොන්නරුව,සෙවනපිටිය,7.94,81.0,15,1,29.18,24.55,26.37,0.29,0.29,,4.84,,82.71
1799,1800,2024-02-14,21:00:24,2024,2,14,21,Wednesday,යාපනය,ඉනුවිල්,9.66,80.01,2,0,28.72,26.64,27.45,0.06,0.06,,8.02,,77.58
1800,1801,2024-02-13,07:53:36,2024,2,13,7,Tuesday,මඩකලපුව,කොකාවිල්,7.42,81.79,0,1,28.78,26.82,27.65,1.43,1.43,,6.75,,83.38
1802,1803,2024-02-12,17:20:03,2024,2,12,17,Monday,කොළඹ,කොළඹ,6.97,79.95,1,1,30.59,23.06,26.38,0.19,0.19,,5.62,,83.38
1801,1802,2024-02-13,07:09:02,2024,2,13,7,Tuesday,අනුරාධපුර,සාලියවැව,8.15,80.65,0,1,29.64,22.94,25.74,0.89,0.89,,5.35,,88.68
1804,1805,2024-02-12,15:52:48,2024,2,12,15,Monday,යාපනය,කොඩිගාමම්,9.66,80.01,0,0,28.47,25.83,27.0,0.01,0.01,,7.37,,76.17
1805,1806,2024-02-12,11:13:56,2024,2,12,11,Monday,යාපනය,මාක්කිරායි,9.66,80.01,1,0,28.47,25.83,27.0,0.01,0.01,,7.37,,76.17
1803,1804,2024-02-12,16:49:08,2024,2,12,16,Monday,මාතලේ,නාඋල,7.85,80.65,1,1,29.43,22.04,25.2,0.18,0.18,,5.18,,87.32
1806,1807,2024-02-12,07:41:59,2024,2,12,7,Monday,,,0.0,0.0,0,0,28.96,28.62,28.82,0.08,0.08,,2.68,,82.05
1807,1808,2024-02-11,23:21:33,2024,2,11,23,Sunday,රත්නපුර,රත්නපුර,6.68,80.4,0,0,28.32,19.61,23.53,0.0,0.0,,4.15,,85.1
1808,1809,2024-02-11,23:09:23,2024,2,11,23,Sunday,පුත්තලම,පල්ලම,7.75,79.85,1,0,29.5,22.54,25.55,0.0,0.0,,6.32,,81.06
1809,1810,2024-02-11,15:57:49,2024,2,11,15,Sunday,කොළඹ,බම්බලපිටිය,6.85,79.95,0,0,29.65,21.88,25.42,0.0,0.0,,5.5,,80.93
1810,1811,2024-02-10,07:52:47,2024,2,10,7,Saturday,කොළඹ,කොළඹ,6.97,79.95,0,0,30.08,22.37,25.65,0.01,0.01,,4.84,,81.03
1811,1812,2024-02-10,06:58:43,2024,2,10,6,Saturday,මඩකලපුව,ආරුමුගත්තාන්,7.42,81.79,2,1,28.79,26.23,27.39,0.51,0.51,,6.13,,75.86
1812,1813,2024-02-09,10:59:57,2024,2,9,10,Friday,හම්බන්තොට,මත්තල,6.12,81.1,0,0,28.68,25.18,26.81,0.02,0.02,,6.51,,80.77
1813,1814,2024-02-08,22:20:44,2024,2,8,22,Thursday,හම්බන්තොට,සෙල්ලකතරගම,6.12,81.1,1,0,28.41,24.7,26.41,0.0,0.0,,6.53,,81.06
1815,1816,2024-02-08,15:51:00,2024,2,8,15,Thursday,,,0.0,0.0,0,1,28.46,27.94,28.12,1.04,1.04,,4.46,,83.82
1816,1817,2024-02-08,09:39:02,2024,2,8,9,Thursday,,,0.0,0.0,0,1,28.46,27.94,28.12,1.04,1.04,,4.46,,83.82
1817,1818,2024-02-08,07:18:29,2024,2,8,7,Thursday,,,0.0,0.0,0,1,28.46,27.94,28.12,1.04,1.04,,4.46,,83.82
1814,1815,2024-02-08,20:22:14,2024,2,8,20,Thursday,,,0.0,0.0,0,1,28.46,27.94,28.12,1.04,1.04,,4.46,,83.82
1818,1819,2024-02-07,20:49:57,2024,2,7,20,Wednesday,රත්නපුර,වලස්මුල්ල,6.68,80.4,1,0,29.56,17.4,23.1,0.0,0.0,,3.08,,83.49
1819,1820,2024-02-07,06:57:53,2024,2,7,6,Wednesday,,,0.0,0.0,0,1,29.14,28.38,28.9,1.29,1.29,,3.79,,80.82
1820,1821,2024-02-06,11:49:33,2024,2,6,11,Tuesday,මහනුවර,නිව්ටන් වත්ත,7.29,80.63,1,0,27.63,18.64,22.75,0.0,0.0,,4.25,,88.52
1821,1822,2024-02-06,10:23:55,2024,2,6,10,Tuesday,මාතලේ,දඹුල්ල,7.85,80.65,2,0,28.58,20.64,23.94,0.0,0.0,,4.09,,85.61
1822,1823,2024-02-05,13:30:46,2024,2,5,13,Monday,මහනුවර,ගම්පොල,7.29,80.63,1,1,29.01,21.44,24.69,2.17,2.17,,4.74,,89.87
1823,1824,2024-02-05,11:31:25,2024,2,5,11,Monday,පුත්තලම,පුත්තලම,7.75,79.85,1,1,30.09,23.67,26.45,0.56,0.56,,5.98,,85.13
1824,1825,2024-02-05,09:04:20,2024,2,5,9,Monday,රත්නපුර,ඇඹිලිපිටිය,6.45,80.6,0,1,29.86,22.21,25.37,1.18,1.18,,3.2,,87.79
1825,1826,2024-02-04,15:54:06,2024,2,4,15,Sunday,හම්බන්තොට,හුංගම,6.12,81.1,0,2,28.5,26.22,27.24,7.0,7.0,,5.8,,87.54
1826,1827,2024-01-31,17:49:50,2024,1,31,17,Wednesday,නුවරඑළිය,හැටන්,6.9,80.6,0,2,28.14,19.57,23.21,14.72,14.72,,1.37,,90.2
1827,1828,2024-01-31,09:21:58,2024,1,31,9,Wednesday,,,0.0,0.0,0,1,28.26,27.75,27.99,4.6,4.6,,4.14,,85.87
1828,1829,2024-01-30,18:55:40,2024,1,30,18,Tuesday,ගාල්ල,මිදිගම,6.2,80.2,2,2,28.67,26.55,27.53,6.63,6.63,,2.63,,83.62
1829,1830,2024-01-30,14:28:49,2024,1,30,14,Tuesday,කළුතර,හොරණ,6.65,80.15,0,2,29.49,24.64,26.8,10.42,10.42,,2.5,,86.38
1830,1831,2024-01-30,12:47:08,2024,1,30,12,Tuesday,පුත්තලම,,7.75,79.85,0,1,29.32,23.63,26.04,2.33,2.33,,6.41,,86.27
1831,1832,2024-01-29,19:26:59,2024,1,29,19,Monday,හම්බන්තොට,සෙල්ලකතරගම,6.12,81.1,2,1,28.84,26.1,27.32,4.33,4.33,,6.93,,87.65
1833,1834,2024-01-29,12:48:20,2024,1,29,12,Monday,හම්බන්තොට,සෙල්ලකතරගම,6.12,81.1,2,1,28.84,26.1,27.32,4.33,4.33,,6.93,,87.65
1832,1833,2024-01-29,13:21:52,2024,1,29,13,Monday,,,0.0,0.0,0,1,28.18,27.54,27.87,0.4,0.4,,2.56,,79.45
1834,1835,2024-01-28,20:41:52,2024,1,28,20,Sunday,හම්බන්තොට,සෙල්ලකතරගම,6.12,81.1,1,1,28.9,25.96,27.22,4.22,4.22,,7.46,,86.44
1835,1836,2024-01-28,15:39:08,2024,1,28,15,Sunday,,,0.0,0.0,0,1,28.32,27.4,27.84,0.15,0.15,,1.85,,73.48
1836,1837,2024-01-28,08:59:29,2024,1,28,8,Sunday,කිළිනොච්චිය,කණ්ඩාවලෙයි,9.38,80.1,0,0,27.86,25.27,26.55,0.01,0.01,,7.41,,76.78
1837,1838,2024-01-28,07:06:29,2024,1,28,7,Sunday,පුත්තලම,ආරච්චිකට්ටුව,7.75,79.85,1,0,29.03,22.74,25.56,0.07,0.07,,6.52,,84.1
1838,1839,2024-01-27,21:30:02,2024,1,27,21,Saturday,හම්බන්තොට,ගොඩගම,6.12,81.1,0,1,28.68,25.1,26.84,0.52,0.52,,6.46,,83.68
1839,1840,2024-01-27,17:57:37,2024,1,27,17,Saturday,මහනුවර,මහනුවර,7.29,80.63,1,1,27.58,17.8,22.65,0.68,0.68,,4.08,,90.31
1840,1841,2024-01-27,14:04:06,2024,1,27,14,Saturday,පුත්තලම,ආරච්චිකට්ටුව,7.75,79.85,1,0,29.07,21.06,25.05,0.02,0.02,,5.67,,82.56
1842,1843,2024-01-27,10:18:30,2024,1,27,10,Saturday,කුරුණෑගල,ගිරිඋල්ල,7.48,80.35,3,1,27.58,17.8,22.65,0.68,0.68,,4.08,,90.31
1841,1842,2024-01-27,13:47:03,2024,1,27,13,Saturday,,,0.0,0.0,0,0,28.05,27.38,27.71,0.1,0.1,,2.05,,77.67
1843,1844,2024-01-27,07:24:38,2024,1,27,7,Saturday,පුත්තලම,ආරච්චිකට්ටුව,7.75,79.85,1,0,29.07,21.06,25.05,0.02,0.02,,5.67,,82.56
1844,1845,2024-01-26,20:01:00,2024,1,26,20,Friday,කළුතර,ඉංගිරිය,6.65,80.15,1,0,29.84,22.13,26.06,0.0,0.0,,3.45,,74.13
1845,1846,2024-01-26,16:08:35,2024,1,26,16,Friday,මුලතිව්,පුදුකුඩීඉරිප්පු,9.26,80.81,1,0,27.78,24.73,26.17,0.07,0.07,,5.65,,70.63
1846,1847,2024-01-26,13:52:39,2024,1,26,13,Friday,පුත්තලම,ආරච්චිකට්ටුව,7.75,79.85,1,0,28.93,20.97,24.61,0.08,0.08,,5.4,,80.59
1847,1848,2024-01-26,11:32:09,2024,1,26,11,Friday,ගම්පහ,කටුනායක,7.03,79.92,1,0,29.37,20.68,24.92,0.0,0.0,,4.93,,79.68
1848,1849,2024-01-26,10:09:40,2024,1,26,10,Friday,ගම්පහ,කෙරවලපිටිය,7.03,79.92,1,0,29.37,20.68,24.92,0.0,0.0,,4.93,,79.68
1849,1850,2024-01-26,08:52:00,2024,1,26,8,Friday,,,0.0,0.0,1,1,28.56,28.02,28.38,0.63,0.63,,2.31,,76.06
1850,1851,2024-01-26,07:27:48,2024,1,26,7,Friday,කොළඹ,කොළඹ,6.97,79.95,1,0,29.37,20.68,24.92,0.0,0.0,,4.93,,79.68
1851,1852,2024-01-25,15:10:05,2024,1,25,15,Thursday,පුත්තලම,ආරච්චිකට්ටුව,7.75,79.85,1,0,29.12,20.88,24.55,0.0,0.0,,4.76,,81.1
1853,1854,2024-01-25,13:36:46,2024,1,25,13,Thursday,පුත්තලම,ආරච්චිකට්ටුව,7.75,79.85,1,0,29.12,20.88,24.55,0.0,0.0,,4.76,,81.1
1852,1853,2024-01-25,14:10:00,2024,1,25,14,Thursday,,,0.0,0.0,0,0,28.8,27.95,28.37,0.04,0.04,,3.27,,78.37
1854,1855,2024-01-25,12:56:08,2024,1,25,12,Thursday,ගම්පහ,කටුනායක,7.03,79.92,1,0,29.28,20.52,24.61,0.0,0.0,,3.98,,74.99
1856,1857,2024-01-25,10:49:11,2024,1,25,10,Thursday,ගම්පහ,රාගම,7.03,79.92,1,0,29.28,20.52,24.61,0.0,0.0,,3.98,,74.99
1857,1858,2024-01-25,09:36:32,2024,1,25,9,Thursday,පුත්තලම,ආණමඩුව,7.75,79.85,2,0,29.12,20.88,24.55,0.0,0.0,,4.76,,81.1
1858,1859,2024-01-25,09:17:22,2024,1,25,9,Thursday,,,0.0,0.0,1,0,28.8,27.95,28.37,0.04,0.04,,3.27,,78.37
1859,1860,2024-01-25,08:55:59,2024,1,25,8,Thursday,ගම්පහ,කටුනායක,7.03,79.92,2,0,29.28,20.52,24.61,0.0,0.0,,3.98,,74.99
1855,1856,2024-01-25,11:36:14,2024,1,25,11,Thursday,ගම්පහ,කටුනායක,7.03,79.92,1,0,29.28,20.52,24.61,0.0,0.0,,3.98,,74.99
1861,1862,2024-01-25,08:28:47,2024,1,25,8,Thursday,පුත්තලම,,7.75,79.85,0,0,29.12,20.88,24.55,0.0,0.0,,4.76,,81.1
1862,1863,2024-01-25,06:01:18,2024,1,25,6,Thursday,ගම්පහ,කටුනායක,7.03,79.92,2,0,29.28,20.52,24.61,0.0,0.0,,3.98,,74.99
1860,1861,2024-01-25,08:51:41,2024,1,25,8,Thursday,යාපනය,මාන්කුලම,9.66,80.01,0,0,28.07,24.95,26.33,0.0,0.0,,5.16,,74.34
1863,1864,2024-01-24,10:22:53,2024,1,24,10,Wednesday,කිළිනොච්චිය,අලිමංකඩ,9.38,80.1,1,0,27.92,24.6,26.15,0.0,0.0,,4.74,,74.97
1864,1865,2024-01-23,23:27:56,2024,1,23,23,Tuesday,කුරුණෑගල,කටුපොත,7.48,80.35,1,0,27.18,18.74,22.26,0.0,0.0,,3.58,,89.62
1865,1866,2024-01-23,09:28:34,2024,1,23,9,Tuesday,යාපනය,අල්ලපිඩ්ඩි,9.66,80.01,0,0,27.7,24.79,26.18,0.0,0.0,,5.37,,77.55
1866,1867,2024-01-22,17:54:25,2024,1,22,17,Monday,ගම්පහ,පෑලියගොඩ,7.03,79.92,0,0,30.32,23.84,26.65,0.01,0.01,,3.91,,82.92
1867,1868,2024-01-21,17:37:59,2024,1,21,17,Sunday,රත්නපුර,පැල්මඩුල්ල,6.68,80.4,1,1,29.92,20.57,24.88,1.85,1.85,,2.49,,86.27
1868,1869,2024-01-20,07:08:57,2024,1,20,7,Saturday,මන්නාරම,පල්ලේමඩු,8.98,80.0,1,1,28.56,25.01,26.39,2.24,2.24,,5.23,,85.91
1870,1871,2024-01-19,07:06:33,2024,1,19,7,Friday,කළුතර,මග්ගොන,6.65,80.15,1,2,29.31,24.78,26.9,7.46,7.46,,1.68,,82.76
1869,1870,2024-01-19,13:14:01,2024,1,19,13,Friday,,,0.0,0.0,0,1,28.11,27.53,27.77,1.05,1.05,,2.1,,78.95
1871,1872,2024-01-18,12:07:55,2024,1,18,12,Thursday,පුත්තලම,මදුරන්කුලිය,7.75,79.85,1,2,29.91,22.92,26.09,11.44,11.44,,4.43,,87.47
1872,1873,2024-01-17,17:51:50,2024,1,17,17,Wednesday,පුත්තලම,සීදූව,7.75,79.85,0,1,29.03,21.34,25.18,0.18,0.18,,3.71,,83.92
1873,1874,2024-01-14,13:01:52,2024,1,14,13,Sunday,,,0.0,0.0,12,1,27.64,27.12,27.36,0.84,0.84,,3.91,,82.77
1874,1875,2024-01-13,19:17:49,2024,1,13,19,Saturday,පොළොන්නරුව,කඩවලවැව,7.94,81.0,0,0,28.04,23.73,25.5,0.05,0.05,,4.12,,84.66
1876,1877,2024-01-12,18:27:08,2024,1,12,18,Friday,,,0.0,0.0,0,1,27.68,27.26,27.46,0.99,0.99,,3.32,,80.97
1875,1876,2024-01-13,10:38:04,2024,1,13,10,Saturday,කොළඹ,ඔරුගොඩවත්ත,6.97,79.95,1,0,28.88,22.49,25.2,0.02,0.02,,5.16,,84.54
1877,1878,2024-01-11,10:56:10,2024,1,11,10,Thursday,මඩකලපුව,ඌර්කාවතුරේ,7.42,81.79,0,1,27.81,26.33,27.02,4.81,4.81,,6.05,,83.61
1878,1879,2024-01-09,10:56:35,2024,1,9,10,Tuesday,කිළිනොච්චිය,වට්ටකච්චි,9.38,80.1,1,2,27.45,26.26,26.8,17.17,17.17,,7.85,,85.09
1879,1880,2024-01-08,15:13:25,2024,1,8,15,Monday,කළුතර,මතුගම,6.65,80.15,1,3,27.9,25.04,26.34,34.72,34.72,,0.96,,84.09
1880,1881,2024-01-07,15:16:13,2024,1,7,15,Sunday,ගාල්ල,ඇල්පිටිය,6.2,80.2,1,3,27.96,25.89,26.85,30.4,30.4,,1.87,,78.73
1881,1882,2024-01-06,07:26:18,2024,1,6,7,Saturday,කුරුණෑගල,තිත්තවැල්කඩ,7.48,80.35,1,2,28.89,22.2,25.01,6.3,6.3,,2.17,,91.72
1882,1883,2024-01-05,21:22:54,2024,1,5,21,Friday,,,0.0,0.0,3,1,28.22,27.89,28.01,1.62,1.62,,3.81,,80.13
1883,1884,2024-01-05,08:23:28,2024,1,5,8,Friday,ගම්පහ,මීගමුව,7.03,79.92,1,2,30.22,24.61,27.24,5.41,5.41,,3.36,,84.53
1884,1885,2024-01-04,13:48:04,2024,1,4,13,Thursday,ගම්පහ,පෑලියගොඩ,7.03,79.92,1,1,29.6,24.34,27.0,2.25,2.25,,2.68,,82.91
1885,1886,2024-01-04,11:12:48,2024,1,4,11,Thursday,ගාල්ල,කුරුදුගහහැතැක්ම,6.2,80.2,2,2,28.36,26.84,27.58,12.57,12.57,,2.08,,83.81
1886,1887,2024-01-02,17:43:58,2024,1,2,17,Tuesday,,,0.0,0.0,1,2,28.57,27.96,28.34,6.54,6.54,,5.59,,84.27
1887,1888,2023-12-31,11:14:42,2023,12,31,11,Sunday,කළුතර,බුලත්සිංහල,6.65,80.15,4,3,30.2,24.64,27.08,36.04,36.04,,2.82,,85.13
1888,1889,2023-12-30,18:49:18,2023,12,30,18,Saturday,කළුතර,හොරණ,6.65,80.15,2,2,29.54,25.33,27.12,8.34,8.34,,2.44,,84.85
1889,1890,2023-12-29,20:32:51,2023,12,29,20,Friday,ගාල්ල,දොඩම්ගොඩ,6.2,80.2,0,2,27.65,27.04,27.34,19.46,19.46,,4.68,,87.54
1890,1891,2023-12-29,14:31:00,2023,12,29,14,Friday,පුත්තලම,මාරවිල,7.75,79.85,0,2,29.09,25.03,26.6,14.06,14.06,,6.38,,89.61
1891,1892,2023-12-27,14:05:30,2023,12,27,14,Wednesday,මහනුවර,මහනුවර,7.29,80.63,0,3,28.73,22.54,25.08,28.25,28.25,,5.82,,93.06
1893,1894,2023-12-27,09:27:30,2023,12,27,9,Wednesday,මහනුවර,නෙළුව,7.29,80.63,1,3,28.73,22.54,25.08,28.25,28.25,,5.82,,93.06
1892,1893,2023-12-27,12:51:31,2023,12,27,12,Wednesday,පුත්තලම,ආඩියම්බලම,7.75,79.85,0,2,29.53,24.44,26.59,8.67,8.67,,7.21,,89.24
1894,1895,2023-12-26,15:30:00,2023,12,26,15,Tuesday,ගම්පහ,පෑලියගොඩ,7.03,79.92,1,1,29.84,23.2,26.13,3.5,3.5,,6.01,,86.27
1895,1896,2023-12-26,06:46:33,2023,12,26,6,Tuesday,,,0.0,0.0,0,1,27.88,27.27,27.58,0.38,0.38,,2.03,,81.39
1896,1897,2023-12-25,15:28:39,2023,12,25,15,Monday,බදුල්ල,දෙමෝදර,6.99,81.05,1,1,26.78,21.26,23.48,2.24,2.24,,3.83,,92.14
1897,1898,2023-12-25,07:07:59,2023,12,25,7,Monday,,,0.0,0.0,0,1,27.47,27.07,27.27,2.78,2.78,,3.31,,81.51
1898,1899,2023-12-24,18:46:18,2023,12,24,18,Sunday,,,0.0,0.0,0,1,27.65,26.87,27.2,2.1,2.1,,3.46,,80.01
1899,1900,2023-12-24,17:59:51,2023,12,24,17,Sunday,මඩකලපුව,මනම්පිටිය,7.42,81.79,0,1,28.43,26.75,27.47,2.4,2.4,,4.55,,83.4
1901,1902,2023-12-24,10:06:26,2023,12,24,10,Sunday,,,0.0,0.0,1,1,27.65,26.87,27.2,2.1,2.1,,3.46,,80.01
1900,1901,2023-12-24,11:26:01,2023,12,24,11,Sunday,අනුරාධපුර,මහඉලුප්පල්ලම,8.15,80.65,0,1,29.3,22.95,25.55,2.18,2.18,,3.56,,90.86
1902,1903,2023-12-23,19:05:23,2023,12,23,19,Saturday,,,0.0,0.0,0,1,27.81,26.97,27.44,0.44,0.44,,3.27,,85.35
1903,1904,2023-12-23,14:51:01,2023,12,23,14,Saturday,අනුරාධපුර,ගලෙන්බිඳුණුවැව,8.15,80.65,1,1,28.5,21.98,24.78,0.92,0.92,,3.6,,87.83
1904,1905,2023-12-22,11:16:33,2023,12,22,11,Friday,පුත්තලම,සිරම්බිඅඩි,7.75,79.85,1,1,28.27,24.45,26.02,0.14,0.14,,5.87,,88.68
1905,1906,2023-12-20,13:25:25,2023,12,20,13,Wednesday,කොළඹ,තලවතුගොඩ,6.85,79.95,1,2,29.36,24.5,26.76,5.38,5.38,,3.76,,87.96
1906,1907,2023-12-19,22:06:21,2023,12,19,22,Tuesday,මහනුවර,හග්ගල්ල,7.29,80.63,1,2,27.74,21.62,24.46,12.92,12.92,,3.88,,92.51
1907,1908,2023-12-19,09:52:06,2023,12,19,9,Tuesday,කුරුණෑගල,පොතුහැර,7.48,80.35,1,2,27.74,21.62,24.46,12.92,12.92,,3.88,,92.51
1909,1910,2023-12-17,20:39:36,2023,12,17,20,Sunday,කොළඹ,,6.97,79.95,1,2,29.73,24.89,26.97,8.44,8.44,,3.39,,86.4
1908,1909,2023-12-18,16:31:01,2023,12,18,16,Monday,,,0.0,0.0,0,1,27.75,27.09,27.37,2.34,2.34,,2.11,,84.01
1911,1912,2023-12-15,18:20:10,2023,12,15,18,Friday,,,0.0,0.0,0,1,27.84,27.11,27.4,1.99,1.99,,2.76,,81.94
1910,1911,2023-12-17,11:25:48,2023,12,17,11,Sunday,ගාල්ල,අම්බලන්ගොඩ,6.2,80.2,1,3,28.55,26.72,27.78,38.57,38.57,,6.35,,86.65
1912,1913,2023-12-14,15:05:28,2023,12,14,15,Thursday,යාපනය,පේදුරුතුඩුව,9.66,80.01,1,3,27.86,26.53,27.18,31.37,31.37,,8.08,,83.17
1913,1914,2023-12-14,12:33:07,2023,12,14,12,Thursday,,,0.0,0.0,16,1,27.98,27.37,27.73,1.34,1.34,,3.19,,78.15
1914,1915,2023-12-13,07:28:39,2023,12,13,7,Wednesday,මහනුවර,ගැටබේ,7.29,80.63,1,2,27.13,21.64,24.02,14.4,14.4,,4.14,,94.72
1915,1916,2023-12-11,13:06:07,2023,12,11,13,Monday,ගාල්ල,කරාපිටිය,6.2,80.2,2,2,28.94,27.1,27.87,8.99,8.99,,1.82,,80.1
1916,1917,2023-12-11,07:19:43,2023,12,11,7,Monday,ගාල්ල,හබරාදුව,6.2,80.2,1,2,28.94,27.1,27.87,8.99,8.99,,1.82,,80.1
1917,1918,2023-12-10,21:53:46,2023,12,10,21,Sunday,ගම්පහ,පැපිලියාවල,7.03,79.92,1,2,29.99,24.73,27.23,11.08,11.08,,1.89,,83.61
1918,1919,2023-12-10,14:10:20,2023,12,10,14,Sunday,,,0.0,0.0,8,1,27.86,27.05,27.48,1.7,1.7,,3.51,,84.22
1920,1921,2023-12-08,09:56:06,2023,12,8,9,Friday,නුවරඑළිය,ලක්ෂපාන,6.9,80.6,0,3,26.92,21.34,23.57,25.47,25.47,,1.35,,92.77
1919,1920,2023-12-08,22:54:25,2023,12,8,22,Friday,අනුරාධපුර,මැදවච්චිය,8.15,80.65,0,3,28.49,24.76,26.18,51.33,51.33,,0.61,,93.69
1922,1923,2023-12-06,13:51:12,2023,12,6,13,Wednesday,,,0.0,0.0,0,2,27.16,26.45,26.96,8.45,8.45,,4.35,,85.43
1921,1922,2023-12-06,15:54:55,2023,12,6,15,Wednesday,කොළඹ,මිරිහාන,6.85,79.95,3,2,28.39,25.07,26.75,6.4,6.4,,3.6,,89.81
1923,1924,2023-12-06,10:23:43,2023,12,6,10,Wednesday,වවුනියාව,නේඩුන්කේණී,8.75,80.5,1,1,29.23,25.51,27.04,4.47,4.47,,3.21,,90.39
1924,1925,2023-12-05,19:52:47,2023,12,5,19,Tuesday,හම්බන්තොට,අම්බලන්තොට,6.12,81.1,0,2,28.73,27.09,27.91,7.72,7.72,,5.19,,87.45
1926,1927,2023-12-04,07:01:55,2023,12,4,7,Monday,කුරුණෑගල,පොල්ගහවෙල,7.48,80.35,1,2,27.37,23.17,24.92,8.92,8.92,,4.36,,92.88
1925,1926,2023-12-05,07:24:13,2023,12,5,7,Tuesday,මාතලේ,අඹන්පොළ,7.85,80.65,1,1,29.05,24.03,26.33,4.2,4.2,,3.68,,93.2
1927,1928,2023-12-03,14:43:29,2023,12,3,14,Sunday,මාතලේ,දඹුල්ල,7.85,80.65,0,2,26.58,24.75,25.39,12.52,12.52,,4.85,,95.19
1928,1929,2023-12-02,18:35:49,2023,12,2,18,Saturday,යාපනය,යාපනය,9.66,80.01,1,2,27.89,27.11,27.44,13.2,13.2,,7.24,,88.99
1929,1930,2023-12-01,16:30:38,2023,12,1,16,Friday,යාපනය,කලුන්දෙයි,9.66,80.01,2,3,27.72,26.4,27.13,26.41,26.41,,6.83,,89.49
1930,1931,2023-12-01,10:31:54,2023,12,1,10,Friday,ගම්පහ,වේයන්ගොඩ,7.03,79.92,1,2,27.0,24.59,25.82,6.75,6.75,,3.27,,88.81
1931,1932,2023-11-30,12:23:31,2023,11,30,12,Thursday,කිළිනොච්චිය,පුලෝපලෙයි,9.38,80.1,1,3,27.58,26.41,27.02,23.65,23.65,,4.4,,88.4
1932,1933,2023-11-29,07:31:56,2023,11,29,7,Wednesday,,,0.0,0.0,11,2,27.56,26.34,26.96,6.19,6.19,,3.62,,84.17
1934,1935,2023-11-28,12:50:10,2023,11,28,12,Tuesday,කොළඹ,කොට්ටාව,6.85,79.95,1,2,29.82,25.18,27.19,14.95,14.95,,2.16,,81.7
1933,1934,2023-11-29,07:01:07,2023,11,29,7,Wednesday,ගම්පහ,වස්කඩුව,7.03,79.92,0,3,28.15,24.54,26.18,22.46,22.46,,3.6,,87.84
1935,1936,2023-11-28,08:10:31,2023,11,28,8,Tuesday,අනුරාධපුර,හබරණ,8.15,80.65,1,1,28.8,23.14,25.62,4.66,4.66,,3.0,,91.13
1936,1937,2023-11-26,14:20:57,2023,11,26,14,Sunday,ගම්පහ,වේයන්ගොඩ,7.03,79.92,1,1,30.67,23.86,27.22,1.25,1.25,,2.08,,78.89
1937,1938,2023-11-24,15:31:28,2023,11,24,15,Friday,,,0.0,0.0,0,1,27.88,27.02,27.39,0.47,0.47,,3.69,,83.16
1938,1939,2023-11-24,11:48:18,2023,11,24,11,Friday,කුරුණෑගල,ගලේවෙල,7.48,80.35,1,1,28.98,21.47,24.78,0.53,0.53,,2.52,,90.49
1939,1940,2023-11-23,17:51:16,2023,11,23,17,Thursday,ගාල්ල,ගැලනිගම,6.2,80.2,0,2,27.94,25.8,26.96,15.22,15.22,,2.02,,84.55
1940,1941,2023-11-20,17:39:58,2023,11,20,17,Monday,යාපනය,ඕමන්ත,9.66,80.01,0,1,28.58,26.69,27.6,4.79,4.79,,2.76,,79.89
1941,1942,2023-11-18,16:46:20,2023,11,18,16,Saturday,නුවරඑළිය,හැටන්,6.9,80.6,0,3,26.37,21.84,23.64,28.44,28.44,,1.74,,92.13
1943,1944,2023-11-17,07:05:44,2023,11,17,7,Friday,කළුතර,වාද්දුව,6.65,80.15,0,2,28.29,26.06,26.99,8.98,8.98,,1.87,,87.89
1942,1943,2023-11-17,18:34:34,2023,11,17,18,Friday,කළුතර,බේරුවල,6.65,80.15,0,2,28.29,26.06,26.99,8.98,8.98,,1.87,,87.89
1945,1946,2023-11-16,11:03:50,2023,11,16,11,Thursday,කොළඹ,හෝමාගම,6.85,79.95,0,1,28.09,25.67,26.69,1.83,1.83,,1.55,,86.74
1944,1945,2023-11-16,18:47:47,2023,11,16,18,Thursday,පුත්තලම,පුත්තලම,7.75,79.85,1,1,28.83,25.6,27.13,0.99,0.99,,1.88,,87.33
1947,1948,2023-11-15,17:10:16,2023,11,15,17,Wednesday,,,0.0,0.0,38,1,27.38,26.74,26.96,3.36,3.36,,5.61,,85.6
1946,1947,2023-11-15,18:06:55,2023,11,15,18,Wednesday,ගම්පහ,කහතුඩුව,7.03,79.92,0,2,28.31,25.31,26.49,6.9,6.9,,3.34,,88.62
1948,1949,2023-11-15,10:51:05,2023,11,15,10,Wednesday,කළුතර,බුලත්සිංහල,6.65,80.15,1,2,28.53,25.44,26.81,5.58,5.58,,3.51,,88.14
1949,1950,2023-11-14,11:58:28,2023,11,14,11,Tuesday,කුරුණෑගල,මකුල්පොත,7.48,80.35,1,2,26.22,22.98,24.26,12.59,12.59,,3.17,,95.25
1950,1951,2023-11-12,22:40:38,2023,11,12,22,Sunday,යාපනය,පුදූර්,9.66,80.01,0,2,29.15,27.96,28.45,17.61,17.61,,6.65,,81.08
1951,1952,2023-11-11,12:17:54,2023,11,11,12,Saturday,යාපනය,කොඩිකානම්,9.66,80.01,0,2,29.25,27.43,28.47,18.61,18.61,,5.72,,84.59
1952,1953,2023-11-10,22:27:12,2023,11,10,22,Friday,ගම්පහ,ගම්පහ,7.03,79.92,0,3,29.07,24.44,26.78,21.85,21.85,,1.99,,82.3
1954,1955,2023-11-10,13:25:30,2023,11,10,13,Friday,,,0.0,0.0,0,1,27.37,26.7,27.06,0.98,0.98,,4.21,,80.51
1953,1954,2023-11-10,16:18:38,2023,11,10,16,Friday,,,0.0,0.0,0,1,27.37,26.7,27.06,0.98,0.98,,4.21,,80.51
1955,1956,2023-11-09,20:03:29,2023,11,9,20,Thursday,,,0.0,0.0,0,1,27.1,26.53,26.86,0.28,0.28,,4.6,,80.87
1956,1957,2023-11-09,12:07:46,2023,11,9,12,Thursday,මාතලේ,අවුඩංගාව,7.85,80.65,1,3,28.9,22.96,25.68,24.06,24.06,,1.41,,87.43
1957,1958,2023-11-08,23:01:24,2023,11,8,23,Wednesday,,,0.0,0.0,0,1,27.38,26.67,27.01,0.93,0.93,,5.32,,81.07
1958,1959,2023-11-08,08:43:44,2023,11,8,8,Wednesday,කළුතර,නාගොඩ,6.65,80.15,0,3,28.51,25.23,26.71,22.59,22.59,,3.48,,88.58
1959,1960,2023-11-06,13:24:18,2023,11,6,13,Monday,අනුරාධපුර,ගලෙන්බිදුනුවැව,8.15,80.65,1,2,28.94,23.79,25.85,9.23,9.23,,2.13,,89.72
1960,1961,2023-11-05,07:38:48,2023,11,5,7,Sunday,,,0.0,0.0,0,1,27.6,27.11,27.34,0.63,0.63,,2.7,,81.07
1961,1962,2023-11-01,16:53:13,2023,11,1,16,Wednesday,,,0.0,0.0,0,1,27.62,27.06,27.34,2.32,2.32,,4.48,,81.87
1962,1963,2023-11-01,15:30:40,2023,11,1,15,Wednesday,යාපනය,කොඩිගාමම්,9.66,80.01,0,2,30.03,27.46,28.66,9.33,9.33,,3.15,,77.89
1963,1964,2023-10-30,22:15:56,2023,10,30,22,Monday,කොළඹ,කොස්ගම,6.85,79.95,0,3,28.16,24.37,26.0,23.87,23.87,,2.23,,88.16
1964,1965,2023-10-30,15:31:20,2023,10,30,15,Monday,කෑගල්ල,මාවනැල්ල,7.25,80.35,1,2,30.07,21.81,25.34,16.35,16.35,,1.28,,86.83
1965,1966,2023-10-30,07:55:27,2023,10,30,7,Monday,,,0.0,0.0,12,1,27.38,27.02,27.2,2.72,2.72,,4.43,,84.1
1966,1967,2023-10-30,06:36:52,2023,10,30,6,Monday,,,0.0,0.0,9,1,27.38,27.02,27.2,2.72,2.72,,4.43,,84.1
1967,1968,2023-10-29,14:25:17,2023,10,29,14,Sunday,කොළඹ,වැල්ලවත්ත,6.85,79.95,0,3,27.58,24.74,25.77,23.52,23.52,,2.96,,89.39
1968,1969,2023-10-29,11:42:23,2023,10,29,11,Sunday,ගම්පහ,කැළණිමුල්ල,7.03,79.92,1,3,27.58,24.74,25.77,23.52,23.52,,2.96,,89.39
1969,1970,2023-10-29,09:15:34,2023,10,29,9,Sunday,,,0.0,0.0,32,1,27.33,27.03,27.19,2.27,2.27,,3.44,,82.61
1970,1971,2023-10-29,09:05:21,2023,10,29,9,Sunday,පුත්තලම,හලාවත,7.75,79.85,1,2,28.91,24.72,26.46,19.1,19.1,,2.19,,85.63
1972,1973,2023-10-28,18:54:39,2023,10,28,18,Saturday,,,0.0,0.0,32,1,27.36,26.82,27.03,2.91,2.91,,4.35,,83.29
1971,1972,2023-10-28,20:21:33,2023,10,28,20,Saturday,,,0.0,0.0,1,1,27.36,26.82,27.03,2.91,2.91,,4.35,,83.29
1973,1974,2023-10-28,11:52:10,2023,10,28,11,Saturday,කොළඹ,පනාගොඩ,6.85,79.95,1,3,27.93,25.16,26.3,28.75,28.75,,2.6,,89.41
1974,1975,2023-10-27,09:15:18,2023,10,27,9,Friday,,,0.0,0.0,2,1,27.09,26.42,26.74,1.8,1.8,,5.04,,85.11
1975,1976,2023-10-26,13:05:23,2023,10,26,13,Thursday,මොණරාගල,සියඹලාණ්ඩුව,6.75,81.1,1,1,28.71,22.22,24.78,0.92,0.92,,1.41,,86.04
1976,1977,2023-10-25,22:58:51,2023,10,25,22,Wednesday,,,0.0,0.0,150,1,27.11,26.43,26.73,3.11,3.11,,4.23,,83.31
1978,1979,2023-10-25,15:23:48,2023,10,25,15,Wednesday,,,0.0,0.0,2,1,27.11,26.43,26.73,3.11,3.11,,4.23,,83.31
1977,1978,2023-10-25,19:41:51,2023,10,25,19,Wednesday,ගම්පහ,බෝපිටිය,7.03,79.92,1,2,28.78,25.15,26.82,5.92,5.92,,1.45,,79.53
1979,1980,2023-10-25,12:42:30,2023,10,25,12,Wednesday,පුත්තලම,නවගත්තෙගම,7.75,79.85,0,2,29.66,25.78,27.48,14.75,14.75,,1.31,,78.12
1981,1982,2023-10-24,18:47:17,2023,10,24,18,Tuesday,බදුල්ල,බදුල්ල,6.99,81.05,0,2,28.63,21.5,24.84,9.75,9.75,,1.66,,86.16
1980,1981,2023-10-25,11:54:55,2023,10,25,11,Wednesday,අනුරාධපුර,ඉපලෝගම,8.15,80.65,0,2,30.64,23.66,26.46,16.26,16.26,,1.08,,83.64
1982,1983,2023-10-24,06:43:23,2023,10,24,6,Tuesday,,,0.0,0.0,17,1,26.68,26.28,26.42,2.39,2.39,,4.76,,84.41
1983,1984,2023-10-23,21:38:39,2023,10,23,21,Monday,,,0.0,0.0,15,1,26.63,26.14,26.34,2.89,2.89,,5.99,,85.96
1984,1985,2023-10-22,11:53:55,2023,10,22,11,Sunday,අනුරාධපුර,අනුරාධපුර,8.15,80.65,1,2,29.52,22.92,26.16,10.8,10.8,,2.14,,86.54
1985,1986,2023-10-21,14:54:18,2023,10,21,14,Saturday,අම්පාර,පොතුවිල්,7.3,81.67,2,3,28.76,26.23,27.23,40.74,40.74,,2.81,,86.01
1986,1987,2023-10-20,16:50:52,2023,10,20,16,Friday,නුවරඑළිය,බටල්ගල,6.9,80.6,1,2,26.82,19.25,22.76,19.81,19.81,,1.89,,89.95
1987,1988,2023-10-20,15:55:58,2023,10,20,15,Friday,පොළොන්නරුව,මින්නේරිය,7.94,81.0,1,3,30.69,24.25,27.06,37.05,37.05,,1.85,,81.38
1988,1989,2023-10-20,13:28:46,2023,10,20,13,Friday,බදුල්ල,මීගහකිවුල,6.99,81.05,0,3,28.91,21.69,24.87,25.97,25.97,,1.56,,87.89
1989,1990,2023-10-20,10:15:48,2023,10,20,10,Friday,මහනුවර,නොරොච්චෝල,7.29,80.63,1,2,29.33,21.36,24.87,18.55,18.55,,2.19,,87.19
1990,1991,2023-10-19,22:07:39,2023,10,19,22,Thursday,,,0.0,0.0,0,1,26.62,26.34,26.5,2.79,2.79,,4.54,,85.39
1991,1992,2023-10-19,17:48:33,2023,10,19,17,Thursday,කොළඹ,නුගේගොඩ,6.85,79.95,0,2,26.84,23.94,25.27,18.22,18.22,,2.9,,87.62
1992,1993,2023-10-19,14:07:32,2023,10,19,14,Thursday,කුරුණෑගල,නාරම්මල,7.48,80.35,1,2,27.32,22.11,24.18,12.79,12.79,,2.52,,90.56
1993,1994,2023-10-18,18:15:58,2023,10,18,18,Wednesday,අනුරාධපුර,මරදන්කඩවල,8.15,80.65,0,2,30.23,23.91,26.33,9.4,9.4,,1.24,,88.5
1994,1995,2023-10-17,19:41:44,2023,10,17,19,Tuesday,කුරුණෑගල,මීගහපිටිය,7.48,80.35,0,2,28.66,21.54,24.95,19.57,19.57,,2.32,,89.01
1995,1996,2023-10-16,11:10:15,2023,10,16,11,Monday,යාපනය,කාර්කෝවලම්,9.66,80.01,1,2,29.34,27.07,28.18,12.1,12.1,,4.58,,80.29
1996,1997,2023-10-16,09:01:24,2023,10,16,9,Monday,බදුල්ල,මහියංගනය,6.99,81.05,1,2,27.7,21.87,24.51,10.6,10.6,,2.11,,88.76
1997,1998,2023-10-15,19:46:39,2023,10,15,19,Sunday,,,0.0,0.0,12,1,26.49,26.29,26.39,1.68,1.68,,6.17,,84.6
1998,1999,2023-10-15,11:11:15,2023,10,15,11,Sunday,,,0.0,0.0,12,1,26.49,26.29,26.39,1.68,1.68,,6.17,,84.6
1999,2000,2023-10-15,09:32:18,2023,10,15,9,Sunday,රත්නපුර,දෙණියාය,6.68,80.4,1,2,27.92,22.03,24.52,18.24,18.24,,2.93,,91.21
2000,2001,2023-10-13,10:58:26,2023,10,13,10,Friday,මාතර,මාතර,5.95,80.55,1,2,28.4,25.6,26.89,11.61,11.61,,3.18,,82.71
2002,2003,2023-10-11,18:46:49,2023,10,11,18,Wednesday,මාතලේ,කවුඩුපැලැල්ල,7.85,80.65,1,2,30.18,24.01,26.44,10.54,10.54,,3.54,,86.44
2001,2002,2023-10-12,16:46:20,2023,10,12,16,Thursday,,,0.0,0.0,0,1,26.47,26.21,26.33,0.26,0.26,,5.04,,83.73
2003,2004,2023-10-11,15:13:20,2023,10,11,15,Wednesday,කුරුණෑගල,තලකිරියාගම,7.48,80.35,1,2,29.1,23.09,25.51,12.46,12.46,,2.94,,86.86
2004,2005,2023-10-11,11:37:22,2023,10,11,11,Wednesday,කොළඹ,බණ්ඩාරගම,6.85,79.95,1,2,28.24,24.79,26.4,15.02,15.02,,4.47,,88.66
2005,2006,2023-10-11,09:46:48,2023,10,11,9,Wednesday,අනුරාධපුර,තලාව,8.15,80.65,1,2,30.18,24.01,26.44,10.54,10.54,,3.54,,86.44
2006,2007,2023-10-10,09:13:07,2023,10,10,9,Tuesday,කුරුණෑගල,පුහුරිය,7.48,80.35,1,3,28.86,23.56,25.74,28.38,28.38,,2.13,,87.12
2008,2009,2023-10-09,08:35:51,2023,10,9,8,Monday,මඩකලපුව,කාත්තන්කුඩි,7.42,81.79,2,1,29.29,26.51,27.76,4.3,4.3,,3.57,,85.3
2007,2008,2023-10-09,19:35:05,2023,10,9,19,Monday,ගාල්ල,රත්ගම,6.2,80.2,1,2,28.38,27.1,27.72,7.72,7.72,,3.52,,85.14
2009,2010,2023-10-08,16:07:05,2023,10,8,16,Sunday,බදුල්ල,පහේ කණුව,6.99,81.05,0,3,27.83,22.97,24.74,30.12,30.12,,2.63,,92.67
2010,2011,2023-10-08,09:21:10,2023,10,8,9,Sunday,කොළඹ,කොළඹ,6.97,79.95,0,2,28.74,25.18,26.76,13.31,13.31,,4.11,,88.94
2011,2012,2023-10-07,22:05:25,2023,10,7,22,Saturday,පොළොන්නරුව,පොළොන්නරුව,7.94,81.0,0,1,32.1,25.15,28.14,4.76,4.76,,2.77,,81.81
2013,2014,2023-10-07,14:34:27,2023,10,7,14,Saturday,,,0.0,0.0,0,1,26.31,25.94,26.08,0.85,0.85,,5.32,,84.98
2014,2015,2023-10-07,07:39:14,2023,10,7,7,Saturday,,,0.0,0.0,18,1,26.31,25.94,26.08,0.85,0.85,,5.32,,84.98
2012,2013,2023-10-07,21:29:18,2023,10,7,21,Saturday,,,0.0,0.0,1733,1,26.31,25.94,26.08,0.85,0.85,,5.32,,84.98
2015,2016,2023-10-06,18:09:58,2023,10,6,18,Friday,නුවරඑළිය,ලොනැක් වත්ත,6.9,80.6,0,3,26.66,21.2,23.26,26.68,26.68,,4.73,,92.03
2016,2017,2023-10-06,17:55:50,2023,10,6,17,Friday,කොළඹ,කොල්ලුපිටිය,6.85,79.95,5,3,27.99,25.43,26.44,34.15,34.15,,5.93,,88.8
2018,2019,2023-10-06,15:37:40,2023,10,6,15,Friday,කොළඹ,කුරුඳුවත්ත,6.85,79.95,1,3,27.99,25.43,26.44,34.15,34.15,,5.93,,88.8
2017,2018,2023-10-06,16:50:32,2023,10,6,16,Friday,කොළඹ,කුරුඳුවත්ත,6.85,79.95,1,3,27.99,25.43,26.44,34.15,34.15,,5.93,,88.8
2019,2020,2023-10-06,12:19:55,2023,10,6,12,Friday,මොණරාගල,බදුල්ලගම්මන,6.75,81.1,1,3,29.55,22.21,25.23,83.7,83.7,,3.46,,89.36
2020,2021,2023-10-06,08:55:18,2023,10,6,8,Friday,කුරුණෑගල,බටලීය,7.48,80.35,0,2,29.38,22.99,25.61,14.73,14.73,,4.93,,87.55
2022,2023,2023-10-06,07:29:50,2023,10,6,7,Friday,කොළඹ,කොල්ලුපිටිය,6.85,79.95,5,3,27.99,25.43,26.44,34.15,34.15,,5.93,,88.8
2023,2024,2023-10-06,07:01:54,2023,10,6,7,Friday,කොළඹ,කුරුඳුවත්ත,6.85,79.95,1,3,27.99,25.43,26.44,34.15,34.15,,5.93,,88.8
2021,2022,2023-10-06,08:37:06,2023,10,6,8,Friday,කුරුණෑගල,කරන්තිප්පොල,7.48,80.35,0,2,29.38,22.99,25.61,14.73,14.73,,4.93,,87.55
2024,2025,2023-10-05,18:56:17,2023,10,5,18,Thursday,කොළඹ,කොළඹ,6.97,79.95,0,2,27.42,25.25,26.18,14.6,14.6,,5.51,,88.83
2025,2026,2023-10-05,16:00:01,2023,10,5,16,Thursday,,,0.0,0.0,0,1,26.03,25.71,25.87,0.46,0.46,,4.25,,84.56
2027,2028,2023-10-05,08:44:42,2023,10,5,8,Thursday,කොළඹ,මුල්ලේරියාව,6.97,79.95,0,2,27.42,25.25,26.18,14.6,14.6,,5.51,,88.83
2026,2027,2023-10-05,10:58:45,2023,10,5,10,Thursday,කොළඹ,කොහුවල,6.85,79.95,1,2,27.42,25.25,26.18,14.6,14.6,,5.51,,88.83
2028,2029,2023-10-04,10:28:44,2023,10,4,10,Wednesday,වවුනියාව,පුදුකුලම්,8.75,80.5,1,1,34.62,25.18,28.97,0.94,0.94,,6.13,,72.47
2029,2030,2023-10-04,10:05:56,2023,10,4,10,Wednesday,,,0.0,0.0,21,0,25.95,25.34,25.62,0.09,0.09,,3.02,,81.13
2030,2031,2023-10-04,08:50:49,2023,10,4,8,Wednesday,,,0.0,0.0,0,0,25.95,25.34,25.62,0.09,0.09,,3.02,,81.13
2032,2033,2023-10-03,23:12:36,2023,10,3,23,Tuesday,,,0.0,0.0,0,1,26.12,25.72,25.93,0.13,0.13,,4.41,,79.3
2031,2032,2023-10-04,07:39:50,2023,10,4,7,Wednesday,කළුතර,බේරුවල,6.65,80.15,0,2,27.57,25.28,26.37,16.71,16.71,,4.98,,86.59
2033,2034,2023-10-03,15:24:15,2023,10,3,15,Tuesday,පොළොන්නරුව,මින්නේරිය,7.94,81.0,0,1,32.61,24.64,28.09,3.69,3.69,,4.65,,77.85
2034,2035,2023-10-03,12:13:19,2023,10,3,12,Tuesday,පුත්තලම,දුන්ගල්පිටිය,7.75,79.85,3,2,29.76,26.01,27.39,5.61,5.61,,6.91,,82.48
2035,2036,2023-10-02,22:48:21,2023,10,2,22,Monday,,,0.0,0.0,2,1,26.23,25.71,25.99,0.22,0.22,,4.18,,82.12
2036,2037,2023-10-02,16:10:20,2023,10,2,16,Monday,පුත්තලම,වෙන්නප්පුව,7.75,79.85,0,2,29.92,25.84,27.49,6.28,6.28,,7.73,,81.97
2037,2038,2023-10-02,07:31:10,2023,10,2,7,Monday,පුත්තලම,පුත්තලම,7.75,79.85,0,2,29.92,25.84,27.49,6.28,6.28,,7.73,,81.97
2038,2039,2023-10-01,11:53:38,2023,10,1,11,Sunday,,,0.0,0.0,9,1,26.21,25.86,26.05,0.13,0.13,,4.88,,81.14
2039,2040,2023-10-01,09:49:02,2023,10,1,9,Sunday,කොළඹ,පාදුක්ක,6.85,79.95,1,3,28.18,24.88,26.21,23.15,23.15,,5.23,,86.35
2040,2041,2023-09-30,11:05:05,2023,9,30,11,Saturday,,,0.0,0.0,6,0,26.33,25.89,26.05,0.05,0.05,,4.34,,79.05
2042,2043,2023-09-29,23:15:10,2023,9,29,23,Friday,,,0.0,0.0,1,1,26.32,25.65,26.01,0.12,0.12,,3.84,,79.27
2041,2042,2023-09-29,23:28:54,2023,9,29,23,Friday,කොළඹ,ගල්කිස්ස,6.85,79.95,0,3,28.38,25.37,26.67,37.97,37.97,,5.75,,87.67
2044,2045,2023-09-29,07:26:31,2023,9,29,7,Friday,,,0.0,0.0,5,1,26.32,25.65,26.01,0.12,0.12,,3.84,,79.27
2043,2044,2023-09-29,10:30:42,2023,9,29,10,Friday,නුවරඑළිය,හැටන්,6.9,80.6,0,3,25.94,20.65,22.85,24.7,24.7,,5.22,,90.92
2045,2046,2023-09-28,15:59:56,2023,9,28,15,Thursday,ගාල්ල,කහව,6.2,80.2,1,3,28.29,26.76,27.54,21.35,21.35,,6.7,,82.15
2046,2047,2023-09-28,13:54:40,2023,9,28,13,Thursday,,,0.0,0.0,60000,1,26.19,25.8,26.0,0.27,0.27,,5.81,,83.02
2047,2048,2023-09-28,12:11:31,2023,9,28,12,Thursday,කුරුණෑගල,අඹේපුස්ස,7.48,80.35,3,2,28.56,22.89,24.88,11.09,11.09,,5.9,,85.07
2049,2050,2023-09-27,14:42:19,2023,9,27,14,Wednesday,,,0.0,0.0,0,1,26.32,26.05,26.21,0.11,0.11,,4.83,,82.52
2048,2049,2023-09-27,20:38:24,2023,9,27,20,Wednesday,කුරුණෑගල,අලව්ව,7.25,80.2,1,2,28.87,26.05,27.07,12.59,12.59,,6.69,,84.76
2051,2052,2023-09-26,08:38:31,2023,9,26,8,Tuesday,කොළඹ,හංවැල්ල,6.85,79.95,2,2,28.6,25.98,27.0,9.02,9.02,,5.64,,86.03
2050,2051,2023-09-26,16:23:22,2023,9,26,16,Tuesday,,,0.0,0.0,1,1,26.33,26.05,26.24,0.14,0.14,,4.24,,81.7
2052,2053,2023-09-25,18:21:48,2023,9,25,18,Monday,,,0.0,0.0,5,0,26.42,26.01,26.26,0.06,0.06,,4.58,,80.25
2053,2054,2023-09-25,12:45:38,2023,9,25,12,Monday,,,0.0,0.0,0,0,26.42,26.01,26.26,0.06,0.06,,4.58,,80.25
2054,2055,2023-09-25,09:36:36,2023,9,25,9,Monday,මහනුවර,වේවැල්දෙණිය,7.29,80.63,0,2,30.23,23.49,26.12,6.52,6.52,,4.28,,83.46
2055,2056,2023-09-24,12:48:27,2023,9,24,12,Sunday,බදුල්ල,මඩොල්සිම,6.99,81.05,1,2,29.38,22.33,25.33,8.88,8.88,,3.26,,85.27
2056,2057,2023-09-24,10:14:39,2023,9,24,10,Sunday,කුරුණෑගල,ගලේවෙල,7.48,80.35,2,1,30.07,23.45,25.99,2.86,2.86,,4.8,,83.48
2057,2058,2023-09-23,09:37:04,2023,9,23,9,Saturday,,,0.0,0.0,0,1,26.15,25.9,26.04,0.13,0.13,,5.41,,81.66
2058,2059,2023-09-23,07:27:31,2023,9,23,7,Saturday,ගම්පහ,බැලුම්මහර,7.03,79.92,0,2,28.83,25.59,26.92,5.86,5.86,,5.37,,87.27
2059,2060,2023-09-22,12:30:05,2023,9,22,12,Friday,,,0.0,0.0,1652,1,25.97,25.62,25.82,0.26,0.26,,5.12,,84.47
2060,2061,2023-09-22,07:43:50,2023,9,22,7,Friday,කොළඹ,රත්මලාන,6.85,79.95,3,2,28.39,24.81,26.49,19.23,19.23,,5.39,,86.3
2061,2062,2023-09-21,15:37:19,2023,9,21,15,Thursday,,,0.0,0.0,0,1,26.08,25.71,25.87,0.46,0.46,,5.21,,85.67
2062,2063,2023-09-20,07:29:29,2023,9,20,7,Wednesday,,,0.0,0.0,0,1,25.83,25.56,25.7,0.27,0.27,,4.23,,84.64
2063,2064,2023-09-19,20:52:18,2023,9,19,20,Tuesday,,,0.0,0.0,8,1,25.94,25.65,25.78,0.15,0.15,,3.54,,81.83
2064,2065,2023-09-19,17:17:35,2023,9,19,17,Tuesday,බදුල්ල,බල්ලකෙටුව,6.99,81.05,1,3,29.8,21.49,24.99,39.64,39.64,,3.28,,85.36
2065,2066,2023-09-19,16:45:32,2023,9,19,16,Tuesday,,,0.0,0.0,24,1,25.94,25.65,25.78,0.15,0.15,,3.54,,81.83
2066,2067,2023-09-19,11:17:44,2023,9,19,11,Tuesday,,,0.0,0.0,17,1,25.94,25.65,25.78,0.15,0.15,,3.54,,81.83
2068,2069,2023-09-18,13:42:23,2023,9,18,13,Monday,අනුරාධපුර,අනුරාධපුර,8.15,80.65,0,1,31.88,24.23,27.02,2.01,2.01,,5.23,,78.78
2067,2068,2023-09-18,13:54:00,2023,9,18,13,Monday,මාතර,මාතර,5.95,80.55,1,3,28.46,26.13,27.18,31.86,31.86,,5.2,,83.84
2070,2071,2023-09-17,09:56:24,2023,9,17,9,Sunday,බදුල්ල,හාලිඇල,6.99,81.05,0,3,27.63,22.53,24.66,43.76,43.76,,3.37,,89.4
2069,2070,2023-09-17,21:49:01,2023,9,17,21,Sunday,කිළිනොච්චිය,පුනරීන්,9.38,80.1,1,2,29.33,27.31,28.27,8.37,8.37,,8.23,,81.59
2071,2072,2023-09-16,07:24:08,2023,9,16,7,Saturday,ගම්පහ,රත්ගහවත්ත,7.03,79.92,1,1,29.39,24.7,26.9,1.31,1.31,,5.09,,84.6
2072,2073,2023-09-15,16:25:06,2023,9,15,16,Friday,,,0.0,0.0,6,1,25.46,25.17,25.3,0.14,0.14,,4.67,,80.35
2073,2074,2023-09-15,16:02:36,2023,9,15,16,Friday,,,0.0,0.0,0,1,25.46,25.17,25.3,0.14,0.14,,4.67,,80.35
2074,2075,2023-09-15,14:32:10,2023,9,15,14,Friday,නුවරඑළිය,ලොනැක් වත්ත,6.9,80.6,0,2,27.11,20.3,22.9,8.06,8.06,,4.98,,86.83
2076,2077,2023-09-15,08:25:01,2023,9,15,8,Friday,,,0.0,0.0,0,1,25.46,25.17,25.3,0.14,0.14,,4.67,,80.35
2075,2076,2023-09-15,14:00:54,2023,9,15,14,Friday,කොළඹ,පාදුක්ක,6.85,79.95,0,2,28.92,24.91,26.59,5.68,5.68,,5.65,,82.34
2078,2079,2023-09-13,13:59:56,2023,9,13,13,Wednesday,ගම්පහ,කටුනායක,7.03,79.92,6,2,28.63,25.4,26.77,6.59,6.59,,5.8,,86.5
2077,2078,2023-09-13,16:36:26,2023,9,13,16,Wednesday,,,0.0,0.0,11,1,25.07,24.74,24.94,0.28,0.28,,6.23,,82.38
2079,2080,2023-09-11,10:22:49,2023,9,11,10,Monday,,,0.0,0.0,0,1,25.25,24.99,25.11,0.48,0.48,,5.79,,84.37
2080,2081,2023-09-10,17:49:00,2023,9,10,17,Sunday,,,0.0,0.0,6,1,25.34,24.86,25.14,0.45,0.45,,4.47,,82.57
2082,2083,2023-09-09,11:40:53,2023,9,9,11,Saturday,මඩකලපුව,ඕටමාවඩි,7.42,81.79,1,1,32.59,26.33,28.99,2.22,2.22,,4.52,,76.76
2081,2082,2023-09-10,09:19:54,2023,9,10,9,Sunday,බදුල්ල,කොකාගල,6.99,81.05,0,1,30.8,22.21,25.53,3.24,3.24,,4.8,,80.95
2084,2085,2023-09-08,12:05:48,2023,9,8,12,Friday,,,0.0,0.0,2,1,25.13,24.77,24.99,0.33,0.33,,6.29,,84.77
2083,2084,2023-09-09,07:33:34,2023,9,9,7,Saturday,ගාල්ල,දොඩංගොඩ,6.2,80.2,0,2,28.69,27.47,27.9,6.93,6.93,,6.23,,84.24
2085,2086,2023-09-08,10:10:56,2023,9,8,10,Friday,ත්‍රිකුණාමලය,ත්‍රිකුණාමලය,8.57,81.23,0,1,33.57,26.08,29.17,0.13,0.13,,8.28,,73.14
2086,2087,2023-09-06,10:41:17,2023,9,6,10,Wednesday,මුලතිව්,ඔඩ්ඩුසුඩාන්,9.26,80.81,2,1,30.83,27.86,28.99,1.41,1.41,,10.21,,76.91
2087,2088,2023-09-04,22:15:32,2023,9,4,22,Monday,,,0.0,0.0,3,1,25.46,25.07,25.25,0.25,0.25,,3.9,,82.22
2089,2090,2023-09-04,16:15:45,2023,9,4,16,Monday,කළුතර,වාඩියමංකඩ,6.65,80.15,1,3,28.64,25.93,27.14,26.32,26.32,,7.14,,81.93
2088,2089,2023-09-04,18:52:24,2023,9,4,18,Monday,කළුතර,වස්කඩුව,6.65,80.15,1,3,28.64,25.93,27.14,26.32,26.32,,7.14,,81.93
2090,2091,2023-09-04,14:18:32,2023,9,4,14,Monday,ගම්පහ,පස්යාල,7.03,79.92,1,2,28.59,25.25,26.77,19.21,19.21,,7.03,,82.56
2091,2092,2023-09-03,20:32:27,2023,9,3,20,Sunday,රත්නපුර,ඇඹිලිපිටිය,6.45,80.6,1,3,26.84,23.05,24.69,22.09,22.09,,5.95,,90.63
2093,2094,2023-09-03,12:38:46,2023,9,3,12,Sunday,කෑගල්ල,මාවනැල්ල,7.25,80.35,0,2,29.25,23.5,25.6,19.73,19.73,,7.16,,82.81
2092,2093,2023-09-03,20:17:20,2023,9,3,20,Sunday,මහනුවර,නාවලපිටිය,7.05,80.53,1,3,25.17,21.05,22.81,22.42,22.42,,6.4,,90.52
2094,2095,2023-09-03,11:05:38,2023,9,3,11,Sunday,කළුතර,ජම්බුගස්මුල්ල,6.65,80.15,1,3,27.56,25.9,26.7,27.8,27.8,,6.99,,85.98
2095,2096,2023-09-02,16:43:13,2023,9,2,16,Saturday,ත්‍රිකුණාමලය,කණිය,8.57,81.23,0,2,32.95,26.49,29.11,6.72,6.72,,7.59,,75.41
2097,2098,2023-09-02,09:32:44,2023,9,2,9,Saturday,පුත්තලම,මාදම්පේ,7.75,79.85,2,1,31.27,26.47,28.21,4.72,4.72,,8.08,,77.65
2098,2099,2023-09-02,07:54:29,2023,9,2,7,Saturday,ගම්පහ,මිනුවන්ගොඩ,7.03,79.92,6,3,28.44,25.52,26.74,28.81,28.81,,6.88,,86.85
2096,2097,2023-09-02,11:38:10,2023,9,2,11,Saturday,ගම්පහ,මිනුවන්ගොඩ,7.03,79.92,2,3,28.44,25.52,26.74,28.81,28.81,,6.88,,86.85
2099,2100,2023-09-01,12:25:16,2023,9,1,12,Friday,ගාල්ල,ගාල්ල,6.2,80.2,0,2,28.46,27.45,27.81,16.75,16.75,,6.86,,83.76
2101,2102,2023-08-31,11:47:46,2023,8,31,11,Thursday,,,0.0,0.0,63,1,25.39,24.81,25.13,0.74,0.74,,5.06,,82.73
2100,2101,2023-08-31,18:26:06,2023,8,31,18,Thursday,,,0.0,0.0,0,1,25.39,24.81,25.13,0.74,0.74,,5.06,,82.73
2102,2103,2023-08-31,11:10:49,2023,8,31,11,Thursday,කෑගල්ල,ගලිගමුව,7.25,80.35,0,2,31.85,23.09,26.34,13.98,13.98,,4.97,,78.73
2103,2104,2023-08-31,07:40:20,2023,8,31,7,Thursday,බදුල්ල,වලපනේ,6.99,81.05,0,3,30.45,22.32,25.54,23.67,23.67,,3.41,,82.54
2104,2105,2023-08-30,13:02:41,2023,8,30,13,Wednesday,කළුතර,වාද්දුව,6.65,80.15,0,2,27.31,25.86,26.43,18.74,18.74,,5.06,,88.45
2105,2106,2023-08-30,11:30:43,2023,8,30,11,Wednesday,කිළිනොච්චිය,ඉරණමඩු,9.38,80.1,1,1,30.47,27.48,28.85,0.8,0.8,,5.47,,77.54
2106,2107,2023-08-29,21:47:53,2023,8,29,21,Tuesday,කුරුණෑගල,බටලීය,7.48,80.35,1,2,30.67,24.07,26.58,7.09,7.09,,5.96,,80.37
2107,2108,2023-08-28,23:13:07,2023,8,28,23,Monday,මාතර,මාතර,5.95,80.55,1,1,29.86,27.18,28.23,2.18,2.18,,6.46,,81.2
2108,2109,2023-08-28,17:20:25,2023,8,28,17,Monday,,,0.0,0.0,7,1,24.89,24.39,24.69,0.68,0.68,,4.39,,82.94
2109,2110,2023-08-28,09:46:37,2023,8,28,9,Monday,ගම්පහ,කටුනායක,7.03,79.92,0,2,29.47,26.49,27.65,5.35,5.35,,5.79,,84.16
2110,2111,2023-08-27,19:26:38,2023,8,27,19,Sunday,නුවරඑළිය,කොටගල,6.928,80.606,0,1,28.18,20.79,23.78,2.17,2.17,,4.33,,86.9
2111,2112,2023-08-26,21:21:47,2023,8,26,21,Saturday,ගම්පහ,දංඕවිට,7.116,80.084,0,1,29.41,26.02,27.37,0.3,0.3,,4.43,,83.9
2113,2114,2023-08-26,08:30:58,2023,8,26,8,Saturday,අනුරාධපුර,අනුරාධපුර,8.3114,80.4037,1,0,35.71,25.93,29.72,0.0,0.0,,5.8,,66.2
2112,2113,2023-08-26,13:51:18,2023,8,26,13,Saturday,ත්‍රිකුණාමලය,ත්‍රිකුණාමලය,8.5874,81.2152,1,0,34.16,27.26,30.4,0.02,0.02,,4.93,,67.5
2114,2115,2023-08-25,08:24:39,2023,8,25,8,Friday,ගම්පහ,මීගමුව,7.2083,79.8358,0,1,29.52,25.43,27.17,0.43,0.43,,4.61,,83.72
2115,2116,2023-08-24,11:08:09,2023,8,24,11,Thursday,කොළඹ,කොස්ගම,6.933,80.135,1,1,29.72,25.68,27.29,1.31,1.31,,4.98,,83.19
2116,2117,2023-08-22,20:43:58,2023,8,22,20,Tuesday,ත්‍රිකුණාමලය,ත්‍රිකුණාමලය,8.5874,81.2152,0,1,34.21,27.13,30.26,2.28,2.28,,3.8,,68.71
2117,2118,2023-08-22,07:39:20,2023,8,22,7,Tuesday,ගම්පහ,මීගහවත්ත,7.04,80.054,1,1,29.72,25.73,27.39,1.65,1.65,,4.6,,83.57
2119,2120,2023-08-21,09:53:50,2023,8,21,9,Monday,නුවරඑළිය,කොටගල,6.928,80.606,0,0,29.03,20.46,24.19,0.07,0.07,,3.33,,84.83
2118,2119,2023-08-21,15:08:56,2023,8,21,15,Monday,අනුරාධපුර,අනුරාධපුර,8.3114,80.4037,2,1,36.77,25.64,30.48,0.15,0.15,,4.48,,62.64
2120,2121,2023-08-20,22:30:49,2023,8,20,22,Sunday,ගාල්ල,උණවටුන,6.0107,80.2497,1,1,28.75,27.6,27.98,0.33,0.33,,6.33,,82.92
2121,2122,2023-08-20,11:08:41,2023,8,20,11,Sunday,යාපනය,යාපනය,9.65,80.05,1,0,31.54,27.77,29.36,0.08,0.08,,6.41,,74.08
2122,2123,2023-08-17,08:50:25,2023,8,17,8,Thursday,මාතර,වැලිගම,5.973,80.4297,0,1,29.14,26.42,27.49,2.0,2.0,,6.39,,82.46
2123,2124,2023-08-16,17:16:26,2023,8,16,17,Wednesday,අනුරාධපුර,ඉපලෝගම,8.053,80.534,1,0,36.5,23.5,28.95,0.0,0.0,,6.12,,66.38
2125,2126,2023-08-15,21:12:33,2023,8,15,21,Tuesday,කොළඹ,දෙහිවල,6.852,79.865,1,1,29.21,25.12,26.78,0.33,0.33,,5.45,,79.97
2124,2125,2023-08-16,10:08:19,2023,8,16,10,Wednesday,කොළඹ,කහතුඩුව,6.782,79.995,1,1,29.32,24.88,26.77,0.35,0.35,,5.0,,81.32
2127,2128,2023-08-15,09:46:44,2023,8,15,9,Tuesday,යාපනය,කෝපායි,9.705,80.074,1,0,30.54,28.01,28.94,0.1,0.1,,8.55,,75.95
2126,2127,2023-08-15,13:26:31,2023,8,15,13,Tuesday,මුලතිව්,මාන්කුලම්,9.133,80.48,3,0,35.27,26.34,29.86,0.0,0.0,,7.01,,64.81
2128,2129,2023-08-15,06:56:38,2023,8,15,6,Tuesday,මුලතිව්,මාන්කුලම්,9.133,80.48,3,0,35.27,26.34,29.86,0.0,0.0,,7.01,,64.81
2130,2131,2023-08-14,10:02:26,2023,8,14,10,Monday,කොළඹ,කොළඹ,6.896,79.861,0,1,29.71,25.84,27.46,0.31,0.31,,5.64,,79.92
2129,2130,2023-08-14,18:55:42,2023,8,14,18,Monday,යාපනය,කෝපායි,9.705,80.074,1,1,30.95,28.28,29.41,0.78,0.78,,6.8,,76.45
2131,2132,2023-08-13,12:14:57,2023,8,13,12,Sunday,බදුල්ල,ඇල්ල,6.867,81.046,0,1,31.72,22.76,26.26,2.19,2.19,,4.55,,76.64
2132,2133,2023-08-12,18:16:10,2023,8,12,18,Saturday,බදුල්ල,දෙමෝදර,6.901,81.057,0,1,31.61,22.4,26.08,3.07,3.07,,4.46,,79.4
2134,2135,2023-08-09,06:36:55,2023,8,9,6,Wednesday,ගම්පහ,මීරිගම,7.241,80.121,0,1,28.3,25.3,26.52,1.84,1.84,,4.06,,87.53
2133,2134,2023-08-09,19:22:54,2023,8,9,19,Wednesday,ගම්පහ,මීරිගම,7.241,80.121,0,1,28.3,25.3,26.52,1.84,1.84,,4.06,,87.53
2135,2136,2023-08-08,15:58:35,2023,8,8,15,Tuesday,රත්නපුර,ඇඹිලිපිටිය,6.343,80.848,1,1,27.86,23.95,25.34,1.01,1.01,,5.39,,89.59
2136,2137,2023-08-08,15:06:50,2023,8,8,15,Tuesday,යාපනය,කරවෙඩ්ඩි,9.8,80.202,1,1,30.91,28.68,29.63,1.92,1.92,,5.24,,78.67
2137,2138,2023-08-07,15:57:11,2023,8,7,15,Monday,පුත්තලම,මඳුරන්කුලිය,7.9,79.821,1,1,32.45,26.56,28.8,0.17,0.17,,6.24,,76.63
2138,2139,2023-08-07,09:49:40,2023,8,7,9,Monday,කොළඹ,කහතුඩුව,6.782,79.995,0,1,29.21,25.42,26.96,0.55,0.55,,5.11,,86.71
2139,2140,2023-08-04,06:37:15,2023,8,4,6,Friday,අනුරාධපුර,තඹුත්තේගම,8.154,80.308,4,1,31.84,26.11,28.44,0.27,0.27,,6.58,,77.81
2140,2141,2023-08-03,23:21:19,2023,8,3,23,Thursday,යාපනය,චාවකච්චේරි,9.66,80.155,0,0,31.44,28.32,29.6,0.01,0.01,,8.44,,74.96
2141,2142,2023-08-03,14:13:23,2023,8,3,14,Thursday,මාතර,වැලිගම,5.973,80.4297,1,1,28.88,26.74,27.6,0.54,0.54,,6.84,,86.61
2142,2143,2023-08-02,20:18:31,2023,8,2,20,Wednesday,මොණරාගල,මොණරාගල,6.872,81.35,0,0,31.11,22.04,25.56,0.02,0.02,,4.92,,77.36
2143,2144,2023-08-02,12:09:56,2023,8,2,12,Wednesday,කෑගල්ල,වරකාපොළ,7.227,80.242,1,0,28.46,24.79,26.41,0.1,0.1,,4.75,,89.64
2144,2145,2023-08-02,07:45:44,2023,8,2,7,Wednesday,මුලතිව්,මුලතිව්,9.261,80.949,1,0,30.52,27.74,29.14,0.06,0.06,,6.71,,77.7
2145,2146,2023-07-31,13:51:57,2023,7,31,13,Monday,වව්නියාව,වව්නියාව,8.842,80.494,1,0,34.32,26.62,29.88,0.01,0.01,,6.5,,68.36
2146,2147,2023-07-30,07:51:19,2023,7,30,7,Sunday,රත්නපුර,ගොඩකවෙල,6.505,80.651,0,1,29.54,23.57,25.64,0.76,0.76,,5.84,,86.29
2147,2148,2023-07-29,20:34:01,2023,7,29,20,Saturday,හම්බන්තොට,තිස්සමහාරාම,6.284,81.286,2,1,30.28,24.49,26.64,0.43,0.43,,5.67,,84.2
2149,2150,2023-07-28,12:33:02,2023,7,28,12,Friday,කොළඹ,නවගමුව,6.914,80.111,0,0,28.94,25.07,26.78,0.09,0.09,,5.2,,86.29
2148,2149,2023-07-28,14:53:10,2023,7,28,14,Friday,කළුතර,අලුත්ගම,6.433,80.0,1,1,28.51,25.86,27.03,0.19,0.19,,5.51,,87.25
2150,2151,2023-07-28,09:45:40,2023,7,28,9,Friday,මාතර,ගන්දර,5.95,80.645,1,1,29.09,26.33,27.4,0.21,0.21,,6.51,,86.09
2151,2152,2023-07-28,09:36:01,2023,7,28,9,Friday,කොළඹ,මීගොඩ,6.844,80.126,1,0,28.94,25.07,26.78,0.09,0.09,,5.2,,86.29
2152,2153,2023-07-28,09:13:37,2023,7,28,9,Friday,පුත්තලම,මාදම්පේ,7.496,79.842,2,0,30.8,25.68,27.7,0.04,0.04,,6.49,,80.62
2153,2154,2023-07-27,12:43:13,2023,7,27,12,Thursday,මාතර,හක්මන,6.081,80.645,0,1,28.31,26.3,27.14,0.89,0.89,,5.53,,87.5
2154,2155,2023-07-27,11:13:51,2023,7,27,11,Thursday,මාතලේ,දඹුල්ල,7.874,80.651,1,1,34.15,24.64,28.43,0.2,0.2,,6.73,,72.67
2155,2156,2023-07-24,10:50:42,2023,7,24,10,Monday,මොණරාගල,තණමල්විල,6.438,81.134,1,1,29.39,24.29,26.09,1.52,1.52,,5.57,,86.75
2156,2157,2023-07-22,13:56:16,2023,7,22,13,Saturday,මාතර,අකුරැස්ස,6.101,80.478,3,1,28.9,26.11,27.19,0.3,0.3,,6.35,,85.24
2157,2158,2023-07-22,12:57:36,2023,7,22,12,Saturday,බදුල්ල,බණ්ඩාරවෙල,6.83,80.99,0,0,29.67,22.19,24.83,0.07,0.07,,5.72,,77.69
2158,2159,2023-07-20,15:17:41,2023,7,20,15,Thursday,කොළඹ,කොළඹ,6.95,79.842,0,1,28.15,25.7,26.81,3.3,3.3,,6.13,,88.16
2159,2160,2023-07-20,09:05:32,2023,7,20,9,Thursday,රත්නපුර,බලංගොඩ,6.646,80.696,0,1,27.64,23.87,25.22,2.73,2.73,,6.2,,89.64
2161,2162,2023-07-16,20:35:30,2023,7,16,20,Sunday,මාතර,අකුරැස්ස,6.101,80.478,1,1,28.65,26.7,27.51,2.99,2.99,,6.4,,88.45
2160,2161,2023-07-17,14:34:19,2023,7,17,14,Monday,කොළඹ,මොරටුව,6.773,79.881,0,1,28.54,25.83,26.96,0.58,0.58,,5.5,,89.05
2162,2163,2023-07-15,11:40:38,2023,7,15,11,Saturday,බදුල්ල,දෙමෝදර,6.901,81.057,0,1,30.25,22.22,25.53,3.2,3.2,,3.76,,83.08
2163,2164,2023-07-14,15:42:24,2023,7,14,15,Friday,කුරුණෑගල,කුලියාපිටිය,7.468,80.041,0,1,30.08,25.11,27.31,0.35,0.35,,6.57,,81.66
2164,2165,2023-07-12,11:28:20,2023,7,12,11,Wednesday,කළුතර,පානදුර,6.714,79.902,1,1,28.71,25.95,27.08,0.98,0.98,,4.37,,88.63
2165,2166,2023-07-11,16:21:55,2023,7,11,16,Tuesday,නුවරඑළිය,ලිඳුල,6.92,80.685,0,1,26.65,21.16,23.12,0.59,0.59,,3.87,,89.6
2166,2167,2023-07-10,20:14:34,2023,7,10,20,Monday,පොළොන්නරුව,මනම්පිටිය,7.916,81.091,10,1,32.76,25.99,28.85,0.28,0.28,,4.13,,73.14
2167,2168,2023-07-10,17:04:50,2023,7,10,17,Monday,පොළොන්නරුව,මනම්පිටිය,7.916,81.091,11,1,32.76,25.99,28.85,0.28,0.28,,4.13,,73.14
2169,2170,2023-07-10,09:08:06,2023,7,10,9,Monday,පොළොන්නරුව,මනම්පිටිය,7.916,81.091,10,1,32.76,25.99,28.85,0.28,0.28,,4.13,,73.14
2168,2169,2023-07-10,15:01:50,2023,7,10,15,Monday,නුවරඑළිය,හෙල්බොඩ,7.1,80.664,0,1,26.43,20.79,22.98,1.62,1.62,,3.61,,90.4
2170,2171,2023-07-10,06:37:05,2023,7,10,6,Monday,කුරුණෑගල,අඹන්පොල,7.913,80.237,2,1,30.1,26.11,27.71,0.67,0.67,,4.93,,81.49
2171,2172,2023-07-09,23:27:08,2023,7,9,23,Sunday,පොළොන්නරුව,මනම්පිටිය,7.916,81.091,10,1,33.49,25.15,29.35,0.55,0.55,,2.49,,69.98
2172,2173,2023-07-09,21:08:33,2023,7,9,21,Sunday,පොළොන්නරුව,මනම්පිටිය,7.916,81.091,10,1,33.49,25.15,29.35,0.55,0.55,,2.49,,69.98
2174,2175,2023-07-09,15:58:13,2023,7,9,15,Sunday,රත්නපුර,කලවාන,6.54,80.41,0,1,29.84,22.6,25.6,1.02,1.02,,3.1,,86.6
2173,2174,2023-07-09,16:39:09,2023,7,9,16,Sunday,රත්නපුර,කලවාන,6.54,80.41,0,1,29.84,22.6,25.6,1.02,1.02,,3.1,,86.6
2175,2176,2023-07-07,22:06:17,2023,7,7,22,Friday,කුරුණෑගල,කුරුණෑගල,7.486,80.362,2,1,30.12,22.71,25.44,1.15,1.15,,5.77,,83.21
2176,2177,2023-07-05,20:30:18,2023,7,5,20,Wednesday,කළුතර,කළුතර,6.5854,79.9607,0,2,27.51,25.74,26.48,11.38,11.38,,6.9,,87.23
2177,2178,2023-07-03,20:10:09,2023,7,3,20,Monday,මන්නාරම,මන්නාරම,8.981,79.904,2,1,29.94,26.15,27.98,0.16,0.16,,8.99,,77.75
2179,2180,2023-07-03,12:41:57,2023,7,3,12,Monday,මන්නාරම,මන්නාරම,8.981,79.904,0,1,29.94,26.15,27.98,0.16,0.16,,8.99,,77.75
2178,2179,2023-07-03,15:51:41,2023,7,3,15,Monday,ත්‍රිකුණාමලය,පදවි ශ්‍රීපුර,8.92,80.75,2,1,30.32,25.23,27.57,0.32,0.32,,7.31,,77.21
2180,2181,2023-07-02,10:02:51,2023,7,2,10,Sunday,බදුල්ල,හාලිඇළ,6.952,81.028,1,1,27.92,22.3,24.46,4.59,4.59,,4.5,,84.97
2182,2183,2023-06-29,14:48:36,2023,6,29,14,Thursday,කොළඹ,මාකුඹුර,6.839,79.968,1,2,27.83,25.65,26.54,11.26,11.26,,5.22,,88.07
2181,2182,2023-06-29,18:31:37,2023,6,29,18,Thursday,යාපනය,අරාලි,9.65,79.95,2,1,30.97,28.19,29.28,1.25,1.25,,8.64,,78.24
2184,2185,2023-06-26,14:31:36,2023,6,26,14,Monday,මුලතිව්,මල්ලාවි,9.133,80.318,1,0,32.66,26.3,28.66,0.06,0.06,,6.84,,75.53
2183,2184,2023-06-29,12:19:17,2023,6,29,12,Thursday,පුත්තලම,මුන්දලම,7.795,79.829,0,1,30.02,26.07,27.61,2.27,2.27,,7.18,,81.59
2185,2186,2023-06-26,10:17:42,2023,6,26,10,Monday,හම්බන්තොට,හම්බන්තොට,6.142,81.124,1,1,28.78,26.97,27.72,2.81,2.81,,8.53,,82.51
2186,2187,2023-06-25,23:33:07,2023,6,25,23,Sunday,මුලතිව්,මල්ලාවි,9.133,80.318,1,1,32.13,26.59,28.55,0.86,0.86,,6.51,,78.5
2187,2188,2023-06-24,09:36:31,2023,6,24,9,Saturday,බදුල්ල,රිදීමාලියද්ද,7.18,81.13,1,1,29.38,22.24,25.13,1.06,1.06,,3.82,,83.64
2188,2189,2023-06-22,11:05:17,2023,6,22,11,Thursday,මොණරාගල,දඹගල්ල,6.82,81.36,1,1,29.5,22.34,25.23,2.69,2.69,,3.64,,84.96
2189,2190,2023-06-22,10:35:55,2023,6,22,10,Thursday,කළුතර,බණ්ඩාරගම,6.714,79.99,1,1,29.15,26.53,27.77,3.72,3.72,,4.69,,86.1
2190,2191,2023-06-21,15:15:31,2023,6,21,15,Wednesday,අම්පාර,සමන්තුරේ,7.362,81.835,0,1,31.58,27.5,29.14,2.08,2.08,,4.99,,82.31
2192,2193,2023-06-20,06:44:54,2023,6,20,6,Tuesday,ගම්පහ,නිට්ටඹුව,7.18,80.07,0,1,29.08,26.04,27.21,2.22,2.22,,5.36,,86.11
2191,2192,2023-06-21,09:33:32,2023,6,21,9,Wednesday,ගම්පහ,නිට්ටඹුව,7.18,80.07,0,1,29.07,26.21,27.35,2.2,2.2,,5.53,,85.37
2193,2194,2023-06-19,16:22:57,2023,6,19,16,Monday,කොළඹ,මොරටුව,6.773,79.881,0,1,28.46,25.72,26.98,1.74,1.74,,5.24,,88.23
2194,2195,2023-06-19,07:28:49,2023,6,19,7,Monday,ගාල්ල,අම්බලන්ගොඩ,6.22,80.05,1,1,28.66,27.56,28.11,0.26,0.26,,6.8,,85.92
2195,2196,2023-06-18,18:37:22,2023,6,18,18,Sunday,රත්නපුර,කහවත්ත,6.58,80.57,1,1,28.36,23.75,25.39,1.19,1.19,,6.26,,87.87
2196,2197,2023-06-17,16:28:50,2023,6,17,16,Saturday,කොළඹ,කොළඹ,6.913,79.858,0,1,28.31,26.25,27.09,1.77,1.77,,6.43,,87.36
2197,2198,2023-06-17,15:04:18,2023,6,17,15,Saturday,කුරුණෑගල,කුරුණෑගල,7.52,80.36,1,1,28.73,24.23,25.77,1.04,1.04,,6.13,,85.78
2198,2199,2023-06-16,13:45:49,2023,6,16,13,Friday,වව්නියාව,වව්නියාව,8.751,80.497,2,1,32.59,27.09,29.28,2.58,2.58,,6.15,,78.54
2199,2200,2023-06-16,10:35:30,2023,6,16,10,Friday,ගම්පහ,දොම්පේ,7.03,79.92,2,1,29.21,26.7,27.71,1.54,1.54,,6.29,,85.8
2200,2201,2023-06-16,09:38:49,2023,6,16,9,Friday,බදුල්ල,දියතලාව,7.05,80.95,0,1,29.45,22.82,25.49,1.79,1.79,,4.55,,85.71
2201,2202,2023-06-16,09:08:57,2023,6,16,9,Friday,,,0.0,0.0,15,1,26.21,25.61,25.96,0.53,0.53,,5.05,,84.23
2202,2203,2023-06-15,14:17:49,2023,6,15,14,Thursday,කොළඹ,කොළඹ,6.97,79.95,0,1,28.61,25.94,27.26,1.56,1.56,,4.78,,90.56
2203,2204,2023-06-14,15:34:25,2023,6,14,15,Wednesday,,,0.0,0.0,3,1,25.6,24.79,25.26,0.25,0.25,,3.74,,86.42
2204,2205,2023-06-13,09:53:40,2023,6,13,9,Tuesday,මාතර,මිහිරිපැන්න,5.95,80.55,1,2,28.68,27.23,27.79,10.64,10.64,,7.16,,88.24
2206,2207,2023-06-12,18:03:08,2023,6,12,18,Monday,ගාල්ල,උරගස්මංහන්දිය,6.2,80.2,0,1,29.38,28.29,28.78,4.31,4.31,,7.64,,84.0
2205,2206,2023-06-12,19:47:54,2023,6,12,19,Monday,කුරුණෑගල,යග්ගපිටිය,7.48,80.35,0,1,29.79,24.65,26.48,3.71,3.71,,6.56,,86.23
2207,2208,2023-06-12,12:40:36,2023,6,12,12,Monday,කුරුණෑගල,තුල්හිරිය,7.48,80.35,8,1,29.79,24.65,26.48,3.71,3.71,,6.56,,86.23
2209,2210,2023-06-12,09:41:29,2023,6,12,9,Monday,කුරුණෑගල,තුල්හිරිය,7.48,80.35,3,1,29.79,24.65,26.48,3.71,3.71,,6.56,,86.23
2210,2211,2023-06-12,08:45:10,2023,6,12,8,Monday,,,0.0,0.0,10,0,25.72,24.79,25.26,0.06,0.06,,3.79,,82.0
2208,2209,2023-06-12,10:07:31,2023,6,12,10,Monday,මාතර,දෙහිඅත්තකණ්ඩිය,5.95,80.55,3,2,29.52,27.41,28.16,6.09,6.09,,7.18,,86.13
2211,2212,2023-06-11,08:43:17,2023,6,11,8,Sunday,මොණරාගල,දිඹුලාගල,6.75,81.1,0,1,29.74,22.91,25.6,1.78,1.78,,4.48,,85.69
2212,2213,2023-06-10,22:16:32,2023,6,10,22,Saturday,නුවරඑළිය,හැටන්,6.9,80.6,0,1,26.21,22.21,23.7,2.09,2.09,,5.52,,90.34
2213,2214,2023-06-10,17:33:14,2023,6,10,17,Saturday,මාතර,තවලම,5.95,80.55,1,1,28.81,27.1,27.8,3.63,3.63,,6.74,,86.11
2214,2215,2023-06-10,16:10:26,2023,6,10,16,Saturday,,,0.0,0.0,0,0,26.15,25.82,25.97,0.01,0.01,,5.57,,77.01
2216,2217,2023-06-10,14:06:07,2023,6,10,14,Saturday,,,0.0,0.0,0,0,26.15,25.82,25.97,0.01,0.01,,5.57,,77.01
2215,2216,2023-06-10,15:42:07,2023,6,10,15,Saturday,කළුතර,බදුරලිය,6.65,80.15,1,2,28.71,27.06,27.73,5.46,5.46,,6.01,,86.1
2217,2218,2023-06-10,08:40:19,2023,6,10,8,Saturday,මහනුවර,ගුරුලුපොත,7.29,80.63,1,1,30.0,24.44,26.5,0.57,0.57,,6.3,,84.05
2218,2219,2023-06-09,12:44:54,2023,6,9,12,Friday,අනුරාධපුර,මරදන්කඩවල,8.15,80.65,1,1,30.42,25.42,27.46,0.12,0.12,,6.55,,83.64
2219,2220,2023-06-09,07:42:07,2023,6,9,7,Friday,කොළඹ,ඇඹුල්ගම,6.85,79.95,0,1,29.12,26.53,27.58,4.09,4.09,,6.31,,86.49
2220,2221,2023-06-09,07:32:12,2023,6,9,7,Friday,කොළඹ,පහත්ගම,6.85,79.95,2,1,29.12,26.53,27.58,4.09,4.09,,6.31,,86.49
2221,2222,2023-06-08,22:36:33,2023,6,8,22,Thursday,කොළඹ,හංවැල්ල,6.85,79.95,1,2,29.13,26.32,27.48,5.18,5.18,,6.79,,84.12
2222,2223,2023-06-08,19:47:26,2023,6,8,19,Thursday,කොළඹ,කොල්ලුපිටිය,6.85,79.95,1,2,29.13,26.32,27.48,5.18,5.18,,6.79,,84.12
2223,2224,2023-06-08,09:55:04,2023,6,8,9,Thursday,කළුතර,,6.65,80.15,1,2,29.11,26.87,27.76,5.55,5.55,,7.12,,82.97
2224,2225,2023-06-07,11:11:23,2023,6,7,11,Wednesday,ගාල්ල,හික්කඩුව,6.2,80.2,1,1,29.07,28.04,28.49,4.79,4.79,,8.93,,81.86
2225,2226,2023-06-07,10:13:18,2023,6,7,10,Wednesday,බදුල්ල,මහියංගණය,6.99,81.05,1,1,29.59,22.78,25.49,2.31,2.31,,5.77,,83.97
2226,2227,2023-06-07,07:27:47,2023,6,7,7,Wednesday,බදුල්ල,මහියංගනය,6.99,81.05,1,1,29.59,22.78,25.49,2.31,2.31,,5.77,,83.97
2227,2228,2023-06-06,15:09:12,2023,6,6,15,Tuesday,අනුරාධපුර,හබරණ,8.15,80.65,2,1,30.56,25.6,27.55,0.12,0.12,,5.64,,83.65
2228,2229,2023-06-06,09:51:45,2023,6,6,9,Tuesday,ගාල්ල,හික්කඩුව,6.2,80.2,1,1,28.84,28.1,28.44,2.89,2.89,,7.35,,84.68
2229,2230,2023-06-06,09:15:00,2023,6,6,9,Tuesday,මාතලේ,දම්බවත්ත,7.85,80.65,1,1,30.56,25.6,27.55,0.12,0.12,,5.64,,83.65
2230,2231,2023-06-05,08:50:16,2023,6,5,8,Monday,පොළොන්නරුව,මියන්කුලම,7.94,81.0,1,1,32.25,25.64,28.39,0.2,0.2,,6.03,,81.42
2231,2232,2023-06-04,14:05:42,2023,6,4,14,Sunday,,,0.0,0.0,288,1,25.99,25.52,25.82,1.68,1.68,,4.15,,89.53
2233,2234,2023-06-04,08:06:48,2023,6,4,8,Sunday,,,0.0,0.0,0,1,25.99,25.52,25.82,1.68,1.68,,4.15,,89.53
2232,2233,2023-06-04,10:14:41,2023,6,4,10,Sunday,රත්නපුර,පැල්මඩුල්ල,6.68,80.4,1,1,28.61,23.58,25.62,4.34,4.34,,5.47,,88.15
2234,2235,2023-06-03,20:08:58,2023,6,3,20,Saturday,,,0.0,0.0,0,1,25.85,25.55,25.7,1.48,1.48,,4.25,,89.05
2235,2236,2023-06-03,14:19:46,2023,6,3,14,Saturday,පුත්තලම,,7.75,79.85,2,0,30.69,27.48,28.58,0.06,0.06,,7.08,,80.7
2237,2238,2023-06-03,10:48:34,2023,6,3,10,Saturday,,,0.0,0.0,300,1,25.85,25.55,25.7,1.48,1.48,,4.25,,89.05
2238,2239,2023-06-03,08:53:26,2023,6,3,8,Saturday,,,0.0,0.0,233,1,25.85,25.55,25.7,1.48,1.48,,4.25,,89.05
2236,2237,2023-06-03,10:48:55,2023,6,3,10,Saturday,කළුතර,වස්කඩුව,6.65,80.15,1,1,28.62,26.7,27.52,4.34,4.34,,6.37,,86.02
2239,2240,2023-06-02,22:29:21,2023,6,2,22,Friday,,,0.0,0.0,207,1,26.26,25.64,26.02,0.43,0.43,,4.34,,86.72
2240,2241,2023-06-02,20:38:53,2023,6,2,20,Friday,,,0.0,0.0,0,1,26.26,25.64,26.02,0.43,0.43,,4.34,,86.72
2241,2242,2023-06-01,21:12:52,2023,6,1,21,Thursday,බදුල්ල,හාලිඇල,6.99,81.05,0,2,30.67,20.64,25.37,6.05,6.05,,3.87,,83.65
2242,2243,2023-06-01,14:19:56,2023,6,1,14,Thursday,ගාල්ල,කාහිංගල,6.2,80.2,0,2,29.36,28.08,28.72,7.08,7.08,,7.46,,83.09
2244,2245,2023-05-31,09:06:37,2023,5,31,9,Wednesday,ගම්පහ,දෙල්ගොඩ,7.03,79.92,1,2,29.12,25.76,27.51,5.77,5.77,,4.19,,83.57
2243,2244,2023-06-01,10:25:56,2023,6,1,10,Thursday,මහනුවර,පේරාදෙණිය,7.29,80.63,2,1,30.64,22.11,26.03,2.07,2.07,,5.3,,84.96
2246,2247,2023-05-28,13:52:27,2023,5,28,13,Sunday,කොළඹ,කිරුළපන,6.85,79.95,1,1,30.21,26.84,28.3,0.83,0.83,,4.54,,84.27
2245,2246,2023-05-28,14:09:21,2023,5,28,14,Sunday,යාපනය,චාවකච්චේරිය,9.66,80.01,2,1,31.2,29.06,30.0,0.28,0.28,,5.28,,79.88
2247,2248,2023-05-27,14:08:18,2023,5,27,14,Saturday,,,0.0,0.0,2900,1,27.36,26.25,26.92,2.41,2.41,,4.84,,87.24
2248,2249,2023-05-26,18:04:06,2023,5,26,18,Friday,මහනුවර,උඩුදුම්බර,7.29,80.63,0,0,30.44,23.44,26.28,0.05,0.05,,4.9,,86.95
2249,2250,2023-05-25,11:52:51,2023,5,25,11,Thursday,කළුතර,හඳපාන්ගොඩ,6.65,80.15,1,1,28.99,25.91,27.35,0.66,0.66,,4.2,,88.62
2250,2251,2023-05-24,08:17:28,2023,5,24,8,Wednesday,මන්නාරම,මන්නාරම,8.98,80.0,1,0,30.51,27.32,28.64,0.03,0.03,,6.34,,83.75
2251,2252,2023-05-23,22:12:56,2023,5,23,22,Tuesday,බදුල්ල,හපුතලේ,6.99,81.05,0,1,30.38,22.13,25.74,3.03,3.03,,2.31,,84.41
2252,2253,2023-05-22,14:00:42,2023,5,22,14,Monday,,,0.0,0.0,1,0,27.85,27.57,27.75,0.02,0.02,,4.67,,79.09
2253,2254,2023-05-20,20:24:57,2023,5,20,20,Saturday,කුරුණෑගල,උහුමීය,7.48,80.35,1,1,30.1,23.47,26.17,0.66,0.66,,3.95,,87.4
2254,2255,2023-05-19,19:30:19,2023,5,19,19,Friday,,,0.0,0.0,1,2,28.34,28.04,28.16,7.19,7.19,,5.97,,84.1
2255,2256,2023-05-18,20:56:06,2023,5,18,20,Thursday,,,0.0,0.0,1,2,28.65,28.16,28.39,10.18,10.18,,5.48,,84.26
2256,2257,2023-05-18,06:58:30,2023,5,18,6,Thursday,ගම්පහ,පෑලියගොඩ,7.03,79.92,1,2,30.2,26.26,27.9,5.34,5.34,,4.27,,83.58
2257,2258,2023-05-17,12:22:48,2023,5,17,12,Wednesday,අනුරාධපුර,මහඉලුප්පල්ලම,8.15,80.65,1,0,30.62,25.26,27.5,0.03,0.03,,3.55,,88.55
2258,2259,2023-05-17,11:28:33,2023,5,17,11,Wednesday,මහනුවර,මහනුවර,7.29,80.63,2,1,30.95,23.72,26.85,0.38,0.38,,2.94,,85.84
2260,2261,2023-05-17,07:58:44,2023,5,17,7,Wednesday,අනුරාධපුර,මහඉලුප්පල්ලම,8.15,80.65,1,0,30.62,25.26,27.5,0.03,0.03,,3.55,,88.55
2259,2260,2023-05-17,10:40:24,2023,5,17,10,Wednesday,,,0.0,0.0,0,2,29.02,28.17,28.72,5.43,5.43,,4.3,,81.4
2261,2262,2023-05-17,06:41:20,2023,5,17,6,Wednesday,රත්නපුර,ඇඹිලිපිටිය,6.45,80.6,1,1,30.2,23.62,26.36,2.36,2.36,,2.75,,88.67
2262,2263,2023-05-15,06:55:24,2023,5,15,6,Monday,කෑගල්ල,වරකාපොල,7.25,80.35,2,1,29.59,24.94,26.63,0.19,0.19,,5.21,,90.75
2263,2264,2023-05-14,09:45:34,2023,5,14,9,Sunday,පුත්තලම,පුත්තලම,7.75,79.85,1,1,30.7,27.64,28.85,0.11,0.11,,8.11,,82.19
2264,2265,2023-05-14,08:34:19,2023,5,14,8,Sunday,බදුල්ල,බදුල්ල,6.99,81.05,0,1,30.78,23.77,26.4,0.67,0.67,,5.57,,84.56
2265,2266,2023-05-13,13:43:28,2023,5,13,13,Saturday,රත්නපුර,තිරිවානාකැටිය,6.68,80.4,2,1,28.18,24.3,25.91,4.5,4.5,,6.19,,90.44
2266,2267,2023-05-13,08:07:37,2023,5,13,8,Saturday,හම්බන්තොට,ගොඩිගමුව,6.12,81.1,1,1,29.29,27.67,28.42,3.87,3.87,,9.32,,86.46
2267,2268,2023-05-12,15:07:52,2023,5,12,15,Friday,කොළඹ,කොළඹ,6.97,79.95,0,2,29.71,26.44,27.91,7.44,7.44,,6.71,,84.32
2268,2269,2023-05-11,08:14:35,2023,5,11,8,Thursday,මහනුවර,කටුගස්තොට,7.29,80.63,0,1,28.39,23.42,25.5,1.3,1.3,,4.63,,87.8
2269,2270,2023-05-09,06:37:33,2023,5,9,6,Tuesday,රත්නපුර,ඇඹිලිපිටිය,6.45,80.6,1,2,28.94,22.82,25.2,9.21,9.21,,3.52,,87.31
2270,2271,2023-05-08,11:50:47,2023,5,8,11,Monday,කොළඹ,බම්බලපිටිය,6.85,79.95,0,2,29.02,25.9,27.23,5.07,5.07,,3.68,,82.46
2271,2272,2023-05-08,08:10:12,2023,5,8,8,Monday,කෑගල්ල,වරකාපොල,7.25,80.35,1,1,27.3,22.57,24.67,2.45,2.45,,3.31,,89.8
2272,2273,2023-05-07,19:26:51,2023,5,7,19,Sunday,බදුල්ල,හපුතලේ,6.99,81.05,0,2,29.58,21.52,24.92,6.51,6.51,,3.2,,85.56
2273,2274,2023-05-07,18:13:08,2023,5,7,18,Sunday,යාපනය,කෝපායි,9.66,80.01,0,3,28.21,27.15,27.66,25.11,25.11,,3.7,,84.23
2274,2275,2023-05-07,17:50:39,2023,5,7,17,Sunday,මොණරාගල,දිඹුලාගල,6.75,81.1,1,2,29.58,21.52,24.92,6.51,6.51,,3.2,,85.56
2275,2276,2023-05-07,16:44:20,2023,5,7,16,Sunday,ගම්පහ,කහතුඩුව,7.03,79.92,0,2,29.64,25.78,27.24,14.67,14.67,,4.79,,81.2
2276,2277,2023-05-07,08:54:06,2023,5,7,8,Sunday,කළුතර,පානදුර,6.65,80.15,0,2,29.61,26.35,27.77,9.09,9.09,,5.74,,80.29
2277,2278,2023-05-07,07:30:33,2023,5,7,7,Sunday,හම්බන්තොට,තංගල්ල,6.12,81.1,1,1,29.84,27.08,28.35,4.04,4.04,,7.39,,81.79
2278,2279,2023-05-05,22:09:38,2023,5,5,22,Friday,මන්නාරම,පුවරසන්කුලම,8.98,80.0,1,3,29.52,26.84,27.92,26.15,26.15,,4.88,,81.32
2280,2281,2023-05-05,08:54:33,2023,5,5,8,Friday,කුරුණෑගල,කජුගම,7.48,80.35,0,3,25.94,21.97,23.85,26.21,26.21,,4.65,,90.67
2279,2280,2023-05-05,10:16:30,2023,5,5,10,Friday,කොළඹ,හෝමාගම,6.85,79.95,0,3,27.07,25.47,26.13,30.86,30.86,,4.75,,85.17
2281,2282,2023-05-03,11:21:29,2023,5,3,11,Wednesday,කුරුණෑගල,වාරියපොල,7.48,80.35,0,2,28.89,23.53,25.68,10.17,10.17,,3.25,,89.5
2282,2283,2023-05-02,17:46:44,2023,5,2,17,Tuesday,පුත්තලම,දුම්මලදෙනිය,7.75,79.85,1,2,29.84,26.35,28.08,7.57,7.57,,3.81,,82.97
2283,2284,2023-05-02,14:41:27,2023,5,2,14,Tuesday,යාපනය,කොඩිකාමම්,9.66,80.01,2,2,29.46,28.22,28.95,11.12,11.12,,4.89,,81.92
2284,2285,2023-05-01,23:07:20,2023,5,1,23,Monday,යාපනය,අල්ලෙපිට්ටි,9.66,80.01,2,3,29.59,28.47,28.85,46.54,46.54,,3.22,,83.36
2285,2286,2023-05-01,10:22:52,2023,5,1,10,Monday,වවුනියාව,කිවුලකඩවල,8.75,80.5,2,3,28.59,26.28,27.44,35.09,35.09,,2.54,,89.12
2287,2288,2023-04-30,14:03:22,2023,4,30,14,Sunday,,,0.0,0.0,11,1,28.01,27.21,27.73,4.59,4.59,,2.94,,75.07
2286,2287,2023-05-01,09:32:36,2023,5,1,9,Monday,කළුතර,කොටුවිල,6.65,80.15,1,3,29.23,26.52,27.67,37.43,37.43,,3.47,,84.9
2288,2289,2023-04-30,13:59:25,2023,4,30,13,Sunday,,,0.0,0.0,0,1,28.01,27.21,27.73,4.59,4.59,,2.94,,75.07
2289,2290,2023-04-30,12:27:59,2023,4,30,12,Sunday,නුවරඑළිය,හොර්ටන් තැන්න,6.9,80.6,0,2,29.18,20.93,24.52,7.81,7.81,,1.76,,85.16
2290,2291,2023-04-28,23:17:11,2023,4,28,23,Friday,කොළඹ,කොළඹ,6.97,79.95,0,2,31.46,25.46,28.0,14.49,14.49,,2.01,,78.0
2292,2293,2023-04-25,17:34:31,2023,4,25,17,Tuesday,,,0.0,0.0,0,1,28.01,27.65,27.88,3.22,3.22,,2.02,,84.16
2291,2292,2023-04-26,07:41:02,2023,4,26,7,Wednesday,කුරුණෑගල,මාවතගම,7.48,80.35,3,2,30.53,23.17,26.18,16.92,16.92,,1.67,,78.39
2294,2295,2023-04-23,09:17:04,2023,4,23,9,Sunday,නුවරඑළිය,ඔහිය,6.9,80.6,0,2,27.89,22.35,24.69,6.8,6.8,,1.06,,88.79
2293,2294,2023-04-24,19:18:33,2023,4,24,19,Monday,මහනුවර,මීගහකිවුල,7.29,80.63,1,2,30.37,24.4,26.96,6.56,6.56,,1.3,,85.59
2296,2297,2023-04-19,12:29:55,2023,4,19,12,Wednesday,කුරුණෑගල,අංගමුව,7.48,80.35,1,0,32.38,21.95,26.87,0.01,0.01,,1.66,,76.42
2295,2296,2023-04-20,09:51:12,2023,4,20,9,Thursday,යාපනය,කයිතඩි,9.66,80.01,1,1,32.16,28.84,30.48,0.31,0.31,,6.02,,75.61
2297,2298,2023-04-18,14:33:00,2023,4,18,14,Tuesday,කොළඹ,මීගොඩ,6.85,79.95,1,1,31.34,25.76,28.41,0.19,0.19,,1.58,,77.79
2298,2299,2023-04-18,08:25:28,2023,4,18,8,Tuesday,අම්පාර,පේරණ,7.3,81.67,2,0,31.36,27.56,29.2,0.1,0.1,,2.54,,75.29
2299,2300,2023-04-17,23:22:45,2023,4,17,23,Monday,අනුරාධපුර,මරදන්කඩවල,8.15,80.65,1,1,33.09,22.48,27.5,1.02,1.02,,1.46,,75.67
2300,2301,2023-04-17,17:45:33,2023,4,17,17,Monday,මොණරාගල,බෝබුරු ඇල්ල,6.75,81.1,0,1,30.7,21.51,25.55,0.46,0.46,,1.62,,81.06
2301,2302,2023-04-17,09:44:50,2023,4,17,9,Monday,ගාල්ල,දොඩන්ගොඩ,6.2,80.2,0,1,29.79,27.79,28.72,0.48,0.48,,1.62,,77.35
2302,2303,2023-04-16,18:26:06,2023,4,16,18,Sunday,කෑගල්ල,කරවනැල්ල,7.25,80.35,0,1,29.9,22.31,26.02,2.96,2.96,,1.53,,77.06
2303,2304,2023-04-16,07:53:02,2023,4,16,7,Sunday,පොළොන්නරුව,වලේකඩේ,7.94,81.0,2,1,32.3,24.08,28.44,2.0,2.0,,1.63,,72.66
2304,2305,2023-04-15,21:00:13,2023,4,15,21,Saturday,පොළොන්නරුව,වලේකඩේ,7.94,81.0,2,1,32.65,24.65,28.49,2.89,2.89,,1.81,,78.89
2305,2306,2023-04-15,20:55:53,2023,4,15,20,Saturday,රත්නපුර,ඇඹිලිපිටිය,6.45,80.6,0,2,31.01,22.8,26.47,7.03,7.03,,1.51,,83.59
2306,2307,2023-04-15,18:59:59,2023,4,15,18,Saturday,,,0.0,0.0,0,1,28.36,27.83,28.11,3.17,3.17,,3.88,,78.59
2307,2308,2023-04-15,14:00:31,2023,4,15,14,Saturday,,,0.0,0.0,12,1,28.36,27.83,28.11,3.17,3.17,,3.88,,78.59
2309,2310,2023-04-15,07:38:09,2023,4,15,7,Saturday,,,0.0,0.0,0,1,28.36,27.83,28.11,3.17,3.17,,3.88,,78.59
2308,2309,2023-04-15,11:31:23,2023,4,15,11,Saturday,කොළඹ,කොළඹ,6.97,79.95,0,2,30.32,26.03,27.99,6.39,6.39,,2.36,,81.86
2310,2311,2023-04-13,19:39:47,2023,4,13,19,Thursday,ගාල්ල,හික්කඩුව,6.2,80.2,1,1,30.07,27.68,28.95,3.99,3.99,,2.53,,78.83
2311,2312,2023-04-12,11:10:40,2023,4,12,11,Wednesday,මහනුවර,සපුකස්කන්ද,7.29,80.63,6,0,31.84,21.12,26.07,0.02,0.02,,2.62,,82.27
2312,2313,2023-04-11,07:38:08,2023,4,11,7,Tuesday,මාතලේ,පලාපත්වල,7.85,80.65,1,1,31.76,23.24,26.83,0.21,0.21,,3.27,,81.97
2313,2314,2023-04-11,07:20:56,2023,4,11,7,Tuesday,,,0.0,0.0,0,1,28.43,27.74,28.21,3.77,3.77,,3.66,,82.67
2314,2315,2023-04-10,17:27:04,2023,4,10,17,Monday,කොළඹ,මොරටුව,6.85,79.95,1,1,31.61,24.83,28.1,1.15,1.15,,2.2,,74.02
2315,2316,2023-04-10,07:37:41,2023,4,10,7,Monday,,,0.0,0.0,0,1,28.23,27.0,27.87,0.68,0.68,,4.26,,82.57
2316,2317,2023-04-09,18:03:58,2023,4,9,18,Sunday,,,0.0,0.0,0,2,28.41,26.81,27.37,11.61,11.61,,2.57,,83.32
2317,2318,2023-04-09,15:06:21,2023,4,9,15,Sunday,,,0.0,0.0,25,2,28.41,26.81,27.37,11.61,11.61,,2.57,,83.32
2318,2319,2023-04-09,13:05:21,2023,4,9,13,Sunday,ගම්පහ,වැල්ලම්පිටිය,7.03,79.92,1,1,31.71,24.86,28.28,3.52,3.52,,1.83,,71.46
2319,2320,2023-04-08,18:40:23,2023,4,8,18,Saturday,ගම්පහ,මීරිගම,7.03,79.92,0,2,30.76,25.32,27.85,16.93,16.93,,2.08,,75.23
2320,2321,2023-04-08,09:21:59,2023,4,8,9,Saturday,මාතලේ,තොටගමුව,7.85,80.65,1,1,31.43,21.85,26.17,4.09,4.09,,3.57,,83.93
2321,2322,2023-04-07,17:48:55,2023,4,7,17,Friday,පොළොන්නරුව,තන්තිරිමලේ,7.94,81.0,0,1,31.11,24.64,27.33,0.21,0.21,,3.16,,79.48
2322,2323,2023-04-07,14:31:40,2023,4,7,14,Friday,ත්‍රිකුණාමලය,අග්බෝපුර,8.57,81.23,0,0,30.54,26.5,28.28,0.1,0.1,,3.79,,75.26
2323,2324,2023-04-06,17:23:13,2023,4,6,17,Thursday,,,0.0,0.0,13000,1,28.47,28.35,28.42,4.78,4.78,,4.35,,80.34
2324,2325,2023-04-05,08:37:07,2023,4,5,8,Wednesday,මොණරාගල,වැල්ලවාය,6.75,81.1,3,1,28.63,22.4,25.12,4.43,4.43,,1.42,,86.23
2325,2326,2023-04-04,08:41:13,2023,4,4,8,Tuesday,මුලතිව්,කෝකිලායි,9.26,80.81,2,1,30.33,27.18,28.82,3.95,3.95,,2.51,,75.45
2326,2327,2023-04-01,13:08:13,2023,4,1,13,Saturday,මොණරාගල,රිටිගල,6.75,81.1,1,2,29.9,20.9,24.98,5.96,5.96,,1.74,,83.36
2327,2328,2023-03-27,13:36:36,2023,3,27,13,Monday,ගාල්ල,,6.2,80.2,0,1,29.13,27.17,28.15,3.92,3.92,,2.8,,80.63
2328,2329,2023-03-25,14:17:21,2023,3,25,14,Saturday,කුරුණෑගල,පඹේගම,7.48,80.35,1,1,30.86,22.55,26.41,0.22,0.22,,1.61,,80.84
2329,2330,2023-03-24,17:02:27,2023,3,24,17,Friday,,,0.0,0.0,1,2,27.85,27.08,27.45,10.73,10.73,,1.92,,80.4
2330,2331,2023-03-23,11:30:39,2023,3,23,11,Thursday,මාතර,වැලිගම,5.95,80.55,0,2,28.87,26.32,27.49,7.07,7.07,,2.72,,79.46
2331,2332,2023-03-21,10:01:04,2023,3,21,10,Tuesday,කෑගල්ල,ඉංගිරියාවත්ත,7.25,80.35,1,1,30.99,22.14,26.15,2.01,2.01,,1.14,,82.8
2332,2333,2023-03-20,12:16:34,2023,3,20,12,Monday,බදුල්ල,පස්සර,6.99,81.05,1,1,28.1,22.26,24.54,3.96,3.96,,1.86,,89.88
2333,2334,2023-03-19,15:17:32,2023,3,19,15,Sunday,,,0.0,0.0,19,1,28.45,27.74,28.08,1.59,1.59,,4.35,,81.18
2334,2335,2023-03-19,13:15:34,2023,3,19,13,Sunday,,,0.0,0.0,0,1,28.45,27.74,28.08,1.59,1.59,,4.35,,81.18
2335,2336,2023-03-18,13:16:33,2023,3,18,13,Saturday,,,0.0,0.0,57,2,28.26,27.8,28.05,5.13,5.13,,5.26,,82.61
2336,2337,2023-03-17,22:32:24,2023,3,17,22,Friday,,,0.0,0.0,0,1,28.46,27.97,28.26,2.91,2.91,,4.72,,82.48
2338,2339,2023-03-17,07:13:30,2023,3,17,7,Friday,,,0.0,0.0,21,1,28.46,27.97,28.26,2.91,2.91,,4.72,,82.48
2337,2338,2023-03-17,19:53:26,2023,3,17,19,Friday,කොළඹ,කොළඹ,6.97,79.95,0,1,29.7,24.44,27.07,1.55,1.55,,1.14,,76.28
2339,2340,2023-03-16,16:48:58,2023,3,16,16,Thursday,ගාල්ල,කොග්ගල,6.2,80.2,2,2,29.02,26.93,27.92,7.65,7.65,,3.15,,81.7
2340,2341,2023-03-16,15:08:51,2023,3,16,15,Thursday,කොළඹ,කොළඹ,6.97,79.95,0,2,29.81,25.37,27.46,8.45,8.45,,1.63,,81.2
2341,2342,2023-03-13,16:15:32,2023,3,13,16,Monday,,,0.0,0.0,0,1,28.35,28.01,28.21,0.35,0.35,,3.99,,82.15
2342,2343,2023-03-12,08:59:12,2023,3,12,8,Sunday,ගාල්ල,හික්කඩුව,6.2,80.2,1,2,29.96,26.96,28.43,9.27,9.27,,3.62,,77.56
2344,2345,2023-03-07,14:52:40,2023,3,7,14,Tuesday,කෑගල්ල,මාවනැල්ල,7.25,80.35,1,1,28.99,21.61,24.32,1.76,1.76,,3.85,,87.9
2343,2344,2023-03-11,15:10:44,2023,3,11,15,Saturday,ගාල්ල,වක්වැල්ල,6.2,80.2,0,2,28.86,26.63,27.73,11.31,11.31,,2.72,,78.69
2346,2347,2023-03-03,21:40:05,2023,3,3,21,Friday,අනුරාධපුර,තිරප්පනය,8.15,80.65,1,1,29.46,21.31,24.57,0.23,0.23,,4.18,,83.02
2345,2346,2023-03-06,13:40:45,2023,3,6,13,Monday,බදුල්ල,ඌව පරණගම,6.99,81.05,0,1,27.86,20.79,23.74,4.4,4.4,,2.78,,90.64
2347,2348,2023-03-03,10:35:25,2023,3,3,10,Friday,කොළඹ,,6.97,79.95,0,1,30.53,22.68,26.31,0.25,0.25,,4.65,,76.85
2349,2350,2023-03-02,08:56:41,2023,3,2,8,Thursday,,,0.0,0.0,43,1,28.33,27.43,27.95,2.05,2.05,,3.73,,84.62
2348,2349,2023-03-02,17:28:50,2023,3,2,17,Thursday,,,0.0,0.0,0,1,28.33,27.43,27.95,2.05,2.05,,3.73,,84.62
2350,2351,2023-02-27,22:16:06,2023,2,27,22,Monday,කොළඹ,බත්තරමුල්ල,6.85,79.95,0,1,29.72,20.21,25.12,1.25,1.25,,5.18,,76.96
2352,2353,2023-02-27,16:15:00,2023,2,27,16,Monday,අනුරාධපුර,එරියාගම,8.15,80.65,1,1,28.98,19.41,24.01,3.63,3.63,,4.04,,83.92
2351,2352,2023-02-27,17:54:37,2023,2,27,17,Monday,අනුරාධපුර,ඒරියාගම,8.15,80.65,1,1,28.98,19.41,24.01,3.63,3.63,,4.04,,83.92
2353,2354,2023-02-26,15:34:07,2023,2,26,15,Sunday,,,0.0,0.0,28,1,28.38,27.94,28.21,1.47,1.47,,5.05,,81.08
2354,2355,2023-02-24,09:47:19,2023,2,24,9,Friday,කොළඹ,කොට්ටාව,6.85,79.95,1,2,30.19,21.89,26.12,5.74,5.74,,3.01,,78.1
2356,2357,2023-02-20,17:49:18,2023,2,20,17,Monday,කොළඹ,නාවල,6.85,79.95,0,2,29.54,23.38,26.05,15.78,15.78,,4.16,,84.06
2355,2356,2023-02-23,16:16:42,2023,2,23,16,Thursday,,,0.0,0.0,2,2,27.17,26.13,26.51,11.72,11.72,,3.81,,85.52
2357,2358,2023-02-20,12:21:34,2023,2,20,12,Monday,කිළිනොච්චිය,කිළිනොච්චිය,9.38,80.1,0,0,28.1,25.16,26.49,0.03,0.03,,5.61,,80.22
2358,2359,2023-02-20,10:05:31,2023,2,20,10,Monday,නුවරඑළිය,නෝට්න්බ්‍රිජ්,6.9,80.6,3,2,26.52,19.14,22.06,15.93,15.93,,3.47,,90.75
2359,2360,2023-02-20,08:52:35,2023,2,20,8,Monday,කෑගල්ල,බෙරලපනාතර,7.25,80.35,1,2,28.05,20.95,23.82,12.08,12.08,,4.35,,89.58
2360,2361,2023-02-19,22:22:05,2023,2,19,22,Sunday,නුවරඑළිය,නෝට්න්බ්‍රිජ්,6.9,80.6,2,2,26.88,19.25,22.29,19.79,19.79,,3.57,,90.04
2361,2362,2023-02-19,13:56:34,2023,2,19,13,Sunday,හම්බන්තොට,කිරින්ද,6.12,81.1,0,2,27.93,26.28,26.95,18.82,18.82,,6.07,,85.57
2362,2363,2023-02-17,13:15:24,2023,2,17,13,Friday,මාතලේ,දඹුල්ල,7.85,80.65,0,1,28.39,18.98,23.25,0.28,0.28,,3.82,,86.73
2363,2364,2023-02-16,16:26:03,2023,2,16,16,Thursday,නුවරඑළිය,ගිනිගත්හේන,6.9,80.6,0,0,25.86,13.72,19.2,0.0,0.0,,3.92,,86.21
2364,2365,2023-02-16,08:09:46,2023,2,16,8,Thursday,මාතලේ,අලවතුගොඩ,7.85,80.65,1,0,27.61,17.42,22.17,0.02,0.02,,4.14,,84.45
2365,2366,2023-02-15,16:20:51,2023,2,15,16,Wednesday,කුරුණෑගල,ගොඩකවෙල,7.48,80.35,2,0,26.99,15.82,20.72,0.0,0.0,,3.79,,85.1
2366,2367,2023-02-15,09:52:47,2023,2,15,9,Wednesday,නුවරඑළිය,රඳැල්ල,6.9,80.6,0,0,26.08,14.57,19.22,0.01,0.01,,3.75,,83.61
2367,2368,2023-02-15,07:01:27,2023,2,15,7,Wednesday,කෑගල්ල,රඹුක්කන,7.25,80.35,0,0,26.99,15.82,20.72,0.0,0.0,,3.79,,85.1
2368,2369,2023-02-14,12:51:56,2023,2,14,12,Tuesday,හම්බන්තොට,වහරග්ගොඩ,6.12,81.1,1,1,28.59,24.15,26.13,0.59,0.59,,5.61,,80.88
2369,2370,2023-02-13,15:53:06,2023,2,13,15,Monday,මඩකලපුව,මඩකළපුව,7.42,81.79,0,0,26.94,24.46,25.62,0.08,0.08,,4.69,,79.12
2370,2371,2023-02-12,16:33:30,2023,2,12,16,Sunday,යාපනය,පේදුරු තුඩුව,9.66,80.01,1,0,27.53,24.16,25.67,0.0,0.0,,4.83,,72.45
2371,2372,2023-02-10,16:37:53,2023,2,10,16,Friday,කළුතර,හොරණ,6.65,80.15,1,1,28.7,23.73,26.18,4.33,4.33,,3.04,,81.22
2372,2373,2023-02-10,08:20:27,2023,2,10,8,Friday,,,0.0,0.0,0,1,28.07,27.56,27.82,0.71,0.71,,3.78,,85.65
2373,2374,2023-02-09,22:15:59,2023,2,9,22,Thursday,මාතලේ,ලග්ගල,7.85,80.65,1,0,29.01,20.89,24.36,0.09,0.09,,3.38,,87.55
2375,2376,2023-02-09,07:27:46,2023,2,9,7,Thursday,,සෝල්,0.0,0.0,0,1,27.99,27.49,27.76,2.83,2.83,,3.41,,83.45
2374,2375,2023-02-09,11:08:27,2023,2,9,11,Thursday,මොණරාගල,කතරගම,0.0,0.0,1,1,27.99,27.49,27.76,2.83,2.83,,3.41,,83.45
2376,2377,2023-02-08,11:43:57,2023,2,8,11,Wednesday,කුරුණෑගල,කුරුණෑගල,0.0,0.0,1,1,27.54,26.59,26.94,1.6,1.6,,2.16,,83.54
2377,2378,2023-02-08,09:40:50,2023,2,8,9,Wednesday,කොළඹ,කොළඹ,0.0,0.0,0,1,27.54,26.59,26.94,1.6,1.6,,2.16,,83.54
2378,2379,2023-02-06,18:09:22,2023,2,6,18,Monday,,කහරමන්මාරස්,0.0,0.0,0,1,27.77,26.48,27.18,1.92,1.92,,4.34,,78.15
2379,2380,2023-02-04,17:00:22,2023,2,4,17,Saturday,කොළඹ,පාදුක්ක,0.0,0.0,0,2,28.21,26.57,27.22,15.2,15.2,,4.52,,83.64
2380,2381,2023-02-04,08:14:04,2023,2,4,8,Saturday,අනුරාධපුර,අනුරාධපුර,0.0,0.0,0,2,28.21,26.57,27.22,15.2,15.2,,4.52,,83.64
2381,2382,2023-02-02,11:05:34,2023,2,2,11,Thursday,නුවරඑළිය,නානුඔය,0.0,0.0,7,1,27.82,27.37,27.57,0.82,0.82,,3.52,,84.03
2382,2383,2023-02-01,16:43:11,2023,2,1,16,Wednesday,කුරුණෑගල,ගොකරැල්ල,0.0,0.0,2,1,27.96,26.98,27.69,0.67,0.67,,4.16,,79.1
2384,2385,2023-01-31,08:16:29,2023,1,31,8,Tuesday,බදුල්ල,බදුල්ල,0.0,0.0,0,1,26.96,26.44,26.67,1.89,1.89,,2.86,,73.35
2383,2384,2023-01-31,10:34:50,2023,1,31,10,Tuesday,කොළඹ,දෙහිවල,0.0,0.0,1,1,26.96,26.44,26.67,1.89,1.89,,2.86,,73.35
2385,2386,2023-01-29,13:16:21,2023,1,29,13,Sunday,කොළඹ,කෝට්ටේ,0.0,0.0,0,1,27.77,27.16,27.51,0.94,0.94,,4.47,,80.0
2387,2388,2023-01-23,09:43:27,2023,1,23,9,Monday,නුවරඑළිය,හැටන්,0.0,0.0,0,1,27.74,26.99,27.34,2.3,2.3,,4.35,,84.14
2386,2387,2023-01-23,13:45:22,2023,1,23,13,Monday,,නිකෝන් රච්චසිමා,0.0,0.0,11,1,27.74,26.99,27.34,2.3,2.3,,4.35,,84.14
2388,2389,2023-01-22,15:03:06,2023,1,22,15,Sunday,නුවරඑළිය,නානුඔය,0.0,0.0,7,1,27.46,27.06,27.26,3.69,3.69,,4.31,,86.79
2389,2390,2023-01-22,10:14:30,2023,1,22,10,Sunday,නුවරඑළිය,නානුඔය,0.0,0.0,7,1,27.46,27.06,27.26,3.69,3.69,,4.31,,86.79
2390,2391,2023-01-22,10:04:51,2023,1,22,10,Sunday,මාතර,වැලිගම,0.0,0.0,1,1,27.46,27.06,27.26,3.69,3.69,,4.31,,86.79
2391,2392,2023-01-21,19:38:36,2023,1,21,19,Saturday,නුවරඑළිය,නානුඔය,0.0,0.0,7,1,27.46,26.89,27.14,2.17,2.17,,3.84,,86.09
2392,2393,2023-01-21,18:47:53,2023,1,21,18,Saturday,නුවරඑළිය,නානුඔය,0.0,0.0,7,1,27.46,26.89,27.14,2.17,2.17,,3.84,,86.09
2393,2394,2023-01-21,10:33:05,2023,1,21,10,Saturday,මඩකලපුව,පන්විල,0.0,0.0,0,1,27.46,26.89,27.14,2.17,2.17,,3.84,,86.09
2394,2395,2023-01-21,10:23:30,2023,1,21,10,Saturday,නුවරඑළිය,නානුඔය,0.0,0.0,1,1,27.46,26.89,27.14,2.17,2.17,,3.84,,86.09
2395,2396,2023-01-21,08:25:22,2023,1,21,8,Saturday,නුවරඑළිය,නානුඔය,0.0,0.0,7,1,27.46,26.89,27.14,2.17,2.17,,3.84,,86.09
2396,2397,2023-01-20,22:36:01,2023,1,20,22,Friday,නුවරඑළිය,නානුඔය,0.0,0.0,7,1,27.31,27.02,27.14,4.12,4.12,,3.8,,83.89
2397,2398,2023-01-20,19:40:25,2023,1,20,19,Friday,නුවරඑළිය,නානුඔය,0.0,0.0,7,1,27.31,27.02,27.14,4.12,4.12,,3.8,,83.89
2398,2399,2023-01-18,14:30:15,2023,1,18,14,Wednesday,,බ්‍රොවාරි,0.0,0.0,17,1,27.09,26.36,26.79,3.34,3.34,,3.94,,83.3
2400,2401,2023-01-17,06:58:36,2023,1,17,6,Tuesday,මාතර,වැලිගම,0.0,0.0,1,2,27.2,26.48,26.91,5.51,5.51,,3.26,,86.1
2399,2400,2023-01-17,17:48:19,2023,1,17,17,Tuesday,කිලිනොච්චිය,කිලිනොච්චිය,0.0,0.0,0,2,27.2,26.48,26.91,5.51,5.51,,3.26,,86.1
2401,2402,2023-01-16,10:53:33,2023,1,16,10,Monday,බදුල්ල,රාගල,0.0,0.0,1,2,27.2,26.52,26.79,6.24,6.24,,1.95,,83.78
2402,2403,2023-01-15,15:28:10,2023,1,15,15,Sunday,,පොකාරා,0.0,0.0,40,1,27.01,26.68,26.8,2.52,2.52,,3.16,,82.76
2403,2404,2023-01-15,11:46:31,2023,1,15,11,Sunday,,පොකාරා,0.0,0.0,40,1,27.01,26.68,26.8,2.52,2.52,,3.16,,82.76
2405,2406,2023-01-14,10:26:47,2023,1,14,10,Saturday,කොළඹ,බොරැල්ල,0.0,0.0,1,1,27.1,26.34,26.75,1.54,1.54,,3.16,,83.75
2404,2405,2023-01-14,14:51:56,2023,1,14,14,Saturday,මොණරාගල,ඌව පරණගම,0.0,0.0,1,1,27.1,26.34,26.75,1.54,1.54,,3.16,,83.75
2406,2407,2023-01-13,09:57:25,2023,1,13,9,Friday,පොළොන්නරුව,හබරණ,0.0,0.0,0,1,27.25,26.89,27.06,1.91,1.91,,2.32,,80.96
2407,2408,2023-01-10,10:26:06,2023,1,10,10,Tuesday,කෑගල්ල,අලුපත,0.0,0.0,2,1,27.32,25.98,26.78,3.16,3.16,,3.6,,78.25
2408,2409,2023-01-09,09:28:27,2023,1,9,9,Monday,,කෆ්රින්,0.0,0.0,40,1,26.92,26.28,26.49,2.55,2.55,,3.89,,85.4
2410,2411,2023-01-08,14:32:03,2023,1,8,14,Sunday,,ජියැංග්ෂි,0.0,0.0,17,1,27.06,26.69,26.89,1.79,1.79,,3.38,,84.0
2409,2410,2023-01-08,20:42:36,2023,1,8,20,Sunday,,,0.0,0.0,0,1,27.06,26.69,26.89,1.79,1.79,,3.38,,84.0
2411,2412,2023-01-06,20:14:29,2023,1,6,20,Friday,අනුරාධපුර,තෙප්පන්කුලම,0.0,0.0,1,1,27.07,26.15,26.49,1.98,1.98,,3.4,,81.5
2412,2413,2023-01-05,07:50:46,2023,1,5,7,Thursday,,,0.0,0.0,1,2,27.02,26.25,26.52,9.62,9.62,,4.5,,81.91
2413,2414,2023-01-04,18:41:25,2023,1,4,18,Wednesday,,මුම්බායි,0.0,0.0,0,1,27.14,26.54,26.98,1.55,1.55,,3.61,,76.6
2414,2415,2023-01-04,16:14:04,2023,1,4,16,Wednesday,,වසාච් ප්‍රාන්තය,0.0,0.0,1,1,27.14,26.54,26.98,1.55,1.55,,3.61,,76.6
2416,2417,2023-01-01,16:16:34,2023,1,1,16,Sunday,කෑගල්ල,කෑගල්ල,0.0,0.0,0,1,27.23,26.85,27.08,0.63,0.63,,2.08,,81.55
2417,2418,2023-01-01,13:27:52,2023,1,1,13,Sunday,කොළඹ,කොළඹ,0.0,0.0,0,1,27.23,26.85,27.08,0.63,0.63,,2.08,,81.55
2418,2419,2023-01-01,12:46:16,2023,1,1,12,Sunday,ගාල්ල,බද්දේගම,0.0,0.0,0,1,27.23,26.85,27.08,0.63,0.63,,2.08,,81.55
2415,2416,2023-01-03,10:14:50,2023,1,3,10,Tuesday,කළුතර,කටුවන,0.0,0.0,2,2,26.71,26.19,26.51,7.06,7.06,,2.2,,80.89
2419,2420,2022-12-06,12:45:50,2022,12,6,12,Tuesday,මඩකලපුව,කොකාවිල්,0.0,0.0,1,1,27.13,26.64,26.91,4.58,4.58,,4.71,,87.24
2420,2421,2022-12-06,10:49:12,2022,12,6,10,Tuesday,අනුරාධපුර,හොරොව්පතාන,0.0,0.0,8,1,27.13,26.64,26.91,4.58,4.58,,4.71,,87.24
2422,2423,2022-12-04,06:48:04,2022,12,4,6,Sunday,නුවරඑළිය,මස්කෙළිය,0.0,0.0,191,1,26.56,25.63,26.11,1.34,1.34,,4.52,,88.14
2421,2422,2022-12-04,15:13:47,2022,12,4,15,Sunday,,දක්ෂිණ සාගරය,0.0,0.0,1,1,26.56,25.63,26.11,1.34,1.34,,4.52,,88.14
2424,2425,2022-12-01,15:19:25,2022,12,1,15,Thursday,යාපනය,නාවක්කුලිය,0.0,0.0,1,1,26.94,26.63,26.81,2.95,2.95,,4.71,,84.81
2425,2426,2022-12-01,13:26:19,2022,12,1,13,Thursday,ගාල්ල,උණවටුන,0.0,0.0,2,1,26.94,26.63,26.81,2.95,2.95,,4.71,,84.81
2426,2427,2022-12-01,10:50:17,2022,12,1,10,Thursday,,දෝහා,0.0,0.0,343,1,26.94,26.63,26.81,2.95,2.95,,4.71,,84.81
2423,2424,2022-12-02,13:34:41,2022,12,2,13,Friday,ගාල්ල,උණවටුන,0.0,0.0,1,2,26.84,25.72,26.32,7.08,7.08,,5.04,,86.9
2427,2428,2022-11-30,18:26:12,2022,11,30,18,Wednesday,ත්‍රිකුණාමලය,නාවච්චාලේ,0.0,0.0,1,1,26.94,26.13,26.5,0.69,0.69,,4.52,,86.32
2429,2430,2022-11-29,08:29:57,2022,11,29,8,Tuesday,,දෝහා,0.0,0.0,0,1,26.58,26.07,26.26,0.85,0.85,,3.63,,85.63
2428,2429,2022-11-29,20:44:03,2022,11,29,20,Tuesday,කොළඹ,කොළඹ,0.0,0.0,0,1,26.58,26.07,26.26,0.85,0.85,,3.63,,85.63
2430,2431,2022-11-25,07:27:04,2022,11,25,7,Friday,මාතලේ,මාතලේ,0.0,0.0,3,1,26.8,26.55,26.7,2.11,2.11,,4.61,,83.11
2431,2432,2022-11-25,06:58:36,2022,11,25,6,Friday,මඩකලපුව,වාලච්චේන,0.0,0.0,1,1,26.8,26.55,26.7,2.11,2.11,,4.61,,83.11
2432,2433,2022-11-24,09:13:16,2022,11,24,9,Thursday,වව්නියාව,වව්නියාව,0.0,0.0,0,1,26.58,26.09,26.32,0.92,0.92,,4.1,,84.12
2434,2435,2022-11-21,14:29:22,2022,11,21,14,Monday,මාතර,වැලිගම,0.0,0.0,0,1,26.1,25.75,25.91,1.86,1.86,,3.98,,84.46
2435,2436,2022-11-21,08:07:16,2022,11,21,8,Monday,,පූනේ,0.0,0.0,0,1,26.1,25.75,25.91,1.86,1.86,,3.98,,84.46
2433,2434,2022-11-21,22:06:13,2022,11,21,22,Monday,,සපරෝසියා,0.0,0.0,0,1,26.1,25.75,25.91,1.86,1.86,,3.98,,84.46
2436,2437,2022-11-19,08:41:21,2022,11,19,8,Saturday,කළුතර,මොරෙන්තුඩුව,0.0,0.0,2,1,26.29,25.97,26.08,0.98,0.98,,6.13,,83.12
2438,2439,2022-11-18,10:11:47,2022,11,18,10,Friday,මඩකලපුව,එරාවුර්,0.0,0.0,0,1,26.3,25.91,26.1,0.65,0.65,,5.0,,82.53
2439,2440,2022-11-18,09:00:57,2022,11,18,9,Friday,අනුරාධපුර,ගල්ගමුව,0.0,0.0,3,1,26.3,25.91,26.1,0.65,0.65,,5.0,,82.53
2437,2438,2022-11-18,15:07:50,2022,11,18,15,Friday,,,0.0,0.0,20,1,26.3,25.91,26.1,0.65,0.65,,5.0,,82.53
2440,2441,2022-11-17,17:32:50,2022,11,17,17,Thursday,පොළොන්නරුව,මින්නේරිය,0.0,0.0,0,1,26.15,25.75,25.98,0.36,0.36,,4.45,,82.42
2442,2443,2022-11-16,11:11:08,2022,11,16,11,Wednesday,කළුතර,මතුගම,0.0,0.0,1,1,26.31,25.85,26.07,2.04,2.04,,4.48,,82.06
2441,2442,2022-11-16,16:30:52,2022,11,16,16,Wednesday,කළුතර,මතුගම,0.0,0.0,2,1,26.31,25.85,26.07,2.04,2.04,,4.48,,82.06
2444,2445,2022-11-13,07:16:43,2022,11,13,7,Sunday,,ටෙක්සාස්,0.0,0.0,0,1,26.62,26.26,26.41,0.84,0.84,,6.73,,82.79
2443,2444,2022-11-15,06:25:55,2022,11,15,6,Tuesday,පුත්තලම,උඩප්පුව,0.0,0.0,1,1,26.49,26.25,26.39,0.6,0.6,,6.03,,81.37
2445,2446,2022-11-12,18:04:31,2022,11,12,18,Saturday,මොණරාගල,සූරියවැව,0.0,0.0,1,1,26.65,26.39,26.53,2.21,2.21,,5.95,,82.99
2446,2447,2022-11-12,13:01:00,2022,11,12,13,Saturday,හම්බන්තොට,තංගල්ල,0.0,0.0,1,1,26.65,26.39,26.53,2.21,2.21,,5.95,,82.99
2448,2449,2022-11-05,13:07:31,2022,11,5,13,Saturday,නුවරඑළිය,රත්තොට,0.0,0.0,1,1,26.98,26.21,26.67,0.86,0.86,,4.45,,83.76
2449,2450,2022-11-05,11:32:54,2022,11,5,11,Saturday,වව්නියාව,වව්නියාව,0.0,0.0,1,1,26.98,26.21,26.67,0.86,0.86,,4.45,,83.76
2450,2451,2022-11-05,06:30:35,2022,11,5,6,Saturday,වව්නියාව,වව්නියාව,0.0,0.0,3,1,26.98,26.21,26.67,0.86,0.86,,4.45,,83.76
2447,2448,2022-11-05,13:38:15,2022,11,5,13,Saturday,කෑගල්ල,පුස්සැල්ලාව,0.0,0.0,1,1,26.98,26.21,26.67,0.86,0.86,,4.45,,83.76
2451,2452,2022-11-04,18:32:48,2022,11,4,18,Friday,නුවරඑළිය,බගවන්තලාව,0.0,0.0,0,1,27.06,26.52,26.82,1.64,1.64,,3.26,,82.27
2452,2453,2022-11-02,10:15:11,2022,11,2,10,Wednesday,මහනුවර,නාවලපිටිය,0.0,0.0,0,1,26.9,26.59,26.77,3.98,3.98,,5.09,,83.19
2453,2454,2022-11-01,11:23:28,2022,11,1,11,Tuesday,කෑගල්ල,කුකුලේ ගඟ,0.0,0.0,1,1,26.96,26.71,26.84,0.16,0.16,,3.84,,80.17
2454,2455,2022-10-31,16:43:55,2022,10,31,16,Monday,බදුල්ල,බදුල්ල,0.0,0.0,1,1,26.9,26.4,26.59,1.32,1.32,,5.99,,83.06
2456,2457,2022-10-30,11:04:22,2022,10,30,11,Sunday,,සෝල්,0.0,0.0,151,1,26.67,26.31,26.55,3.08,3.08,,5.34,,85.43
2457,2458,2022-10-30,10:25:06,2022,10,30,10,Sunday,,සෝල්,0.0,0.0,151,1,26.67,26.31,26.55,3.08,3.08,,5.34,,85.43
2458,2459,2022-10-30,09:16:54,2022,10,30,9,Sunday,,සෝල්,0.0,0.0,151,1,26.67,26.31,26.55,3.08,3.08,,5.34,,85.43
2455,2456,2022-10-30,21:46:38,2022,10,30,21,Sunday,,මෝර්බි,0.0,0.0,91,1,26.67,26.31,26.55,3.08,3.08,,5.34,,85.43
2459,2460,2022-10-25,12:52:52,2022,10,25,12,Tuesday,කෑගල්ල,උතුවන්කන්ද,0.0,0.0,0,1,26.92,26.32,26.57,3.66,3.66,,5.1,,82.63
2460,2461,2022-10-25,10:16:50,2022,10,25,10,Tuesday,,ලොස් ඇන්ජලීස්,0.0,0.0,1,1,26.92,26.32,26.57,3.66,3.66,,5.1,,82.63
2461,2462,2022-10-22,12:37:04,2022,10,22,12,Saturday,කළුතර,කහවත්ත,0.0,0.0,0,1,26.33,25.8,26.05,4.65,4.65,,4.45,,82.34
2463,2464,2022-10-22,08:21:58,2022,10,22,8,Saturday,කොළඹ,ග්‍රෑන්ඩ්පාස්,0.0,0.0,1,1,26.33,25.8,26.05,4.65,4.65,,4.45,,82.34
2462,2463,2022-10-22,09:39:32,2022,10,22,9,Saturday,පොළොන්නරුව,වැලිකන්ද,0.0,0.0,1,1,26.33,25.8,26.05,4.65,4.65,,4.45,,82.34
2464,2465,2022-10-21,11:19:29,2022,10,21,11,Friday,කුරුණෑගල,අලව්ව,0.0,0.0,2,1,26.25,25.84,26.08,1.24,1.24,,4.76,,82.94
2465,2466,2022-10-17,19:48:45,2022,10,17,19,Monday,කුරුණෑගල,නාගොල්ලාගම,0.0,0.0,3,1,26.29,25.95,26.06,0.96,0.96,,3.85,,82.73
2466,2467,2022-10-17,12:58:46,2022,10,17,12,Monday,අනුරාධපුර,දළදාගම,0.0,0.0,3,1,26.29,25.95,26.06,0.96,0.96,,3.85,,82.73
2467,2468,2022-10-15,15:02:42,2022,10,15,15,Saturday,කිලිනොච්චිය,මුහමාලේ,0.0,0.0,0,1,26.36,26.09,26.25,0.22,0.22,,4.35,,79.56
2468,2469,2022-10-15,10:54:48,2022,10,15,10,Saturday,,බාර්ටින්,0.0,0.0,28,1,26.36,26.09,26.25,0.22,0.22,,4.35,,79.56
2469,2470,2022-10-14,14:31:52,2022,10,14,14,Friday,,,0.0,0.0,8,1,26.33,25.96,26.15,0.39,0.39,,5.22,,81.44
2471,2472,2022-10-13,14:09:48,2022,10,13,14,Thursday,පොළොන්නරුව,මැදිරිගිරිය,0.0,0.0,0,1,26.38,25.91,26.14,0.32,0.32,,4.21,,80.4
2470,2471,2022-10-13,19:16:32,2022,10,13,19,Thursday,ගම්පහ,කැලණිය,0.0,0.0,0,1,26.38,25.91,26.14,0.32,0.32,,4.21,,80.4
2472,2473,2022-10-10,10:13:27,2022,10,10,10,Monday,ත්‍රිකුණාමලය,උප්පුවේලි,0.0,0.0,0,1,26.55,25.86,26.27,0.19,0.19,,4.3,,77.37
2473,2474,2022-10-10,07:38:49,2022,10,10,7,Monday,කොළඹ,අතුරුගිරිය,0.0,0.0,1,1,26.55,25.86,26.27,0.19,0.19,,4.3,,77.37
2475,2476,2022-10-03,09:34:51,2022,10,3,9,Monday,නුවරඑළිය,හැටන්,0.0,0.0,0,1,26.23,25.51,25.68,0.6,0.6,,3.91,,82.56
2474,2475,2022-10-08,14:58:02,2022,10,8,14,Saturday,මාතර,වැලිගම,0.0,0.0,0,0,25.96,25.53,25.76,0.03,0.03,,2.58,,72.25
2477,2478,2022-09-28,22:13:58,2022,9,28,22,Wednesday,බදුල්ල,මහියංගනය,0.0,0.0,0,1,25.5,25.17,25.36,0.14,0.14,,5.15,,81.59
2476,2477,2022-10-02,09:55:04,2022,10,2,9,Sunday,,කාන්පූර්,0.0,0.0,26,0,26.46,25.45,25.97,0.09,0.09,,2.5,,74.07
2478,2479,2022-09-28,07:12:47,2022,9,28,7,Wednesday,පොළොන්නරුව,මින්නේරිය,0.0,0.0,0,1,25.5,25.17,25.36,0.14,0.14,,5.15,,81.59
2480,2481,2022-09-26,17:08:25,2022,9,26,17,Monday,කළුතර,හොරණ,0.0,0.0,0,1,25.47,25.03,25.26,0.51,0.51,,5.17,,80.67
2481,2482,2022-09-26,13:53:50,2022,9,26,13,Monday,,හාර්නායි,0.0,0.0,6,1,25.47,25.03,25.26,0.51,0.51,,5.17,,80.67
2479,2480,2022-09-27,10:05:05,2022,9,27,10,Tuesday,ගම්පහ,කැලණිය,0.0,0.0,2,1,25.5,25.18,25.36,1.13,1.13,,5.02,,80.08
2482,2483,2022-09-25,13:52:51,2022,9,25,13,Sunday,මාතලේ,දඹුල්ල,0.0,0.0,0,1,25.27,25.01,25.13,0.75,0.75,,4.78,,82.28
2483,2484,2022-09-24,12:41:16,2022,9,24,12,Saturday,,,0.0,0.0,0,1,25.63,25.33,25.51,0.53,0.53,,4.82,,80.79
2484,2485,2022-09-18,23:33:22,2022,9,18,23,Sunday,,ගුයිෂෝ,0.0,0.0,27,0,25.72,25.39,25.55,0.07,0.07,,4.3,,77.5
2485,2486,2022-09-15,11:02:46,2022,9,15,11,Thursday,,කියෙව්,0.0,0.0,0,1,25.13,24.85,24.99,0.21,0.21,,4.33,,83.58
2487,2488,2022-09-12,13:47:47,2022,9,12,13,Monday,නුවරඑළිය,කොටගල,0.0,0.0,1,1,25.22,25.02,25.11,0.29,0.29,,4.39,,79.2
2486,2487,2022-09-13,10:08:45,2022,9,13,10,Tuesday,පුත්තලම,වෙන්නප්පුව,0.0,0.0,1,0,25.26,25.07,25.16,0.07,0.07,,3.7,,78.48
2488,2489,2022-09-12,13:35:26,2022,9,12,13,Monday,හම්බන්තොට,අම්බලන්තොට,0.0,0.0,0,1,25.22,25.02,25.11,0.29,0.29,,4.39,,79.2
2490,2491,2022-09-10,17:34:21,2022,9,10,17,Saturday,,ලන්ඩනය,0.0,0.0,0,1,25.06,24.8,24.9,0.12,0.12,,3.85,,77.52
2491,2492,2022-09-10,10:15:35,2022,9,10,10,Saturday,කෑගල්ල,රංවල,0.0,0.0,3,1,25.06,24.8,24.9,0.12,0.12,,3.85,,77.52
2489,2490,2022-09-10,19:18:45,2022,9,10,19,Saturday,,ලන්ඩනය,0.0,0.0,0,1,25.06,24.8,24.9,0.12,0.12,,3.85,,77.52
2493,2494,2022-09-07,18:39:59,2022,9,7,18,Wednesday,කොළඹ,කොළඹ,0.0,0.0,0,1,25.06,24.52,24.78,0.61,0.61,,4.91,,82.13
2492,2493,2022-09-09,14:43:06,2022,9,9,14,Friday,බදුල්ල,බණ්ඩාරවෙල,0.0,0.0,0,1,25.52,24.87,25.12,0.19,0.19,,4.24,,76.83
2494,2495,2022-09-05,13:42:00,2022,9,5,13,Monday,කළුතර,අලුත්ගම,0.0,0.0,0,1,24.81,24.54,24.69,0.63,0.63,,5.86,,84.06
2495,2496,2022-09-05,11:24:43,2022,9,5,11,Monday,මොණරාගල,බිබිල,0.0,0.0,1,1,24.81,24.54,24.69,0.63,0.63,,5.86,,84.06
2496,2497,2022-09-04,10:18:47,2022,9,4,10,Sunday,කොළඹ,මහරගම,0.0,0.0,1,1,24.72,24.24,24.56,0.17,0.17,,5.25,,83.29
2497,2498,2022-09-01,18:29:35,2022,9,1,18,Thursday,කොළඹ,මාදිවෙල,0.0,0.0,0,1,24.39,23.83,24.1,0.38,0.38,,4.32,,82.78
2499,2500,2022-08-27,17:37:18,2022,8,27,17,Saturday,ගම්පහ,පන්නිපිටිය,0.0,0.0,0,1,24.36,23.88,24.15,0.18,0.18,,7.17,,81.44
2498,2499,2022-08-28,09:37:48,2022,8,28,9,Sunday,කුරුණෑගල,කිරිඳිවැල,0.0,0.0,1,1,23.89,23.68,23.78,0.28,0.28,,5.68,,81.21
2500,2501,2022-08-27,12:54:54,2022,8,27,12,Saturday,,,0.0,0.0,1600,1,24.36,23.88,24.15,0.18,0.18,,7.17,,81.44
2501,2502,2022-08-23,17:47:13,2022,8,23,17,Tuesday,කොළඹ,කොළඹ,0.0,0.0,0,1,23.78,23.09,23.48,0.25,0.25,,6.5,,86.96
2502,2503,2022-08-21,07:59:41,2022,8,21,7,Sunday,,ගැසියන්ටැප්,0.0,0.0,32,1,24.22,22.74,23.29,0.28,0.28,,1.24,,81.58
2503,2504,2022-08-20,21:14:42,2022,8,20,21,Saturday,,ගැසියන්ටැප්,0.0,0.0,16,0,23.13,22.69,22.96,0.07,0.07,,4.15,,86.15
2504,2505,2022-08-20,11:39:46,2022,8,20,11,Saturday,ත්‍රිකුණාමලය,මුතූර්,0.0,0.0,3,0,23.13,22.69,22.96,0.07,0.07,,4.15,,86.15
2505,2506,2022-08-16,15:34:21,2022,8,16,15,Tuesday,,මුල්තාන්,0.0,0.0,20,1,23.38,23.08,23.26,0.15,0.15,,4.41,,76.07
2506,2507,2022-08-15,18:10:21,2022,8,15,18,Monday,ගම්පහ,කඩවත,0.0,0.0,0,0,23.89,23.19,23.43,0.1,0.1,,6.4,,79.91
2507,2508,2022-08-15,13:48:50,2022,8,15,13,Monday,කොළඹ,පිළියන්දල,0.0,0.0,1,0,23.89,23.19,23.43,0.1,0.1,,6.4,,79.91
2508,2509,2022-08-15,12:06:15,2022,8,15,12,Monday,නුවරඑළිය,ලබුකැලේ,0.0,0.0,0,0,23.89,23.19,23.43,0.1,0.1,,6.4,,79.91
2509,2510,2022-08-14,14:13:20,2022,8,14,14,Sunday,රත්නපුර,බලංගොඩ,0.0,0.0,0,0,24.36,23.93,24.02,0.09,0.09,,5.94,,78.46
2510,2511,2022-08-14,09:38:34,2022,8,14,9,Sunday,ගාල්ල,නුගදුව,0.0,0.0,1,0,24.36,23.93,24.02,0.09,0.09,,5.94,,78.46
2511,2512,2022-08-13,10:59:45,2022,8,13,10,Saturday,කළුතර,පරගස්තොට,0.0,0.0,0,1,24.93,24.45,24.65,0.82,0.82,,5.07,,78.69
2512,2513,2022-08-12,12:52:55,2022,8,12,12,Friday,කොළඹ,කොළඹ,0.0,0.0,0,1,25.16,24.35,24.74,0.59,0.59,,4.89,,77.54
2513,2514,2022-08-11,16:27:42,2022,8,11,16,Thursday,කළුතර,පාණදුර,0.0,0.0,1,1,24.68,23.95,24.37,0.24,0.24,,4.66,,80.96
2514,2515,2022-08-10,14:36:07,2022,8,10,14,Wednesday,කොළඹ,කොස්ගම,0.0,0.0,0,1,24.68,24.47,24.57,0.33,0.33,,4.09,,75.47
2515,2516,2022-08-09,17:20:57,2022,8,9,17,Tuesday,,රිවර්ස්ඩේල්,0.0,0.0,1,0,24.81,24.37,24.55,0.1,0.1,,4.0,,75.5
2517,2518,2022-08-09,11:52:12,2022,8,9,11,Tuesday,කොළඹ,කොළඹ,0.0,0.0,0,0,24.81,24.37,24.55,0.1,0.1,,4.0,,75.5
2516,2517,2022-08-09,13:35:46,2022,8,9,13,Tuesday,,සපරෝසියා,0.0,0.0,0,0,24.81,24.37,24.55,0.1,0.1,,4.0,,75.5
2518,2519,2022-08-06,14:16:37,2022,8,6,14,Saturday,මහනුවර,අඹන්පොල,0.0,0.0,1,0,24.24,23.53,23.92,0.02,0.02,,3.08,,73.42
2519,2520,2022-08-04,19:59:48,2022,8,4,19,Thursday,නුවරඑළිය,කොත්මලේ,0.0,0.0,1,0,23.63,23.03,23.32,0.0,0.0,,4.71,,77.97
2520,2521,2022-08-03,15:41:58,2022,8,3,15,Wednesday,කොළඹ,කොළඹ,0.0,0.0,0,0,23.09,22.49,22.78,0.0,0.0,,4.5,,79.14
2521,2522,2022-08-03,11:06:23,2022,8,3,11,Wednesday,කොළඹ,කොළඹ,0.0,0.0,0,0,23.09,22.49,22.78,0.0,0.0,,4.5,,79.14
2523,2524,2022-08-01,11:20:29,2022,8,1,11,Monday,හම්බන්තොට,තංගල්ල,0.0,0.0,3,0,23.33,23.01,23.21,0.0,0.0,,6.35,,78.54
2522,2523,2022-08-01,18:00:28,2022,8,1,18,Monday,ගාල්ල,ගාල්ල,0.0,0.0,0,0,23.33,23.01,23.21,0.0,0.0,,6.35,,78.54
2524,2525,2022-07-31,20:12:04,2022,7,31,20,Sunday,,,0.0,0.0,1,0,23.86,23.32,23.59,0.0,0.0,,5.41,,76.58
2526,2527,2022-07-31,19:14:01,2022,7,31,19,Sunday,,ලන්ඩනය,0.0,0.0,0,0,23.86,23.32,23.59,0.0,0.0,,5.41,,76.58
2527,2528,2022-07-31,16:12:50,2022,7,31,16,Sunday,කොළඹ,කොළඹ,0.0,0.0,0,0,23.86,23.32,23.59,0.0,0.0,,5.41,,76.58
2528,2529,2022-07-31,13:37:48,2022,7,31,13,Sunday,අනුරාධපුර,පණ්ඩුලගම,0.0,0.0,1,0,23.86,23.32,23.59,0.0,0.0,,5.41,,76.58
2525,2526,2022-07-31,19:17:33,2022,7,31,19,Sunday,,,0.0,0.0,0,0,23.86,23.32,23.59,0.0,0.0,,5.41,,76.58
2530,2531,2022-07-27,11:18:04,2022,7,27,11,Wednesday,,,0.0,0.0,0,1,24.72,24.44,24.56,0.2,0.2,,5.98,,76.99
2529,2530,2022-07-29,10:53:17,2022,7,29,10,Friday,කොළඹ,වැල්ලවත්ත,0.0,0.0,1,1,24.02,23.64,23.84,0.44,0.44,,3.98,,75.2
2531,2532,2022-07-25,17:22:37,2022,7,25,17,Monday,,නයිරෝබි,0.0,0.0,30,0,24.56,24.19,24.38,0.02,0.02,,3.39,,73.01
2532,2533,2022-07-24,11:30:46,2022,7,24,11,Sunday,මහනුවර,බඩල්කුඹුර,0.0,0.0,1,0,24.71,24.39,24.55,0.0,0.0,,4.64,,74.48
2533,2534,2022-07-24,07:15:16,2022,7,24,7,Sunday,මුලතිව්,කොක්කුතුඩුවායි,0.0,0.0,1,0,24.71,24.39,24.55,0.0,0.0,,4.64,,74.48
2534,2535,2022-07-23,18:59:09,2022,7,23,18,Saturday,කුරුණෑගල,මොරගහහේන,0.0,0.0,1,0,24.85,24.48,24.69,0.0,0.0,,5.17,,77.86
2536,2537,2022-07-18,16:21:53,2022,7,18,16,Monday,කොළඹ,කොළඹ,0.0,0.0,0,0,23.91,23.31,23.69,0.06,0.06,,4.82,,77.93
2537,2538,2022-07-18,13:38:02,2022,7,18,13,Monday,පොළොන්නරුව,මින්නේරිය,0.0,0.0,0,0,23.91,23.31,23.69,0.06,0.06,,4.82,,77.93
2538,2539,2022-07-18,11:44:51,2022,7,18,11,Monday,ගාල්ල,මකුළුව,0.0,0.0,2,0,23.91,23.31,23.69,0.06,0.06,,4.82,,77.93
2535,2536,2022-07-18,19:31:43,2022,7,18,19,Monday,ගාල්ල,මකුළුව,0.0,0.0,2,0,23.91,23.31,23.69,0.06,0.06,,4.82,,77.93
2539,2540,2022-07-17,18:25:03,2022,7,17,18,Sunday,මොණරාගල,බුත්තල,0.0,0.0,2,0,23.53,23.03,23.31,0.03,0.03,,5.31,,80.67
2541,2542,2022-07-16,06:54:09,2022,7,16,6,Saturday,,නිව්යෝර්ක්,0.0,0.0,1,0,23.47,23.24,23.28,0.01,0.01,,5.32,,82.33
2540,2541,2022-07-16,17:11:43,2022,7,16,17,Saturday,මඩකලපුව,සේරුනුවර,0.0,0.0,0,0,23.47,23.24,23.28,0.01,0.01,,5.32,,82.33
2542,2543,2022-07-11,19:51:31,2022,7,11,19,Monday,මහනුවර,ගම්පොල,0.0,0.0,2,1,24.01,23.48,23.81,0.11,0.11,,5.85,,80.59
2543,2544,2022-07-08,22:10:43,2022,7,8,22,Friday,කොළඹ,කොළඹ,0.0,0.0,0,0,25.04,24.42,24.7,0.07,0.07,,5.76,,82.43
2544,2545,2022-07-08,19:13:14,2022,7,8,19,Friday,ගාල්ල,මාගාල්ල,0.0,0.0,1,0,25.04,24.42,24.7,0.07,0.07,,5.76,,82.43
2545,2546,2022-07-05,21:10:42,2022,7,5,21,Tuesday,,,0.0,0.0,0,1,25.55,25.3,25.46,0.11,0.11,,6.08,,78.12
2546,2547,2022-07-02,22:51:24,2022,7,2,22,Saturday,අනුරාධපුර,මොරගොඩ,0.0,0.0,0,1,25.68,25.1,25.41,0.19,0.19,,4.64,,75.48
2548,2549,2022-07-02,20:03:45,2022,7,2,20,Saturday,මාතර,වැලිගම,0.0,0.0,0,1,25.68,25.1,25.41,0.19,0.19,,4.64,,75.48
2547,2548,2022-07-02,21:52:27,2022,7,2,21,Saturday,හම්බන්තොට,බෙලිවත්ත,0.0,0.0,1,1,25.68,25.1,25.41,0.19,0.19,,4.64,,75.48
2549,2550,2022-07-01,17:02:27,2022,7,1,17,Friday,අනුරාධපුර,ගලෙන්බිඳුනුවැව,0.0,0.0,0,1,25.24,24.99,25.16,0.16,0.16,,5.72,,78.41
2550,2551,2022-07-01,14:44:59,2022,7,1,14,Friday,,,0.0,0.0,3000,1,25.24,24.99,25.16,0.16,0.16,,5.72,,78.41
2551,2552,2022-06-29,18:28:18,2022,6,29,18,Wednesday,කොළඹ,කොළඹ,0.0,0.0,0,1,25.95,25.27,25.64,0.46,0.46,,5.59,,80.48
2552,2553,2022-06-29,13:08:59,2022,6,29,13,Wednesday,,,0.0,0.0,1,1,25.95,25.27,25.64,0.46,0.46,,5.59,,80.48
2553,2554,2022-06-28,07:45:34,2022,6,28,7,Tuesday,යාපනය,යාපනය,0.0,0.0,0,1,25.98,25.5,25.77,0.31,0.31,,4.83,,78.86
2554,2555,2022-06-27,13:04:24,2022,6,27,13,Monday,පොළොන්නරුව,මීගොල්ලෑවැව,0.0,0.0,2,1,25.84,24.87,25.41,0.36,0.36,,4.25,,81.77
2555,2556,2022-06-27,11:04:44,2022,6,27,11,Monday,කොළඹ,කොළඹ,0.0,0.0,0,1,25.84,24.87,25.41,0.36,0.36,,4.25,,81.77
2556,2557,2022-06-26,17:49:49,2022,6,26,17,Sunday,කොළඹ,සපුගස්කන්ද,0.0,0.0,0,1,25.36,24.85,25.05,0.37,0.37,,4.2,,81.54
2557,2558,2022-06-20,09:11:46,2022,6,20,9,Monday,කොළඹ,මාලබේ,0.0,0.0,2,1,25.55,25.22,25.4,0.68,0.68,,5.81,,82.09
2558,2559,2022-06-19,15:23:47,2022,6,19,15,Sunday,,,0.0,0.0,96,1,25.63,25.04,25.41,1.81,1.81,,3.83,,78.71
2559,2560,2022-06-19,10:59:36,2022,6,19,10,Sunday,,,0.0,0.0,96,1,25.63,25.04,25.41,1.81,1.81,,3.83,,78.71
2560,2561,2022-06-18,21:16:16,2022,6,18,21,Saturday,,ඩෙලවෙයාර්,0.0,0.0,0,1,25.27,25.05,25.16,0.27,0.27,,3.91,,78.1
2561,2562,2022-06-18,10:03:40,2022,6,18,10,Saturday,ගාල්ල,ඕපාත,0.0,0.0,1,1,25.27,25.05,25.16,0.27,0.27,,3.91,,78.1
2563,2564,2022-06-16,17:50:39,2022,6,16,17,Thursday,,වොෂින්ටන් ඩීසී,0.0,0.0,0,1,25.8,25.43,25.61,0.81,0.81,,5.09,,76.51
2564,2565,2022-06-16,17:48:21,2022,6,16,17,Thursday,පුත්තලම,ආණමඩුව,0.0,0.0,1,1,25.8,25.43,25.61,0.81,0.81,,5.09,,76.51
2562,2563,2022-06-17,22:26:45,2022,6,17,22,Friday,,,0.0,0.0,0,1,25.46,25.2,25.37,1.09,1.09,,5.45,,78.86
2565,2566,2022-06-15,17:39:05,2022,6,15,17,Wednesday,මාතර,වැලිගම,0.0,0.0,0,1,26.26,25.91,26.11,1.48,1.48,,6.48,,78.78
2566,2567,2022-06-14,09:59:49,2022,6,14,9,Tuesday,පොළොන්නරුව,ඉපලෝගම,0.0,0.0,0,2,26.41,25.91,26.15,5.82,5.82,,6.14,,83.6
2568,2569,2022-06-12,11:26:52,2022,6,12,11,Sunday,,අග්බාර්හෝ,0.0,0.0,0,1,26.7,25.65,26.24,0.58,0.58,,3.28,,76.55
2569,2570,2022-06-12,11:01:28,2022,6,12,11,Sunday,අනුරාධපුර,අනුරාධපුර,0.0,0.0,3,1,26.7,25.65,26.24,0.58,0.58,,3.28,,76.55
2567,2568,2022-06-13,08:45:22,2022,6,13,8,Monday,මොණරාගල,යාලබෝව,0.0,0.0,1,1,26.77,26.48,26.6,2.98,2.98,,4.16,,79.11
2570,2571,2022-06-11,16:14:26,2022,6,11,16,Saturday,පුත්තලම,සාලියවැව,0.0,0.0,1,0,26.23,25.81,26.12,0.1,0.1,,4.72,,78.96
2571,2572,2022-06-11,15:22:29,2022,6,11,15,Saturday,,බිහාර්,0.0,0.0,8,0,26.23,25.81,26.12,0.1,0.1,,4.72,,78.96
2573,2574,2022-06-05,08:33:32,2022,6,5,8,Sunday,,උත්තර් ප්‍රදේශ්,0.0,0.0,12,1,26.7,25.78,26.32,3.71,3.71,,3.16,,82.37
2572,2573,2022-06-10,15:09:56,2022,6,10,15,Friday,යාපනය,අරියාලෙයි,0.0,0.0,2,0,26.47,26.26,26.34,0.0,0.0,,5.22,,78.32
2574,2575,2022-06-04,12:10:44,2022,6,4,12,Saturday,බදුල්ල,මහියංගනය,0.0,0.0,4,1,26.67,26.11,26.4,0.51,0.51,,4.65,,83.65
2575,2576,2022-06-04,10:45:22,2022,6,4,10,Saturday,මොණරාගල,සූරිය ආර,0.0,0.0,2,1,26.67,26.11,26.4,0.51,0.51,,4.65,,83.65
2576,2577,2022-06-03,17:22:42,2022,6,3,17,Friday,කොළඹ,බොරලැස්ගමුව,0.0,0.0,1,1,26.82,26.41,26.63,0.58,0.58,,4.37,,81.56
2578,2579,2022-06-02,08:26:26,2022,6,2,8,Thursday,කුරුණෑගල,කැබැල්ලවල,0.0,0.0,2,1,26.77,26.24,26.59,0.2,0.2,,4.93,,82.97
2579,2580,2022-06-02,08:23:33,2022,6,2,8,Thursday,කළුතර,නාගොඩ,0.0,0.0,2,1,26.77,26.24,26.59,0.2,0.2,,4.93,,82.97
2577,2578,2022-06-02,16:24:08,2022,6,2,16,Thursday,අනුරාධපුර,වන්නම්මඩුව,0.0,0.0,2,1,26.77,26.24,26.59,0.2,0.2,,4.93,,82.97
2580,2581,2022-06-01,14:49:17,2022,6,1,14,Wednesday,ගාල්ල,අම්බලන්ගොඩ,0.0,0.0,1,1,26.93,26.51,26.78,0.32,0.32,,4.99,,81.62
2582,2583,2022-06-01,08:47:14,2022,6,1,8,Wednesday,ගාල්ල,බූස්ස,0.0,0.0,0,1,26.93,26.51,26.78,0.32,0.32,,4.99,,81.62
2581,2582,2022-06-01,11:26:16,2022,6,1,11,Wednesday,ගාල්ල,අම්බලන්ගොඩ,0.0,0.0,1,1,26.93,26.51,26.78,0.32,0.32,,4.99,,81.62
2584,2585,2022-05-28,18:10:56,2022,5,28,18,Saturday,ගාල්ල,කොස්ගොඩ,0.0,0.0,1,0,27.13,26.84,27.01,0.02,0.02,,5.62,,79.1
2583,2584,2022-05-30,13:04:10,2022,5,30,13,Monday,මොණරාගල,බිබිල,0.0,0.0,2,0,26.99,26.59,26.81,0.02,0.02,,5.98,,76.38
2585,2586,2022-05-28,10:28:53,2022,5,28,10,Saturday,මඩකලපුව,කාත්තන්කුඩි,0.0,0.0,2,0,27.13,26.84,27.01,0.02,0.02,,5.62,,79.1
2586,2587,2022-05-28,07:08:10,2022,5,28,7,Saturday,කළුතර,ගැලනිගම,0.0,0.0,0,0,27.13,26.84,27.01,0.02,0.02,,5.62,,79.1
2588,2589,2022-05-26,15:02:23,2022,5,26,15,Thursday,මාතලේ,විල්ගමුව,0.0,0.0,0,1,26.99,26.59,26.8,0.66,0.66,,3.61,,78.97
2587,2588,2022-05-26,15:55:50,2022,5,26,15,Thursday,කොළඹ,කොළඹ,0.0,0.0,0,1,26.99,26.59,26.8,0.66,0.66,,3.61,,78.97
2589,2590,2022-05-25,10:31:39,2022,5,25,10,Wednesday,ගම්පහ,වනාතවිල්ලුව,0.0,0.0,4,1,26.83,26.3,26.49,0.51,0.51,,3.92,,79.94
2590,2591,2022-05-23,17:10:37,2022,5,23,17,Monday,නුවරඑළිය,නානුඔය,0.0,0.0,1,1,26.91,26.67,26.82,0.49,0.49,,4.6,,78.87
2591,2592,2022-05-22,09:34:00,2022,5,22,9,Sunday,හම්බන්තොට,බෙලිඅත්ත,0.0,0.0,0,1,27.09,26.85,26.96,2.8,2.8,,3.81,,77.89
2592,2593,2022-05-21,20:09:58,2022,5,21,20,Saturday,ගම්පහ,පෙරියමුල්ල,0.0,0.0,0,2,27.4,27.07,27.32,6.53,6.53,,5.99,,79.35
2593,2594,2022-05-21,16:15:43,2022,5,21,16,Saturday,ගම්පහ,පෙරියමුල්ල,0.0,0.0,0,2,27.4,27.07,27.32,6.53,6.53,,5.99,,79.35
2594,2595,2022-05-21,10:44:37,2022,5,21,10,Saturday,කොළඹ,පිට්ටුගල,0.0,0.0,1,2,27.4,27.07,27.32,6.53,6.53,,5.99,,79.35
2595,2596,2022-05-19,12:27:04,2022,5,19,12,Thursday,කොළඹ,බම්බලපිටිය,0.0,0.0,0,1,27.86,27.43,27.66,0.12,0.12,,6.13,,80.29
2596,2597,2022-05-18,09:08:57,2022,5,18,9,Wednesday,යාපනය,තිරුනල්වේලි,0.0,0.0,3,1,28.03,27.57,27.85,0.76,0.76,,5.51,,78.45
2597,2598,2022-05-17,11:30:18,2022,5,17,11,Tuesday,පුත්තලම,කුරිඤ්ඤම්පිටිය,0.0,0.0,1,1,28.09,27.59,27.88,0.4,0.4,,4.06,,77.01
2598,2599,2022-05-16,07:58:01,2022,5,16,7,Monday,,,0.0,0.0,11,0,28.09,27.82,27.93,0.03,0.03,,4.18,,75.48
2600,2601,2022-05-13,09:37:35,2022,5,13,9,Friday,,රායිපූර්,0.0,0.0,2,1,28.02,27.68,27.86,0.62,0.62,,4.85,,81.76
2599,2600,2022-05-15,06:28:36,2022,5,15,6,Sunday,,ටවුන්ස්විල්,0.0,0.0,1,1,28.03,27.44,27.82,0.26,0.26,,5.18,,80.86
2602,2603,2022-05-06,17:09:10,2022,5,6,17,Friday,කොළඹ,කොළඹ,0.0,0.0,0,3,27.86,27.21,27.57,22.68,22.68,,3.16,,85.55
2603,2604,2022-05-06,09:03:56,2022,5,6,9,Friday,අම්පාර,පාලමුනෙයි,0.0,0.0,1,3,27.86,27.21,27.57,22.68,22.68,,3.16,,85.55
2601,2602,2022-05-07,10:16:31,2022,5,7,10,Saturday,නුවරඑළිය,වටවල,0.0,0.0,0,1,28.28,27.23,27.69,4.81,4.81,,4.42,,84.3
2604,2605,2022-05-05,23:10:50,2022,5,5,23,Thursday,මහනුවර,තෙල්දෙණිය,0.0,0.0,0,1,28.0,26.94,27.69,4.05,4.05,,4.31,,82.47
2606,2607,2022-05-03,10:09:00,2022,5,3,10,Tuesday,පොළොන්නරුව,සදුන්පුර,0.0,0.0,3,1,27.72,26.91,27.45,1.11,1.11,,3.19,,82.14
2605,2606,2022-05-03,18:19:51,2022,5,3,18,Tuesday,කුරුණෑගල,හෙට්ටිපොල,0.0,0.0,2,1,27.72,26.91,27.45,1.11,1.11,,3.19,,82.14
2607,2608,2022-05-02,16:05:55,2022,5,2,16,Monday,කුරුණෑගල,කනදුල්ල,0.0,0.0,1,1,27.69,26.87,27.27,1.76,1.76,,3.71,,83.85
2608,2609,2022-05-02,07:14:28,2022,5,2,7,Monday,කුරුණෑගල,කනදුල්ල,0.0,0.0,1,1,27.69,26.87,27.27,1.76,1.76,,3.71,,83.85
2609,2610,2022-05-01,22:03:21,2022,5,1,22,Sunday,කුරුණෑගල,කනදුල්ල,0.0,0.0,1,1,27.65,27.37,27.52,1.82,1.82,,3.13,,84.4
2610,2611,2022-05-01,10:25:58,2022,5,1,10,Sunday,මඩකලපුව,මනම්පිටිය,0.0,0.0,3,1,27.65,27.37,27.52,1.82,1.82,,3.13,,84.4
2611,2612,2022-04-30,22:31:57,2022,4,30,22,Saturday,,,0.0,0.0,0,1,27.95,27.74,27.85,1.75,1.75,,4.41,,81.67
2612,2613,2022-04-30,11:06:02,2022,4,30,11,Saturday,අම්පාර,අක්කරපත්තුව,0.0,0.0,2,1,27.95,27.74,27.85,1.75,1.75,,4.41,,81.67
2613,2614,2022-04-27,20:19:58,2022,4,27,20,Wednesday,,කලිවෙඩු,0.0,0.0,11,2,27.61,26.3,27.05,12.03,12.03,,4.29,,85.26
2614,2615,2022-04-26,16:26:25,2022,4,26,16,Tuesday,,ස්ෆැක්ස්,0.0,0.0,20,2,27.69,27.0,27.45,9.56,9.56,,5.69,,86.22
2615,2616,2022-04-25,12:52:25,2022,4,25,12,Monday,ගාල්ල,උඩුගම,0.0,0.0,2,2,27.65,27.19,27.41,11.62,11.62,,5.18,,85.32
2616,2617,2022-04-22,14:25:59,2022,4,22,14,Friday,මාතර,දෙවුන්දර,0.0,0.0,0,1,27.86,27.0,27.37,2.04,2.04,,5.49,,84.88
2618,2619,2022-04-22,09:59:16,2022,4,22,9,Friday,කුරුණෑගල,අලව්ව,0.0,0.0,0,1,27.86,27.0,27.37,2.04,2.04,,5.49,,84.88
2617,2618,2022-04-22,13:39:46,2022,4,22,13,Friday,යාපනය,මිරුසුවිල්,0.0,0.0,1,1,27.86,27.0,27.37,2.04,2.04,,5.49,,84.88
2619,2620,2022-04-20,10:19:05,2022,4,20,10,Wednesday,ත්‍රිකුණාමලය,නොච්චිකුලම,0.0,0.0,1,1,28.08,27.53,27.83,1.48,1.48,,2.19,,81.33
2621,2622,2022-04-18,07:05:26,2022,4,18,7,Monday,මාතර,තලල්ල,0.0,0.0,4,2,28.14,27.8,27.99,7.53,7.53,,1.62,,80.51
2620,2621,2022-04-18,08:02:27,2022,4,18,8,Monday,කළුතර,ගැලනිගම,0.0,0.0,0,2,28.14,27.8,27.99,7.53,7.53,,1.62,,80.51
2623,2624,2022-04-16,16:10:57,2022,4,16,16,Saturday,ගාල්ල,බලපිටිය,0.0,0.0,2,1,28.17,27.61,27.9,3.91,3.91,,3.71,,82.78
2622,2623,2022-04-17,10:19:28,2022,4,17,10,Sunday,මාතලේ,දඹුල්ල,0.0,0.0,2,1,28.17,27.59,27.88,2.85,2.85,,3.04,,82.43
2624,2625,2022-04-14,12:52:01,2022,4,14,12,Thursday,කොළඹ,කොළඹ,0.0,0.0,0,1,27.72,26.78,27.21,4.6,4.6,,4.03,,82.71
2625,2626,2022-04-10,22:22:48,2022,4,10,22,Sunday,කළුතර,ඉංගිරිය,0.0,0.0,2,1,28.42,27.81,28.17,2.28,2.28,,4.67,,82.86
2626,2627,2022-04-10,14:20:52,2022,4,10,14,Sunday,කෑගල්ල,මහන්තේගම,0.0,0.0,1,1,28.42,27.81,28.17,2.28,2.28,,4.67,,82.86
2627,2628,2022-04-07,14:33:48,2022,4,7,14,Thursday,මොණරාගල,තණමල්විල,0.0,0.0,3,2,28.88,28.08,28.42,8.98,8.98,,4.6,,85.61
2628,2629,2022-04-05,14:23:53,2022,4,5,14,Tuesday,හම්බන්තොට,අගුණුකොළපැලැස්ස,0.0,0.0,2,1,28.37,27.47,27.88,1.2,1.2,,3.19,,80.09
2630,2631,2022-03-31,19:53:39,2022,3,31,19,Thursday,,,0.0,0.0,0,1,28.75,28.33,28.52,1.18,1.18,,4.58,,81.21
2629,2630,2022-04-02,06:53:30,2022,4,2,6,Saturday,,,0.0,0.0,0,1,27.46,27.14,27.33,3.43,3.43,,3.88,,79.06
2631,2632,2022-03-31,12:29:42,2022,3,31,12,Thursday,,,0.0,0.0,0,1,28.75,28.33,28.52,1.18,1.18,,4.58,,81.21
2633,2634,2022-03-29,10:11:11,2022,3,29,10,Tuesday,පුත්තලම,මාදම්පේ,0.0,0.0,7,1,28.12,27.61,27.81,0.49,0.49,,4.27,,85.28
2632,2633,2022-03-29,14:27:28,2022,3,29,14,Tuesday,කොළඹ,කොළඹ,0.0,0.0,0,1,28.12,27.61,27.81,0.49,0.49,,4.27,,85.28
2635,2636,2022-03-21,08:36:13,2022,3,21,8,Monday,කෑගල්ල,මාවනැල්ල,0.0,0.0,7,1,28.62,27.61,28.07,2.11,2.11,,4.32,,81.79
2636,2637,2022-03-21,07:34:03,2022,3,21,7,Monday,ගාල්ල,අහංගම,0.0,0.0,1,1,28.62,27.61,28.07,2.11,2.11,,4.32,,81.79
2634,2635,2022-03-21,14:21:31,2022,3,21,14,Monday,,වූසූ,0.0,0.0,133,1,28.62,27.61,28.07,2.11,2.11,,4.32,,81.79
2637,2638,2022-03-20,19:32:34,2022,3,20,19,Sunday,මුලතිව්,මුල්ලිවයික්කාල්,0.0,0.0,1,1,28.7,27.87,28.3,2.68,2.68,,4.72,,76.81
2638,2639,2022-03-18,08:24:08,2022,3,18,8,Friday,රත්නපුර,සෙවණගල,0.0,0.0,0,1,28.12,27.49,27.84,2.78,2.78,,2.58,,82.81
2640,2641,2022-03-12,10:59:37,2022,3,12,10,Saturday,කෑගල්ල,රඹුක්කන,0.0,0.0,2,2,28.24,27.39,27.77,6.67,6.67,,5.32,,80.31
2639,2640,2022-03-16,18:18:06,2022,3,16,18,Wednesday,කොළඹ,දෙමටගොඩ,0.0,0.0,0,1,28.21,27.34,27.8,0.7,0.7,,3.65,,82.5
2641,2642,2022-03-10,17:05:19,2022,3,10,17,Thursday,කොළඹ,කොළඹ,0.0,0.0,0,2,27.84,26.75,27.22,15.97,15.97,,2.91,,79.91
2642,2643,2022-03-07,20:04:17,2022,3,7,20,Monday,කොළඹ,කොළඹ,0.0,0.0,0,1,28.57,28.0,28.22,2.32,2.32,,2.42,,81.06
2643,2644,2022-03-07,07:44:59,2022,3,7,7,Monday,මහනුවර,ගිරිබාව,0.0,0.0,15,1,28.57,28.0,28.22,2.32,2.32,,2.42,,81.06
2644,2645,2022-03-06,10:11:23,2022,3,6,10,Sunday,රත්නපුර,බටුගෙදර,0.0,0.0,2,1,28.55,27.97,28.25,0.43,0.43,,2.83,,77.97
2646,2647,2022-03-04,07:27:11,2022,3,4,7,Friday,පුත්තලම,නයිනමඩම,0.0,0.0,1,1,28.57,27.98,28.32,2.19,2.19,,4.29,,75.4
2645,2646,2022-03-04,10:06:14,2022,3,4,10,Friday,වව්නියාව,පූනෑව,0.0,0.0,1,1,28.57,27.98,28.32,2.19,2.19,,4.29,,75.4
2647,2648,2022-02-28,10:28:44,2022,2,28,10,Monday,,,0.0,0.0,457,1,28.27,27.34,27.74,1.68,1.68,,2.7,,80.27
2648,2649,2022-02-28,07:18:17,2022,2,28,7,Monday,යාපනය,පුනරින්,0.0,0.0,1,1,28.27,27.34,27.74,1.68,1.68,,2.7,,80.27
2650,2651,2022-02-27,07:19:24,2022,2,27,7,Sunday,ගම්පහ,සීදුව,0.0,0.0,1,1,28.35,27.82,28.1,1.91,1.91,,4.19,,84.2
2649,2650,2022-02-27,19:25:38,2022,2,27,19,Sunday,හම්බන්තොට,හුන්නදෙණිය,0.0,0.0,1,1,28.35,27.82,28.1,1.91,1.91,,4.19,,84.2
2652,2653,2022-02-26,17:41:34,2022,2,26,17,Saturday,ගාල්ල,ගාල්ල,0.0,0.0,0,1,28.25,27.25,27.81,1.56,1.56,,3.81,,85.42
2651,2652,2022-02-26,22:00:44,2022,2,26,22,Saturday,රත්නපුර,පැල්මඩුල්ල,0.0,0.0,1,1,28.25,27.25,27.81,1.56,1.56,,3.81,,85.42
2654,2655,2022-02-25,10:41:38,2022,2,25,10,Friday,කළුතර,දොඩංගොඩ,0.0,0.0,1,1,27.84,27.47,27.67,0.89,0.89,,2.38,,83.76
2653,2654,2022-02-25,14:12:35,2022,2,25,14,Friday,කළුතර,බණ්ඩාරගම,0.0,0.0,0,1,27.84,27.47,27.67,0.89,0.89,,2.38,,83.76
2655,2656,2022-02-23,11:17:39,2022,2,23,11,Wednesday,කළුතර,කොරලඉම,0.0,0.0,0,1,27.98,27.64,27.84,1.06,1.06,,4.49,,83.3
2657,2658,2022-02-22,10:09:30,2022,2,22,10,Tuesday,කොළඹ,මහරගම,0.0,0.0,0,1,27.8,26.98,27.38,0.55,0.55,,4.26,,83.71
2658,2659,2022-02-22,08:02:51,2022,2,22,8,Tuesday,,අරීඩා හොරියා,0.0,0.0,2,1,27.8,26.98,27.38,0.55,0.55,,4.26,,83.71
2656,2657,2022-02-22,18:32:49,2022,2,22,18,Tuesday,හම්බන්තොට,හම්බන්තොට,0.0,0.0,1,1,27.8,26.98,27.38,0.55,0.55,,4.26,,83.71
2660,2661,2022-02-20,14:40:15,2022,2,20,14,Sunday,,කොටා,0.0,0.0,9,1,27.46,27.05,27.32,0.15,0.15,,4.0,,82.8
2659,2660,2022-02-21,15:02:39,2022,2,21,15,Monday,කොළඹ,කොළඹ,0.0,0.0,0,1,27.52,26.85,27.29,0.17,0.17,,3.21,,81.39
2661,2662,2022-02-20,07:57:16,2022,2,20,7,Sunday,කළුතර,කළුතර,0.0,0.0,4,1,27.46,27.05,27.32,0.15,0.15,,4.0,,82.8
2663,2664,2022-02-19,11:54:22,2022,2,19,11,Saturday,කොළඹ,කොළඹ,0.0,0.0,2470,1,27.48,27.3,27.35,0.24,0.24,,5.53,,82.97
2662,2663,2022-02-19,12:34:01,2022,2,19,12,Saturday,හම්බන්තොට,තංගල්ල,0.0,0.0,1,1,27.48,27.3,27.35,0.24,0.24,,5.53,,82.97
2664,2665,2022-02-18,19:10:00,2022,2,18,19,Friday,,කුෂිනගර්,0.0,0.0,13,0,27.62,26.93,27.28,0.09,0.09,,4.95,,79.89
2666,2667,2022-02-18,14:48:05,2022,2,18,14,Friday,,සාබුල්,0.0,0.0,1,0,27.62,26.93,27.28,0.09,0.09,,4.95,,79.89
2667,2668,2022-02-18,07:17:54,2022,2,18,7,Friday,කුරුණෑගල,ගල්කන්ද,0.0,0.0,2,0,27.62,26.93,27.28,0.09,0.09,,4.95,,79.89
2665,2666,2022-02-18,18:54:46,2022,2,18,18,Friday,කොළඹ,කොළඹ,0.0,0.0,0,0,27.62,26.93,27.28,0.09,0.09,,4.95,,79.89
2668,2669,2022-02-17,10:04:37,2022,2,17,10,Thursday,මාතලේ,අලවතුගොඩ,0.0,0.0,0,1,27.28,26.98,27.12,0.12,0.12,,4.13,,83.55
2669,2670,2022-02-17,08:36:33,2022,2,17,8,Thursday,ත්‍රිකුණාමලය,නිලාවේලි,0.0,0.0,1,1,27.28,26.98,27.12,0.12,0.12,,4.13,,83.55
2670,2671,2022-02-16,16:41:03,2022,2,16,16,Wednesday,,සෝනිපාට්,0.0,0.0,1,1,27.5,27.26,27.4,0.17,0.17,,4.83,,84.05
2671,2672,2022-02-15,08:55:02,2022,2,15,8,Tuesday,ගම්පහ,සීදුව,0.0,0.0,2,1,27.55,27.15,27.34,0.39,0.39,,4.3,,85.95
2672,2673,2022-02-12,20:31:47,2022,2,12,20,Saturday,,දමාම්,0.0,0.0,3,1,27.76,27.41,27.62,0.22,0.22,,3.64,,82.96
2673,2674,2022-02-12,11:27:17,2022,2,12,11,Saturday,මාතලේ,හිරිවඩුන්න,0.0,0.0,0,1,27.76,27.41,27.62,0.22,0.22,,3.64,,82.96
2674,2675,2022-02-11,15:23:33,2022,2,11,15,Friday,හම්බන්තොට,වලස්ගල,0.0,0.0,1,1,27.91,27.06,27.48,0.14,0.14,,3.4,,81.99
2675,2676,2022-02-11,08:40:51,2022,2,11,8,Friday,යාපනය,ශාන්ත මංසන්ධිය,0.0,0.0,3,1,27.91,27.06,27.48,0.14,0.14,,3.4,,81.99
2676,2677,2022-02-10,10:09:02,2022,2,10,10,Thursday,මාතලේ,නාඋල,0.0,0.0,0,0,27.52,27.23,27.41,0.08,0.08,,2.57,,79.57
2677,2678,2022-02-10,08:41:23,2022,2,10,8,Thursday,පුත්තලම,පන්නල,0.0,0.0,5,0,27.52,27.23,27.41,0.08,0.08,,2.57,,79.57
2679,2680,2022-02-06,18:02:47,2022,2,6,18,Sunday,,,0.0,0.0,1,0,27.11,26.77,26.93,0.03,0.03,,4.41,,81.33
2678,2679,2022-02-07,17:32:22,2022,2,7,17,Monday,,,0.0,0.0,0,0,27.11,26.61,26.87,0.04,0.04,,3.85,,79.85
2680,2681,2022-02-06,10:24:14,2022,2,6,10,Sunday,ගම්පහ,වල්පොල,0.0,0.0,2,0,27.11,26.77,26.93,0.03,0.03,,4.41,,81.33
2681,2682,2022-02-06,07:59:01,2022,2,6,7,Sunday,පුත්තලම,හලාවත,0.0,0.0,6,0,27.11,26.77,26.93,0.03,0.03,,4.41,,81.33
2682,2683,2022-02-06,06:12:19,2022,2,6,6,Sunday,,,0.0,0.0,1,0,27.11,26.77,26.93,0.03,0.03,,4.41,,81.33
2683,2684,2022-02-05,22:03:03,2022,2,5,22,Saturday,,,0.0,0.0,0,1,27.33,26.81,27.11,0.11,0.11,,3.87,,82.8
2684,2685,2022-02-05,16:58:39,2022,2,5,16,Saturday,,,0.0,0.0,0,1,27.33,26.81,27.11,0.11,0.11,,3.87,,82.8
2685,2686,2022-02-05,16:05:04,2022,2,5,16,Saturday,පොළොන්නරුව,වැලිකන්ද,0.0,0.0,0,1,27.33,26.81,27.11,0.11,0.11,,3.87,,82.8
2686,2687,2022-02-05,06:44:42,2022,2,5,6,Saturday,,Bab Berred,0.0,0.0,0,1,27.33,26.81,27.11,0.11,0.11,,3.87,,82.8
2687,2688,2022-02-04,16:14:43,2022,2,4,16,Friday,,,0.0,0.0,0,1,27.25,26.89,27.13,3.26,3.26,,3.58,,83.48
2688,2689,2022-02-03,08:29:34,2022,2,3,8,Thursday,කොළඹ,කොළඹ,0.0,0.0,230,1,27.53,27.16,27.36,1.82,1.82,,3.27,,81.95
2689,2690,2022-02-02,20:35:17,2022,2,2,20,Wednesday,ගාල්ල,රත්ගම,0.0,0.0,250,1,27.55,27.02,27.34,2.3,2.3,,4.41,,83.96
2690,2691,2022-02-02,17:39:56,2022,2,2,17,Wednesday,,ලන්ඩනය,0.0,0.0,0,1,27.55,27.02,27.34,2.3,2.3,,4.41,,83.96
2695,2696,2022-02-02,14:30:21,2022,2,2,14,Wednesday,,,0.0,0.0,2473,1,27.55,27.02,27.34,2.3,2.3,,4.41,,83.96
2696,2697,2022-02-02,08:51:24,2022,2,2,8,Wednesday,කුරුණෑගල,තුල්හිරිය,0.0,0.0,9,1,27.55,27.02,27.34,2.3,2.3,,4.41,,83.96
2694,2695,2026-09-10,15:49:28,2026,9,10,15,Thursday,මඩකලපුව,සන්දිවේලි,0.0,0.0,4,1,24.7,24.19,24.47,0.88,0.88,,4.77,,86.18
2698,2699,2022-02-01,12:20:10,2022,2,1,12,Tuesday,ගාල්ල,වැල්ලබඩ,0.0,0.0,4,1,27.66,26.92,27.31,1.8,1.8,,2.95,,81.11
2699,2700,2022-02-01,10:29:26,2022,2,1,10,Tuesday,කළුතර,කුඹුක,0.0,0.0,0,1,27.66,26.92,27.31,1.8,1.8,,2.95,,81.11
2700,2701,2022-02-01,06:40:39,2022,2,1,6,Tuesday,කුරුණෑගල,ගිරාදුරුකෝට්ටේ,0.0,0.0,5,1,27.66,26.92,27.31,1.8,1.8,,2.95,,81.11
2697,2698,2022-02-01,21:28:44,2022,2,1,21,Tuesday,ගාල්ල,රිල්ලඹ,0.0,0.0,4,1,27.66,26.92,27.31,1.8,1.8,,2.95,,81.11
2701,2702,2022-01-31,07:58:26,2022,1,31,7,Monday,කුරුණෑගල,පන්සියගම,0.0,0.0,9,1,27.22,26.72,26.95,0.85,0.85,,1.28,,81.28
2703,2704,2022-01-30,09:15:17,2022,1,30,9,Sunday,බදුල්ල,බදුල්ල,0.0,0.0,6,1,27.44,26.81,27.05,0.37,0.37,,1.45,,83.33
2702,2703,2022-01-30,22:10:47,2022,1,30,22,Sunday,නුවරඑළිය,දික්ඔය,0.0,0.0,0,1,27.44,26.81,27.05,0.37,0.37,,1.45,,83.33
2705,2706,2022-01-29,10:02:36,2022,1,29,10,Saturday,රත්නපුර,රත්නපුර,0.0,0.0,3,0,27.67,27.23,27.47,0.09,0.09,,2.03,,80.67
2704,2705,2022-01-29,14:35:26,2022,1,29,14,Saturday,ගම්පහ,කඩවත,0.0,0.0,15,0,27.67,27.23,27.47,0.09,0.09,,2.03,,80.67
2706,2707,2022-01-29,08:24:58,2022,1,29,8,Saturday,ගම්පහ,කඩවත,0.0,0.0,2,0,27.67,27.23,27.47,0.09,0.09,,2.03,,80.67
2707,2708,2022-01-29,07:53:24,2022,1,29,7,Saturday,ගම්පහ,කඩවත,0.0,0.0,2,0,27.67,27.23,27.47,0.09,0.09,,2.03,,80.67
2708,2709,2022-01-28,08:30:28,2022,1,28,8,Friday,ගාල්ල,කොස්ගොඩ,0.0,0.0,4,1,27.55,26.95,27.3,1.55,1.55,,3.27,,81.35
2709,2710,2022-01-27,10:01:12,2022,1,27,10,Thursday,මොණරාගල,ඉගිණියාගල,0.0,0.0,3,1,27.89,27.35,27.69,1.22,1.22,,3.53,,79.88
2710,2711,2022-01-26,15:10:22,2022,1,26,15,Wednesday,,,0.0,0.0,7,1,28.13,27.03,27.67,0.82,0.82,,3.15,,77.79
2711,2712,2022-01-26,08:42:08,2022,1,26,8,Wednesday,ගම්පහ,තලංගම,0.0,0.0,4,1,28.13,27.03,27.67,0.82,0.82,,3.15,,77.79
2712,2713,2022-01-25,15:08:19,2022,1,25,15,Tuesday,මොණරාගල,කිතුල්කොටේ,0.0,0.0,1,1,27.44,27.05,27.3,1.15,1.15,,1.28,,77.52
2714,2715,2022-01-25,08:05:02,2022,1,25,8,Tuesday,බදුල්ල,බදුල්ල,0.0,0.0,7,1,27.44,27.05,27.3,1.15,1.15,,1.28,,77.52
2713,2714,2022-01-25,14:50:27,2022,1,25,14,Tuesday,,,0.0,0.0,0,1,27.44,27.05,27.3,1.15,1.15,,1.28,,77.52
2715,2716,2022-01-24,21:37:54,2022,1,24,21,Monday,අනුරාධපුර,අනුරාධපුර,0.0,0.0,0,1,27.76,26.96,27.42,2.13,2.13,,3.42,,82.16
2717,2718,2022-01-24,07:33:19,2022,1,24,7,Monday,ගාල්ල,වැලිපැන්න,0.0,0.0,3,1,27.76,26.96,27.42,2.13,2.13,,3.42,,82.16
2716,2717,2022-01-24,17:28:54,2022,1,24,17,Monday,,ලොස් ඇන්ජලීස්,0.0,0.0,0,1,27.76,26.96,27.42,2.13,2.13,,3.42,,82.16
2718,2719,2022-01-23,18:00:51,2022,1,23,18,Sunday,,බ්‍රසල්ස්,0.0,0.0,0,1,27.36,27.08,27.16,2.68,2.68,,3.49,,84.74
2719,2720,2022-01-22,09:31:25,2022,1,22,9,Saturday,අනුරාධපුර,නොච්චියාගම,0.0,0.0,4,1,27.69,27.23,27.42,3.55,3.55,,2.55,,78.46
2720,2721,2022-01-21,11:13:09,2022,1,21,11,Friday,කොළඹ,කොට්ටාව,0.0,0.0,0,1,27.94,27.16,27.61,3.23,3.23,,1.8,,73.44
2721,2722,2022-01-21,10:33:53,2022,1,21,10,Friday,කොළඹ,කොට්ටාව,0.0,0.0,0,1,27.94,27.16,27.61,3.23,3.23,,1.8,,73.44
2722,2723,2022-01-21,09:57:57,2022,1,21,9,Friday,කොළඹ,කොළඹ,0.0,0.0,0,1,27.94,27.16,27.61,3.23,3.23,,1.8,,73.44
2723,2724,2022-01-21,07:22:52,2022,1,21,7,Friday,අනුරාධපුර,හොරොව්පතාන,0.0,0.0,3,1,27.94,27.16,27.61,3.23,3.23,,1.8,,73.44
2724,2725,2022-01-11,09:03:02,2022,1,11,9,Tuesday,කොළඹ,දෙමටගොඩ,0.0,0.0,3,2,27.51,26.16,26.61,11.04,11.04,,4.18,,87.75
2725,2726,2022-01-10,16:22:22,2022,1,10,16,Monday,කොළඹ,කොළඹ,0.0,0.0,0,2,27.69,27.01,27.38,6.72,6.72,,4.89,,83.55
2727,2728,2022-01-10,10:17:16,2022,1,10,10,Monday,ත්‍රිකුණාමලය,පට්ටිතිඩාල්,0.0,0.0,0,2,27.69,27.01,27.38,6.72,6.72,,4.89,,83.55
2726,2727,2022-01-10,10:18:44,2022,1,10,10,Monday,පුත්තලම,හලාවත,0.0,0.0,2,2,27.69,27.01,27.38,6.72,6.72,,4.89,,83.55
2728,2729,2022-01-09,11:31:56,2022,1,9,11,Sunday,,කැපිටෝලියෝ,0.0,0.0,5,1,27.35,26.73,26.96,1.7,1.7,,3.48,,85.29
2729,2730,2022-01-07,22:15:17,2022,1,7,22,Friday,ගම්පහ,කටාන,0.0,0.0,0,1,27.29,26.69,26.93,2.81,2.81,,2.87,,85.59
2730,2731,2022-01-07,07:21:00,2022,1,7,7,Friday,ගාල්ල,හික්කඩුව,0.0,0.0,4,1,27.29,26.69,26.93,2.81,2.81,,2.87,,85.59
2731,2732,2022-01-05,21:34:53,2022,1,5,21,Wednesday,ගාල්ල,අම්බලන්ගොඩ,0.0,0.0,0,1,27.55,27.15,27.35,0.9,0.9,,3.43,,82.94
2733,2734,2022-01-05,13:26:58,2022,1,5,13,Wednesday,කොළඹ,කොළඹ,0.0,0.0,0,1,27.55,27.15,27.35,0.9,0.9,,3.43,,82.94
2734,2735,2022-01-05,10:30:33,2022,1,5,10,Wednesday,කොළඹ,පාදුක්ක,0.0,0.0,1,1,27.55,27.15,27.35,0.9,0.9,,3.43,,82.94
2732,2733,2022-01-05,16:28:30,2022,1,5,16,Wednesday,කළුතර,මිල්ලනිය,0.0,0.0,1,1,27.55,27.15,27.35,0.9,0.9,,3.43,,82.94
2736,2737,2022-01-03,07:34:23,2022,1,3,7,Monday,රත්නපුර,නිවිතිගල,0.0,0.0,12,1,27.67,27.13,27.38,1.93,1.93,,2.98,,81.53
2735,2736,2022-01-03,13:22:58,2022,1,3,13,Monday,,,0.0,0.0,33,1,27.67,27.13,27.38,1.93,1.93,,2.98,,81.53
2737,2738,2022-01-02,17:28:48,2022,1,2,17,Sunday,,මොස්කව්,0.0,0.0,5,1,27.33,26.81,27.14,1.37,1.37,,3.38,,83.1
2738,2739,2022-01-02,14:47:30,2022,1,2,14,Sunday,,,0.0,0.0,18,1,27.33,26.81,27.14,1.37,1.37,,3.38,,83.1
2739,2740,2022-01-02,11:54:50,2022,1,2,11,Sunday,වව්නියාව,වව්නියාව,0.0,0.0,3,1,27.33,26.81,27.14,1.37,1.37,,3.38,,83.1
2740,2741,2022-01-02,09:03:03,2022,1,2,9,Sunday,කළුතර,වැල්මිල්ල,0.0,0.0,2,1,27.33,26.81,27.14,1.37,1.37,,3.38,,83.1
2741,2742,2022-01-02,06:34:38,2022,1,2,6,Sunday,කොළඹ,හෝමාගම,0.0,0.0,3,1,27.33,26.81,27.14,1.37,1.37,,3.38,,83.1
2742,2743,2022-01-01,19:22:12,2022,1,1,19,Saturday,,,0.0,0.0,0,1,27.12,26.8,26.94,0.35,0.35,,4.3,,84.32
2743,2744,2022-01-01,19:15:23,2022,1,1,19,Saturday,ගම්පහ,වනවාසල,0.0,0.0,1,1,27.12,26.8,26.94,0.35,0.35,,4.3,,84.32
2744,2745,2022-01-01,17:59:29,2022,1,1,17,Saturday,ගම්පහ,වනවාසල,0.0,0.0,1,1,27.12,26.8,26.94,0.35,0.35,,4.3,,84.32
2745,2746,2022-01-01,13:39:25,2022,1,1,13,Saturday,ගම්පහ,වනවාසල,0.0,0.0,1,1,27.12,26.8,26.94,0.35,0.35,,4.3,,84.32
2746,2747,2022-01-01,13:24:13,2022,1,1,13,Saturday,,,0.0,0.0,6,1,27.12,26.8,26.94,0.35,0.35,,4.3,,84.32
2748,2749,2021-12-29,19:29:49,2021,12,29,19,Wednesday,කොළඹ,පිළියන්දල,6.8018,79.9227,1,1,29.42,21.22,25.27,0.16,0.16,,4.52,,82.43
2747,2748,2021-12-31,21:42:37,2021,12,31,21,Friday,ත්‍රිකුණාමලය,ත්‍රිකුණාමලය,8.5922,81.1968,0,2,28.56,25.84,27.09,17.35,17.35,,5.07,,83.78
2749,2750,2021-12-29,16:56:02,2021,12,29,16,Wednesday,කුරුණෑගල,ගල්ගමුව,7.995,80.271,2,1,29.4,21.83,25.52,0.35,0.35,,4.58,,81.93
2750,2751,2021-12-28,07:23:41,2021,12,28,7,Tuesday,ත්‍රිකුණාමලය,තඹලගමුව,8.493,81.096,1,1,27.94,24.73,26.16,0.93,0.93,,4.91,,75.83
2752,2753,2021-12-26,16:40:51,2021,12,26,16,Sunday,කොළඹ,කහතුඩුව,6.7837,80.0011,0,0,28.81,20.46,24.54,0.02,0.02,,3.69,,77.83
2751,2752,2021-12-27,09:40:58,2021,12,27,9,Monday,මාතර,මාතර,5.9549,80.5469,0,0,28.6,23.35,25.98,0.02,0.02,,4.87,,76.26
2753,2754,2021-12-26,15:09:48,2021,12,26,15,Sunday,නුවරඑළිය,නුවරඑළිය,6.9497,80.7829,1,0,25.12,14.46,19.44,0.01,0.01,,2.96,,87.75
2754,2755,2021-12-26,10:08:02,2021,12,26,10,Sunday,ගම්පහ,කටාන,7.251,79.9023,0,0,28.75,20.25,24.27,0.09,0.09,,4.48,,82.41
2756,2757,2021-12-25,12:58:30,2021,12,25,12,Saturday,කුරුණෑගල,දොඩම්ගස්ලන්ද,7.566,80.536,1,0,26.56,16.75,21.16,0.0,0.0,,3.42,,85.93
2755,2756,2021-12-25,15:05:48,2021,12,25,15,Saturday,ගාල්ල,හික්කඩුව,6.1395,80.1012,0,0,27.95,25.07,26.73,0.02,0.02,,2.29,,69.14
2757,2758,2021-12-22,14:11:44,2021,12,22,14,Wednesday,කළුතර,බේරුවල,6.4788,79.9828,0,1,29.36,24.83,26.88,1.36,1.36,,2.44,,81.05
2758,2759,2022-01-18,09:05:11,2022,1,18,9,Tuesday,ගාල්ල,ඇල්පිටිය,6.29,80.161,2,1,29.8,24.2,26.57,3.63,3.63,,3.1,,82.02
2759,2760,2022-01-17,14:29:38,2022,1,17,14,Monday,නුවරඑළිය,මස්කෙළිය,6.831,80.568,0,1,25.99,19.27,21.95,3.11,3.11,,4.05,,89.78
2760,2761,2022-01-16,19:56:55,2022,1,16,19,Sunday,අම්පාර,අම්පාර,7.3018,81.6747,0,2,28.6,26.35,27.32,6.08,6.08,,5.5,,82.45
2761,2762,2022-01-16,09:56:08,2022,1,16,9,Sunday,කෑගල්ල,රඹුක්කන,7.323,80.386,0,1,28.34,21.45,24.21,1.12,1.12,,4.18,,90.06
2762,2763,2022-01-13,09:27:35,2022,1,13,9,Thursday,මොණරාගල,වැල්ලවාය,6.736,81.103,0,1,27.92,24.07,25.58,4.18,4.18,,1.41,,89.96
2764,2765,2021-12-22,08:59:15,2021,12,22,8,Wednesday,මාතර,මාතර,5.9549,80.5469,2,1,29.14,25.5,27.14,1.64,1.64,,3.01,,81.42
2763,2764,2022-01-11,15:24:42,2022,1,11,15,Tuesday,කොළඹ,කොළඹ,6.9271,79.8612,0,1,29.73,23.02,26.15,0.44,0.44,,4.72,,84.39
2765,2766,2021-12-21,19:49:53,2021,12,21,19,Tuesday,අනුරාධපුර,කැකිරාව,8.0421,80.5938,0,1,29.14,21.43,24.44,0.58,0.58,,3.56,,89.44
2766,2767,2021-12-21,11:32:31,2021,12,21,11,Tuesday,යාපනය,යාපනය,9.6615,80.0255,0,0,27.8,25.57,26.54,0.03,0.03,,5.31,,73.8
2767,2768,2021-12-19,15:07:20,2021,12,19,15,Sunday,ගාල්ල,ගාල්ල,6.0535,80.221,1,3,28.99,26.46,27.64,32.74,32.74,,2.83,,81.21
2768,2769,2021-12-19,07:25:42,2021,12,19,7,Sunday,අම්පාර,අම්පාර,7.3018,81.6747,0,1,27.77,26.17,26.82,0.71,0.71,,5.72,,79.96
2769,2770,2021-12-17,18:19:29,2021,12,17,18,Friday,කොළඹ,කොළඹ,6.9271,79.8612,0,1,28.63,23.85,25.89,0.8,0.8,,4.22,,83.92
2770,2771,2021-12-16,10:40:23,2021,12,16,10,Thursday,යාපනය,යාපනය,9.6615,80.0255,0,2,28.03,26.47,27.13,7.56,7.56,,6.83,,83.57
2772,2773,2021-12-14,19:41:15,2021,12,14,19,Tuesday,කොළඹ,කොළඹ,6.9271,79.8612,0,1,27.81,23.88,25.68,4.78,4.78,,4.59,,87.75
2771,2772,2021-12-15,07:17:50,2021,12,15,7,Wednesday,කොළඹ,කොළඹ,6.9271,79.8612,0,1,27.47,24.14,25.59,3.84,3.84,,4.11,,88.39
2773,2774,2021-12-14,08:49:11,2021,12,14,8,Tuesday,කොළඹ,කොළඹ,6.9271,79.8612,0,1,27.81,23.88,25.68,4.78,4.78,,4.59,,87.75
2774,2775,2021-12-13,09:03:43,2021,12,13,9,Monday,කොළඹ,කහතුඩුව,6.7837,80.0011,0,2,28.13,24.5,25.97,12.05,12.05,,4.68,,88.45
2775,2776,2021-12-12,12:47:56,2021,12,12,12,Sunday,වවුනියාව,වවුනියාව,8.7514,80.4971,0,2,28.96,24.8,26.48,7.71,7.71,,5.6,,86.63
2777,2778,2021-12-10,16:52:15,2021,12,10,16,Friday,යාපනය,යාපනය,9.6615,80.0255,0,1,29.05,26.77,27.7,0.46,0.46,,6.17,,78.87
2776,2777,2021-12-10,17:01:12,2021,12,10,17,Friday,කොළඹ,කහතුඩුව,6.7837,80.0011,0,1,29.41,23.1,26.13,1.65,1.65,,4.56,,83.95
2779,2780,2021-12-05,07:08:26,2021,12,5,7,Sunday,යාපනය,යාපනය,9.6615,80.0255,1,1,29.16,26.94,28.01,2.63,2.63,,1.61,,76.46
2778,2779,2021-12-09,11:04:04,2021,12,9,11,Thursday,නුවරඑළිය,නුවරඑළිය,6.9497,80.7829,0,1,25.48,19.08,22.21,3.14,3.14,,3.11,,89.93
2780,2781,2021-12-02,18:38:47,2021,12,2,18,Thursday,කොළඹ,රාජගිරිය,6.9095,79.8948,0,2,28.58,24.9,26.59,5.81,5.81,,1.95,,84.73
2781,2782,2021-12-02,15:18:54,2021,12,2,15,Thursday,කොළඹ,රාජගිරිය,6.9095,79.8948,0,2,28.58,24.9,26.59,5.81,5.81,,1.95,,84.73
2782,2783,2021-11-27,06:30:30,2021,11,27,6,Saturday,මහනුවර,මහනුවර,7.2906,80.6337,1,3,28.34,21.97,24.83,29.22,29.22,,1.43,,89.25
2783,2784,2021-11-26,17:30:18,2021,11,26,17,Friday,පොළොන්නරුව,පොළොන්නරුව,7.9403,81.0188,0,1,28.48,24.21,25.99,4.57,4.57,,2.15,,87.79
2784,2785,2021-11-24,10:46:19,2021,11,24,10,Wednesday,කොළඹ,අතුරුගිරිය,6.8723,79.999,0,3,27.55,23.98,25.63,41.82,41.82,,4.81,,89.95
2785,2786,2021-11-24,10:26:20,2021,11,24,10,Wednesday,මඩකලපුව,මඩකලපුව,7.717,81.6924,2,3,28.01,26.2,27.0,83.78,83.78,,4.28,,89.73
2786,2787,2021-11-22,11:01:15,2021,11,22,11,Monday,රත්නපුර,පැල්මඩුල්ල,6.62,80.548,8,1,28.8,19.71,24.11,0.18,0.18,,2.8,,84.8
2787,2788,2021-11-17,17:41:31,2021,11,17,17,Wednesday,මාතර,මාතර,5.9549,80.5469,0,2,28.37,25.99,26.98,11.33,11.33,,5.79,,86.97
2788,2789,2021-11-16,07:25:20,2021,11,16,7,Tuesday,යාපනය,යාපනය,9.6615,80.0255,1,1,28.18,26.92,27.46,4.13,4.13,,4.83,,86.49
2789,2790,2021-11-15,19:29:48,2021,11,15,19,Monday,යාපනය,යාපනය,9.6615,80.0255,0,1,28.44,27.02,27.62,1.17,1.17,,5.13,,86.51
2790,2791,2021-11-11,14:48:54,2021,11,11,14,Thursday,කොළඹ,කොළඹ,6.9271,79.8612,0,2,27.11,24.48,25.82,7.23,7.23,,4.52,,88.14
2792,2793,2021-11-09,16:03:49,2021,11,9,16,Tuesday,කුරුණෑගල,කුරුණෑගල,7.4863,80.3623,0,3,25.05,21.49,22.9,26.35,26.35,,3.33,,94.24
2793,2794,2021-11-09,10:36:03,2021,11,9,10,Tuesday,කොළඹ,කොළඹ,6.9271,79.8612,0,3,25.77,24.1,24.84,28.3,28.3,,5.21,,89.67
2794,2795,2021-11-08,17:00:46,2021,11,8,17,Monday,කොළඹ,කොළඹ,6.9271,79.8612,2,3,26.9,24.72,25.63,36.77,36.77,,5.81,,85.64
2795,2796,2021-11-05,17:16:10,2021,11,5,17,Friday,වවුනියාව,වවුනියාව,8.7514,80.4971,1,2,28.29,24.67,26.06,8.43,8.43,,3.32,,89.8
2796,2797,2021-11-04,19:44:59,2021,11,4,19,Thursday,කොළඹ,කොළඹ,6.9271,79.8612,1,2,27.45,24.02,25.61,17.62,17.62,,3.36,,88.88
2797,2798,2021-11-04,12:30:36,2021,11,4,12,Thursday,කොළඹ,කොළඹ,6.9271,79.8612,0,2,27.45,24.02,25.61,17.62,17.62,,3.36,,88.88
2798,2799,2021-11-02,11:33:59,2021,11,2,11,Tuesday,කොළඹ,කොළඹ,6.9271,79.8612,0,2,29.18,24.11,26.28,14.7,14.7,,2.57,,84.85
2791,2792,2021-11-10,15:49:59,2021,11,10,15,Wednesday,මහනුවර,මහනුවර,7.2906,80.6337,0,2,26.33,22.27,23.77,10.61,10.61,,4.6,,93.55
2799,2800,2021-11-02,10:17:16,2021,11,2,10,Tuesday,මොණරාගල,වැල්ලවාය,6.736,81.103,0,2,29.67,22.78,25.94,14.44,14.44,,2.15,,83.79
2800,2801,2021-11-02,08:15:27,2021,11,2,8,Tuesday,ගම්පහ,ගම්පහ,7.0873,79.993,0,2,29.18,24.11,26.28,14.7,14.7,,2.57,,84.85
2801,2802,2021-11-02,08:10:27,2021,11,2,8,Tuesday,බදුල්ල,පස්සර,6.935,81.129,0,2,28.92,21.03,24.64,11.7,11.7,,1.87,,84.37
2802,2803,2021-11-02,06:23:03,2021,11,2,6,Tuesday,මඩකලපුව,මඩකලපුව,7.717,81.6924,1,2,28.95,26.18,27.5,7.82,7.82,,2.77,,82.84
2803,2804,2021-11-01,12:51:24,2021,11,1,12,Monday,පුත්තලම,පුත්තලම,8.0362,79.8283,0,2,28.4,24.67,26.21,18.88,18.88,,5.78,,90.76
2804,2805,2021-10-26,10:49:10,2021,10,26,10,Tuesday,රත්නපුර,රත්නපුර,6.6828,80.3992,0,3,26.17,22.12,23.89,20.92,20.92,,2.64,,91.49
2805,2806,2021-10-23,17:37:15,2021,10,23,17,Saturday,ත්‍රිකුණාමලය,ත්‍රිකුණාමලය,8.5922,81.1968,2,2,31.06,25.85,28.36,13.48,13.48,,3.03,,74.67
2806,2807,2021-10-18,12:11:05,2021,10,18,12,Monday,වවුනියාව,වවුනියාව,8.7514,80.4971,1,0,31.22,25.46,27.61,0.04,0.04,,6.21,,82.24
2807,2808,2021-10-18,10:45:44,2021,10,18,10,Monday,ගාල්ල,ගාල්ල,6.0535,80.221,2,1,28.41,27.37,27.87,4.75,4.75,,8.4,,85.17
2808,2809,2021-10-17,12:20:56,2021,10,17,12,Sunday,යාපනය,යාපනය,9.6615,80.0255,1,1,29.53,27.51,28.43,2.67,2.67,,9.85,,83.6
2810,2811,2021-10-13,09:59:02,2021,10,13,9,Wednesday,බදුල්ල,බදුල්ල,6.9934,81.055,2,1,29.59,21.23,24.57,0.36,0.36,,4.14,,84.55
2809,2810,2021-10-16,18:52:32,2021,10,16,18,Saturday,අනුරාධපුර,හොරොව්පතාන,8.557,80.8313,1,2,30.88,24.57,26.94,6.69,6.69,,7.02,,84.5
2811,2812,2021-09-21,08:13:31,2021,9,21,8,Tuesday,පොළොන්නරුව,පොළොන්නරුව,7.9403,81.0188,0,1,32.9,25.31,28.45,1.3,1.3,,4.67,,76.71
2812,2813,2021-09-19,07:05:09,2021,9,19,7,Sunday,හම්බන්තොට,තිස්සමහාරාම,6.279,81.287,2,2,29.9,24.02,26.49,6.73,6.73,,4.12,,87.62
2813,2814,2021-09-16,07:46:51,2021,9,16,7,Thursday,මුලතිව්,මුලතිව්,9.2671,80.8142,0,1,30.0,27.49,28.65,1.95,1.95,,5.96,,79.87
2814,2815,2021-09-02,11:54:47,2021,9,2,11,Thursday,ගාල්ල,ගාල්ල,6.0535,80.221,2,2,28.02,27.13,27.49,5.59,5.59,,6.42,,84.13
2815,2816,2021-08-31,17:01:33,2021,8,31,17,Tuesday,මාතර,මාතර,5.9549,80.5469,0,1,28.47,26.06,27.02,2.08,2.08,,5.78,,87.22
2816,2817,2021-08-12,11:39:45,2021,8,12,11,Thursday,යාපනය,යාපනය,9.6615,80.0255,0,2,29.43,27.5,28.41,7.13,7.13,,6.65,,76.9
2818,2819,2021-08-08,15:30:07,2021,8,8,15,Sunday,අම්පාර,දමන,7.211,81.654,0,1,30.94,26.26,28.08,4.04,4.04,,4.12,,79.99
2817,2818,2021-08-10,07:47:25,2021,8,10,7,Tuesday,කොළඹ,කොළඹ,6.9271,79.8612,0,1,27.64,24.76,25.93,2.05,2.05,,4.96,,86.71
2819,2820,2021-08-04,19:55:32,2021,8,4,19,Wednesday,නුවරඑළිය,නුවරඑළිය,6.9497,80.7829,0,1,26.22,20.69,22.88,0.78,0.78,,5.9,,90.45
2820,2821,2021-08-04,16:27:45,2021,8,4,16,Wednesday,කොළඹ,කොළඹ,6.9271,79.8612,0,1,28.13,25.12,26.4,1.36,1.36,,6.06,,88.82
2821,2822,2021-08-03,10:47:51,2021,8,3,10,Tuesday,අම්පාර,දමන,7.211,81.654,0,1,31.35,26.19,28.25,0.22,0.22,,3.91,,75.61
2822,2823,2021-08-02,20:48:01,2021,8,2,20,Monday,ගම්පහ,මීගමුව,7.1895,79.8587,0,1,27.91,25.21,26.28,1.13,1.13,,6.27,,88.21
2823,2824,2021-08-02,12:59:12,2021,8,2,12,Monday,කොළඹ,කොළඹ,6.9271,79.8612,0,1,27.91,25.21,26.28,1.13,1.13,,6.27,,88.21
2825,2826,2021-08-01,13:28:15,2021,8,1,13,Sunday,කොළඹ,රාජගිරිය,6.9095,79.8948,0,1,27.55,25.14,26.15,0.43,0.43,,5.07,,89.13
2826,2827,2021-08-01,07:32:37,2021,8,1,7,Sunday,කොළඹ,රාජගිරිය,6.9095,79.8948,0,1,27.55,25.14,26.15,0.43,0.43,,5.07,,89.13
2824,2825,2021-08-01,14:10:15,2021,8,1,14,Sunday,කොළඹ,රාජගිරිය,6.9095,79.8948,0,1,27.55,25.14,26.15,0.43,0.43,,5.07,,89.13
2827,2828,2021-07-31,21:40:23,2021,7,31,21,Saturday,කොළඹ,රාජගිරිය,6.9095,79.8948,0,1,27.85,25.22,26.24,0.27,0.27,,5.35,,88.27
2828,2829,2021-07-31,19:15:18,2021,7,31,19,Saturday,නුවරඑළිය,හැටන්,6.8916,80.5958,0,1,25.77,21.0,22.71,0.12,0.12,,4.79,,91.45
2829,2830,2021-07-31,06:25:28,2021,7,31,6,Saturday,නුවරඑළිය,නුවරඑළිය,6.9497,80.7829,0,1,25.77,21.0,22.71,0.12,0.12,,4.79,,91.45
2830,2831,2021-07-28,13:04:19,2021,7,28,13,Wednesday,අනුරාධපුර,අනුරාධපුර,8.3114,80.4037,1,1,32.56,24.77,27.86,0.29,0.29,,6.65,,77.79
2831,2832,2021-07-26,16:08:26,2021,7,26,16,Monday,මහනුවර,මහනුවර,7.2906,80.6337,0,2,28.35,22.61,24.94,7.27,7.27,,7.21,,87.35
2832,2833,2021-07-22,18:58:04,2021,7,22,18,Thursday,කොළඹ,කොළඹ,6.9271,79.8612,0,1,27.48,25.78,26.53,4.45,4.45,,6.94,,90.43
2833,2834,2021-07-18,13:02:55,2021,7,18,13,Sunday,ගාල්ල,ගාල්ල,6.0535,80.221,0,1,27.99,27.33,27.65,3.01,3.01,,8.02,,86.3
2834,2835,2021-07-18,08:26:06,2021,7,18,8,Sunday,අනුරාධපුර,කැකිරාව,8.0421,80.5938,0,2,28.72,24.62,26.12,5.31,5.31,,5.4,,89.16
2835,2836,2021-07-17,12:05:31,2021,7,17,12,Saturday,කුරුණෑගල,කුරුණෑගල,7.4863,80.3623,1,1,29.3,23.02,25.62,1.64,1.64,,3.49,,87.34
2836,2837,2021-07-10,16:15:54,2021,7,10,16,Saturday,කොළඹ,කොළඹ,6.9271,79.8612,0,3,26.76,25.38,25.89,20.06,20.06,,7.95,,88.99
2837,2838,2021-07-10,13:36:59,2021,7,10,13,Saturday,කොළඹ,වැල්ලවත්ත,6.8747,79.8605,0,3,26.76,25.38,25.89,20.06,20.06,,7.95,,88.99
2838,2839,2021-07-04,15:14:42,2021,7,4,15,Sunday,ගාල්ල,ගාල්ල,6.0535,80.221,0,1,28.3,27.43,27.81,4.87,4.87,,7.05,,85.63
2839,2840,2021-06-30,20:17:50,2021,6,30,20,Wednesday,පොළොන්නරුව,පොළොන්නරුව,7.9403,81.0188,0,1,32.74,25.18,28.6,1.3,1.3,,3.28,,78.21
2840,2841,2021-06-29,14:36:52,2021,6,29,14,Tuesday,පොළොන්නරුව,පොළොන්නරුව,7.9403,81.0188,0,1,33.89,24.17,28.78,0.66,0.66,,3.09,,73.06
2841,2842,2021-06-25,17:37:52,2021,6,25,17,Friday,මඩකලපුව,මඩකලපුව,7.717,81.6924,2,1,31.59,26.58,28.75,0.51,0.51,,3.44,,76.85
2842,2843,2021-06-25,11:59:09,2021,6,25,11,Friday,මාතර,මාතර,5.9549,80.5469,0,1,28.91,26.84,27.58,2.11,2.11,,7.31,,84.25
2843,2844,2021-06-21,13:59:26,2021,6,21,13,Monday,කළුතර,කළුතර,6.5854,79.9607,0,1,28.44,26.12,27.09,1.0,1.0,,5.06,,86.11
2845,2846,2021-06-11,17:46:29,2021,6,11,17,Friday,මහනුවර,මහනුවර,7.2906,80.6337,1,1,29.51,22.82,25.34,0.39,0.39,,6.05,,86.16
2844,2845,2021-06-12,18:25:12,2021,6,12,18,Saturday,කොළඹ,කොළඹ,6.9271,79.8612,0,1,28.87,25.4,27.05,2.2,2.2,,6.29,,85.14
2846,2847,2021-06-07,18:05:15,2021,6,7,18,Monday,කොළඹ,කොළඹ,6.9271,79.8612,0,1,28.07,25.67,26.8,4.0,4.0,,4.95,,88.31
2847,2848,2021-06-06,09:27:36,2021,6,6,9,Sunday,ගම්පහ,ගම්පහ,7.0873,79.993,1,1,28.68,25.59,26.9,4.01,4.01,,4.95,,86.14
2848,2849,2021-06-06,06:59:29,2021,6,6,6,Sunday,කුරුණෑගල,කුරුණෑගල,7.4863,80.3623,1,1,29.06,22.88,25.37,1.78,1.78,,4.46,,88.5
2849,2850,2021-06-01,17:15:48,2021,6,1,17,Tuesday,කොළඹ,කොළඹ,6.9271,79.8612,0,1,29.01,26.0,27.22,0.95,0.95,,5.58,,85.64
2850,2851,2021-05-31,09:17:37,2021,5,31,9,Monday,නුවරඑළිය,හැටන්,6.8916,80.5958,0,1,25.97,22.03,23.46,0.78,0.78,,5.64,,92.46
2851,2852,2021-05-29,22:29:06,2021,5,29,22,Saturday,මාතර,මාතර,5.9549,80.5469,0,2,29.1,27.08,27.85,5.61,5.61,,7.74,,87.19
2852,2853,2021-05-25,18:45:17,2021,5,25,18,Tuesday,කුරුණෑගල,කුරුණෑගල,7.4863,80.3623,0,3,26.46,23.62,25.1,30.03,30.03,,8.77,,89.88
2853,2854,2021-05-24,12:43:41,2021,5,24,12,Monday,පුත්තලම,පුත්තලම,8.0362,79.8283,0,2,29.86,27.24,28.14,7.32,7.32,,7.95,,87.65
2854,2855,2021-05-23,20:26:28,2021,5,23,20,Sunday,පුත්තලම,පුත්තලම,8.0362,79.8283,0,2,29.82,27.27,28.34,7.19,7.19,,7.52,,87.18
2855,2856,2021-05-22,10:38:49,2021,5,22,10,Saturday,ත්‍රිකුණාමලය,ත්‍රිකුණාමලය,8.5922,81.1968,1,1,31.36,27.0,28.74,4.9,4.9,,7.1,,83.58
2856,2857,2021-05-21,12:05:12,2021,5,21,12,Friday,නුවරඑළිය,නුවරඑළිය,6.9497,80.7829,0,2,27.05,20.94,23.47,11.66,11.66,,4.47,,89.01
2857,2858,2021-05-20,10:23:40,2021,5,20,10,Thursday,මාතර,මාතර,5.9549,80.5469,0,2,29.09,27.27,28.01,7.86,7.86,,5.22,,84.02
2858,2859,2021-05-13,13:19:30,2021,5,13,13,Thursday,කොළඹ,කොළඹ,6.9271,79.8612,0,3,28.86,26.37,27.33,28.96,28.96,,5.58,,88.36
2859,2860,2021-05-08,07:52:39,2021,5,8,7,Saturday,අම්පාර,අම්පාර,7.3018,81.6747,0,1,29.56,27.41,28.47,1.81,1.81,,2.65,,78.94
2860,2861,2021-05-02,10:18:35,2021,5,2,10,Sunday,නුවරඑළිය,හැටන්,6.8916,80.5958,0,2,28.3,21.02,23.91,7.03,7.03,,1.11,,87.19
2861,2862,2021-05-02,10:02:54,2021,5,2,10,Sunday,මාතර,මාතර,5.9549,80.5469,1,1,30.02,26.97,28.22,3.43,3.43,,1.86,,78.88
2862,2863,2021-04-27,14:46:44,2021,4,27,14,Tuesday,කොළඹ,රාජගිරිය,6.9095,79.8948,0,1,29.73,26.1,27.63,0.29,0.29,,3.25,,85.27
2863,2864,2021-04-26,11:02:15,2021,4,26,11,Monday,යාපනය,යාපනය,9.6615,80.0255,0,2,31.33,28.47,30.03,6.37,6.37,,3.35,,73.45
2864,2865,2021-04-25,16:44:21,2021,4,25,16,Sunday,මාතර,මාතර,5.9549,80.5469,0,1,30.43,26.73,28.34,1.71,1.71,,2.22,,79.75
2866,2867,2021-04-20,17:16:04,2021,4,20,17,Tuesday,කොළඹ,රාජගිරිය,6.9095,79.8948,0,1,29.71,25.79,27.55,4.42,4.42,,4.18,,83.58
2865,2866,2021-04-22,08:43:37,2021,4,22,8,Thursday,වවුනියාව,වවුනියාව,8.7514,80.4971,0,1,34.9,25.72,29.77,0.26,0.26,,2.19,,72.08
2867,2868,2021-04-20,14:46:00,2021,4,20,14,Tuesday,කොළඹ,කොළඹ,6.9271,79.8612,0,1,29.71,25.79,27.55,4.42,4.42,,4.18,,83.58
2868,2869,2021-04-19,22:52:38,2021,4,19,22,Monday,කොළඹ,කොළඹ,6.9271,79.8612,0,1,29.07,25.78,27.2,4.01,4.01,,4.45,,85.88
2870,2871,2021-04-19,11:15:48,2021,4,19,11,Monday,කොළඹ,කොළඹ,6.9271,79.8612,1,1,29.07,25.78,27.2,4.01,4.01,,4.45,,85.88
2869,2870,2021-04-19,17:27:35,2021,4,19,17,Monday,නුවරඑළිය,නුවරඑළිය,6.9497,80.7829,0,1,26.93,20.76,23.22,1.46,1.46,,3.04,,90.29
2871,2872,2021-04-17,17:16:57,2021,4,17,17,Saturday,මහනුවර,මහනුවර,7.2906,80.6337,1,1,29.94,22.12,25.83,1.83,1.83,,2.4,,85.91
2872,2873,2021-04-16,19:50:25,2021,4,16,19,Friday,මහනුවර,මහනුවර,7.2906,80.6337,0,2,29.44,22.23,25.34,19.19,19.19,,2.24,,86.71
2873,2874,2021-04-15,09:09:58,2021,4,15,9,Thursday,කොළඹ,කොළඹ,6.9271,79.8612,0,3,27.3,25.58,26.31,30.57,30.57,,2.32,,86.01
2874,2875,2021-04-14,12:33:09,2021,4,14,12,Wednesday,මාතර,මාතර,5.9549,80.5469,0,2,29.61,26.4,27.89,5.53,5.53,,1.97,,77.65
2875,2876,2021-04-11,06:59:11,2021,4,11,6,Sunday,නුවරඑළිය,නුවරඑළිය,6.9497,80.7829,1,2,28.51,20.67,23.59,10.34,10.34,,0.94,,87.82
2876,2877,2021-04-07,06:19:35,2021,4,7,6,Wednesday,නුවරඑළිය,නුවරඑළිය,6.9497,80.7829,0,1,29.01,18.68,23.3,1.81,1.81,,1.29,,81.6
2878,2879,2021-04-05,22:37:34,2021,4,5,22,Monday,නුවරඑළිය,නුවරඑළිය,6.9497,80.7829,0,0,29.07,19.31,23.96,0.04,0.04,,1.59,,80.88
2877,2878,2021-04-06,07:37:01,2021,4,6,7,Tuesday,බදුල්ල,පස්සර,6.935,81.129,0,0,28.99,21.43,24.68,0.1,0.1,,1.93,,85.26
2880,2881,2021-04-05,09:06:12,2021,4,5,9,Monday,මොණරාගල,වැල්ලවාය,6.736,81.103,1,0,31.69,23.28,27.26,0.03,0.03,,2.0,,80.29
2879,2880,2021-04-05,09:18:00,2021,4,5,9,Monday,මාතර,මාතර,5.9549,80.5469,1,1,30.67,26.05,28.15,0.17,0.17,,4.09,,81.44
2881,2882,2021-04-04,21:47:16,2021,4,4,21,Sunday,මාතර,මාතර,5.9549,80.5469,1,0,30.1,26.48,27.97,0.08,0.08,,4.92,,81.76
2882,2883,2021-04-04,14:08:50,2021,4,4,14,Sunday,කොළඹ,කොළඹ,6.9271,79.8612,2,1,29.85,25.16,27.19,0.15,0.15,,3.41,,81.76
2883,2884,2021-04-01,13:09:52,2021,4,1,13,Thursday,නුවරඑළිය,නුවරඑළිය,6.9497,80.7829,3,0,27.91,20.05,23.42,0.03,0.03,,2.75,,88.24
2884,2885,2021-03-29,16:16:57,2021,3,29,16,Monday,කිලිනොච්චිය,කිලිනොච්චිය,9.3803,80.3982,0,1,31.08,25.9,28.64,1.06,1.06,,2.52,,72.07
2885,2886,2021-03-28,14:07:22,2021,3,28,14,Sunday,ගම්පහ,ගම්පහ,7.0873,79.993,0,3,30.57,24.19,26.92,38.14,38.14,,1.91,,77.36
2886,2887,2021-03-27,17:29:38,2021,3,27,17,Saturday,අනුරාධපුර,අනුරාධපුර,8.3114,80.4037,2,1,31.53,22.42,26.51,3.37,3.37,,2.86,,82.77
2887,2888,2021-03-27,06:50:18,2021,3,27,6,Saturday,කිලිනොච්චිය,කිලිනොච්චිය,9.3803,80.3982,0,1,29.91,27.0,28.33,2.34,2.34,,3.59,,79.48
2889,2890,2021-03-26,07:56:06,2021,3,26,7,Friday,බදුල්ල,පස්සර,6.935,81.129,14,1,27.95,20.01,23.67,3.01,3.01,,2.89,,86.1
2888,2889,2021-03-26,10:49:08,2021,3,26,10,Friday,බදුල්ල,පස්සර,6.935,81.129,14,1,27.95,20.01,23.67,3.01,3.01,,2.89,,86.1
2890,2891,2021-03-25,16:05:17,2021,3,25,16,Thursday,මොණරාගල,වැල්ලවාය,6.736,81.103,1,1,27.54,22.87,24.76,4.82,4.82,,3.56,,84.62
2891,2892,2021-03-24,18:45:48,2021,3,24,18,Wednesday,කළුතර,පානදුර,6.7132,79.9042,0,2,28.64,25.35,26.65,13.82,13.82,,1.58,,85.35
2892,2893,2021-03-24,17:44:36,2021,3,24,17,Wednesday,ගම්පහ,මීගමුව,7.1895,79.8587,0,2,29.09,25.25,26.92,6.87,6.87,,1.53,,83.04
2893,2894,2021-03-24,08:50:19,2021,3,24,8,Wednesday,බදුල්ල,බදුල්ල,6.9934,81.055,14,2,26.59,21.69,23.68,6.06,6.06,,2.25,,91.3
2895,2896,2021-03-23,11:17:58,2021,3,23,11,Tuesday,නුවරඑළිය,නුවරඑළිය,6.9497,80.7829,1,1,27.66,19.79,23.31,1.56,1.56,,1.78,,85.69
2894,2895,2021-03-23,13:22:48,2021,3,23,13,Tuesday,බදුල්ල,පස්සර,6.935,81.129,14,1,27.7,21.69,24.21,1.23,1.23,,1.96,,89.84
2896,2897,2021-03-23,09:11:29,2021,3,23,9,Tuesday,බදුල්ල,පස්සර,6.935,81.129,0,1,27.7,21.69,24.21,1.23,1.23,,1.96,,89.84
2898,2899,2021-03-22,19:19:43,2021,3,22,19,Monday,මොණරාගල,බිබිල,7.166,81.215,0,1,28.86,21.74,24.6,0.92,0.92,,1.85,,86.34
2897,2898,2021-03-23,07:43:13,2021,3,23,7,Tuesday,කොළඹ,කොළඹ,6.9271,79.8612,0,1,30.67,24.76,27.52,2.02,2.02,,1.74,,78.58
2899,2900,2021-03-22,14:35:09,2021,3,22,14,Monday,බදුල්ල,පස්සර,6.935,81.129,5,1,28.86,21.74,24.6,0.92,0.92,,1.85,,86.34
2900,2901,2021-03-22,13:29:49,2021,3,22,13,Monday,බදුල්ල,පස්සර,6.935,81.129,30,1,28.86,21.74,24.6,0.92,0.92,,1.85,,86.34
2901,2902,2021-03-21,19:19:13,2021,3,21,19,Sunday,බදුල්ල,පස්සර,6.935,81.129,0,1,28.98,20.65,24.49,4.31,4.31,,1.62,,83.3
2903,2904,2021-03-21,15:39:51,2021,3,21,15,Sunday,බදුල්ල,පස්සර,6.935,81.129,14,1,28.98,20.65,24.49,4.31,4.31,,1.62,,83.3
2904,2905,2021-03-21,15:20:19,2021,3,21,15,Sunday,බදුල්ල,පස්සර,6.935,81.129,0,1,28.98,20.65,24.49,4.31,4.31,,1.62,,83.3
2902,2903,2021-03-21,17:07:42,2021,3,21,17,Sunday,බදුල්ල,පස්සර,6.935,81.129,0,1,28.98,20.65,24.49,4.31,4.31,,1.62,,83.3
2906,2907,2021-03-21,06:58:43,2021,3,21,6,Sunday,බදුල්ල,පස්සර,6.935,81.129,1,1,28.98,20.65,24.49,4.31,4.31,,1.62,,83.3
2905,2906,2021-03-21,08:20:17,2021,3,21,8,Sunday,බදුල්ල,බදුල්ල,6.9934,81.055,14,1,28.98,20.65,24.49,4.31,4.31,,1.62,,83.3
2907,2908,2021-03-21,06:24:05,2021,3,21,6,Sunday,කොළඹ,රත්මලාන,6.8211,79.886,0,2,30.06,24.09,26.94,9.4,9.4,,1.39,,74.84
2908,2909,2021-03-20,20:14:27,2021,3,20,20,Saturday,බදුල්ල,බදුල්ල,6.9934,81.055,14,1,28.82,18.84,23.65,3.38,3.38,,1.55,,79.03
2909,2910,2021-03-20,18:43:13,2021,3,20,18,Saturday,බදුල්ල,පස්සර,6.935,81.129,1,1,28.82,18.84,23.65,3.38,3.38,,1.55,,79.03
2910,2911,2021-03-20,15:37:40,2021,3,20,15,Saturday,බදුල්ල,පස්සර,6.935,81.129,13,1,28.82,18.84,23.65,3.38,3.38,,1.55,,79.03
2911,2912,2021-03-20,13:49:22,2021,3,20,13,Saturday,බදුල්ල,බදුල්ල,6.9934,81.055,0,1,28.82,18.84,23.65,3.38,3.38,,1.55,,79.03
2912,2913,2021-03-20,12:32:22,2021,3,20,12,Saturday,බදුල්ල,බදුල්ල,6.9934,81.055,0,1,28.82,18.84,23.65,3.38,3.38,,1.55,,79.03
2914,2915,2021-03-20,10:31:59,2021,3,20,10,Saturday,අම්පාර,අම්පාර,7.3018,81.6747,1,1,29.18,25.68,27.28,1.62,1.62,,1.55,,69.21
2913,2914,2021-03-20,11:04:23,2021,3,20,11,Saturday,මාතර,අකුරැස්ස,6.1001,80.4803,0,1,27.85,24.96,26.27,4.29,4.29,,2.59,,80.49
2915,2916,2021-03-20,09:32:29,2021,3,20,9,Saturday,බදුල්ල,බදුල්ල,6.9934,81.055,14,1,28.82,18.84,23.65,3.38,3.38,,1.55,,79.03
2916,2917,2021-03-19,08:17:07,2021,3,19,8,Friday,කොළඹ,කොළඹ,6.9271,79.8612,0,2,27.81,24.67,25.94,7.43,7.43,,2.43,,83.03
2917,2918,2021-03-19,07:17:31,2021,3,19,7,Friday,කොළඹ,කහතුඩුව,6.7837,80.0011,0,2,27.81,24.67,25.94,7.43,7.43,,2.43,,83.03
2918,2919,2021-03-18,19:24:37,2021,3,18,19,Thursday,කොළඹ,කොළඹ,6.9271,79.8612,0,2,30.08,24.2,26.97,6.49,6.49,,1.81,,77.22
2919,2920,2021-03-16,12:27:25,2021,3,16,12,Tuesday,මොණරාගල,වැල්ලවාය,6.736,81.103,0,1,29.77,22.42,25.69,0.5,0.5,,3.71,,85.82
2920,2921,2021-03-14,17:48:31,2021,3,14,17,Sunday,රත්නපුර,පැල්මඩුල්ල,6.62,80.548,1,1,29.31,21.22,24.84,3.66,3.66,,2.99,,85.42
2921,2922,2021-03-14,17:26:05,2021,3,14,17,Sunday,මන්නාරම,මන්නාරම,8.981,79.911,2,0,30.27,25.4,27.42,0.09,0.09,,5.27,,78.63
2922,2923,2021-03-12,09:28:27,2021,3,12,9,Friday,අනුරාධපුර,හොරොව්පතාන,8.557,80.8313,0,0,30.17,21.98,25.56,0.05,0.05,,3.64,,83.52
2924,2925,2021-03-11,09:10:55,2021,3,11,9,Thursday,පොළොන්නරුව,පොළොන්නරුව,7.9403,81.0188,0,1,28.54,23.98,25.9,3.46,3.46,,3.34,,86.92
2923,2924,2021-03-11,10:41:58,2021,3,11,10,Thursday,කිලිනොච්චිය,කිලිනොච්චිය,9.3803,80.3982,1,1,28.56,26.4,27.33,1.56,1.56,,5.07,,80.75
2926,2927,2021-03-09,17:23:49,2021,3,9,17,Tuesday,කොළඹ,රත්මලාන,6.8211,79.886,0,1,31.37,23.61,27.48,0.73,0.73,,2.08,,72.67
2925,2926,2021-03-10,19:11:28,2021,3,10,19,Wednesday,බදුල්ල,බදුල්ල,6.9934,81.055,0,2,26.26,20.43,23.07,18.96,18.96,,2.32,,92.69
2927,2928,2021-03-09,10:26:30,2021,3,9,10,Tuesday,අනුරාධපුර,ගලෙන්බිඳුණුවැව,8.2921,80.7173,1,1,30.04,22.25,25.73,1.86,1.86,,3.47,,86.42
2928,2929,2021-03-09,06:31:25,2021,3,9,6,Tuesday,මුලතිව්,මුලතිව්,9.2671,80.8142,0,1,28.93,26.34,27.54,2.7,2.7,,5.19,,80.15
2930,2931,2021-03-08,12:51:06,2021,3,8,12,Monday,ගාල්ල,බූස්ස,6.078,80.119,1,2,28.43,26.79,27.68,9.75,9.75,,3.36,,84.12
2929,2930,2021-03-08,19:54:29,2021,3,8,19,Monday,කොළඹ,කොළඹ,6.9271,79.8612,0,2,30.28,24.84,27.42,9.53,9.53,,1.78,,78.65
2931,2932,2021-03-08,11:02:25,2021,3,8,11,Monday,කොළඹ,රාජගිරිය,6.9095,79.8948,0,2,30.28,24.84,27.42,9.53,9.53,,1.78,,78.65
2932,2933,2021-03-08,09:56:46,2021,3,8,9,Monday,මොණරාගල,බුත්තල,6.757,81.235,1,2,26.69,21.63,23.74,9.45,9.45,,2.61,,93.49
2933,2934,2021-03-07,15:15:48,2021,3,7,15,Sunday,කොළඹ,වැල්ලවත්ත,6.8747,79.8605,1,2,29.58,24.59,27.11,8.42,8.42,,2.04,,78.96
2934,2935,2021-03-07,11:43:48,2021,3,7,11,Sunday,මොණරාගල,වැල්ලවාය,6.736,81.103,1,2,28.51,23.46,25.59,12.65,12.65,,3.07,,90.06
2935,2936,2021-03-06,13:28:46,2021,3,6,13,Saturday,කොළඹ,වැල්ලවත්ත,6.8747,79.8605,4,2,30.08,24.2,27.21,11.51,11.51,,2.35,,76.66
2936,2937,2021-03-06,10:39:40,2021,3,6,10,Saturday,බදුල්ල,බදුල්ල,6.9934,81.055,0,3,26.35,21.0,23.34,30.28,30.28,,2.01,,92.84
2938,2939,2021-03-04,20:15:15,2021,3,4,20,Thursday,කොළඹ,රාජගිරිය,6.9095,79.8948,0,0,30.74,21.87,26.33,0.05,0.05,,1.89,,69.7
2937,2938,2021-03-06,07:34:17,2021,3,6,7,Saturday,කොළඹ,කොළඹ,6.9271,79.8612,1,2,30.08,24.2,27.21,11.51,11.51,,2.35,,76.66
2940,2941,2021-03-04,11:24:39,2021,3,4,11,Thursday,කොළඹ,රාජගිරිය,6.9095,79.8948,0,0,30.74,21.87,26.33,0.05,0.05,,1.89,,69.7
2939,2940,2021-03-04,15:05:44,2021,3,4,15,Thursday,කොළඹ,කොළඹ,6.9271,79.8612,0,0,30.74,21.87,26.33,0.05,0.05,,1.89,,69.7
2941,2942,2021-02-28,11:26:48,2021,2,28,11,Sunday,කුරුණෑගල,වාරියපොල,7.628,80.246,2,0,31.58,21.66,26.35,0.01,0.01,,2.76,,71.57
2942,2943,2021-02-22,16:24:15,2021,2,22,16,Monday,මොණරාගල,බිබිල,7.166,81.215,0,2,27.65,20.92,23.69,10.15,10.15,,3.51,,91.22
2943,2944,2021-02-21,06:58:58,2021,2,21,6,Sunday,යාපනය,යාපනය,9.6615,80.0255,1,1,28.12,25.99,26.96,1.92,1.92,,6.12,,81.92
2944,2945,2021-02-19,10:22:55,2021,2,19,10,Friday,කොළඹ,කහතුඩුව,6.7837,80.0011,0,1,29.53,22.64,26.16,3.13,3.13,,3.26,,83.55
2945,2946,2021-02-18,13:17:57,2021,2,18,13,Thursday,කොළඹ,කහතුඩුව,6.7837,80.0011,0,0,29.41,22.8,25.74,0.1,0.1,,3.26,,78.93
2946,2947,2021-02-17,18:06:41,2021,2,17,18,Wednesday,කුරුණෑගල,මහව,7.822,80.252,0,0,29.85,22.02,25.54,0.0,0.0,,4.31,,81.47
2947,2948,2021-02-16,10:14:45,2021,2,16,10,Tuesday,නුවරඑළිය,කොත්මලේ,7.021,80.645,1,0,25.99,18.76,21.81,0.06,0.06,,2.09,,87.17
2948,2949,2021-02-15,10:01:52,2021,2,15,10,Monday,බදුල්ල,බදුල්ල,6.9934,81.055,1,1,28.53,20.23,23.7,0.54,0.54,,2.83,,89.04
2949,2950,2021-02-14,10:35:08,2021,2,14,10,Sunday,කොළඹ,කොළඹ,6.9271,79.8612,0,1,29.65,22.95,26.13,0.34,0.34,,3.73,,82.39
2950,2951,2021-02-11,20:44:42,2021,2,11,20,Thursday,මඩකලපුව,මඩකලපුව,7.717,81.6924,0,0,27.09,24.55,25.76,0.09,0.09,,4.27,,74.3
2951,2952,2021-02-08,11:58:15,2021,2,8,11,Monday,බදුල්ල,බදුල්ල,6.9934,81.055,0,2,27.01,21.27,23.45,9.62,9.62,,5.45,,91.86
2952,2953,2021-02-06,16:22:20,2021,2,6,16,Saturday,ත්‍රිකුණාමලය,කන්තලේ,8.365,81.0,1,1,27.54,24.78,25.99,2.18,2.18,,5.7,,83.83
2953,2954,2021-02-04,10:39:20,2021,2,4,10,Thursday,හම්බන්තොට,අඟුණකොළපෑලැස්ස,6.162,80.899,1,1,29.37,24.74,26.68,0.58,0.58,,5.21,,79.42
2954,2955,2021-01-31,13:40:28,2021,1,31,13,Sunday,නුවරඑළිය,පූඩළුඔය,7.018,80.596,2,2,25.85,18.07,21.49,9.23,9.23,,2.8,,89.12
2955,2956,2021-01-31,12:33:51,2021,1,31,12,Sunday,කොළඹ,කොළඹ,6.9271,79.8612,0,2,29.0,23.27,25.77,11.76,11.76,,2.56,,81.62
2956,2957,2021-01-29,15:18:57,2021,1,29,15,Friday,මඩකලපුව,මඩකලපුව,7.717,81.6924,0,2,27.45,25.89,26.66,15.95,15.95,,4.32,,89.02
2957,2958,2021-01-28,17:04:12,2021,1,28,17,Thursday,යාපනය,යාපනය,9.6615,80.0255,1,0,27.82,25.68,26.65,0.04,0.04,,6.17,,71.19
2959,2960,2021-01-23,19:58:47,2021,1,23,19,Saturday,ත්‍රිකුණාමලය,ත්‍රිකුණාමලය,8.5922,81.1968,0,0,27.53,24.76,25.93,0.01,0.01,,4.36,,79.84
2958,2959,2021-01-28,16:26:03,2021,1,28,16,Thursday,කොළඹ,කොළඹ,6.9271,79.8612,0,0,29.01,21.58,25.18,0.01,0.01,,4.4,,80.43
2960,2961,2021-01-22,20:34:02,2021,1,22,20,Friday,කොළඹ,කොළඹ,6.9271,79.8612,0,1,29.97,23.84,26.65,0.71,0.71,,2.77,,80.61
2961,2962,2021-01-06,19:50:08,2021,1,6,19,Wednesday,රත්නපුර,රත්නපුර,6.6828,80.3992,0,1,28.59,21.14,24.53,4.7,4.7,,1.61,,87.86
2962,2963,2021-01-05,14:22:14,2021,1,5,14,Tuesday,රත්නපුර,බලංගොඩ,6.646,80.693,1,1,28.17,20.85,24.1,3.97,3.97,,1.91,,88.22
2963,2964,2021-01-05,10:33:24,2021,1,5,10,Tuesday,ගාල්ල,වදුරඹ,6.135,80.252,0,2,27.95,25.83,26.87,6.27,6.27,,1.72,,81.68
2964,2965,2021-01-04,06:41:52,2021,1,4,6,Monday,යාපනය,යාපනය,9.6615,80.0255,0,2,27.81,26.03,26.74,6.18,6.18,,6.18,,86.05
2965,2966,2021-01-01,17:37:52,2021,1,1,17,Friday,කොළඹ,කොළඹ,6.9271,79.8612,0,2,28.63,23.27,25.5,5.32,5.32,,4.37,,82.71
2966,2967,2021-01-01,13:15:25,2021,1,1,13,Friday,කොළඹ,කොළඹ,6.9271,79.8612,0,2,28.63,23.27,25.5,5.32,5.32,,4.37,,82.71
2967,2968,2021-01-01,13:03:22,2021,1,1,13,Friday,නුවරඑළිය,හැටන්,6.8916,80.5958,0,2,25.64,18.69,21.46,7.29,7.29,,3.34,,89.68
2968,2969,2020-12-31,09:25:57,2020,12,31,9,Thursday,ගාල්ල,ගාල්ල,6.0535,80.221,0,2,28.24,26.48,27.24,8.91,8.91,,5.52,,85.47
2969,2970,2020-12-30,11:43:20,2020,12,30,11,Wednesday,කළුතර,කළුතර,6.5854,79.9607,0,1,29.33,23.48,26.48,1.72,1.72,,1.94,,81.56
2970,2971,2020-12-28,17:38:19,2020,12,28,17,Monday,ගාල්ල,බූස්ස,6.078,80.119,1,2,28.21,25.9,26.97,8.91,8.91,,3.14,,83.89
2971,2972,2020-12-27,10:02:10,2020,12,27,10,Sunday,මහනුවර,ගලගෙදර,7.37,80.52,6,2,27.58,21.12,23.8,18.67,18.67,,4.3,,92.5
2972,2973,2020-12-26,14:24:50,2020,12,26,14,Saturday,ගාල්ල,හික්කඩුව,6.1395,80.1012,0,1,28.48,25.44,27.07,1.5,1.5,,4.06,,77.1
2973,2974,2020-12-25,11:06:45,2020,12,25,11,Friday,මොණරාගල,වැල්ලවාය,6.736,81.103,0,1,28.16,21.87,24.48,0.42,0.42,,4.56,,87.14
2974,2975,2020-12-21,23:09:28,2020,12,21,23,Monday,කොළඹ,පිළියන්දල,6.8018,79.9227,1,2,28.11,23.93,25.61,8.75,8.75,,5.62,,88.44
2975,2976,2020-12-20,06:55:59,2020,12,20,6,Sunday,මුලතිව්,මුලතිව්,9.2671,80.8142,0,1,27.31,26.12,26.6,1.63,1.63,,8.21,,79.32
2976,2977,2020-12-19,18:15:46,2020,12,19,18,Saturday,මුලතිව්,මුලතිව්,9.2671,80.8142,0,3,27.22,25.21,26.36,23.34,23.34,,7.04,,85.09
2977,2978,2020-12-18,12:40:15,2020,12,18,12,Friday,කොළඹ,කොළඹ,6.9271,79.8612,0,2,28.63,23.87,25.96,8.08,8.08,,2.29,,82.25
2978,2979,2020-12-16,07:41:32,2020,12,16,7,Wednesday,අනුරාධපුර,අනුරාධපුර,8.3114,80.4037,8,1,29.01,22.11,25.04,0.75,0.75,,2.98,,88.16
2979,2980,2020-12-15,06:39:57,2020,12,15,6,Tuesday,කොළඹ,කොළඹ,6.9271,79.8612,2,2,29.08,22.26,25.63,10.82,10.82,,2.78,,81.22
2980,2981,2020-12-09,15:28:10,2020,12,9,15,Wednesday,යාපනය,යාපනය,9.6615,80.0255,1,1,27.55,26.03,26.77,1.88,1.88,,5.39,,84.22
2982,2983,2020-12-09,12:32:38,2020,12,9,12,Wednesday,කොළඹ,මොරටුව,0.0,0.0,2,1,26.82,25.86,26.36,0.33,0.33,,5.28,,85.91
2981,2982,2020-12-09,13:10:39,2020,12,9,13,Wednesday,කොළඹ,දෙහිවල,0.0,0.0,0,1,26.82,25.86,26.36,0.33,0.33,,5.28,,85.91
2984,2985,2020-12-08,10:23:57,2020,12,8,10,Tuesday,ත්‍රිකුණාමලය,තඹලගමුව,0.0,0.0,2,1,26.46,26.11,26.27,1.55,1.55,,4.92,,85.11
2983,2984,2020-12-08,13:20:26,2020,12,8,13,Tuesday,,,0.0,0.0,0,1,26.46,26.11,26.27,1.55,1.55,,4.92,,85.11
2985,2986,2020-12-07,19:52:15,2020,12,7,19,Monday,කොළඹ,එගොඩඋයන,0.0,0.0,2,1,26.41,25.96,26.14,1.18,1.18,,5.51,,86.37
2986,2987,2020-12-07,16:09:21,2020,12,7,16,Monday,රත්නපුර,ඇඹිලිපිටිය,0.0,0.0,2,1,26.41,25.96,26.14,1.18,1.18,,5.51,,86.37
2987,2988,2020-12-06,13:36:29,2020,12,6,13,Sunday,මාතලේ,බඹරගස්වැව,0.0,0.0,0,1,26.42,25.94,26.14,2.67,2.67,,4.62,,85.63
2988,2989,2020-12-05,13:18:44,2020,12,5,13,Saturday,කොළඹ,එගොඩඋයන,0.0,0.0,2,1,26.4,26.05,26.26,1.5,1.5,,4.47,,84.85
2989,2990,2020-12-05,10:42:16,2020,12,5,10,Saturday,කොළඹ,එගොඩඋයන,0.0,0.0,2,1,26.4,26.05,26.26,1.5,1.5,,4.47,,84.85
2990,2991,2020-12-04,10:57:17,2020,12,4,10,Friday,පොළොන්නරුව,නාමල්ගම,0.0,0.0,0,1,26.88,26.25,26.67,0.66,0.66,,4.02,,81.01
2991,2992,2020-12-01,09:07:31,2020,12,1,9,Tuesday,,,0.0,0.0,7,2,26.3,25.86,26.11,6.01,6.01,,5.11,,87.9
2992,2993,2020-11-27,11:29:40,2020,11,27,11,Friday,බදුල්ල,හාලිඇල,0.0,0.0,0,1,26.33,25.95,26.18,0.53,0.53,,5.04,,83.09
2993,2994,2020-11-26,18:08:46,2020,11,26,18,Thursday,බදුල්ල,දුන්හිද,0.0,0.0,0,1,26.12,25.93,26.03,1.43,1.43,,5.91,,84.79
2994,2995,2020-11-19,08:09:20,2020,11,19,8,Thursday,,ලන්ඩනය,0.0,0.0,0,1,26.77,26.23,26.55,3.1,3.1,,5.77,,83.35
2995,2996,2020-11-18,19:45:11,2020,11,18,19,Wednesday,කොළඹ,කුරුදුවත්ත,0.0,0.0,0,2,26.86,26.51,26.7,5.57,5.57,,4.7,,84.16
2997,2998,2020-11-17,12:41:06,2020,11,17,12,Tuesday,කොළඹ,කොළඹ,0.0,0.0,0,1,27.14,26.35,26.76,1.09,1.09,,4.99,,83.48
2998,2999,2020-11-17,12:11:13,2020,11,17,12,Tuesday,කොළඹ,නුගේගොඩ,0.0,0.0,2,1,27.14,26.35,26.76,1.09,1.09,,4.99,,83.48
2996,2997,2020-11-17,13:07:55,2020,11,17,13,Tuesday,,,0.0,0.0,0,1,27.14,26.35,26.76,1.09,1.09,,4.99,,83.48
3000,3001,2020-11-16,13:19:19,2020,11,16,13,Monday,කොළඹ,කුරුඳුවත්ත,0.0,0.0,0,1,26.91,26.32,26.6,1.17,1.17,,5.08,,85.14
2999,3000,2020-11-16,17:26:45,2020,11,16,17,Monday,කොළඹ,කුරුඳුවත්ත,0.0,0.0,0,1,26.91,26.32,26.6,1.17,1.17,,5.08,,85.14
3002,3003,2020-11-13,09:25:35,2020,11,13,9,Friday,ගාල්ල,දොරපේ,0.0,0.0,1,1,27.07,26.55,26.88,1.38,1.38,,5.18,,84.87
3001,3002,2020-11-15,13:20:53,2020,11,15,13,Sunday,කොළඹ,මුල්ලේරියාව,0.0,0.0,0,1,27.11,26.76,26.95,1.03,1.03,,4.39,,82.64
3004,3005,2020-11-09,09:40:21,2020,11,9,9,Monday,මහනුවර,වලස්මුල්ල,0.0,0.0,1,1,26.56,26.29,26.43,3.27,3.27,,5.13,,85.15
3003,3004,2020-11-11,09:02:29,2020,11,11,9,Wednesday,ගම්පහ,කටුනායක,0.0,0.0,0,1,26.85,26.57,26.71,0.55,0.55,,4.37,,82.37
3005,3006,2020-11-07,11:48:40,2020,11,7,11,Saturday,මහනුවර,කටුගස්තොට,0.0,0.0,0,2,26.83,26.47,26.68,12.83,12.83,,4.54,,84.07
3006,3007,2020-11-05,07:19:42,2020,11,5,7,Thursday,පුත්තලම,ආණමඩුව,0.0,0.0,1,1,26.84,26.59,26.7,0.89,0.89,,4.14,,80.98
3007,3008,2020-11-03,07:50:10,2020,11,3,7,Tuesday,ත්‍රිකුණාමලය,ත්‍රිකුණාමලය,0.0,0.0,1,1,26.41,26.15,26.26,1.06,1.06,,4.38,,83.68
3008,3009,2020-11-01,08:27:27,2020,11,1,8,Sunday,,,0.0,0.0,130000,1,25.93,25.64,25.81,1.95,1.95,,5.31,,87.54
3009,3010,2020-10-29,12:43:30,2020,10,29,12,Thursday,කිලිනොච්චිය,අලිමංකඩ,0.0,0.0,3,1,26.29,25.69,26.01,0.17,0.17,,3.54,,78.31
3010,3011,2020-10-28,06:50:35,2020,10,28,6,Wednesday,යාපනය,අච්චුවේලි,0.0,0.0,1,1,26.06,25.64,25.87,0.34,0.34,,5.5,,81.2
3011,3012,2020-10-26,11:03:02,2020,10,26,11,Monday,වවුනියාව,වවුනියාව,0.0,0.0,0,1,26.03,25.4,25.72,0.84,0.84,,5.07,,84.12
3012,3013,2020-10-23,13:58:13,2020,10,23,13,Friday,කුරුණෑගල,මහව,0.0,0.0,0,1,25.94,25.63,25.84,0.92,0.92,,5.45,,83.38
3013,3014,2020-10-21,10:44:14,2020,10,21,10,Wednesday,කොළඹ,කොළඹ,0.0,0.0,0,1,26.11,25.73,25.94,0.45,0.45,,3.3,,82.38
3014,3015,2020-10-21,10:28:17,2020,10,21,10,Wednesday,කොළඹ,කොළඹ,0.0,0.0,0,1,26.11,25.73,25.94,0.45,0.45,,3.3,,82.38
3015,3016,2020-10-19,18:23:41,2020,10,19,18,Monday,,,0.0,0.0,0,1,26.06,25.6,25.88,0.16,0.16,,3.75,,80.76
3016,3017,2020-10-17,11:31:43,2020,10,17,11,Saturday,කළුතර,කහවත්ත,0.0,0.0,1,1,25.48,24.8,25.15,0.16,0.16,,3.86,,79.32
3017,3018,2020-10-16,09:31:15,2020,10,16,9,Friday,වවුනියාව,සෙට්ටිකුලම,0.0,0.0,0,1,25.3,25.11,25.21,0.34,0.34,,4.9,,81.23
3019,3020,2020-10-15,10:11:06,2020,10,15,10,Thursday,මොණරාගල,හපුතලේ,0.0,0.0,1,1,25.5,25.38,25.44,0.55,0.55,,5.39,,81.71
3020,3021,2020-10-15,08:55:39,2020,10,15,8,Thursday,කළුතර,පානදුර,0.0,0.0,0,1,25.5,25.38,25.44,0.55,0.55,,5.39,,81.71
3018,3019,2020-10-15,14:00:12,2020,10,15,14,Thursday,කළුතර,පානදුර,0.0,0.0,0,1,25.5,25.38,25.44,0.55,0.55,,5.39,,81.71
3021,3022,2020-10-12,10:53:42,2020,10,12,10,Monday,කොළඹ,කොළඹ,0.0,0.0,0,1,25.75,25.33,25.54,0.28,0.28,,4.78,,82.08
3022,3023,2020-10-11,10:36:36,2020,10,11,10,Sunday,,,0.0,0.0,20,1,25.66,25.24,25.48,0.23,0.23,,4.38,,80.39
3023,3024,2020-10-10,19:38:33,2020,10,10,19,Saturday,කොළඹ,කොළඹ,0.0,0.0,0,1,25.45,24.87,25.2,0.25,0.25,,5.41,,81.57
3024,3025,2020-10-10,07:16:26,2020,10,10,7,Saturday,ගාල්ල,තලාපිටිය,0.0,0.0,1,1,25.45,24.87,25.2,0.25,0.25,,5.41,,81.57
3025,3026,2020-10-05,11:27:25,2020,10,5,11,Monday,කොළඹ,කොළඹ,0.0,0.0,0,1,25.63,25.21,25.44,0.15,0.15,,3.93,,81.72
3026,3027,2020-10-05,10:17:23,2020,10,5,10,Monday,කොළඹ,කොළඹ,0.0,0.0,0,1,25.63,25.21,25.44,0.15,0.15,,3.93,,81.72
3027,3028,2020-10-03,11:11:29,2020,10,3,11,Saturday,අනුරාධපුර,කැකිරාව,0.0,0.0,0,1,25.49,25.03,25.26,0.19,0.19,,3.87,,77.12
3028,3029,2020-10-02,13:00:20,2020,10,2,13,Friday,නුවරඑළිය,හැටන්,0.0,0.0,0,1,25.15,24.75,25.01,0.15,0.15,,2.96,,78.01
3029,3030,2020-09-29,12:08:28,2020,9,29,12,Tuesday,කොළඹ,කොළඹ,0.0,0.0,0,1,24.98,24.65,24.82,0.14,0.14,,5.51,,82.39
3030,3031,2020-09-28,14:43:06,2020,9,28,14,Monday,,,0.0,0.0,4,1,25.03,24.74,24.9,0.12,0.12,,4.44,,80.09
3031,3032,2020-09-27,11:46:22,2020,9,27,11,Sunday,අනුරාධපුර,ශ්‍රාවස්තිපුර,0.0,0.0,2,1,24.96,24.71,24.84,0.21,0.21,,4.55,,79.05
3032,3033,2020-09-26,07:06:58,2020,9,26,7,Saturday,,කාර්කිව්,0.0,0.0,22,1,24.99,24.07,24.6,0.18,0.18,,4.34,,80.88
3033,3034,2020-09-24,12:59:00,2020,9,24,12,Thursday,,,0.0,0.0,25,0,24.04,23.8,23.93,0.04,0.04,,3.86,,82.35
3034,3035,2020-09-24,08:47:58,2020,9,24,8,Thursday,ගම්පහ,කටුනායක,0.0,0.0,0,0,24.04,23.8,23.93,0.04,0.04,,3.86,,82.35
3035,3036,2020-09-17,14:22:49,2020,9,17,14,Thursday,කොළඹ,කොළඹ,0.0,0.0,0,1,24.06,23.81,23.93,0.17,0.17,,5.07,,76.16
3036,3037,2020-09-17,12:06:59,2020,9,17,12,Thursday,බදුල්ල,රාගල,0.0,0.0,1,1,24.06,23.81,23.93,0.17,0.17,,5.07,,76.16
3037,3038,2020-09-16,09:54:21,2020,9,16,9,Wednesday,රත්නපුර,දිවුරුම්පිටිය,0.0,0.0,3,1,24.72,24.13,24.54,0.28,0.28,,6.81,,79.93
3038,3039,2020-09-14,09:11:53,2020,9,14,9,Monday,ගම්පහ,නිට්ටඹුව,0.0,0.0,1,1,25.22,24.94,25.12,0.23,0.23,,5.02,,79.79
3039,3040,2020-09-13,18:23:21,2020,9,13,18,Sunday,නුවරඑළිය,පතන,0.0,0.0,0,1,25.39,24.84,25.14,0.16,0.16,,5.77,,82.08
3040,3041,2020-09-13,10:46:15,2020,9,13,10,Sunday,කොළඹ,කොළඹ,0.0,0.0,0,1,25.39,24.84,25.14,0.16,0.16,,5.77,,82.08
3041,3042,2020-09-11,14:25:25,2020,9,11,14,Friday,බදුල්ල,වැලිමඩ,0.0,0.0,0,0,25.15,24.73,24.94,0.1,0.1,,3.21,,78.32
3042,3043,2020-09-10,14:44:14,2020,9,10,14,Thursday,බදුල්ල,දරගල,0.0,0.0,0,0,25.08,24.49,24.82,0.09,0.09,,3.87,,78.49
3043,3044,2020-09-09,14:11:16,2020,9,9,14,Wednesday,කළුතර,හොරේතුඩුව,0.0,0.0,1,0,24.76,23.76,24.26,0.08,0.08,,4.39,,82.52
3044,3045,2020-09-07,11:00:46,2020,9,7,11,Monday,මාතර,කප්පරතොට,0.0,0.0,0,1,24.08,23.71,23.9,0.12,0.12,,4.23,,81.64
3045,3046,2020-09-07,07:18:51,2020,9,7,7,Monday,මහනුවර,නවගමුව,0.0,0.0,1,1,24.08,23.71,23.9,0.12,0.12,,4.23,,81.64
3046,3047,2020-09-06,08:09:32,2020,9,6,8,Sunday,හම්බන්තොට,මත්තල,0.0,0.0,0,1,24.17,23.5,23.8,0.17,0.17,,4.39,,81.77
3047,3048,2020-09-05,17:04:57,2020,9,5,17,Saturday,නුවරඑළිය,පින්නවල,0.0,0.0,0,1,24.01,23.67,23.86,0.14,0.14,,5.09,,85.27
3048,3049,2020-09-04,18:06:47,2020,9,4,18,Friday,රත්නපුර,ගොඩකවෙල,0.0,0.0,0,1,24.46,23.96,24.22,0.14,0.14,,4.67,,80.51
3050,3051,2020-09-04,11:52:43,2020,9,4,11,Friday,කොළඹ,කොස්ගම,0.0,0.0,0,1,24.46,23.96,24.22,0.14,0.14,,4.67,,80.51
3049,3050,2020-09-04,14:23:55,2020,9,4,14,Friday,හම්බන්තොට,මත්තල,0.0,0.0,0,1,24.46,23.96,24.22,0.14,0.14,,4.67,,80.51
3051,3052,2020-09-03,09:43:55,2020,9,3,9,Thursday,කොළඹ,මහරගම,0.0,0.0,2,1,24.27,23.92,24.08,0.15,0.15,,4.92,,81.8
3053,3054,2020-09-02,16:07:36,2020,9,2,16,Wednesday,කොළඹ,කොළඹ,0.0,0.0,0,1,24.43,24.11,24.26,0.19,0.19,,3.25,,78.92
3054,3055,2020-09-02,12:54:21,2020,9,2,12,Wednesday,මඩකලපුව,තාලන්කුඩා,0.0,0.0,4,1,24.43,24.11,24.26,0.19,0.19,,3.25,,78.92
3055,3056,2020-09-02,09:51:17,2020,9,2,9,Wednesday,බදුල්ල,සොරනාතොට,0.0,0.0,0,1,24.43,24.11,24.26,0.19,0.19,,3.25,,78.92
3052,3053,2020-09-02,18:23:53,2020,9,2,18,Wednesday,මාතර,වරකපිටිය,0.0,0.0,1,1,24.43,24.11,24.26,0.19,0.19,,3.25,,78.92
3057,3058,2020-08-30,11:32:36,2020,8,30,11,Sunday,ගාල්ල,දඩල්ල,0.0,0.0,0,1,24.68,24.01,24.44,0.23,0.23,,5.45,,81.15
3056,3057,2020-08-31,06:58:48,2020,8,31,6,Monday,පුත්තලම,අට්ටවිල්ලුව,0.0,0.0,1,1,24.64,24.39,24.54,0.27,0.27,,5.72,,81.27
3058,3059,2020-08-30,06:46:44,2020,8,30,6,Sunday,මුලතිව්,උන්නාවුපිලව්,0.0,0.0,2,1,24.68,24.01,24.44,0.23,0.23,,5.45,,81.15
3059,3060,2020-08-29,09:53:44,2020,8,29,9,Saturday,,ලන්ඩනය,0.0,0.0,0,1,24.56,24.11,24.37,0.34,0.34,,5.51,,82.65
3060,3061,2020-08-28,10:39:27,2020,8,28,10,Friday,කොළඹ,කොළඹ,0.0,0.0,0,1,24.78,24.61,24.7,0.16,0.16,,6.14,,80.91
3061,3062,2020-08-27,20:06:41,2020,8,27,20,Thursday,කොළඹ,කොළඹ,0.0,0.0,0,1,24.9,24.41,24.65,0.23,0.23,,4.74,,81.43
3062,3063,2020-08-26,21:53:08,2020,8,26,21,Wednesday,ගම්පහ,කඩවත,0.0,0.0,0,1,24.5,23.48,24.07,0.12,0.12,,2.39,,75.7
3063,3064,2020-08-24,07:56:14,2020,8,24,7,Monday,මහනුවර,ගලගෙදර,0.0,0.0,3,0,23.92,22.7,23.41,0.03,0.03,,3.91,,84.82
3065,3066,2020-08-22,15:02:19,2020,8,22,15,Saturday,අනුරාධපුර,පයින්ඩිකුලම,0.0,0.0,0,0,22.74,21.88,22.39,0.04,0.04,,4.21,,84.68
3066,3067,2020-08-22,12:37:47,2020,8,22,12,Saturday,කුරුණෑගල,අලව්ව,0.0,0.0,8,0,22.74,21.88,22.39,0.04,0.04,,4.21,,84.68
3067,3068,2020-08-22,09:46:38,2020,8,22,9,Saturday,ගාල්ල,අම්බලන්ගොඩ,0.0,0.0,1,0,22.74,21.88,22.39,0.04,0.04,,4.21,,84.68
3068,3069,2020-08-22,08:57:29,2020,8,22,8,Saturday,බදුල්ල,රාවණා ඇල්ල,0.0,0.0,2,0,22.74,21.88,22.39,0.04,0.04,,4.21,,84.68
3069,3070,2020-08-22,06:19:20,2020,8,22,6,Saturday,කුරුණෑගල,අලව්ව,0.0,0.0,5,0,22.74,21.88,22.39,0.04,0.04,,4.21,,84.68
3064,3065,2020-08-22,20:01:06,2020,8,22,20,Saturday,ගාල්ල,අහුංගල්ල,0.0,0.0,9,0,22.74,21.88,22.39,0.04,0.04,,4.21,,84.68
3070,3071,2020-08-21,09:23:12,2020,8,21,9,Friday,මහනුවර,දුම්මලසූරිය,0.0,0.0,1,1,22.17,22.01,22.1,0.35,0.35,,4.24,,85.07
3072,3073,2020-08-20,12:44:22,2020,8,20,12,Thursday,පොළොන්නරුව,හබරණ,0.0,0.0,0,1,22.55,22.17,22.37,0.63,0.63,,5.05,,86.01
3073,3074,2020-08-20,11:21:47,2020,8,20,11,Thursday,කොළඹ,කොළඹ,0.0,0.0,0,1,22.55,22.17,22.37,0.63,0.63,,5.05,,86.01
3074,3075,2020-08-20,07:09:32,2020,8,20,7,Thursday,කිලිනොච්චිය,කනකපුරම්,0.0,0.0,2,1,22.55,22.17,22.37,0.63,0.63,,5.05,,86.01
3071,3072,2020-08-20,14:29:20,2020,8,20,14,Thursday,කොළඹ,කොළඹ,0.0,0.0,0,1,22.55,22.17,22.37,0.63,0.63,,5.05,,86.01
3075,3076,2020-08-19,13:26:00,2020,8,19,13,Wednesday,කොළඹ,කොළඹ,0.0,0.0,0,1,22.9,22.63,22.78,1.4,1.4,,6.04,,88.0
3076,3077,2020-08-19,10:22:27,2020,8,19,10,Wednesday,ගාල්ල,වැලිපැන්න,0.0,0.0,0,1,22.9,22.63,22.78,1.4,1.4,,6.04,,88.0
3077,3078,2020-08-16,19:12:45,2020,8,16,19,Sunday,කුරුණෑගල,රිකිල්ලගස්කඩ,0.0,0.0,0,0,24.04,23.86,23.95,0.07,0.07,,3.5,,73.55
3078,3079,2020-08-16,11:47:44,2020,8,16,11,Sunday,මඩකලපුව,කල්කුඩා,0.0,0.0,1,0,24.04,23.86,23.95,0.07,0.07,,3.5,,73.55
3079,3080,2020-08-14,10:36:58,2020,8,14,10,Friday,කළුතර,විදාගම,0.0,0.0,0,1,25.08,24.75,24.95,0.27,0.27,,5.35,,80.93
3080,3081,2020-08-13,16:29:28,2020,8,13,16,Thursday,අනුරාධපුර,ගල්ගමුව,0.0,0.0,1,0,25.09,24.85,24.94,0.04,0.04,,2.67,,78.56
3081,3082,2020-08-11,09:47:09,2020,8,11,9,Tuesday,,,0.0,0.0,0,0,25.17,24.7,24.95,0.0,0.0,,4.57,,75.94
3082,3083,2020-08-11,09:22:37,2020,8,11,9,Tuesday,ගම්පහ,මල්වාන,0.0,0.0,3,0,25.17,24.7,24.95,0.0,0.0,,4.57,,75.94
3083,3084,2020-08-10,07:33:11,2020,8,10,7,Monday,ගම්පහ,තලංගම,0.0,0.0,0,0,25.31,24.72,25.02,0.0,0.0,,4.57,,73.38
3084,3085,2020-08-10,07:09:25,2020,8,10,7,Monday,මාතර,පැලෑන,0.0,0.0,1,0,25.31,24.72,25.02,0.0,0.0,,4.57,,73.38
3085,3086,2020-08-09,17:46:02,2020,8,9,17,Sunday,පොළොන්නරුව,අරලගංවිල,0.0,0.0,1,0,24.9,24.53,24.68,0.01,0.01,,3.78,,76.31
3087,3088,2020-08-08,06:37:08,2020,8,8,6,Saturday,,කැලිකට්,0.0,0.0,17,0,25.17,24.65,24.9,0.03,0.03,,3.93,,75.94
3086,3087,2020-08-08,07:14:48,2020,8,8,7,Saturday,,බීරූට්,0.0,0.0,157,0,25.17,24.65,24.9,0.03,0.03,,3.93,,75.94
3088,3089,2020-08-04,08:47:36,2020,8,4,8,Tuesday,මාතර,අපරැක්ක,0.0,0.0,2,0,23.85,23.15,23.54,0.0,0.0,,3.27,,75.65
3089,3090,2020-07-29,22:21:48,2020,7,29,22,Wednesday,කළුතර,වාද්දුව,0.0,0.0,0,0,23.75,23.21,23.59,0.05,0.05,,4.56,,76.04
3090,3091,2020-07-28,22:22:19,2020,7,28,22,Tuesday,මහනුවර,ගෙලිඔය,0.0,0.0,3,0,23.8,23.26,23.42,0.01,0.01,,4.08,,80.15
3092,3093,2020-07-28,10:12:30,2020,7,28,10,Tuesday,මහනුවර,ගෙලිඔය,0.0,0.0,3,0,23.8,23.26,23.42,0.01,0.01,,4.08,,80.15
3091,3092,2020-07-28,14:15:08,2020,7,28,14,Tuesday,කොළඹ,කොළඹ,0.0,0.0,0,0,23.8,23.26,23.42,0.01,0.01,,4.08,,80.15
3093,3094,2020-07-27,13:01:17,2020,7,27,13,Monday,කොළඹ,කොළඹ,0.0,0.0,0,0,24.18,23.9,24.03,0.02,0.02,,4.63,,74.09
3094,3095,2020-07-23,13:46:22,2020,7,23,13,Thursday,,,0.0,0.0,0,0,25.43,24.99,25.18,0.03,0.03,,4.44,,78.98
3095,3096,2020-07-23,10:11:32,2020,7,23,10,Thursday,මාතලේ,දඹුල්ල,0.0,0.0,1,0,25.43,24.99,25.18,0.03,0.03,,4.44,,78.98
3096,3097,2020-07-22,13:36:02,2020,7,22,13,Wednesday,කොළඹ,කොළඹ,0.0,0.0,0,0,25.21,24.58,24.97,0.01,0.01,,4.3,,78.47
3098,3099,2020-07-22,06:55:32,2020,7,22,6,Wednesday,යාපනය,මිරුසුවිල්,0.0,0.0,0,0,25.21,24.58,24.97,0.01,0.01,,4.3,,78.47
3097,3098,2020-07-22,08:48:20,2020,7,22,8,Wednesday,කුරුණෑගල,කඹුරාපොළ,0.0,0.0,1,0,25.21,24.58,24.97,0.01,0.01,,4.3,,78.47
3099,3100,2020-07-20,15:09:22,2020,7,20,15,Monday,කොළඹ,කොළඹ,0.0,0.0,0,0,25.21,24.92,25.1,0.01,0.01,,4.62,,79.16
3101,3102,2020-07-20,08:19:00,2020,7,20,8,Monday,කොළඹ,නුගේගොඩ,0.0,0.0,1,0,25.21,24.92,25.1,0.01,0.01,,4.62,,79.16
3100,3101,2020-07-20,12:53:50,2020,7,20,12,Monday,කොළඹ,නුගේගොඩ,0.0,0.0,1,0,25.21,24.92,25.1,0.01,0.01,,4.62,,79.16
3102,3103,2020-07-19,11:41:23,2020,7,19,11,Sunday,අනුරාධපුර,විජිතපුර,0.0,0.0,0,1,25.32,24.46,24.87,0.45,0.45,,3.97,,79.25
3103,3104,2020-07-16,13:59:12,2020,7,16,13,Thursday,අනුරාධපුර,ඇටවීරගොල්ලෑව,0.0,0.0,2,1,24.09,23.87,23.99,0.2,0.2,,1.29,,74.59
3104,3105,2020-07-15,20:52:50,2020,7,15,20,Wednesday,කොළඹ,කොළඹ,0.0,0.0,0,1,24.54,24.16,24.4,0.37,0.37,,2.54,,74.2
3106,3107,2020-07-15,13:04:27,2020,7,15,13,Wednesday,මාතර,හක්මන,0.0,0.0,1,1,24.54,24.16,24.4,0.37,0.37,,2.54,,74.2
3107,3108,2020-07-15,07:51:19,2020,7,15,7,Wednesday,ගම්පහ,මීගමුව,0.0,0.0,1,1,24.54,24.16,24.4,0.37,0.37,,2.54,,74.2
3105,3106,2020-07-15,13:08:53,2020,7,15,13,Wednesday,කොළඹ,කොළඹ,0.0,0.0,0,1,24.54,24.16,24.4,0.37,0.37,,2.54,,74.2
3108,3109,2020-07-14,19:05:24,2020,7,14,19,Tuesday,මාතර,හක්මන,0.0,0.0,1,0,24.71,24.41,24.59,0.07,0.07,,4.61,,77.13
3109,3110,2020-07-14,07:32:27,2020,7,14,7,Tuesday,පොළොන්නරුව,පොල්පිතිගම,0.0,0.0,1,0,24.71,24.41,24.59,0.07,0.07,,4.61,,77.13
3110,3111,2020-07-13,11:46:04,2020,7,13,11,Monday,යාපනය,උරුම්පිරායි,0.0,0.0,1,0,24.77,23.98,24.37,0.06,0.06,,4.61,,79.37
3111,3112,2020-07-12,16:20:21,2020,7,12,16,Sunday,ගම්පහ,කුඹුල්ඔලුව,0.0,0.0,3,0,24.78,24.45,24.63,0.02,0.02,,4.34,,74.26
3112,3113,2020-07-10,17:29:27,2020,7,10,17,Friday,,ලොස් ඇන්ජලීස්,0.0,0.0,1,0,24.53,24.14,24.35,0.06,0.06,,4.71,,74.58
3114,3115,2020-07-10,15:07:58,2020,7,10,15,Friday,කොළඹ,කොළඹ,0.0,0.0,0,0,24.53,24.14,24.35,0.06,0.06,,4.71,,74.58
3115,3116,2020-07-10,10:38:38,2020,7,10,10,Friday,මොණරාගල,වරුණගම,0.0,0.0,3,0,24.53,24.14,24.35,0.06,0.06,,4.71,,74.58
3116,3117,2020-07-10,09:18:13,2020,7,10,9,Friday,,කාන්පූර්,0.0,0.0,1,0,24.53,24.14,24.35,0.06,0.06,,4.71,,74.58
3113,3114,2020-07-10,15:36:00,2020,7,10,15,Friday,කොළඹ,කොළඹ,0.0,0.0,0,0,24.53,24.14,24.35,0.06,0.06,,4.71,,74.58
3118,3119,2020-07-09,10:46:58,2020,7,9,10,Thursday,කිලිනොච්චිය,පුනරීන්,0.0,0.0,0,0,24.93,24.35,24.62,0.07,0.07,,4.98,,76.38
3119,3120,2020-07-09,09:03:24,2020,7,9,9,Thursday,කොළඹ,නුගේගොඩ,0.0,0.0,0,0,24.93,24.35,24.62,0.07,0.07,,4.98,,76.38
3117,3118,2020-07-09,17:33:47,2020,7,9,17,Thursday,මුලතිව්,විශ්වමඩු,0.0,0.0,0,0,24.93,24.35,24.62,0.07,0.07,,4.98,,76.38
3121,3122,2020-07-06,11:39:33,2020,7,6,11,Monday,කළුතර,පානදුර,0.0,0.0,1,0,24.29,23.5,23.9,0.02,0.02,,3.11,,80.13
3120,3121,2020-07-06,12:12:36,2020,7,6,12,Monday,නුවරඑළිය,නානුඔය,0.0,0.0,0,0,24.29,23.5,23.9,0.02,0.02,,3.11,,80.13
3122,3123,2020-07-06,10:05:33,2020,7,6,10,Monday,කළුතර,පානදුර,0.0,0.0,1,0,24.29,23.5,23.9,0.02,0.02,,3.11,,80.13
3123,3124,2020-07-06,08:22:45,2020,7,6,8,Monday,කළුතර,පානදුර,0.0,0.0,1,0,24.29,23.5,23.9,0.02,0.02,,3.11,,80.13
3124,3125,2020-07-06,07:44:52,2020,7,6,7,Monday,කිලිනොච්චිය,පුනරීන්,0.0,0.0,1,0,24.29,23.5,23.9,0.02,0.02,,3.11,,80.13
3125,3126,2020-07-05,19:09:57,2020,7,5,19,Sunday,කළුතර,හොරේතුඩුව,0.0,0.0,1,0,24.25,23.77,24.08,0.03,0.03,,3.99,,78.39
3126,3127,2020-07-05,16:16:07,2020,7,5,16,Sunday,කුරුණෑගල,පාදෙනිය,0.0,0.0,1,0,24.25,23.77,24.08,0.03,0.03,,3.99,,78.39
3127,3128,2020-07-05,08:59:09,2020,7,5,8,Sunday,කළුතර,හොරේතුඩුව,0.0,0.0,1,0,24.25,23.77,24.08,0.03,0.03,,3.99,,78.39
3128,3129,2020-07-01,12:03:13,2020,7,1,12,Wednesday,වවුනියාව,සෙට්ටිකුලම,0.0,0.0,1,0,23.52,22.99,23.25,0.01,0.01,,3.77,,80.8
3130,3131,2020-06-29,16:15:31,2020,6,29,16,Monday,,ඩකා,0.0,0.0,23,0,23.56,23.12,23.33,0.09,0.09,,5.55,,83.29
3131,3132,2020-06-29,10:31:08,2020,6,29,10,Monday,කෑගල්ල,ලග්ගල,0.0,0.0,1,0,23.56,23.12,23.33,0.09,0.09,,5.55,,83.29
3129,3130,2020-06-29,22:49:10,2020,6,29,22,Monday,කුරුණෑගල,බෙරුකැටිය,0.0,0.0,1,0,23.56,23.12,23.33,0.09,0.09,,5.55,,83.29
3132,3133,2020-06-28,18:36:59,2020,6,28,18,Sunday,වවුනියාව,වවුනියාව,0.0,0.0,0,1,23.89,23.5,23.76,0.26,0.26,,4.75,,79.37
3133,3134,2020-06-28,16:45:01,2020,6,28,16,Sunday,ගාල්ල,බද්දේගම,0.0,0.0,0,1,23.89,23.5,23.76,0.26,0.26,,4.75,,79.37
3134,3135,2020-06-27,08:07:40,2020,6,27,8,Saturday,මුලතිව්,වෙලන්කන්නි,0.0,0.0,0,1,24.17,23.58,23.98,0.31,0.31,,5.5,,79.94
3135,3136,2020-06-26,07:01:32,2020,6,26,7,Friday,වවුනියාව,වවුනියාව,0.0,0.0,0,1,24.33,23.77,24.16,0.38,0.38,,4.93,,79.74
3136,3137,2020-06-25,14:11:38,2020,6,25,14,Thursday,කොළඹ,රාජගිරිය,0.0,0.0,1,1,24.14,23.4,23.76,0.25,0.25,,5.67,,82.19
3138,3139,2020-06-24,11:12:08,2020,6,24,11,Wednesday,කොළඹ,කොළඹ,0.0,0.0,0,0,23.9,23.58,23.71,0.03,0.03,,4.54,,79.21
3137,3138,2020-06-24,15:00:18,2020,6,24,15,Wednesday,ගාල්ල,අහංගම,0.0,0.0,1,0,23.9,23.58,23.71,0.03,0.03,,4.54,,79.21
3139,3140,2020-06-21,10:29:55,2020,6,21,10,Sunday,පුත්තලම,නාත්තන්ඩිය,0.0,0.0,1,0,25.04,24.38,24.82,0.04,0.04,,6.83,,80.96
3140,3141,2020-06-21,07:04:33,2020,6,21,7,Sunday,යාපනය,මිරුසුවිල්,0.0,0.0,2,0,25.04,24.38,24.82,0.04,0.04,,6.83,,80.96
3141,3142,2020-06-20,14:16:13,2020,6,20,14,Saturday,,,0.0,0.0,0,0,24.39,23.88,24.15,0.05,0.05,,4.57,,79.78
3142,3143,2020-06-20,08:22:44,2020,6,20,8,Saturday,ගාල්ල,පින්නදූව,0.0,0.0,0,0,24.39,23.88,24.15,0.05,0.05,,4.57,,79.78
3143,3144,2020-06-19,16:47:33,2020,6,19,16,Friday,බදුල්ල,හාලිඇල,0.0,0.0,1,0,24.27,23.74,24.03,0.05,0.05,,4.72,,78.96
3144,3145,2020-06-19,12:21:10,2020,6,19,12,Friday,කළුතර,වාද්දුව,0.0,0.0,0,0,24.27,23.74,24.03,0.05,0.05,,4.72,,78.96
3145,3146,2020-06-19,11:54:13,2020,6,19,11,Friday,කොළඹ,කොළඹ,0.0,0.0,0,0,24.27,23.74,24.03,0.05,0.05,,4.72,,78.96
3147,3148,2020-06-16,09:31:26,2020,6,16,9,Tuesday,රත්නපුර,රක්වාන,0.0,0.0,1,1,24.0,23.87,23.93,0.28,0.28,,3.68,,79.97
3148,3149,2020-06-16,08:12:22,2020,6,16,8,Tuesday,කුරුණෑගල,කටුපොත,0.0,0.0,1,1,24.0,23.87,23.93,0.28,0.28,,3.68,,79.97
3149,3150,2020-06-16,07:05:13,2020,6,16,7,Tuesday,පොළොන්නරුව,පොළොන්නරුව,0.0,0.0,1,1,24.0,23.87,23.93,0.28,0.28,,3.68,,79.97
3146,3147,2020-06-16,16:24:06,2020,6,16,16,Tuesday,යාපනය,නිර්වේලි,0.0,0.0,1,1,24.0,23.87,23.93,0.28,0.28,,3.68,,79.97
3150,3151,2020-06-15,22:51:54,2020,6,15,22,Monday,කොළඹ,වැල්ලවත්ත,0.0,0.0,1,1,24.31,24.06,24.14,0.2,0.2,,4.26,,80.91
3152,3153,2020-06-15,18:07:39,2020,6,15,18,Monday,,,0.0,0.0,0,1,24.31,24.06,24.14,0.2,0.2,,4.26,,80.91
3153,3154,2020-06-15,15:49:28,2020,6,15,15,Monday,කොළඹ,කොළඹ,0.0,0.0,1,1,24.31,24.06,24.14,0.2,0.2,,4.26,,80.91
3154,3155,2020-06-15,10:52:58,2020,6,15,10,Monday,කොළඹ,කොළඹ,0.0,0.0,1,1,24.31,24.06,24.14,0.2,0.2,,4.26,,80.91
3155,3156,2020-06-15,10:08:13,2020,6,15,10,Monday,කොළඹ,පාමංකඩ,0.0,0.0,1,1,24.31,24.06,24.14,0.2,0.2,,4.26,,80.91
3156,3157,2020-06-15,07:39:36,2020,6,15,7,Monday,,,0.0,0.0,0,1,24.31,24.06,24.14,0.2,0.2,,4.26,,80.91
3151,3152,2020-06-15,21:52:37,2020,6,15,21,Monday,කුරුණෑගල,කටුපොත,0.0,0.0,1,1,24.31,24.06,24.14,0.2,0.2,,4.26,,80.91
3158,3159,2020-06-14,10:00:41,2020,6,14,10,Sunday,කොළඹ,කොළඹ,0.0,0.0,1,1,24.96,24.38,24.66,0.14,0.14,,5.91,,81.93
3157,3158,2020-06-14,19:50:43,2020,6,14,19,Sunday,කොළඹ,කොළඹ,0.0,0.0,1,1,24.96,24.38,24.66,0.14,0.14,,5.91,,81.93
3159,3160,2020-06-14,09:30:33,2020,6,14,9,Sunday,,වෙන්ලිං,0.0,0.0,10,1,24.96,24.38,24.66,0.14,0.14,,5.91,,81.93
3161,3162,2020-06-13,11:14:37,2020,6,13,11,Saturday,ගම්පහ,නෑගම,0.0,0.0,1,1,25.24,24.82,25.07,0.15,0.15,,6.5,,83.23
3160,3161,2020-06-13,12:39:03,2020,6,13,12,Saturday,කොළඹ,කොළඹ,0.0,0.0,0,1,25.24,24.82,25.07,0.15,0.15,,6.5,,83.23
3163,3164,2020-06-08,22:39:42,2020,6,8,22,Monday,බදුල්ල,අලුත්තරම,0.0,0.0,0,1,26.03,25.67,25.84,1.95,1.95,,5.63,,85.88
3164,3165,2020-06-08,12:58:01,2020,6,8,12,Monday,කොළඹ,කොළඹ,0.0,0.0,0,1,26.03,25.67,25.84,1.95,1.95,,5.63,,85.88
3165,3166,2020-06-08,11:45:13,2020,6,8,11,Monday,මහනුවර,නාවලපිටිය,0.0,0.0,0,1,26.03,25.67,25.84,1.95,1.95,,5.63,,85.88
3162,3163,2020-06-11,10:10:54,2020,6,11,10,Thursday,නුවරඑළිය,කොටගල,0.0,0.0,1,1,25.65,24.43,24.89,0.2,0.2,,4.98,,83.72
3166,3167,2020-06-06,15:09:25,2020,6,6,15,Saturday,මාතලේ,මඩවලඋල්පත,0.0,0.0,2,1,26.62,26.33,26.53,0.67,0.67,,5.55,,81.69
3167,3168,2020-06-06,11:01:44,2020,6,6,11,Saturday,බදුල්ල,උඩුමුල්ල,0.0,0.0,0,1,26.62,26.33,26.53,0.67,0.67,,5.55,,81.69
3168,3169,2020-06-04,12:13:03,2020,6,4,12,Thursday,පුත්තලම,හලාවත,7.5833,79.8333,0,1,30.02,25.97,27.73,0.85,0.85,,6.35,,83.32
3169,3170,2020-06-03,13:15:15,2020,6,3,13,Wednesday,කොළඹ,රාජගිරිය,6.9167,79.9167,0,0,29.52,25.24,27.07,0.08,0.08,,4.49,,82.06
3170,3171,2020-06-03,13:02:48,2020,6,3,13,Wednesday,කොළඹ,කොළඹ,6.9333,79.85,0,0,29.52,25.24,27.07,0.08,0.08,,4.49,,82.06
3172,3173,2020-06-02,13:00:06,2020,6,2,13,Tuesday,මාතලේ,දඹුල්ල,7.85,80.65,2,1,30.43,24.73,26.88,0.4,0.4,,5.31,,84.43
3171,3172,2020-06-03,09:59:45,2020,6,3,9,Wednesday,වව්නියාව,වව්නියාව,8.75,80.25,2,1,31.69,27.9,29.42,0.27,0.27,,7.41,,74.96
3174,3175,2020-06-01,16:17:34,2020,6,1,16,Monday,කොළඹ,රාජගිරිය,6.9167,79.9167,0,1,28.97,25.9,27.3,0.32,0.32,,4.81,,85.55
3173,3174,2020-06-02,12:50:30,2020,6,2,12,Tuesday,කොළඹ,රාජගිරිය,6.9167,79.9167,0,1,29.08,25.73,27.19,0.17,0.17,,5.1,,83.94
3175,3176,2020-06-01,15:39:19,2020,6,1,15,Monday,නුවරඑළිය,බගවන්තලාව,6.95,80.7,0,0,27.09,21.39,23.74,0.09,0.09,,3.73,,88.53
3176,3177,2020-05-31,14:56:50,2020,5,31,14,Sunday,කිලිනොච්චිය,කිලිනොච්චිය,9.3833,80.4,1,1,32.27,28.01,29.87,0.38,0.38,,6.94,,77.63
3177,3178,2020-05-31,06:50:58,2020,5,31,6,Sunday,කොළඹ,මාලිගාවත්ත,6.9333,79.8667,0,1,29.54,26.4,27.54,2.57,2.57,,5.67,,86.18
3178,3179,2020-05-29,20:44:11,2020,5,29,20,Friday,කොළඹ,මොරටුව,6.7833,79.8833,0,2,27.62,26.04,26.64,5.95,5.95,,4.87,,89.37
3180,3181,2020-05-26,20:00:03,2020,5,26,20,Tuesday,කොළඹ,හෝමාගම,6.85,80.0,0,1,29.07,26.44,27.58,4.85,4.85,,4.99,,89.33
3179,3180,2020-05-27,10:27:53,2020,5,27,10,Wednesday,යාපනය,යාපනය,9.6667,80.0,0,1,31.89,29.17,30.24,0.33,0.33,,8.26,,80.59
3181,3182,2020-05-24,16:46:50,2020,5,24,16,Sunday,නුවරඑළිය,හැටන්,6.9,80.6,1,1,27.51,21.9,24.15,2.77,2.77,,5.81,,88.99
3182,3183,2020-05-24,10:07:15,2020,5,24,10,Sunday,කෑගල්ල,රුවන්වැල්ල,7.0333,80.25,1,1,29.54,26.4,27.77,3.48,3.48,,6.43,,86.7
3184,3185,2020-05-21,19:17:58,2020,5,21,19,Thursday,කොළඹ,මීගොඩ,6.8333,79.95,1,2,28.17,26.26,27.12,8.02,8.02,,6.02,,85.29
3183,3184,2020-05-22,18:36:17,2020,5,22,18,Friday,පොළොන්නරුව,මැදිරිගිරිය,8.0333,80.8667,1,1,30.84,24.71,27.23,3.65,3.65,,6.54,,85.42
3186,3187,2020-05-18,17:52:40,2020,5,18,17,Monday,කළුතර,බේරුවල,6.4667,79.9833,2,3,28.48,27.34,27.98,23.85,23.85,,8.95,,87.03
3185,3186,2020-05-21,07:35:20,2020,5,21,7,Thursday,පුත්තලම,පුත්තලම,8.0333,79.8333,0,1,31.18,26.64,28.49,2.17,2.17,,8.0,,77.19
3187,3188,2020-05-09,11:25:54,2020,5,9,11,Saturday,නුවරඑළිය,බගවන්තලාව,6.95,80.7,0,2,28.54,21.71,24.62,18.11,18.11,,1.45,,86.85
3188,3189,2020-05-09,07:00:56,2020,5,9,7,Saturday,මුලතිව්,මුලතිව්,9.2667,80.55,0,2,32.17,28.24,30.14,12.07,12.07,,2.45,,73.84
3189,3190,2020-05-08,09:23:01,2020,5,8,9,Friday,ගම්පහ,මීගමුව,7.2,79.8333,1,2,29.11,26.06,27.42,6.98,6.98,,3.18,,86.43
3190,3191,2020-05-07,10:46:06,2020,5,7,10,Thursday,පොළොන්නරුව,මින්නේරිය,8.0333,80.9,1,3,32.25,24.85,27.85,23.58,23.58,,2.34,,83.21
3191,3192,2020-05-06,09:57:25,2020,5,6,9,Wednesday,යාපනය,යාපනය,9.6667,80.0167,0,1,32.59,29.56,30.87,2.28,2.28,,5.97,,74.01
3192,3193,2020-04-30,17:40:45,2020,4,30,17,Thursday,යාපනය,යාපනය,9.6667,80.0,0,1,31.59,29.1,30.3,0.92,0.92,,2.21,,72.65
3193,3194,2020-04-30,11:09:24,2020,4,30,11,Thursday,කොළඹ,බණ්ඩාරගම,6.7167,79.9833,1,2,29.33,26.47,27.92,5.05,5.05,,2.25,,81.09
3194,3195,2020-04-28,08:26:31,2020,4,28,8,Tuesday,ගාල්ල,අම්බලන්ගොඩ,6.2333,80.05,0,2,28.93,28.41,28.68,9.28,9.28,,5.25,,81.51
3195,3196,2020-04-24,11:48:01,2020,4,24,11,Friday,මාතලේ,දඹුල්ල,7.85,80.65,1,2,31.12,25.23,27.65,14.56,14.56,,2.27,,83.02
3197,3198,2020-04-24,07:55:13,2020,4,24,7,Friday,මාතලේ,දඹුල්ල,7.85,80.65,1,2,31.12,25.23,27.65,14.56,14.56,,2.27,,83.02
3198,3199,2020-04-21,10:09:43,2020,4,21,10,Tuesday,නුවරඑළිය,නාවලපිටිය,7.05,80.5333,1,1,30.58,21.44,25.39,1.04,1.04,,1.32,,80.01
3196,3197,2020-04-24,11:17:17,2020,4,24,11,Friday,ගාල්ල,බද්දේගම,6.1167,80.3333,0,2,29.07,27.03,27.85,5.33,5.33,,3.52,,83.22
3199,3200,2020-04-15,18:43:43,2020,4,15,18,Wednesday,කෑගල්ල,වරකාපොළ,7.15,80.3667,1,1,30.35,20.97,25.03,4.6,4.6,,1.44,,81.05
3200,3201,2020-04-14,12:54:27,2020,4,14,12,Tuesday,කොළඹ,කොළඹ,6.9333,79.85,0,2,31.04,26.28,28.32,18.62,18.62,,1.67,,76.26
3202,3203,2020-04-14,07:50:04,2020,4,14,7,Tuesday,කොළඹ,කොළඹ,6.9333,79.85,0,2,31.04,26.28,28.32,18.62,18.62,,1.67,,76.26
3203,3204,2020-04-13,18:44:07,2020,4,13,18,Monday,මුලතිව්,මුලතිව්,9.2667,80.6,1,1,31.73,27.34,29.39,0.65,0.65,,4.08,,72.42
3201,3202,2020-04-14,10:42:29,2020,4,14,10,Tuesday,ගම්පහ,වාද්දූව,6.6667,79.9333,0,2,30.34,26.51,28.34,17.54,17.54,,2.06,,79.81
3204,3205,2020-04-10,15:18:29,2020,4,10,15,Friday,කොළඹ,බොරැල්ල,6.9167,79.8833,0,2,31.38,25.43,28.2,7.89,7.89,,1.97,,76.79
3205,3206,2020-04-10,08:54:07,2020,4,10,8,Friday,මන්නාරම,මන්නාරම,8.9667,79.9,2,1,34.58,26.94,30.45,0.59,0.59,,3.86,,66.15
3206,3207,2020-04-06,11:21:06,2020,4,6,11,Monday,මාතලේ,දඹුල්ල,7.85,80.65,2,0,37.76,23.33,29.88,0.1,0.1,,3.01,,58.61
3207,3208,2020-03-31,07:18:26,2020,3,31,7,Tuesday,රත්නපුර,කහවත්ත,6.45,80.5167,1,2,32.42,21.95,26.54,7.72,7.72,,1.48,,77.25
3208,3209,2020-03-21,18:36:56,2020,3,21,18,Saturday,ගම්පහ,වේයන්ගොඩ,6.9833,80.0,1,1,31.09,25.14,27.79,1.31,1.31,,1.88,,74.38
3209,3210,2020-03-20,17:12:16,2020,3,20,17,Friday,කොළඹ,කොළඹ,6.9333,79.85,0,1,30.51,25.9,27.78,1.73,1.73,,1.55,,76.93
3210,3211,2020-03-17,08:46:54,2020,3,17,8,Tuesday,ගාල්ල,බද්දේගම,6.1167,80.3333,1,2,30.51,26.07,27.87,6.69,6.69,,5.3,,81.48
3212,3213,2020-03-13,17:17:34,2020,3,13,17,Friday,,,0.0,0.0,0,2,28.96,28.39,28.6,5.47,5.47,,5.37,,84.14
3211,3212,2020-03-14,09:21:50,2020,3,14,9,Saturday,කොළඹ,බණ්ඩාරගම,6.7167,79.9833,1,1,30.65,25.05,27.72,0.51,0.51,,1.73,,78.01
3213,3214,2020-03-13,12:10:40,2020,3,13,12,Friday,පොළොන්නරුව,දිඹුලාගල,7.9167,80.9833,1,0,32.37,23.79,27.32,0.03,0.03,,3.66,,73.05
3214,3215,2020-03-12,16:13:57,2020,3,12,16,Thursday,කොළඹ,නුගේගොඩ,6.8667,79.8833,0,1,31.93,24.71,27.97,0.19,0.19,,1.5,,71.93
3215,3216,2020-03-12,15:21:19,2020,3,12,15,Thursday,වව්නියාව,වව්නියාව,8.75,80.25,0,0,33.37,24.32,28.25,0.0,0.0,,4.56,,68.49
3217,3218,2020-03-12,13:13:49,2020,3,12,13,Thursday,කොළඹ,නුගේගොඩ,6.8667,79.8833,0,1,31.93,24.71,27.97,0.19,0.19,,1.5,,71.93
3216,3217,2020-03-12,13:21:24,2020,3,12,13,Thursday,,,0.0,0.0,0,1,28.71,28.09,28.44,1.24,1.24,,4.03,,83.75
3218,3219,2020-03-10,20:53:58,2020,3,10,20,Tuesday,,,0.0,0.0,0,1,29.1,28.58,28.82,3.0,3.0,,4.53,,78.85
3219,3220,2020-03-10,18:06:01,2020,3,10,18,Tuesday,කොළඹ,කොළඹ,6.9333,79.85,0,1,31.84,24.48,27.96,2.12,2.12,,1.8,,72.67
3220,3221,2020-03-10,17:07:19,2020,3,10,17,Tuesday,ගාල්ල,ඉමදූව,6.1167,80.1667,1,1,29.97,26.84,28.36,0.61,0.61,,3.63,,75.56
3222,3223,2020-03-10,07:22:00,2020,3,10,7,Tuesday,කොළඹ,නුගේගොඩ,6.8667,79.8833,0,1,31.84,24.48,27.96,2.12,2.12,,1.8,,72.67
3221,3222,2020-03-10,12:46:26,2020,3,10,12,Tuesday,කොළඹ,නුගේගොඩ,6.8667,79.8833,0,1,31.84,24.48,27.96,2.12,2.12,,1.8,,72.67
3223,3224,2020-03-09,11:53:01,2020,3,9,11,Monday,බදුල්ල,බදුල්ල,6.9833,81.05,0,1,30.31,19.87,24.3,0.73,0.73,,2.54,,81.38
3224,3225,2020-03-09,11:16:16,2020,3,9,11,Monday,අනුරාධපුර,තිරප්පනේ,8.2333,80.5667,0,0,35.45,21.65,27.51,0.02,0.02,,3.83,,70.02
3225,3226,2020-03-09,06:31:25,2020,3,9,6,Monday,හම්බන්තොට,ලුණුගම්වෙහෙර,6.1833,80.95,6,1,30.17,26.38,28.15,0.28,0.28,,5.12,,74.83
3226,3227,2020-03-08,16:01:50,2020,3,8,16,Sunday,පුත්තලම,මාරවිල,7.75,79.9333,2,0,34.62,24.69,29.04,0.01,0.01,,3.32,,68.86
3227,3228,2020-03-06,12:16:57,2020,3,6,12,Friday,කොළඹ,කොළඹ,6.9333,79.85,0,2,30.4,25.17,27.31,7.74,7.74,,3.33,,82.21
3228,3229,2020-03-06,10:53:48,2020,3,6,10,Friday,Unknown,Unknown,0.0,0.0,0,1,28.98,28.5,28.79,1.2,1.2,,4.99,,78.99
3229,3230,2020-03-05,17:35:05,2020,3,5,17,Thursday,රත්නපුර,බලංගොඩ,6.65,80.6,1,1,29.99,22.07,25.31,1.91,1.91,,1.49,,85.87
3230,3231,2020-03-04,14:21:18,2020,3,4,14,Wednesday,කොළඹ,කොළඹ,6.9333,79.85,0,0,31.45,24.64,27.83,0.05,0.05,,1.74,,72.35
3231,3232,2020-03-03,10:19:43,2020,3,3,10,Tuesday,යාපනය,යාපනය,9.6667,80.0,1,0,30.29,25.63,27.75,0.0,0.0,,3.77,,67.41
3232,3233,2020-03-02,10:58:23,2020,3,2,10,Monday,මාතලේ,මාතලේ,7.4667,80.6167,0,0,32.17,19.81,25.3,0.0,0.0,,2.26,,75.14
3233,3234,2020-03-02,10:02:57,2020,3,2,10,Monday,මාතර,දික්වැල්ල,5.9667,80.6667,1,1,29.97,25.67,27.66,0.65,0.65,,2.33,,77.63
3234,3235,2020-02-27,17:07:04,2020,2,27,17,Thursday,මොණරාගල,වැල්ලවාය,6.7333,81.1,1,0,30.19,21.73,25.43,0.01,0.01,,4.63,,84.9
3235,3236,2020-02-25,17:06:40,2020,2,25,17,Tuesday,කොළඹ,කොළඹ,6.9333,79.85,1,1,31.63,24.36,27.89,0.26,0.26,,2.41,,76.51
3236,3237,2020-02-25,16:05:23,2020,2,25,16,Tuesday,කොළඹ,කොළඹ,6.9333,79.85,1,1,31.63,24.36,27.89,0.26,0.26,,2.41,,76.51
3237,3238,2020-02-25,10:21:54,2020,2,25,10,Tuesday,මොණරාගල,වැල්ලවාය,6.7333,81.1,1,1,29.94,23.21,25.97,0.46,0.46,,4.27,,85.09
3238,3239,2020-02-24,20:12:50,2020,2,24,20,Monday,කොළඹ,කොළඹ,6.9333,79.85,0,1,31.26,23.49,27.39,0.16,0.16,,3.58,,76.52
3240,3241,2020-02-24,15:14:21,2020,2,24,15,Monday,කොළඹ,කොළඹ,6.9333,79.85,0,1,31.26,23.49,27.39,0.16,0.16,,3.58,,76.52
3239,3240,2020-02-24,19:20:20,2020,2,24,19,Monday,වව්නියාව,ඕමන්ත,8.9,80.45,5,1,29.92,24.54,26.73,0.33,0.33,,4.98,,78.29
3241,3242,2020-02-23,21:10:20,2020,2,23,21,Sunday,වව්නියාව,ඕමන්ත,8.9,80.45,4,1,30.13,24.27,26.64,0.59,0.59,,5.94,,78.86
3242,3243,2020-02-23,15:06:20,2020,2,23,15,Sunday,පොළොන්නරුව,හබරණ,8.0833,80.95,2,1,28.51,24.35,26.08,4.16,4.16,,5.67,,84.66
3243,3244,2020-02-23,14:05:47,2020,2,23,14,Sunday,,,0.0,0.0,0,1,28.51,28.0,28.27,2.07,2.07,,4.87,,81.91
3244,3245,2020-02-23,10:17:12,2020,2,23,10,Sunday,ගම්පහ,කටුනායක,7.1667,79.9,1,1,31.33,23.61,26.82,0.86,0.86,,5.2,,80.43
3245,3246,2020-02-21,08:50:39,2020,2,21,8,Friday,,,0.0,0.0,0,1,28.74,28.19,28.41,0.49,0.49,,4.09,,84.17
3246,3247,2020-02-21,08:29:56,2020,2,21,8,Friday,මාතලේ,දඹුල්ල,7.85,80.65,2,2,30.72,23.39,26.44,9.43,9.43,,5.35,,85.86
3247,3248,2020-02-20,11:00:29,2020,2,20,11,Thursday,,,0.0,0.0,0,1,28.49,27.93,28.26,2.61,2.61,,4.25,,82.85
3248,3249,2020-02-19,19:44:29,2020,2,19,19,Wednesday,,,0.0,0.0,0,1,28.29,27.81,28.06,0.92,0.92,,3.73,,83.6
3250,3251,2020-02-18,07:30:55,2020,2,18,7,Tuesday,පුත්තලම,හලාවත,7.5833,79.8333,0,0,30.66,20.64,25.27,0.0,0.0,,5.52,,72.7
3249,3250,2020-02-18,13:55:16,2020,2,18,13,Tuesday,පුත්තලම,හලාවත,7.5833,79.8333,0,0,30.66,20.64,25.27,0.0,0.0,,5.52,,72.7
3251,3252,2020-02-16,13:53:53,2020,2,16,13,Sunday,මඩකලපුව,මඩකලපුව,7.7167,81.6667,2,1,28.15,25.78,26.79,0.29,0.29,,4.19,,79.97
3252,3253,2020-02-15,13:56:45,2020,2,15,13,Saturday,මොණරාගල,වැල්ලවාය,6.7333,81.1,1,1,30.42,22.06,25.77,0.35,0.35,,3.23,,84.94
3253,3254,2020-02-14,13:17:11,2020,2,14,13,Friday,,,0.0,0.0,0,1,28.04,27.42,27.66,0.19,0.19,,1.8,,83.35
3254,3255,2020-02-13,16:50:13,2020,2,13,16,Thursday,කොළඹ,කොළොන්නාව,6.95,79.9333,0,1,30.57,24.08,26.66,1.34,1.34,,6.01,,81.82
3255,3256,2020-02-12,10:38:21,2020,2,12,10,Wednesday,Unknown,Unknown,0.0,0.0,2,1,27.61,27.25,27.39,0.76,0.76,,2.82,,85.41
3256,3257,2020-02-11,06:47:40,2020,2,11,6,Tuesday,බදුල්ල,බදුල්ල,6.9833,81.05,0,1,27.39,19.5,22.99,1.57,1.57,,4.15,,88.64
3257,3258,2020-02-11,06:37:54,2020,2,11,6,Tuesday,කොළඹ,රාජගිරිය,6.9167,79.9167,0,1,30.42,22.16,25.99,0.33,0.33,,5.16,,79.1
3258,3259,2020-02-10,10:19:21,2020,2,10,10,Monday,ගාල්ල,හබරාදූව,6.0333,80.1167,1,0,29.21,25.36,27.42,0.01,0.01,,4.12,,72.09
3259,3260,2020-02-08,17:15:01,2020,2,8,17,Saturday,ගාල්ල,අකුරල,6.0833,80.0667,1,0,28.62,26.21,27.44,0.09,0.09,,1.99,,76.24
3260,3261,2020-02-08,15:50:30,2020,2,8,15,Saturday,කුරුණෑගල,වාරියපොල,7.6333,80.1667,1,0,30.53,22.11,25.92,0.0,0.0,,3.65,,76.48
3261,3262,2020-02-08,07:47:37,2020,2,8,7,Saturday,මහනුවර,මැණික්හින්න,7.2167,80.7333,4,0,27.87,16.97,21.96,0.0,0.0,,1.93,,83.64
3262,3263,2020-02-08,07:11:34,2020,2,8,7,Saturday,බදුල්ල,බදුල්ල,6.9833,81.05,0,0,28.21,18.02,22.53,0.0,0.0,,2.35,,85.89
3263,3264,2020-02-07,09:44:07,2020,2,7,9,Friday,අනුරාධපුර,හොරොව්පතාන,8.55,80.55,1,0,29.28,20.49,24.18,0.0,0.0,,3.33,,81.02
3264,3265,2020-02-06,12:45:08,2020,2,6,12,Thursday,,,0.0,0.0,0,1,27.72,27.12,27.38,0.59,0.59,,2.52,,83.25
3265,3266,2020-02-06,07:59:45,2020,2,6,7,Thursday,ත්‍රිකුණාමලය,ත්‍රිකුණාමලය,8.5667,81.2333,1,0,28.0,24.99,26.3,0.0,0.0,,4.31,,76.14
3266,3267,2020-02-05,18:48:45,2020,2,5,18,Wednesday,වව්නියාව,වව්නියාව,8.75,80.25,1,0,29.01,24.48,26.37,0.0,0.0,,4.89,,77.67
3267,3268,2020-02-03,08:28:45,2020,2,3,8,Monday,කෑගල්ල,කඩුගන්නාව,7.25,80.5167,0,0,27.79,18.48,22.76,0.0,0.0,,3.5,,86.96
3268,3269,2020-02-03,07:08:31,2020,2,3,7,Monday,කොළඹ,අවිස්සාවේල්ල,6.95,80.2167,3,0,29.6,22.7,25.88,0.05,0.05,,4.3,,78.06
3269,3270,2020-02-01,17:46:22,2020,2,1,17,Saturday,කුරුණෑගල,වාරියපොල,7.6333,80.1667,1,0,29.54,20.59,24.74,0.0,0.0,,4.65,,81.76
3270,3271,2020-01-31,16:58:22,2020,1,31,16,Friday,පුත්තලම,කහටගස්දිගිලිය,7.9833,80.0833,1,0,29.79,20.49,24.79,0.0,0.0,,4.63,,83.74
3271,3272,2020-01-29,16:25:09,2020,1,29,16,Wednesday,කොළඹ,කොළඹ,6.9333,79.85,0,1,29.8,21.9,25.84,0.16,0.16,,2.21,,73.47
3272,3273,2020-01-28,14:32:05,2020,1,28,14,Tuesday,ගාල්ල,පින්නදූව,6.0667,80.1,1,1,28.4,26.16,27.19,0.7,0.7,,2.54,,71.91
3273,3274,2020-01-28,09:42:04,2020,1,28,9,Tuesday,පුත්තලම,හලාවත,7.5833,79.8333,1,0,29.66,21.42,25.14,0.03,0.03,,3.6,,76.92
3275,3276,2020-01-27,06:01:11,2020,1,27,6,Monday,,,0.0,0.0,0,1,28.4,27.68,27.96,1.61,1.61,,3.37,,85.15
3274,3275,2020-01-27,15:51:41,2020,1,27,15,Monday,,,0.0,0.0,0,1,28.4,27.68,27.96,1.61,1.61,,3.37,,85.15
3276,3277,2020-01-26,11:19:46,2020,1,26,11,Sunday,නුවරඑළිය,වටවල,6.9667,80.55,0,0,26.88,16.96,21.5,0.03,0.03,,2.76,,85.88
3277,3278,2020-01-25,16:04:14,2020,1,25,16,Saturday,කිලිනොච්චිය,කිලිනොච්චිය,9.3833,80.4,0,0,27.93,25.62,26.59,0.09,0.09,,5.15,,75.56
3278,3279,2020-01-25,10:56:11,2020,1,25,10,Saturday,පුත්තලම,ඒරියාගම,7.9,80.0833,0,0,29.74,22.77,25.72,0.0,0.0,,4.95,,82.53
3279,3280,2020-01-24,15:15:49,2020,1,24,15,Friday,හම්බන්තොට,අම්බලන්තොට,6.2333,80.85,0,1,29.81,25.39,27.21,0.55,0.55,,6.07,,83.38
3280,3281,2020-01-24,10:15:23,2020,1,24,10,Friday,Unknown,Unknown,0.0,0.0,2,0,28.6,27.95,28.29,0.08,0.08,,1.76,,78.83
3281,3282,2020-01-22,16:50:48,2020,1,22,16,Wednesday,පොළොන්නරුව,මින්නේරිය,8.0333,80.9,0,2,29.14,23.09,25.39,7.72,7.72,,5.21,,90.8
3282,3283,2020-01-22,12:50:26,2020,1,22,12,Wednesday,Unknown,Unknown,0.0,0.0,0,1,27.77,26.17,26.85,1.97,1.97,,4.26,,85.75
3283,3284,2020-01-22,09:19:57,2020,1,22,9,Wednesday,කුරුණෑගල,නාරම්මල,7.4333,80.3667,1,2,28.31,22.58,24.62,10.95,10.95,,5.45,,91.82
3284,3285,2020-01-21,14:34:03,2020,1,21,14,Tuesday,වවුනියාව,වවුනියාව,8.75,80.25,0,1,28.73,24.7,26.33,0.43,0.43,,5.79,,81.4
3285,3286,2020-01-21,09:48:54,2020,1,21,9,Tuesday,මන්නාරම,මන්නාරම,8.9667,79.9,0,1,28.73,24.7,26.33,0.43,0.43,,5.79,,81.4
3287,3288,2020-01-20,11:48:17,2020,1,20,11,Monday,ගාල්ල,අම්බලන්ගොඩ,6.2333,80.05,0,2,29.53,26.29,27.84,5.1,5.1,,3.39,,79.73
3286,3287,2020-01-20,20:07:06,2020,1,20,20,Monday,Unknown,Unknown,0.0,0.0,6,1,27.88,26.76,27.37,0.89,0.89,,2.5,,84.6
3288,3289,2020-01-20,08:38:15,2020,1,20,8,Monday,කෑගල්ල,ගලිගමුව,7.2,80.3,2,1,30.18,23.6,26.5,2.6,2.6,,4.94,,83.29
3289,3290,2020-01-20,07:35:45,2020,1,20,7,Monday,හම්බන්තොට,හුංගම,6.1333,80.9333,4,1,29.57,25.16,27.22,3.44,3.44,,5.29,,83.27
3290,3291,2020-01-19,21:56:08,2020,1,19,21,Sunday,හම්බන්තොට,හුංගම,6.1333,80.9333,4,2,29.3,25.04,27.01,7.49,7.49,,5.19,,84.86
3291,3292,2020-01-18,11:04:58,2020,1,18,11,Saturday,කුරුණෑගල,නාරම්මල,7.4333,80.3667,2,1,28.7,20.57,24.12,0.6,0.6,,3.25,,89.41
3293,3294,2020-01-17,15:57:09,2020,1,17,15,Friday,නුවරඑළිය,නාවලපිටිය,7.05,80.5333,0,1,27.13,18.55,22.42,3.8,3.8,,2.0,,88.25
3292,3293,2020-01-18,07:05:25,2020,1,18,7,Saturday,,,0.0,0.0,0,1,27.11,26.49,26.84,0.65,0.65,,2.08,,86.91
3295,3296,2020-01-17,09:01:14,2020,1,17,9,Friday,පුත්තලම,රන්පත්විල,8.0333,80.1,1,1,29.89,22.78,26.02,1.24,1.24,,3.99,,86.41
3294,3295,2020-01-17,12:50:05,2020,1,17,12,Friday,,,0.0,0.0,0,1,27.49,27.02,27.31,1.15,1.15,,4.67,,86.86
3296,3297,2020-01-16,16:05:04,2020,1,16,16,Thursday,Unknown,Unknown,0.0,0.0,2,1,27.66,27.4,27.59,1.78,1.78,,3.33,,84.91
3297,3298,2020-01-16,14:01:53,2020,1,16,14,Thursday,පොළොන්නරුව,හබරන,8.0833,80.95,0,1,28.46,22.8,25.28,3.76,3.76,,3.03,,85.27
3298,3299,2020-01-16,10:53:40,2020,1,16,10,Thursday,රත්නපුර,බලංගොඩ,6.65,80.6,1,1,29.29,18.33,23.78,0.59,0.59,,1.72,,83.73
3299,3300,2020-01-16,09:35:18,2020,1,16,9,Thursday,කෑගල්ල,දංඕවිට,7.1667,80.3167,0,1,26.95,15.53,21.36,1.04,1.04,,2.05,,86.72
3300,3301,2020-01-14,09:57:33,2020,1,14,9,Tuesday,නුවරඑළිය,ගිනිගත්හේන,6.95,80.6167,0,0,25.22,15.13,19.62,0.0,0.0,,2.91,,86.03
3302,3303,2020-01-13,10:28:32,2020,1,13,10,Monday,බදුල්ල,මඩොල්සිම,7.0,81.0,0,0,26.57,17.84,21.62,0.01,0.01,,3.37,,86.43
3301,3302,2020-01-14,08:27:46,2020,1,14,8,Tuesday,කෑගල්ල,වරකාපොළ,7.15,80.3667,1,0,25.22,15.13,19.62,0.0,0.0,,2.91,,86.03
3303,3304,2020-01-13,06:33:59,2020,1,13,6,Monday,මුලතිව්,මුලතිව්,9.2667,80.55,1,0,27.32,25.03,26.13,0.0,0.0,,5.16,,66.87
3304,3305,2020-01-12,13:57:03,2020,1,12,13,Sunday,කුරුණෑගල,පාදෙණිය,7.6167,80.1,2,0,28.74,22.53,25.56,0.04,0.04,,6.64,,82.51
3305,3306,2020-01-11,14:05:34,2020,1,11,14,Saturday,මුලතිව්,මුලතිව්,9.2667,80.55,1,1,27.83,25.64,26.68,0.11,0.11,,6.12,,74.46
3306,3307,2020-01-09,13:05:09,2020,1,9,13,Thursday,,,0.0,0.0,0,2,28.66,27.32,28.13,6.08,6.08,,3.58,,79.21
3307,3308,2020-01-09,10:35:05,2020,1,9,10,Thursday,ගාල්ල,ඇල්පිටිය,6.3333,80.2333,1,0,29.31,23.02,26.36,0.04,0.04,,3.54,,76.64
3308,3309,2020-01-08,13:41:55,2020,1,8,13,Wednesday,,,0.0,0.0,0,1,28.84,28.08,28.46,1.98,1.98,,2.53,,72.49
3309,3310,2020-01-08,13:38:23,2020,1,8,13,Wednesday,,,0.0,0.0,0,1,28.84,28.08,28.46,1.98,1.98,,2.53,,72.49
3310,3311,2020-01-08,09:38:17,2020,1,8,9,Wednesday,,,0.0,0.0,0,1,28.84,28.08,28.46,1.98,1.98,,2.53,,72.49
3312,3313,2020-01-07,16:44:14,2020,1,7,16,Tuesday,කුරුණෑගල,කුරුණෑගල,7.4833,80.3667,0,2,27.82,20.92,23.95,5.22,5.22,,4.42,,90.36
3311,3312,2020-01-07,20:18:53,2020,1,7,20,Tuesday,පුත්තලම,පුත්තලම,8.0333,79.8333,0,1,29.73,23.94,26.19,1.63,1.63,,5.57,,86.2
3314,3315,2020-01-06,19:29:30,2020,1,6,19,Monday,බදුල්ල,හපුතලේ,6.7667,80.8667,2,1,26.3,18.42,21.99,2.34,2.34,,3.66,,90.28
3313,3314,2020-01-07,08:50:41,2020,1,7,8,Tuesday,වව්නියාව,ඕමන්ත,8.9,80.45,1,2,28.78,24.23,26.03,8.46,8.46,,5.12,,85.1
3315,3316,2020-01-06,18:09:47,2020,1,6,18,Monday,බදුල්ල,මඩොල්සිම,7.0,81.0,12,1,26.99,20.34,23.29,4.68,4.68,,3.49,,92.28
3316,3317,2020-01-06,17:04:28,2020,1,6,17,Monday,බදුල්ල,මහියංගනය,7.2833,81.0833,0,2,28.07,22.07,24.71,6.7,6.7,,3.52,,90.55
3317,3318,2020-01-06,16:24:15,2020,1,6,16,Monday,හම්බන්තොට,බඳගිරිය,6.2333,80.9833,1,1,28.46,26.25,27.24,1.19,1.19,,6.48,,84.11
3318,3319,2020-01-06,12:24:16,2020,1,6,12,Monday,,,0.0,0.0,0,1,28.79,28.38,28.61,2.33,2.33,,2.14,,72.28
3319,3320,2020-01-06,11:36:27,2020,1,6,11,Monday,කොළඹ,කොළඹ,6.9333,79.85,0,1,29.8,23.34,26.37,0.31,0.31,,4.06,,82.52
3320,3321,2020-01-06,10:05:59,2020,1,6,10,Monday,කුරුණෑගල,බිංගිරිය,7.6167,80.1667,1,1,29.4,23.64,26.19,0.28,0.28,,5.64,,86.06
3321,3322,2020-01-05,18:58:56,2020,1,5,18,Sunday,බදුල්ල,හපුතලේ,6.7667,80.8667,2,1,27.27,18.39,22.44,1.01,1.01,,2.54,,87.92
3322,3323,2020-01-04,10:40:55,2020,1,4,10,Saturday,ගම්පහ,රාගම,7.0333,79.9167,1,2,29.69,24.64,27.06,8.44,8.44,,1.26,,82.67
3323,3324,2020-01-04,09:17:04,2020,1,4,9,Saturday,මාතලේ,දඹුල්ල,7.85,80.65,0,0,29.65,22.27,25.4,0.07,0.07,,3.23,,89.25
3324,3325,2020-01-04,08:20:38,2020,1,4,8,Saturday,නුවරඑළිය,හැටන්,6.9,80.6,0,2,27.31,19.24,22.91,5.19,5.19,,2.0,,88.49
3325,3326,2020-01-04,08:14:02,2020,1,4,8,Saturday,අනුරාධපුර,තඹුත්තේගම,8.1167,80.4,1,0,29.65,22.27,25.4,0.07,0.07,,3.23,,89.25
3326,3327,2020-01-04,07:38:33,2020,1,4,7,Saturday,බදුල්ල,හපුතලේ,6.7667,80.8667,0,2,27.31,19.24,22.91,5.19,5.19,,2.0,,88.49
3327,3328,2020-01-04,06:37:59,2020,1,4,6,Saturday,ගාල්ල,ගාල්ල,6.0333,80.2167,0,1,28.93,26.48,27.72,4.13,4.13,,2.93,,81.31
3328,3329,2020-01-03,18:09:08,2020,1,3,18,Friday,කොළඹ,බණ්ඩාරගම,6.7167,79.9833,4,1,29.9,24.81,27.23,2.06,2.06,,1.59,,80.36
3329,3330,2020-01-03,17:35:20,2020,1,3,17,Friday,ගම්පහ,රාගම,7.0333,79.9167,0,1,30.76,24.66,27.46,2.49,2.49,,1.75,,79.13
3330,3331,2020-01-03,13:02:51,2020,1,3,13,Friday,රත්නපුර,ඇඹිලිපිටිය,6.3333,80.45,2,1,29.0,21.69,24.75,2.0,2.0,,2.8,,88.39
3331,3332,2020-01-03,08:13:37,2020,1,3,8,Friday,ගාල්ල,උඩුගම,6.1333,80.2667,1,1,28.94,26.45,27.68,1.51,1.51,,4.57,,82.35
3332,3333,2020-01-02,15:28:51,2020,1,2,15,Thursday,ගාල්ල,අම්බලන්තොට,6.2333,80.05,2,2,28.78,26.48,27.62,7.26,7.26,,3.74,,83.66
3333,3334,2020-01-02,14:44:55,2020,1,2,14,Thursday,,,0.0,0.0,0,1,28.39,26.69,27.74,0.44,0.44,,1.34,,67.65
3334,3335,2020-01-02,10:17:54,2020,1,2,10,Thursday,කුරුණෑගල,නාරම්මල,7.4333,80.3667,1,2,28.89,21.63,24.65,5.74,5.74,,3.32,,91.58
3335,3336,2020-01-02,07:19:22,2020,1,2,7,Thursday,කොළඹ,කොළඹ,6.9333,79.85,0,2,30.78,24.29,27.37,13.41,13.41,,1.69,,81.28
3336,3337,2019-12-31,19:45:25,2019,12,31,19,Tuesday,කෑගල්ල,වරකාපොල,7.15,80.3667,4,1,26.99,17.7,22.38,0.67,0.67,,1.71,,86.48
3337,3338,2019-12-31,18:49:39,2019,12,31,18,Tuesday,Unknown,Unknown,0.0,0.0,0,1,28.31,27.37,27.77,0.11,0.11,,2.0,,81.89
3339,3340,2019-12-31,12:34:13,2019,12,31,12,Tuesday,කෑගල්ල,වරකාපොල,7.15,80.3667,4,1,26.99,17.7,22.38,0.67,0.67,,1.71,,86.48
3338,3339,2019-12-31,15:19:49,2019,12,31,15,Tuesday,පොළොන්නරුව,මින්නේරිය,8.0333,80.9,0,0,29.91,21.18,25.06,0.04,0.04,,3.02,,89.5
3341,3342,2019-12-31,07:12:01,2019,12,31,7,Tuesday,කෑගල්ල,වරකාපොල,7.15,80.3667,4,1,26.99,17.7,22.38,0.67,0.67,,1.71,,86.48
3340,3341,2019-12-31,10:13:29,2019,12,31,10,Tuesday,නුවරඑළිය,හෙම්මාතගම,7.0333,80.5,0,1,26.99,17.7,22.38,0.67,0.67,,1.71,,86.48
3342,3343,2019-12-30,09:00:38,2019,12,30,9,Monday,වවුනියාව,වවුනියාව,8.75,80.25,0,0,28.29,24.19,26.0,0.01,0.01,,4.62,,81.67
3343,3344,2019-12-30,08:07:17,2019,12,30,8,Monday,මාතලේ,උකුවෙල,7.55,80.6833,3,0,27.64,18.5,22.85,0.0,0.0,,3.03,,88.15
3344,3345,2019-12-29,18:54:35,2019,12,29,18,Sunday,කොළඹ,කොළඹ,6.9333,79.85,0,0,28.8,22.17,25.29,0.04,0.04,,4.45,,79.7
3345,3346,2019-12-29,16:07:48,2019,12,29,16,Sunday,,,0.0,0.0,0,2,28.37,27.25,27.86,9.16,9.16,,2.47,,75.65
3346,3347,2019-12-29,12:38:28,2019,12,29,12,Sunday,Unknown,Unknown,0.0,0.0,0,2,28.37,27.25,27.86,9.16,9.16,,2.47,,75.65
3347,3348,2019-12-27,19:40:47,2019,12,27,19,Friday,,,0.0,0.0,0,1,28.19,27.36,27.73,0.53,0.53,,2.45,,82.78
3348,3349,2019-12-27,07:38:18,2019,12,27,7,Friday,රත්නපුර,ඇඹිලිපිටිය,6.3333,80.45,3,1,28.74,19.17,23.72,0.93,0.93,,2.06,,85.79
3349,3350,2019-12-26,20:50:23,2019,12,26,20,Thursday,කොළඹ,කොළඹ,6.9333,79.85,0,1,29.78,23.5,26.33,2.25,2.25,,3.37,,80.37
3350,3351,2019-12-26,19:23:26,2019,12,26,19,Thursday,Unknown,Unknown,0.0,0.0,0,1,27.97,27.21,27.62,0.29,0.29,,1.52,,78.64
3352,3353,2019-12-26,11:04:08,2019,12,26,11,Thursday,කොළඹ,කොළඹ,6.9333,79.85,0,1,29.78,23.5,26.33,2.25,2.25,,3.37,,80.37
3351,3352,2019-12-26,18:25:01,2019,12,26,18,Thursday,නුවරඑළිය,නානුඔය,7.0,80.7333,1,1,26.47,18.07,21.66,2.02,2.02,,2.43,,88.18
3353,3354,2019-12-24,19:02:46,2019,12,24,19,Tuesday,කොළඹ,කොළඹ,6.9333,79.85,0,1,29.47,24.62,26.62,4.28,4.28,,1.67,,83.52
3355,3356,2019-12-24,13:01:06,2019,12,24,13,Tuesday,කොළඹ,කොළඹ,6.9333,79.85,0,1,29.47,24.62,26.62,4.28,4.28,,1.67,,83.52
3354,3355,2019-12-24,16:03:18,2019,12,24,16,Tuesday,මොණරාගල,මොණරාගල,6.8667,81.5333,1,1,27.55,21.55,24.14,0.61,0.61,,2.46,,91.49
3356,3357,2019-12-24,11:32:00,2019,12,24,11,Tuesday,බදුල්ල,ඇල්ල,6.8833,81.0333,1,1,27.55,21.55,24.14,0.61,0.61,,2.46,,91.49
3358,3359,2019-12-24,08:59:46,2019,12,24,8,Tuesday,කොළඹ,කොළඹ,6.9333,79.85,0,1,29.47,24.62,26.62,4.28,4.28,,1.67,,83.52
3359,3360,2019-12-24,07:08:25,2019,12,24,7,Tuesday,කොළඹ,කොළඹ,6.9333,79.85,0,1,29.47,24.62,26.62,4.28,4.28,,1.67,,83.52
3357,3358,2019-12-24,10:56:28,2019,12,24,10,Tuesday,,,0.0,0.0,0,0,27.82,27.26,27.57,0.08,0.08,,1.95,,82.42
3360,3361,2019-12-23,21:55:01,2019,12,23,21,Monday,ගාල්ල,ඇල්පිටිය,6.3333,80.2333,4,2,27.67,25.22,26.22,15.88,15.88,,2.52,,90.72
3361,3362,2019-12-23,17:01:29,2019,12,23,17,Monday,කොළඹ,රාජගිරිය,6.9167,79.9167,0,2,27.43,24.59,25.64,11.86,11.86,,4.46,,89.89
3362,3363,2019-12-23,13:32:47,2019,12,23,13,Monday,,,0.0,0.0,0,1,27.98,27.28,27.58,0.21,0.21,,2.14,,83.07
3363,3364,2019-12-22,15:32:20,2019,12,22,15,Sunday,කෑගල්ල,මොලගොඩ,7.25,80.35,0,1,27.26,22.83,24.47,3.05,3.05,,3.58,,93.9
3364,3365,2019-12-22,13:02:58,2019,12,22,13,Sunday,මඩකලපුව,මඩකලපුව,7.7167,81.6667,1,2,28.31,26.81,27.39,14.17,14.17,,4.84,,85.91
3365,3366,2019-12-22,10:18:39,2019,12,22,10,Sunday,ගම්පහ,මිනුවන්ගොඩ,7.1667,79.95,1,1,29.23,24.64,26.75,2.93,2.93,,3.73,,87.81
3367,3368,2019-12-21,13:45:16,2019,12,21,13,Saturday,Unknown,Unknown,0.0,0.0,0,1,27.82,27.27,27.58,1.74,1.74,,2.92,,81.0
3366,3367,2019-12-21,19:44:17,2019,12,21,19,Saturday,කොළඹ,කොළඹ,6.9333,79.85,0,2,29.55,24.4,26.64,7.73,7.73,,2.15,,83.87
3368,3369,2019-12-21,12:13:12,2019,12,21,12,Saturday,මාතලේ,ගලේවෙල,7.6167,80.6333,0,2,28.05,21.57,24.36,12.02,12.02,,2.96,,92.58
3369,3370,2019-12-20,08:10:05,2019,12,20,8,Friday,,,0.0,0.0,0,1,27.57,27.22,27.42,1.47,1.47,,2.32,,81.95
3370,3371,2019-12-19,19:18:53,2019,12,19,19,Thursday,කොළඹ,කොළඹ,6.9333,79.85,0,3,29.06,24.44,26.51,20.44,20.44,,3.97,,87.91
3372,3373,2019-12-19,07:38:01,2019,12,19,7,Thursday,කොළඹ,කොළඹ,6.9333,79.85,0,3,29.06,24.44,26.51,20.44,20.44,,3.97,,87.91
3371,3372,2019-12-19,11:46:02,2019,12,19,11,Thursday,කොළඹ,කොළඹ,6.9333,79.85,0,3,29.06,24.44,26.51,20.44,20.44,,3.97,,87.91
3373,3374,2019-12-18,22:06:52,2019,12,18,22,Wednesday,කොළඹ,කොළඹ,6.9333,79.85,0,2,29.7,24.17,26.64,8.57,8.57,,3.74,,86.49
3374,3375,2019-12-18,19:07:08,2019,12,18,19,Wednesday,Unknown,Unknown,0.0,0.0,0,1,27.37,27.08,27.21,1.54,1.54,,2.94,,84.38
3375,3376,2019-12-18,06:58:28,2019,12,18,6,Wednesday,මාතලේ,දිගම්පතහ,7.6833,80.7,1,2,28.2,22.46,24.63,13.29,13.29,,4.64,,92.11
3376,3377,2019-12-17,20:19:35,2019,12,17,20,Tuesday,කොළඹ,කොළඹ,6.9333,79.85,0,2,29.63,23.87,26.31,6.08,6.08,,3.83,,85.46
3377,3378,2019-12-16,19:18:11,2019,12,16,19,Monday,කොළඹ,කොළඹ,6.9333,79.85,0,1,29.68,23.0,26.07,0.43,0.43,,4.15,,82.04
3379,3380,2019-12-16,14:16:52,2019,12,16,14,Monday,කොළඹ,කොළඹ,6.9333,79.85,0,1,29.68,23.0,26.07,0.43,0.43,,4.15,,82.04
3378,3379,2019-12-16,16:05:34,2019,12,16,16,Monday,වව්නියාව,වව්නියාව,8.75,80.25,1,1,28.9,24.87,26.61,0.47,0.47,,5.22,,83.34
3380,3381,2019-12-15,18:37:45,2019,12,15,18,Sunday,කොළඹ,කොළඹ,6.9333,79.85,0,1,29.32,23.68,26.15,0.39,0.39,,4.02,,83.79
3381,3382,2019-12-15,16:48:41,2019,12,15,16,Sunday,,,0.0,0.0,0,1,28.11,27.49,27.8,2.26,2.26,,4.65,,80.89
3382,3383,2019-12-15,10:18:50,2019,12,15,10,Sunday,පොළොන්නරුව,හබරණ,8.0833,80.95,1,1,28.04,24.37,25.74,2.27,2.27,,4.56,,87.97
3383,3384,2019-12-14,19:21:31,2019,12,14,19,Saturday,කොළඹ,බත්තරමුල්ල,6.8833,79.9167,0,1,29.35,23.99,26.45,3.27,3.27,,2.31,,82.86
3384,3385,2019-12-14,14:52:16,2019,12,14,14,Saturday,,,0.0,0.0,0,1,27.64,27.2,27.39,1.61,1.61,,5.57,,83.27
3385,3386,2019-12-14,10:26:49,2019,12,14,10,Saturday,මාතලේ,නාවුල,7.7,80.65,1,1,27.22,21.18,23.84,2.41,2.41,,3.61,,92.74
3386,3387,2019-12-14,07:01:24,2019,12,14,7,Saturday,කිලිනොච්චිය,කිලිනොච්චිය,9.3833,80.4,2,2,28.38,26.46,27.28,11.21,11.21,,7.04,,81.9
3388,3389,2019-12-13,09:27:29,2019,12,13,9,Friday,වව්නියාව,වව්නියාව,8.75,80.25,0,2,28.86,25.07,26.65,10.73,10.73,,4.48,,86.98
3387,3388,2019-12-13,19:14:23,2019,12,13,19,Friday,කොළඹ,අලුත්කඩේ,6.9333,79.8667,0,1,30.04,24.06,26.92,0.87,0.87,,1.43,,79.38
3389,3390,2019-12-12,10:20:39,2019,12,12,10,Thursday,යාපනය,යාපනය,9.6667,80.0,1,1,28.17,26.26,27.09,4.53,4.53,,6.43,,84.07
3390,3391,2019-12-12,06:51:14,2019,12,12,6,Thursday,අනුරාධපුර,කැකිරාව,8.0333,80.5667,1,1,27.76,22.16,24.61,1.94,1.94,,2.77,,91.7
3392,3393,2019-12-10,15:08:34,2019,12,10,15,Tuesday,වවුනියාව,වවුනියාව,8.75,80.25,1,2,27.7,25.46,26.3,6.32,6.32,,6.12,,85.48
3391,3392,2019-12-10,19:21:38,2019,12,10,19,Tuesday,Unknown,Unknown,0.0,0.0,1,1,27.15,26.75,26.9,4.13,4.13,,4.86,,86.53
3394,3395,2019-12-09,07:15:33,2019,12,9,7,Monday,ගම්පහ,දෙල්ගොඩ,6.9833,79.95,1,1,27.1,23.96,25.53,4.2,4.2,,5.47,,90.95
3393,3394,2019-12-09,09:27:30,2019,12,9,9,Monday,කොළඹ,පාදුක්ක,6.8333,80.05,2,1,27.1,23.96,25.53,4.2,4.2,,5.47,,90.95
3395,3396,2019-12-08,10:58:51,2019,12,8,10,Sunday,ත්‍රිකුණාමලය,කින්නියා,8.5,81.1667,1,2,27.99,26.18,26.96,9.08,9.08,,6.67,,80.33
3396,3397,2019-12-07,20:45:27,2019,12,7,20,Saturday,Unknown,Unknown,0.0,0.0,0,1,26.35,25.88,26.19,4.21,4.21,,4.48,,86.92
3397,3398,2019-12-07,11:49:19,2019,12,7,11,Saturday,මහනුවර,පේරාදෙණිය,7.2667,80.6,0,0,27.44,21.72,23.99,0.05,0.05,,3.97,,92.15
3398,3399,2019-12-07,07:22:28,2019,12,7,7,Saturday,ගම්පහ,ජා-ඇල,7.0833,79.9,0,1,29.32,24.27,26.43,0.92,0.92,,3.16,,84.47
3399,3400,2019-12-06,21:01:32,2019,12,6,21,Friday,නුවරඑළිය,නුවරඑළිය,6.9667,80.7667,0,2,25.06,20.03,22.18,6.32,6.32,,3.52,,91.97
3400,3401,2019-12-04,13:04:11,2019,12,4,13,Wednesday,නුවරඑළිය,නෝටන් බ්‍රිජ්,6.9167,80.5167,191,3,24.69,20.97,22.45,33.57,33.57,,2.8,,91.75
3402,3403,2019-12-02,15:55:38,2019,12,2,15,Monday,ගාල්ල,අම්බලන්ගොඩ,6.2333,80.05,3,3,27.92,26.39,26.97,25.35,25.35,,2.47,,83.98
3401,3402,2019-12-02,16:06:36,2019,12,2,16,Monday,,,0.0,0.0,0,2,27.56,26.67,27.02,5.74,5.74,,4.39,,85.65
3403,3404,2019-12-02,11:52:26,2019,12,2,11,Monday,වව්නියාව,වව්නියාව,8.75,80.25,1,2,28.83,25.39,26.83,17.82,17.82,,4.53,,87.02
3405,3406,2019-12-01,11:25:04,2019,12,1,11,Sunday,,,0.0,0.0,0,2,27.93,27.42,27.71,5.92,5.92,,4.53,,83.21
3404,3405,2019-12-01,15:06:55,2019,12,1,15,Sunday,,,0.0,0.0,0,2,27.93,27.42,27.71,5.92,5.92,,4.53,,83.21
3406,3407,2019-11-30,11:18:53,2019,11,30,11,Saturday,බදුල්ල,මීගහකිවුල,7.1333,81.05,0,3,26.95,21.85,24.09,35.57,35.57,,2.48,,92.13
3407,3408,2019-11-28,10:59:39,2019,11,28,10,Thursday,මොණරාගල,වැල්ලවාය,6.7333,81.1,1,3,27.99,24.68,26.07,27.8,27.8,,4.47,,93.58
3408,3409,2019-11-26,14:45:24,2019,11,26,14,Tuesday,,,0.0,0.0,0,1,27.62,27.16,27.36,0.58,0.58,,3.82,,82.74
3409,3410,2019-11-26,10:14:57,2019,11,26,10,Tuesday,කොළඹ,පිළියන්දල,6.8167,79.9,1,2,30.28,24.42,26.96,10.31,10.31,,4.24,,83.74
3410,3411,2019-11-23,10:58:00,2019,11,23,10,Saturday,මොණරාගල,බුත්තල,6.75,81.25,1,3,26.06,22.62,24.14,20.19,20.19,,2.89,,95.65
3412,3413,2019-11-22,11:31:27,2019,11,22,11,Friday,අනුරාධපුර,වහමල්ගොල්ලෑව,8.1,80.5167,0,2,27.53,23.34,25.06,15.99,15.99,,2.15,,91.56
3411,3412,2019-11-23,10:06:40,2019,11,23,10,Saturday,මොණරාගල,මොණරාගල,6.8667,81.5333,0,3,26.06,22.62,24.14,20.19,20.19,,2.89,,95.65
3413,3414,2019-11-20,16:47:48,2019,11,20,16,Wednesday,,,0.0,0.0,0,2,27.83,27.07,27.51,5.07,5.07,,4.67,,84.82
3414,3415,2019-11-19,14:05:55,2019,11,19,14,Tuesday,අම්පාර,මහඔය,7.2667,81.25,1,2,29.04,23.57,25.74,12.1,12.1,,2.55,,89.44
3416,3417,2019-11-15,17:17:52,2019,11,15,17,Friday,නුවරඑළිය,නුවරඑළිය,6.9667,80.7667,1,2,27.69,19.34,23.21,13.89,13.89,,1.91,,88.99
3415,3416,2019-11-18,14:15:28,2019,11,18,14,Monday,කුරුණෑගල,ගිරිඋල්ල,7.5667,80.0833,1,2,30.18,23.06,26.72,6.27,6.27,,3.21,,84.53
3418,3419,2019-11-14,14:58:58,2019,11,14,14,Thursday,Unknown,Unknown,0.0,0.0,2,2,27.32,26.95,27.09,5.57,5.57,,1.94,,80.81
3417,3418,2019-11-14,15:16:05,2019,11,14,15,Thursday,මොණරාගල,වැල්ලවාය,6.7333,81.1,0,1,29.46,23.01,25.93,1.66,1.66,,3.06,,85.94
3419,3420,2019-11-13,10:16:47,2019,11,13,10,Wednesday,පුත්තලම,පන්නල,7.6,79.85,1,1,30.04,23.47,26.49,1.37,1.37,,4.23,,84.81
3420,3421,2019-11-12,11:40:03,2019,11,12,11,Tuesday,,,0.0,0.0,0,1,27.92,27.12,27.72,3.64,3.64,,3.78,,79.49
3421,3422,2019-11-10,13:19:44,2019,11,10,13,Sunday,,,0.0,0.0,0,2,27.78,27.29,27.62,5.88,5.88,,4.83,,82.73
3422,3423,2019-11-09,17:16:15,2019,11,9,17,Saturday,කොළඹ,දෙහිඕවිට,6.8667,80.1667,1,2,27.2,25.22,26.07,6.24,6.24,,3.73,,90.8
3423,3424,2019-11-07,14:22:03,2019,11,7,14,Thursday,වව්නියාව,වව්නියාව,8.75,80.25,1,1,28.87,26.18,27.48,1.0,1.0,,3.65,,85.13
3424,3425,2019-11-04,07:36:23,2019,11,4,7,Monday,,,0.0,0.0,0,1,27.38,26.41,26.9,2.03,2.03,,3.29,,83.55
3425,3426,2019-11-03,12:38:38,2019,11,3,12,Sunday,,,0.0,0.0,0,1,27.14,26.69,27.0,2.2,2.2,,3.78,,83.97
3426,3427,2019-11-02,20:19:26,2019,11,2,20,Saturday,,,0.0,0.0,0,1,27.26,26.42,26.99,2.43,2.43,,3.65,,82.99
3427,3428,2019-11-02,17:05:55,2019,11,2,17,Saturday,ගම්පහ,කටාන,7.1333,79.9333,1,2,29.38,24.69,26.75,11.1,11.1,,2.08,,79.46
3428,3429,2019-11-02,16:22:27,2019,11,2,16,Saturday,කොළඹ,කොළොන්න,6.95,79.9333,1,2,29.38,24.69,26.75,11.1,11.1,,2.08,,79.46
3429,3430,2019-11-02,15:06:01,2019,11,2,15,Saturday,පුත්තලම,හලාවත,7.5833,79.8333,1,2,28.93,23.62,26.04,8.76,8.76,,3.4,,82.64
3430,3431,2019-11-02,12:51:35,2019,11,2,12,Saturday,හම්බන්තොට,වීරකැටිය,6.15,80.75,2,2,28.02,25.16,26.35,10.18,10.18,,2.12,,85.2
3431,3432,2019-11-01,14:45:22,2019,11,1,14,Friday,Unknown,Unknown,0.0,0.0,1,1,26.92,26.55,26.75,3.4,3.4,,2.8,,81.96
3432,3433,2019-10-29,15:23:43,2019,10,29,15,Tuesday,වවුනියාව,වවුනියාව,8.75,80.25,2,3,29.04,25.91,26.99,22.37,22.37,,5.56,,85.55
3433,3434,2019-10-29,08:13:40,2019,10,29,8,Tuesday,අනුරාධපුර,මිහින්තලේ,8.35,80.55,1,2,29.1,23.39,25.67,18.59,18.59,,4.22,,88.27
3435,3436,2019-10-28,15:04:05,2019,10,28,15,Monday,අනුරාධපුර,මිහින්තලේ,8.35,80.55,1,3,28.96,22.35,25.11,29.13,29.13,,3.66,,88.93
3434,3435,2019-10-28,19:12:58,2019,10,28,19,Monday,අනුරාධපුර,මිහින්තලේ,8.35,80.55,1,3,28.96,22.35,25.11,29.13,29.13,,3.66,,88.93
3436,3437,2019-10-28,10:57:39,2019,10,28,10,Monday,අනුරාධපුර,වළහාවිද්දවැව,8.1333,80.5833,1,3,28.9,21.79,24.87,23.09,23.09,,3.7,,89.49
3437,3438,2019-10-27,09:58:54,2019,10,27,9,Sunday,මාතලේ,ගලේවෙල,7.6167,80.6333,1,3,25.71,21.85,23.35,24.85,24.85,,2.54,,92.13
3439,3440,2019-10-26,07:33:08,2019,10,26,7,Saturday,කොළඹ,කොහුවල,6.8333,79.9333,2,1,26.82,23.82,25.05,2.37,2.37,,2.74,,87.78
3438,3439,2019-10-26,11:08:54,2019,10,26,11,Saturday,මහනුවර,මහනුවර,7.3,80.6333,1,2,26.44,21.22,23.48,15.7,15.7,,2.14,,91.71
3441,3442,2019-10-24,13:08:38,2019,10,24,13,Thursday,පුත්තලම,පුත්තලම,8.0333,79.8333,3,2,27.28,25.09,25.96,17.73,17.73,,4.25,,88.63
3440,3441,2019-10-25,09:59:57,2019,10,25,9,Friday,ගාල්ල,හබරාදූව,6.0333,80.1167,1,2,26.35,25.69,25.93,8.05,8.05,,3.05,,84.11
3443,3444,2019-10-22,13:39:18,2019,10,22,13,Tuesday,කළුතර,දොඩම්ගොඩ,6.6833,79.95,1,1,27.04,25.12,25.84,4.08,4.08,,3.32,,88.07
3442,3443,2019-10-24,06:36:38,2019,10,24,6,Thursday,පොළොන්නරුව,මින්නේරිය,8.0333,80.9,1,2,27.17,23.33,24.89,14.82,14.82,,3.5,,91.75
3444,3445,2019-10-21,13:31:58,2019,10,21,13,Monday,කිලිනොච්චිය,කිලිනොච්චිය,9.3833,80.4,1,2,27.88,26.17,26.96,17.78,17.78,,3.34,,86.87
3445,3446,2019-10-21,11:14:59,2019,10,21,11,Monday,Unknown,Unknown,0.0,0.0,0,1,26.8,26.26,26.51,0.16,0.16,,1.88,,77.72
3446,3447,2019-10-20,15:02:43,2019,10,20,15,Sunday,කුරුණෑගල,කුලියාපිටිය,7.4667,80.0333,1,3,28.56,24.55,26.5,32.95,32.95,,2.13,,86.14
3447,3448,2019-10-20,09:22:17,2019,10,20,9,Sunday,කුරුණෑගල,බුලුපිටිය,7.5167,80.05,2,3,28.56,24.55,26.5,32.95,32.95,,2.13,,86.14
3449,3450,2019-10-18,13:22:31,2019,10,18,13,Friday,වව්නියාව,වව්නියාව,8.75,80.25,0,1,29.35,25.69,27.43,3.34,3.34,,2.46,,82.21
3448,3449,2019-10-19,16:50:52,2019,10,19,16,Saturday,මුලතිව්,මාන්කුලම,9.2667,80.55,1,2,28.35,26.92,27.62,10.45,10.45,,3.95,,84.33
3450,3451,2019-10-18,09:46:23,2019,10,18,9,Friday,මාතලේ,දඹුල්ල,7.85,80.65,1,2,29.53,23.36,25.92,8.33,8.33,,2.06,,87.58
3451,3452,2019-10-17,12:55:50,2019,10,17,12,Thursday,,,0.0,0.0,0,0,27.07,26.6,26.83,0.07,0.07,,3.77,,77.81
3452,3453,2019-10-13,19:11:34,2019,10,13,19,Sunday,කොළඹ,දෙහිවල,6.85,79.8667,1,2,28.7,25.07,26.4,14.39,14.39,,2.57,,85.72
3453,3454,2019-10-13,10:21:18,2019,10,13,10,Sunday,කොළඹ,දෙහිවල,6.85,79.8667,0,2,28.7,25.07,26.4,14.39,14.39,,2.57,,85.72
3454,3455,2019-10-12,17:57:53,2019,10,12,17,Saturday,අනුරාධපුර,කැබිතිගොල්ලෑව,8.2,80.45,1,1,30.77,23.42,26.56,4.9,4.9,,0.58,,84.03
3455,3456,2019-10-12,16:48:19,2019,10,12,16,Saturday,,,0.0,0.0,0,1,26.5,26.21,26.33,0.23,0.23,,5.16,,80.86
3456,3457,2019-10-11,10:12:40,2019,10,11,10,Friday,මාතලේ,දඹුල්ල,7.85,80.65,0,2,28.09,23.31,25.5,5.22,5.22,,1.41,,88.16
3457,3458,2019-10-10,09:57:48,2019,10,10,9,Thursday,අම්පාර,නුගේලන්ද,7.3,81.6667,0,1,29.47,26.4,27.62,3.16,3.16,,4.09,,84.05
3459,3460,2019-10-09,12:38:29,2019,10,9,12,Wednesday,මහනුවර,ගම්පොල,7.1667,80.5667,1,1,27.33,21.28,23.64,4.88,4.88,,0.94,,88.14
3458,3459,2019-10-09,13:22:43,2019,10,9,13,Wednesday,ගම්පහ,කොටුගොඩ,7.0833,79.95,1,2,27.7,25.37,26.21,7.9,7.9,,2.55,,87.94
3460,3461,2019-10-09,10:55:33,2019,10,9,10,Wednesday,පුත්තලම,කටුනේරිය,7.6,79.95,1,2,28.63,25.64,26.76,8.61,8.61,,2.47,,86.1
3461,3462,2019-10-08,16:30:59,2019,10,8,16,Tuesday,නුවරඑළිය,හැටන්,6.9,80.6,0,2,26.16,20.48,22.94,10.57,10.57,,1.23,,89.18
3462,3463,2019-10-07,17:21:25,2019,10,7,17,Monday,ගාල්ල,කනංකේ,6.1833,80.3667,0,2,28.18,25.0,26.44,14.59,14.59,,3.71,,83.22
3463,3464,2019-10-06,07:50:23,2019,10,6,7,Sunday,,,0.0,0.0,0,1,26.32,25.91,26.11,0.2,0.2,,3.22,,78.78
3464,3465,2019-10-05,16:52:09,2019,10,5,16,Saturday,අනුරාධපුර,සුචරිතගම,8.3333,80.4,1,1,31.97,23.45,27.16,4.01,4.01,,2.07,,80.36
3465,3466,2019-10-05,14:50:53,2019,10,5,14,Saturday,යාපනය,තෙලිප්පලේ,9.7833,80.0333,1,1,29.29,27.95,28.72,4.46,4.46,,3.57,,78.37
3467,3468,2019-10-04,13:04:30,2019,10,4,13,Friday,පොළොන්නරුව,අරලගංවිල,7.7667,80.9833,1,2,32.9,24.24,27.9,14.63,14.63,,1.21,,79.21
3466,3467,2019-10-05,11:28:45,2019,10,5,11,Saturday,ගාල්ල,හික්කඩුව,6.1333,80.1,1,2,27.5,26.5,27.01,6.67,6.67,,4.2,,82.85
3469,3470,2019-10-02,14:50:21,2019,10,2,14,Wednesday,අනුරාධපුර,කැකිරාව,8.0333,80.5667,0,1,32.15,23.39,27.04,0.37,0.37,,2.32,,79.67
3468,3469,2019-10-03,09:44:19,2019,10,3,9,Thursday,ගාල්ල,උඩුගම,6.1333,80.2667,1,2,28.3,26.63,27.4,8.63,8.63,,3.28,,84.39
3471,3472,2019-10-01,16:38:40,2019,10,1,16,Tuesday,කළුතර,මහ වස්කඩුව,6.4667,79.9667,0,2,27.92,24.29,26.0,5.92,5.92,,2.72,,86.44
3470,3471,2019-10-02,13:41:27,2019,10,2,13,Wednesday,කිලිනොච්චිය,අලිමංකඩ,9.4,80.45,1,1,29.71,26.81,28.1,0.53,0.53,,2.98,,78.84
3472,3473,2019-10-01,10:13:05,2019,10,1,10,Tuesday,පොළොන්නරුව,හබරණ,8.0833,80.95,1,1,31.74,24.05,27.4,4.86,4.86,,1.94,,78.27
3473,3474,2019-09-29,10:01:35,2019,9,29,10,Sunday,මඩකලපුව,කරදියනාරු,7.7167,81.3167,1,2,27.89,22.11,24.71,12.04,12.04,,1.99,,84.97
3474,3475,2019-09-29,08:06:14,2019,9,29,8,Sunday,,,0.0,0.0,0,1,26.41,26.14,26.29,1.42,1.42,,4.35,,82.25
3475,3476,2019-09-28,10:53:15,2019,9,28,10,Saturday,රත්නපුර,කලවාන,6.5333,80.2667,2,2,29.32,24.71,26.63,7.86,7.86,,2.1,,80.67
3476,3477,2019-09-27,10:36:08,2019,9,27,10,Friday,කුරුණෑගල,මිනුවන්ගැටේ,7.5833,80.2333,1,1,29.76,25.04,27.2,3.87,3.87,,1.66,,78.53
3477,3478,2019-09-26,10:24:36,2019,9,26,10,Thursday,ගම්පහ,බියගම,6.95,79.9833,1,1,28.59,24.04,26.13,2.83,2.83,,3.19,,84.47
3479,3480,2019-09-25,14:13:04,2019,9,25,14,Wednesday,ගාල්ල,බද්දේගම,6.1167,80.3333,0,3,26.94,25.23,25.98,22.68,22.68,,3.77,,89.74
3478,3479,2019-09-26,06:29:34,2019,9,26,6,Thursday,කළුතර,දොඩම්ගොඩ,6.6833,79.95,2,1,28.07,24.49,26.19,3.98,3.98,,2.98,,84.97
3481,3482,2019-09-22,16:27:53,2019,9,22,16,Sunday,,,0.0,0.0,0,1,26.45,25.85,26.13,0.72,0.72,,4.29,,82.22
3480,3481,2019-09-24,08:08:04,2019,9,24,8,Tuesday,පොළොන්නරුව,හබරණ,8.0833,80.95,0,2,29.48,24.84,26.88,10.1,10.1,,3.52,,83.17
3483,3484,2019-09-18,16:27:47,2019,9,18,16,Wednesday,පොළොන්නරුව,හබරණ,8.0833,80.95,2,1,34.7,24.48,29.01,0.97,0.97,,4.83,,71.48
3482,3483,2019-09-22,11:21:50,2019,9,22,11,Sunday,මොණරාගල,ආනපල්ලම,6.7333,81.1667,1,2,28.21,24.28,25.71,16.24,16.24,,4.83,,89.32
3484,3485,2019-09-18,12:12:24,2019,9,18,12,Wednesday,වවුනියාව,වවුනියාව,8.75,80.25,0,2,30.31,26.92,28.23,5.3,5.3,,8.45,,81.62
3485,3486,2019-09-17,10:59:33,2019,9,17,10,Tuesday,කළුතර,කැස්බෑව,6.6333,79.9333,0,2,27.96,25.74,26.63,13.9,13.9,,5.61,,88.21
3486,3487,2019-09-15,16:47:53,2019,9,15,16,Sunday,කොළඹ,කහතුඩුව,6.8,80.0167,0,3,27.59,25.11,26.21,30.17,30.17,,4.92,,88.33
3487,3488,2019-09-15,16:02:24,2019,9,15,16,Sunday,නුවරඑළිය,වටවල,6.9667,80.55,0,3,25.94,20.69,22.87,32.71,32.71,,3.85,,90.89
3488,3489,2019-09-14,19:17:58,2019,9,14,19,Saturday,පුත්තලම,මදුරන්කුලිය,7.8,79.8667,0,2,30.08,25.68,27.47,6.86,6.86,,5.68,,80.49
3489,3490,2019-09-14,14:47:39,2019,9,14,14,Saturday,අම්පාර,පොතුවිල්,6.8667,81.8333,1,2,29.44,25.75,27.25,8.72,8.72,,4.4,,84.3
3490,3491,2019-09-14,10:43:49,2019,9,14,10,Saturday,හම්බන්තොට,සූරියවැව,6.3333,80.8833,1,2,27.22,21.87,24.29,17.81,17.81,,3.21,,89.9
3491,3492,2019-09-14,10:40:59,2019,9,14,10,Saturday,ගම්පහ,කඩවත,7.0,79.95,1,2,28.11,24.71,26.32,9.66,9.66,,4.14,,85.03
3493,3494,2019-09-12,12:50:16,2019,9,12,12,Thursday,කොළඹ,තලවතුගොඩ,6.8667,79.9333,1,2,27.85,24.69,26.09,10.08,10.08,,4.16,,86.2
3492,3493,2019-09-12,18:53:57,2019,9,12,18,Thursday,ගාල්ල,අම්බලන්ගොඩ,6.2333,80.05,2,2,27.72,26.26,27.01,17.36,17.36,,4.17,,83.73
3494,3495,2019-09-11,15:59:43,2019,9,11,15,Wednesday,හම්බන්තොට,සූරියවැව,6.3333,80.8833,2,3,27.71,23.67,25.18,26.0,26.0,,4.57,,90.42
3495,3496,2019-09-11,09:38:43,2019,9,11,9,Wednesday,Unknown,Unknown,0.0,0.0,2,1,26.09,25.66,25.85,0.39,0.39,,4.8,,80.17
3496,3497,2019-09-09,10:56:20,2019,9,9,10,Monday,බදුල්ල,බණ්ඩාරවෙල,6.8333,81.0,2,1,34.51,21.85,27.1,1.96,1.96,,2.97,,68.84
3497,3498,2019-09-08,17:18:53,2019,9,8,17,Sunday,කිලිනොච්චිය,පුනරීන්,9.4,80.0333,0,1,30.83,27.92,29.19,0.13,0.13,,7.42,,78.25
3498,3499,2019-09-08,13:10:23,2019,9,8,13,Sunday,කොළඹ,කහතුඩුව,6.8,80.0167,2,1,29.23,25.6,26.96,0.61,0.61,,4.67,,85.31
3499,3500,2019-09-07,16:00:42,2019,9,7,16,Saturday,යාපනය,වලිකාමම්,9.7167,79.95,1,1,30.69,27.75,29.07,0.19,0.19,,8.64,,79.52
3500,3501,2019-09-07,15:23:33,2019,9,7,15,Saturday,යාපනය,චාවකච්චේරිය,9.65,80.1667,1,1,30.69,27.75,29.07,0.19,0.19,,8.64,,79.52
3501,3502,2019-09-07,11:29:15,2019,9,7,11,Saturday,පොළොන්නරුව,මොරගස්වැව,8.0333,80.9833,1,1,33.09,26.21,29.13,0.37,0.37,,6.86,,71.61
3502,3503,2019-09-04,17:24:34,2019,9,4,17,Wednesday,මහනුවර,පල්ලේකැලේ,7.2667,80.6167,0,1,29.5,23.49,25.55,1.37,1.37,,6.18,,81.77
3503,3504,2019-09-03,10:01:17,2019,9,3,10,Tuesday,කළුතර,පානදුර,6.7,79.9,1,1,28.31,25.88,26.85,2.16,2.16,,5.11,,86.88
3504,3505,2019-09-02,16:59:52,2019,9,2,16,Monday,හම්බන්තොට,සූරියවැව,6.3333,80.8833,0,1,28.55,23.12,25.26,4.81,4.81,,4.28,,88.06
3505,3506,2019-09-01,20:27:36,2019,9,1,20,Sunday,කොළඹ,ගැලනිගම,6.8,80.0,0,2,28.09,25.57,26.49,10.48,10.48,,5.76,,87.89
3506,3507,2019-09-01,13:10:29,2019,9,1,13,Sunday,අනුරාධපුර,තිරප්පනේ,8.2333,80.5667,1,1,31.1,24.78,26.98,2.2,2.2,,6.35,,81.47
3507,3508,2019-09-01,10:11:32,2019,9,1,10,Sunday,කොළඹ,බොරලැස්ගමුව,6.8333,79.9167,1,2,28.09,25.57,26.49,10.48,10.48,,5.76,,87.89
3508,3509,2019-08-31,16:37:33,2019,8,31,16,Saturday,,,0.0,0.0,0,1,25.05,24.74,24.89,0.69,0.69,,6.72,,85.02
3510,3511,2019-08-31,14:52:05,2019,8,31,14,Saturday,,,0.0,0.0,0,1,25.05,24.74,24.89,0.69,0.69,,6.72,,85.02
3509,3510,2019-08-31,15:42:41,2019,8,31,15,Saturday,,,0.0,0.0,0,1,25.05,24.74,24.89,0.69,0.69,,6.72,,85.02
3511,3512,2019-08-30,11:31:34,2019,8,30,11,Friday,පුත්තලම,දංකොටුව,7.5333,79.9,2,1,28.83,25.42,26.95,3.56,3.56,,7.08,,80.97
3512,3513,2019-08-29,18:50:55,2019,8,29,18,Thursday,කොළඹ,දෙහිවල,6.85,79.8667,0,3,27.92,25.18,26.32,23.7,23.7,,6.13,,85.04
3513,3514,2019-08-29,11:09:31,2019,8,29,11,Thursday,මොණරාගල,මොණරාගල,6.8667,81.5333,1,1,30.76,22.42,25.46,4.49,4.49,,5.34,,75.1
3514,3515,2019-08-29,10:17:22,2019,8,29,10,Thursday,අම්පාර,කල්මුණේ,7.4167,81.8333,2,1,32.64,26.81,29.16,2.45,2.45,,4.44,,72.27
3515,3516,2019-08-28,15:42:38,2019,8,28,15,Wednesday,මාතලේ,ගලේවෙල,7.6167,80.6333,0,1,30.28,23.22,26.03,1.22,1.22,,6.25,,80.29
3516,3517,2019-08-27,18:04:30,2019,8,27,18,Tuesday,අනුරාධපුර,තිරප්පනේ,8.2333,80.5667,0,1,30.66,23.57,26.6,3.39,3.39,,6.78,,78.01
3517,3518,2019-08-26,13:58:35,2019,8,26,13,Monday,කොළඹ,කොට්ටාව,6.8333,79.9333,1,2,27.84,24.34,25.89,5.86,5.86,,6.58,,80.66
3518,3519,2019-08-26,10:56:51,2019,8,26,10,Monday,පුත්තලම,හලාවත,7.5833,79.8333,1,1,29.08,24.85,26.74,3.11,3.11,,7.99,,76.81
3519,3520,2019-08-26,10:30:28,2019,8,26,10,Monday,වව්නියාව,සෙට්ටිකුලම,8.8333,80.4167,1,1,31.59,25.09,27.94,0.3,0.3,,8.42,,71.88
3520,3521,2019-08-26,09:22:26,2019,8,26,9,Monday,Unknown,Unknown,0.0,0.0,8,1,25.25,24.74,24.94,0.17,0.17,,4.57,,79.01
3521,3522,2019-08-25,20:23:24,2019,8,25,20,Sunday,පුත්තලම,හලාවත,7.5833,79.8333,0,2,29.24,25.41,26.81,7.55,7.55,,7.61,,79.58
3522,3523,2019-08-25,11:40:22,2019,8,25,11,Sunday,ගම්පහ,සීදුව,7.15,79.9167,1,2,28.28,24.8,26.09,11.76,11.76,,6.41,,82.01
3523,3524,2019-08-25,08:19:03,2019,8,25,8,Sunday,අනුරාධපුර,කැකිරාව,8.0333,80.5667,0,1,30.83,23.99,26.48,3.03,3.03,,6.79,,76.94
3524,3525,2019-08-24,21:20:39,2019,8,24,21,Saturday,මහනුවර,අංකුඹුර,7.2833,80.5833,0,1,30.28,22.45,25.45,1.81,1.81,,6.6,,78.35
3525,3526,2019-08-24,12:07:15,2019,8,24,12,Saturday,පුත්තලම,ආනමඩුව,7.9833,79.8833,0,1,31.08,25.5,27.59,0.93,0.93,,7.44,,76.04
3526,3527,2019-08-23,09:47:17,2019,8,23,9,Friday,කුරුණෑගල,මැල්සිරිපුර,7.4667,80.2,0,2,28.19,24.97,26.54,8.09,8.09,,7.34,,81.7
3527,3528,2019-08-23,09:30:00,2019,8,23,9,Friday,ගම්පහ,කරන්දෙනිය,7.1667,80.0,2,2,27.32,24.72,25.94,7.95,7.95,,5.98,,84.51
3528,3529,2019-08-23,08:50:47,2019,8,23,8,Friday,මාතලේ,දිගම්පතහ,7.6833,80.7,0,2,28.54,22.52,25.03,7.04,7.04,,7.04,,80.74
3529,3530,2019-08-21,15:38:52,2019,8,21,15,Wednesday,,,0.0,0.0,0,1,24.84,24.47,24.64,0.32,0.32,,3.32,,79.51
3530,3531,2019-08-21,12:39:36,2019,8,21,12,Wednesday,පුත්තලම,පුත්තලම,8.0333,79.8333,0,1,31.09,26.2,27.99,1.5,1.5,,9.04,,76.32
3531,3532,2019-08-20,13:36:19,2019,8,20,13,Tuesday,පොළොන්නරුව,මැදිරිගිරිය,8.0333,80.8667,2,1,32.77,24.56,27.68,0.31,0.31,,6.08,,76.65
3532,3533,2019-08-19,09:05:23,2019,8,19,9,Monday,,,0.0,0.0,0,1,25.0,24.75,24.87,0.47,0.47,,4.81,,80.53
3533,3534,2019-08-18,14:10:59,2019,8,18,14,Sunday,කුරුණෑගල,ගල්නෑව,7.6,80.4167,1,1,31.61,21.36,25.57,3.92,3.92,,5.02,,75.38
3534,3535,2019-08-18,08:30:56,2019,8,18,8,Sunday,බදුල්ල,ඇල්ල,6.8833,81.0333,2,1,33.65,20.66,26.34,2.54,2.54,,3.26,,70.91
3536,3537,2019-08-16,14:16:29,2019,8,16,14,Friday,අනුරාධපුර,තලාව,8.2333,80.6667,0,2,32.06,24.66,27.43,14.66,14.66,,4.85,,76.3
3535,3536,2019-08-17,10:52:11,2019,8,17,10,Saturday,කෑගල්ල,පින්නවල,6.8667,80.3,1,1,26.87,24.26,25.5,4.84,4.84,,4.62,,82.11
3537,3538,2019-08-16,06:53:08,2019,8,16,6,Friday,පොළොන්නරුව,හබරණ,8.0833,80.95,3,2,32.91,25.77,28.35,13.52,13.52,,4.12,,73.65
3538,3539,2019-08-15,16:59:27,2019,8,15,16,Thursday,බදුල්ල,හාලිඇල,6.95,80.9667,0,1,32.17,22.36,26.35,0.59,0.59,,3.29,,73.46
3539,3540,2019-08-15,14:48:24,2019,8,15,14,Thursday,ගම්පහ,නිට්ටඹුව,7.15,80.1,0,1,28.07,25.26,26.43,0.66,0.66,,4.35,,85.88
3540,3541,2019-08-15,13:40:08,2019,8,15,13,Thursday,මහනුවර,රිදීමාලියද්ද,7.35,80.7333,1,1,31.05,23.67,26.38,0.22,0.22,,5.44,,77.86
3541,3542,2019-08-15,12:37:21,2019,8,15,12,Thursday,මඩකලපුව,උප්පුවේලි,7.8,81.3667,0,1,34.19,25.89,29.54,0.49,0.49,,5.23,,67.33
3543,3544,2019-08-15,07:11:02,2019,8,15,7,Thursday,මඩකලපුව,උප්පුවේලි,7.8,81.3667,0,1,34.19,25.89,29.54,0.49,0.49,,5.23,,67.33
3542,3543,2019-08-15,09:39:59,2019,8,15,9,Thursday,කුරුණෑගල,ගොකරැල්ල,7.6333,80.2667,2,1,29.44,25.85,27.29,0.46,0.46,,5.58,,81.76
3544,3545,2019-08-14,10:53:55,2019,8,14,10,Wednesday,රත්නපුර,කිරිඇල්ල,6.75,80.4167,1,2,25.62,20.97,22.63,8.86,8.86,,6.01,,88.64
3545,3546,2019-08-13,18:17:54,2019,8,13,18,Tuesday,මොණරාගල,බුත්තල,6.75,81.25,0,2,29.53,22.42,25.03,11.99,11.99,,5.24,,77.08
3546,3547,2019-08-13,11:03:10,2019,8,13,11,Tuesday,ගම්පහ,සීදුව,7.15,79.9167,1,2,27.6,25.11,26.05,17.04,17.04,,6.37,,86.58
3547,3548,2019-08-12,14:19:24,2019,8,12,14,Monday,පුත්තලම,ලුණුවිල,7.75,79.95,1,1,30.16,25.45,27.43,0.3,0.3,,7.72,,76.32
3548,3549,2019-08-11,11:39:44,2019,8,11,11,Sunday,අනුරාධපුර,මැදවච්චිය,8.15,80.4167,1,1,32.75,23.82,26.85,1.25,1.25,,6.46,,76.99
3549,3550,2019-08-11,09:27:57,2019,8,11,9,Sunday,මඩකලපුව,කාත්තන්කුඩි,7.75,81.5333,2,1,34.25,24.55,28.18,3.31,3.31,,7.29,,71.93
3550,3551,2019-08-10,13:56:18,2019,8,10,13,Saturday,මුලතිව්,මුලතිව්,9.2667,80.8,1,1,30.72,26.95,28.59,3.53,3.53,,9.24,,76.68
3551,3552,2019-08-09,10:02:32,2019,8,9,10,Friday,නුවරඑළිය,නානුඔය,6.95,80.75,0,2,27.18,21.0,23.2,5.18,5.18,,5.5,,85.56
3552,3553,2019-08-08,18:07:50,2019,8,8,18,Thursday,බදුල්ල,වැලිමඩ,6.9167,80.95,2,2,30.03,22.66,25.48,10.26,10.26,,6.09,,76.97
3553,3554,2019-08-08,11:20:42,2019,8,8,11,Thursday,මාතලේ,නාවුල,7.4667,80.65,1,3,29.61,24.03,26.01,20.05,20.05,,8.27,,78.72
3554,3555,2019-08-07,21:09:06,2019,8,7,21,Wednesday,ගම්පහ,නිට්ටඹුව,7.15,80.0,3,2,29.16,26.27,27.29,9.39,9.39,,7.06,,84.82
3555,3556,2019-08-07,11:16:33,2019,8,7,11,Wednesday,ගාල්ල,හික්කඩුව,6.1333,80.1,1,1,28.74,27.8,28.28,4.66,4.66,,7.65,,82.76
3556,3557,2019-08-07,07:48:40,2019,8,7,7,Wednesday,මොණරාගල,වැල්ලවාය,6.7333,81.1,2,1,30.18,25.34,27.02,4.95,4.95,,7.05,,81.95
3557,3558,2019-08-06,11:23:23,2019,8,6,11,Tuesday,මඩකලපුව,එරාවූර්,7.7667,81.6,2,1,32.1,28.41,29.87,4.12,4.12,,7.6,,74.97
3558,3559,2019-08-05,16:43:31,2019,8,5,16,Monday,නුවරඑළිය,ලිදුල,6.9333,80.7,0,1,26.02,21.24,23.13,3.06,3.06,,5.92,,87.86
3559,3560,2019-08-04,19:19:09,2019,8,4,19,Sunday,කළුතර,වස්කඩුව,6.5833,79.95,6,1,29.05,26.13,27.36,2.67,2.67,,5.35,,84.71
3561,3562,2019-08-04,12:41:51,2019,8,4,12,Sunday,කළුතර,වස්කඩුව,6.5833,79.95,6,1,29.05,26.13,27.36,2.67,2.67,,5.35,,84.71
3562,3563,2019-08-04,06:48:18,2019,8,4,6,Sunday,කළුතර,වස්කඩුව,6.5833,79.95,6,1,29.05,26.13,27.36,2.67,2.67,,5.35,,84.71
3560,3561,2019-08-04,14:10:43,2019,8,4,14,Sunday,රත්නපුර,බලංගොඩ,6.65,80.65,0,1,30.23,23.64,26.13,2.37,2.37,,5.05,,82.77
3564,3565,2019-08-03,11:01:23,2019,8,3,11,Saturday,බදුල්ල,බණ්ඩාරවෙල,6.8333,80.9833,0,1,32.24,23.31,26.65,0.53,0.53,,5.19,,74.35
3563,3564,2019-08-03,13:54:10,2019,8,3,13,Saturday,කුරුණෑගල,කුරුණෑගල,7.4833,80.3667,0,0,32.09,24.12,27.05,0.0,0.0,,6.15,,75.55
3566,3567,2019-07-29,06:33:35,2019,7,29,6,Monday,අනුරාධපුර,මැදවච්චිය,8.15,80.5,3,0,35.96,25.03,29.22,0.01,0.01,,6.81,,64.91
3565,3566,2019-08-02,10:04:43,2019,8,2,10,Friday,පොළොන්නරුව,පොළොන්නරුව,7.9333,81.0,1,1,35.28,26.04,29.84,1.22,1.22,,5.45,,64.54
3567,3568,2019-07-28,16:31:58,2019,7,28,16,Sunday,අනුරාධපුර,අනුරාධපුර,8.3333,80.3833,1,0,37.53,25.37,30.07,0.05,0.05,,6.78,,61.55
3568,3569,2019-07-28,13:08:42,2019,7,28,13,Sunday,නුවරඑළිය,හඟුරන්කෙත,7.1667,80.7667,0,0,28.25,20.33,23.16,0.01,0.01,,4.85,,83.79
3569,3570,2019-07-28,09:49:52,2019,7,28,9,Sunday,ගම්පහ,නිට්ටඹුව,7.15,80.0,1,0,29.44,24.9,26.6,0.06,0.06,,4.78,,83.26
3570,3571,2019-07-27,17:28:20,2019,7,27,17,Saturday,පුත්තලම,නාත්තන්ඩිය,7.7,79.9333,1,1,29.66,25.32,27.11,0.19,0.19,,5.34,,80.32
3571,3572,2019-07-27,14:08:40,2019,7,27,14,Saturday,කළුතර,කළුතර,6.5833,79.9667,1,1,28.26,25.26,26.49,0.22,0.22,,3.8,,85.91
3572,3573,2019-07-27,10:58:45,2019,7,27,10,Saturday,රත්නපුර,කිරිඇල්ල,6.75,80.4,1,0,27.35,20.27,22.74,0.07,0.07,,3.93,,85.33
3573,3574,2019-07-26,12:43:08,2019,7,26,12,Friday,කොළඹ,බම්බලපිටිය,6.8833,79.85,1,1,28.24,25.08,26.41,1.57,1.57,,4.81,,84.77
3574,3575,2019-07-26,11:44:07,2019,7,26,11,Friday,නුවරඑළිය,හඟුරන්කෙත,7.1667,80.7667,2,1,26.18,20.63,22.88,0.92,0.92,,4.59,,87.18
3575,3576,2019-07-24,15:07:40,2019,7,24,15,Wednesday,හම්බන්තොට,සූරියවැව,6.3167,80.8833,0,1,30.3,21.96,25.45,1.44,1.44,,4.73,,81.86
3576,3577,2019-07-24,09:40:50,2019,7,24,9,Wednesday,අනුරාධපුර,කැකිරාව,8.0333,80.5167,0,1,35.75,24.66,29.11,0.11,0.11,,6.25,,66.45
3577,3578,2019-07-22,09:45:37,2019,7,22,9,Monday,ගාල්ල,ගාල්ල,6.0333,80.2167,1,1,28.33,26.93,27.5,2.95,2.95,,6.56,,82.17
3579,3580,2019-07-20,13:59:34,2019,7,20,13,Saturday,කොළඹ,කොළඹ,6.9333,79.85,0,1,27.84,25.14,26.16,3.02,3.02,,6.62,,85.49
3578,3579,2019-07-21,10:42:46,2019,7,21,10,Sunday,කළුතර,බණ්ඩාරගම,6.7167,79.9833,1,1,28.16,25.28,26.56,3.14,3.14,,5.73,,83.49
3581,3582,2019-07-19,10:37:05,2019,7,19,10,Friday,මාතර,වැලිගම,5.9833,80.4333,2,2,28.51,26.26,27.05,15.85,15.85,,9.84,,82.7
3580,3581,2019-07-20,08:42:00,2019,7,20,8,Saturday,කොළඹ,මොරටුව,6.7833,79.8833,1,1,27.84,25.14,26.16,3.02,3.02,,6.62,,85.49
3582,3583,2019-07-17,12:28:52,2019,7,17,12,Wednesday,කළුතර,හොරණ,6.7167,80.0667,1,2,28.34,26.28,27.16,7.81,7.81,,7.84,,83.48
3583,3584,2019-07-17,11:22:05,2019,7,17,11,Wednesday,නුවරඑළිය,දිඹුලපතන,6.9333,80.6333,0,1,27.12,21.57,23.55,4.51,4.51,,6.87,,85.42
3584,3585,2019-07-17,09:55:07,2019,7,17,9,Wednesday,අනුරාධපුර,අනුරාධපුර,8.3333,80.3833,0,1,35.63,26.5,30.28,0.15,0.15,,7.19,,61.79
3585,3586,2019-07-15,13:13:58,2019,7,15,13,Monday,කළුතර,බණ්ඩාරගම,6.7167,79.9833,0,2,28.17,25.55,26.8,5.48,5.48,,5.13,,86.29
3586,3587,2019-07-15,08:40:14,2019,7,15,8,Monday,පුත්තලම,පුත්තලම,8.0333,79.8333,5,1,31.68,26.09,28.29,0.42,0.42,,7.53,,73.57
3587,3588,2019-07-15,08:16:42,2019,7,15,8,Monday,ගම්පහ,වේයන්ගොඩ,7.0167,79.9833,2,1,28.45,25.04,26.55,4.11,4.11,,4.95,,84.93
3588,3589,2019-07-14,17:31:53,2019,7,14,17,Sunday,මහනුවර,කඩුගන්නාව,7.25,80.5167,0,1,32.35,23.21,26.73,2.45,2.45,,4.82,,76.24
3589,3590,2019-07-14,14:41:50,2019,7,14,14,Sunday,ගාල්ල,හබරාදූව,6.1,80.1,0,2,28.72,27.29,27.96,5.01,5.01,,4.5,,83.31
3590,3591,2019-07-14,13:52:19,2019,7,14,13,Sunday,පොළොන්නරුව,මින්නේරිය,8.0333,80.9,0,1,33.5,24.85,28.28,0.72,0.72,,5.74,,72.95
3591,3592,2019-07-14,13:45:45,2019,7,14,13,Sunday,කෑගල්ල,මාවනැල්ල,7.25,80.45,1,1,32.35,23.21,26.73,2.45,2.45,,4.82,,76.24
3592,3593,2019-07-14,11:42:11,2019,7,14,11,Sunday,අනුරාධපුර,මැදවච්චිය,8.15,80.5,0,1,33.5,24.85,28.28,0.72,0.72,,5.74,,72.95
3593,3594,2019-07-14,10:01:11,2019,7,14,10,Sunday,මුලතිව්,මුලතිව්,9.2667,80.8,1,1,31.42,27.98,29.33,1.52,1.52,,7.56,,76.18
3594,3595,2019-07-13,15:02:07,2019,7,13,15,Saturday,ගාල්ල,කොස්ගොඩ,6.35,80.0167,0,2,28.32,26.19,27.07,7.05,7.05,,4.35,,85.98
3595,3596,2019-07-13,09:07:18,2019,7,13,9,Saturday,ත්‍රිකුණාමලය,කුච්චවේලි,8.55,81.2167,1,1,33.06,27.68,30.11,1.28,1.28,,5.63,,70.2
3597,3598,2019-07-11,14:12:25,2019,7,11,14,Thursday,මහනුවර,අලවතුගොඩ,7.3,80.5833,0,1,32.3,23.31,26.86,1.42,1.42,,3.3,,74.19
3596,3597,2019-07-12,11:42:52,2019,7,12,11,Friday,යාපනය,කොඩිකාමම්,9.65,80.0167,1,1,32.14,28.17,30.15,0.2,0.2,,4.01,,70.04
3598,3599,2019-07-11,11:37:32,2019,7,11,11,Thursday,හම්බන්තොට,සූරියවැව,6.3167,80.8833,1,1,30.08,23.01,25.7,1.69,1.69,,3.04,,83.23
3599,3600,2019-07-11,10:08:25,2019,7,11,10,Thursday,කුරුණෑගල,වාරියපොල,7.6167,80.1667,1,1,30.96,25.99,27.99,1.65,1.65,,3.79,,76.44
3600,3601,2019-07-11,07:12:13,2019,7,11,7,Thursday,මුලතිව්,මාන්කුලම,9.1,80.5,2,1,34.15,26.57,30.0,0.67,0.67,,2.99,,64.83
3601,3602,2019-07-08,09:22:32,2019,7,8,9,Monday,වවුනියාව,වවුනියාව,8.75,80.25,0,0,32.08,27.6,29.41,0.04,0.04,,7.76,,76.53
3602,3603,2019-07-07,17:42:14,2019,7,7,17,Sunday,කළුතර,රන්දොඹේ,6.45,80.0333,0,1,29.15,26.56,27.56,0.32,0.32,,4.26,,84.45
3603,3604,2019-07-07,10:47:47,2019,7,7,10,Sunday,පුත්තලම,වෙන්නප්පුව,7.3167,79.9,1,0,31.51,26.9,28.5,0.03,0.03,,5.97,,77.76
3604,3605,2019-07-07,08:38:58,2019,7,7,8,Sunday,රත්නපුර,ඇඹිලිපිටිය,6.75,80.85,0,0,29.42,21.71,24.3,0.02,0.02,,4.59,,81.3
3605,3606,2019-07-06,16:36:04,2019,7,6,16,Saturday,කුරුණෑගල,කුලියාපිටිය,7.4667,80.0333,0,1,30.28,27.0,28.29,0.11,0.11,,6.52,,79.47
3606,3607,2019-07-06,16:24:31,2019,7,6,16,Saturday,අනුරාධපුර,තඹුත්තේගම,8.1333,80.65,1,0,33.29,25.96,28.77,0.01,0.01,,6.34,,72.28
3607,3608,2019-07-06,12:17:28,2019,7,6,12,Saturday,බදුල්ල,බණ්ඩාරවෙල,6.8333,80.9833,0,1,33.14,23.61,27.2,1.52,1.52,,4.22,,72.29
3608,3609,2019-07-06,10:26:59,2019,7,6,10,Saturday,රත්නපුර,බලන්ගොඩ,6.65,80.4667,1,1,30.66,24.29,26.58,0.25,0.25,,4.47,,82.1
3609,3610,2019-07-06,08:05:32,2019,7,6,8,Saturday,ගාල්ල,හික්කඩුව,6.1333,80.1,1,1,29.08,27.97,28.45,0.83,0.83,,5.54,,82.97
3610,3611,2019-07-05,16:21:48,2019,7,5,16,Friday,මාතලේ,උකුවෙල,7.5167,80.6333,0,0,31.29,24.82,27.42,0.0,0.0,,6.09,,73.49
3611,3612,2019-07-05,10:27:11,2019,7,5,10,Friday,කුරුණෑගල,කුරුණෑගල,7.4833,80.3667,1,0,31.29,24.82,27.42,0.0,0.0,,6.09,,73.49
3612,3613,2019-07-04,09:21:53,2019,7,4,9,Thursday,කිලිනොච්චි,කිලිනොච්චි,9.3833,80.0333,2,1,30.67,28.51,29.43,0.14,0.14,,10.27,,78.21
3613,3614,2019-07-04,08:11:24,2019,7,4,8,Thursday,මොණරාගල,වැල්ලවාය,6.7333,81.1,1,1,32.69,25.4,28.17,0.16,0.16,,6.06,,74.98
3614,3615,2019-07-03,18:28:48,2019,7,3,18,Wednesday,බදුල්ල,හාලිඇල,6.9667,80.9667,0,1,33.69,24.14,27.76,0.3,0.3,,4.97,,70.01
3615,3616,2019-07-03,14:00:08,2019,7,3,14,Wednesday,කුරුණෑගල,නාරම්මල,7.4333,80.1167,0,1,30.24,26.75,28.17,0.88,0.88,,6.59,,81.41
3616,3617,2019-07-03,10:58:06,2019,7,3,10,Wednesday,වවුනියාව,තාණ්ඩිකුලම්,8.8333,80.5,0,0,33.87,27.38,30.1,0.01,0.01,,7.96,,69.16
3617,3618,2019-07-03,10:01:49,2019,7,3,10,Wednesday,මොණරාගල,වැල්ලවාය,6.7333,81.1,1,1,32.25,25.64,28.15,0.36,0.36,,6.36,,76.39
3618,3619,2019-07-01,14:01:41,2019,7,1,14,Monday,හම්බන්තොට,සිටිනාමළුව,6.05,80.85,0,1,29.25,27.04,27.91,0.31,0.31,,6.47,,84.85
3620,3621,2019-06-30,12:29:03,2019,6,30,12,Sunday,කුරුණෑගල,නාරම්මල,7.4333,80.1167,0,0,31.59,26.92,28.63,0.03,0.03,,7.58,,75.99
3619,3620,2019-07-01,11:19:30,2019,7,1,11,Monday,කළුතර,කළුතර,6.5833,79.9667,0,1,29.17,26.7,27.65,0.6,0.6,,5.69,,85.27
3621,3622,2019-06-30,10:13:18,2019,6,30,10,Sunday,කුරුණෑගල,ගිරිඋල්ල,7.3667,80.0833,2,0,31.59,26.92,28.63,0.03,0.03,,7.58,,75.99
3622,3623,2019-06-30,07:15:32,2019,6,30,7,Sunday,හම්බන්තොට,තිස්සමහාරාම,6.2833,81.2833,0,0,31.64,25.51,27.99,0.03,0.03,,6.4,,72.61
3623,3624,2019-06-30,07:08:41,2019,6,30,7,Sunday,අනුරාධපුර,තලාව,8.2,80.65,3,0,35.28,26.09,29.6,0.0,0.0,,8.14,,66.65
3624,3625,2019-06-29,10:40:38,2019,6,29,10,Saturday,කුරුණෑගල,නිකවැරටිය,7.6667,80.1333,2,0,32.18,26.8,28.93,0.02,0.02,,7.09,,71.26
3625,3626,2019-06-27,08:22:06,2019,6,27,8,Thursday,ගම්පහ,වත්තල,6.9833,79.9,1,1,30.06,26.1,27.71,0.11,0.11,,5.81,,81.53
3626,3627,2019-06-26,17:59:04,2019,6,26,17,Wednesday,පුත්තලම,දෙමටපිටිය,7.2833,79.9333,0,0,30.12,26.85,28.35,0.09,0.09,,6.41,,79.31
3627,3628,2019-06-26,17:24:42,2019,6,26,17,Wednesday,මඩකලපුව,එරාවුර්,7.7667,81.6,1,1,31.66,28.91,30.31,0.28,0.28,,5.35,,73.63
3628,3629,2019-06-26,07:44:21,2019,6,26,7,Wednesday,කිලිනොච්චි,කිලිනොච්චි,9.3833,80.0333,6,1,31.04,28.9,29.82,0.76,0.76,,7.92,,77.6
3629,3630,2019-06-25,19:08:23,2019,6,25,19,Tuesday,කිලිනොච්චි,කිලිනොච්චි,9.3833,80.0333,5,1,30.74,29.08,29.85,0.73,0.73,,7.85,,78.77
3630,3631,2019-06-25,18:10:47,2019,6,25,18,Tuesday,කළුතර,බණ්ඩාරගම,6.7167,79.9833,0,1,29.07,26.96,27.79,2.52,2.52,,6.02,,86.31
3631,3632,2019-06-24,07:27:23,2019,6,24,7,Monday,ත්‍රිකුණාමලය,ත්‍රිකුණාමලය,8.5667,81.2333,2,1,34.11,27.87,30.51,0.29,0.29,,7.13,,72.97
3632,3633,2019-06-23,18:00:01,2019,6,23,18,Sunday,ගම්පහ,වැලිගම්පිටිය,7.0833,79.9,1,1,29.17,26.24,27.55,1.51,1.51,,5.99,,84.29
3633,3634,2019-06-23,16:01:44,2019,6,23,16,Sunday,කොළඹ,ගල්කිස්ස,6.8333,79.85,1,1,29.17,26.24,27.55,1.51,1.51,,5.99,,84.29
3634,3635,2019-06-22,13:32:50,2019,6,22,13,Saturday,කොළඹ,කැස්බෑව,6.8,79.8667,1,1,29.24,26.51,27.61,1.71,1.71,,7.68,,82.8
3635,3636,2019-06-20,15:57:39,2019,6,20,15,Thursday,කොළඹ,පනාගොඩ,6.85,80.0333,2,1,28.2,25.87,27.08,2.4,2.4,,7.25,,81.62
3636,3637,2019-06-20,12:07:05,2019,6,20,12,Thursday,නුවරඑළිය,ගිනිගත්හේන,6.9667,80.65,0,1,24.77,21.69,23.1,0.16,0.16,,7.23,,84.56
3637,3638,2019-06-20,09:17:31,2019,6,20,9,Thursday,අනුරාධපුර,පංකුලම,8.2,80.55,1,0,32.59,25.89,28.72,0.02,0.02,,8.88,,68.14
3638,3639,2019-06-19,16:55:54,2019,6,19,16,Wednesday,පොළොන්නරුව,කොළකනවාඩිය,7.9333,81.0,5,0,34.47,27.16,30.38,0.0,0.0,,7.19,,68.01
3639,3640,2019-06-19,11:55:52,2019,6,19,11,Wednesday,බදුල්ල,බණ්ඩාරවෙල,6.8333,80.9833,0,0,33.07,24.06,27.74,0.0,0.0,,5.67,,68.96
3640,3641,2019-06-19,06:39:28,2019,6,19,6,Wednesday,මඩකලපුව,වැලිකන්ද,7.85,81.15,5,0,34.47,27.16,30.38,0.0,0.0,,7.19,,68.01
3641,3642,2019-06-18,20:00:36,2019,6,18,20,Tuesday,ගාල්ල,බටපොළ,6.15,80.15,0,1,29.23,28.32,28.77,1.52,1.52,,7.78,,82.22
3642,3643,2019-06-18,17:02:13,2019,6,18,17,Tuesday,කුරුණෑගල,ගලේවෙල,7.55,80.6167,1,0,31.69,25.35,27.75,0.05,0.05,,7.46,,75.92
3643,3644,2019-06-18,13:34:27,2019,6,18,13,Tuesday,මොණරාගල,කුඩා ඔය,6.85,81.15,0,0,33.22,24.4,27.84,0.0,0.0,,5.98,,69.5
3644,3645,2019-06-18,12:34:52,2019,6,18,12,Tuesday,මොණරාගල,බිබිල,7.1667,81.2167,0,0,33.22,24.4,27.84,0.0,0.0,,5.98,,69.5
3645,3646,2019-06-17,18:15:34,2019,6,17,18,Monday,අනුරාධපුර,හබරණ,8.15,80.8667,1,0,33.84,26.41,29.39,0.0,0.0,,6.95,,72.82
3646,3647,2019-06-17,12:15:42,2019,6,17,12,Monday,රත්නපුර,පැල්මඩුල්ල,6.6667,80.5333,0,1,29.14,24.55,26.39,0.21,0.21,,5.43,,83.69
3647,3648,2019-06-17,11:25:43,2019,6,17,11,Monday,ගාල්ල,අහංගම,6.0667,80.1833,1,1,29.35,28.47,28.88,1.35,1.35,,7.1,,81.39
3648,3649,2019-06-16,16:19:34,2019,6,16,16,Sunday,ගාල්ල,බෙන්තොට,6.4167,79.9833,1,1,29.36,26.79,28.06,2.43,2.43,,5.41,,86.57
3649,3650,2019-06-15,15:12:47,2019,6,15,15,Saturday,නුවරඑළිය,ගිනිගත්හේන,6.9667,80.65,1,1,28.5,20.65,23.96,2.46,2.46,,4.36,,84.49
3651,3652,2019-06-15,10:36:44,2019,6,15,10,Saturday,ගම්පහ,කැළණිය,6.95,79.9167,1,1,29.98,25.75,27.62,4.35,4.35,,4.39,,84.71
3650,3651,2019-06-15,13:46:27,2019,6,15,13,Saturday,හම්බන්තොට,හම්බන්තොට,6.1167,81.1167,0,1,30.4,27.91,28.82,1.75,1.75,,6.9,,79.15
3653,3654,2019-06-14,14:09:56,2019,6,14,14,Friday,මොණරාගල,පොතුවිල්,6.8667,81.75,1,1,33.96,27.1,29.85,3.85,3.85,,3.84,,70.48
3652,3653,2019-06-14,20:47:59,2019,6,14,20,Friday,කොළඹ,කොල්ලුපිටිය,6.9,79.85,3,1,28.73,25.77,27.14,2.74,2.74,,4.91,,83.86
3655,3656,2019-06-14,07:08:17,2019,6,14,7,Friday,නුවරඑළිය,රිකිල්ලගස්කඩ,7.0167,80.7833,0,1,27.93,20.57,23.6,1.41,1.41,,4.49,,79.32
3654,3655,2019-06-14,11:12:34,2019,6,14,11,Friday,නුවරඑළිය,තලවාකැලේ,6.9333,80.6667,1,1,27.93,20.57,23.6,1.41,1.41,,4.49,,79.32
3656,3657,2019-06-13,08:01:40,2019,6,13,8,Thursday,වවුනියාව,වවුනියාව,8.75,80.25,1,1,31.2,28.58,29.79,1.37,1.37,,8.74,,77.79
3657,3658,2019-06-11,15:43:27,2019,6,11,15,Tuesday,ගාල්ල,ගාල්ල,6.0333,80.2167,0,1,29.17,28.12,28.55,4.89,4.89,,5.63,,83.79
3658,3659,2019-06-11,09:35:28,2019,6,11,9,Tuesday,වවුනියාව,මඩුකන්ද,8.85,80.45,0,1,33.93,27.32,29.95,0.33,0.33,,7.62,,71.85
3659,3660,2019-06-10,22:20:49,2019,6,10,22,Monday,අනුරාධපුර,කැකිරාව,8.0333,80.5167,3,1,33.25,25.64,28.39,1.65,1.65,,6.43,,76.07
3660,3661,2019-06-10,06:59:44,2019,6,10,6,Monday,අනුරාධපුර,කැකිරාව,8.0333,80.5167,3,1,33.25,25.64,28.39,1.65,1.65,,6.43,,76.07
3661,3662,2019-06-09,17:57:32,2019,6,9,17,Sunday,මුලතිව්,මාන්කුලම,9.1,80.5,1,1,35.55,27.49,30.64,0.23,0.23,,8.67,,68.2
3662,3663,2019-06-09,13:31:36,2019,6,9,13,Sunday,මහනුවර,කඩුගන්නාව,7.25,80.5167,2,1,30.86,24.51,27.09,2.82,2.82,,6.56,,79.17
3664,3665,2019-06-08,10:24:26,2019,6,8,10,Saturday,කොළඹ,සාලාව,6.9167,80.1167,1,1,29.82,26.22,27.71,4.73,4.73,,6.59,,83.62
3665,3666,2019-06-08,09:39:22,2019,6,8,9,Saturday,අනුරාධපුර,කැකිරාව,8.0333,80.5167,3,1,35.22,25.4,29.25,0.23,0.23,,7.18,,71.2
3663,3664,2019-06-08,17:26:04,2019,6,8,17,Saturday,අනුරාධපුර,කැකිරාව,8.0333,80.5167,3,1,35.22,25.4,29.25,0.23,0.23,,7.18,,71.2
3666,3667,2019-06-07,21:26:52,2019,6,7,21,Friday,කොළඹ,කොළඹ,6.9333,79.85,0,2,28.61,26.66,27.41,19.28,19.28,,7.0,,87.07
3667,3668,2019-06-07,11:34:04,2019,6,7,11,Friday,කුරුණෑගල,තල්ගොඩපිටිය,7.55,80.45,0,2,29.32,24.63,26.35,8.25,8.25,,5.98,,83.21
3668,3669,2019-06-06,16:23:18,2019,6,6,16,Thursday,බදුල්ල,බණ්ඩාරවෙල,6.8333,80.9833,0,2,31.63,23.67,26.58,8.46,8.46,,3.87,,81.06
3669,3670,2019-06-06,14:10:58,2019,6,6,14,Thursday,මහනුවර,මහනුවර,7.3,80.6333,0,1,32.12,24.61,27.71,1.19,1.19,,4.65,,76.44
3670,3671,2019-06-06,10:51:31,2019,6,6,10,Thursday,යාපනය,යාපනය,9.65,80.0167,0,1,31.06,28.74,29.79,0.44,0.44,,7.42,,79.18
3671,3672,2019-06-05,16:02:18,2019,6,5,16,Wednesday,කොළඹ,කොළඹ,6.9333,79.85,698,2,29.3,26.47,27.63,7.91,7.91,,5.18,,84.61
3672,3673,2019-06-04,09:20:46,2019,6,4,9,Tuesday,බදුල්ල,බදුල්ල,6.9833,81.05,2,1,32.09,24.12,27.06,3.81,3.81,,4.19,,74.74
3673,3674,2019-06-03,12:35:28,2019,6,3,12,Monday,මොණරාගල,වැල්ලවාය,6.7333,81.1,0,2,32.59,25.73,28.28,6.19,6.19,,4.75,,78.28
3674,3675,2019-06-02,17:33:19,2019,6,2,17,Sunday,මොණරාගල,මොණරාගල,6.8667,81.35,1,1,34.56,23.86,28.03,1.8,1.8,,4.71,,67.42
3675,3676,2019-06-02,16:44:48,2019,6,2,16,Sunday,කෑගල්ල,මාවනැල්ල,7.25,80.45,0,0,35.75,24.45,28.86,0.06,0.06,,6.32,,66.24
3676,3677,2019-06-02,08:52:04,2019,6,2,8,Sunday,බදුල්ල,හාලිඇල,6.9667,80.9667,0,1,34.56,23.86,28.03,1.8,1.8,,4.71,,67.42
3677,3678,2019-06-02,06:56:17,2019,6,2,6,Sunday,කිලිනොච්චි,කිලිනොච්චි,9.3833,80.0333,2,1,31.44,29.24,30.08,0.37,0.37,,9.65,,77.15
3678,3679,2019-06-01,16:57:16,2019,6,1,16,Saturday,අනුරාධපුර,අනුරාධපුරය,8.3114,80.4037,1,0,37.06,26.16,30.49,0.05,0.05,,7.08,,63.06
3679,3680,2019-05-31,15:47:05,2019,5,31,15,Friday,නුවරඑළිය,වලපනේ,7.05,80.75,0,1,28.98,22.09,24.42,0.21,0.21,,5.24,,80.84
3681,3682,2019-05-31,06:43:12,2019,5,31,6,Friday,මුලතිව්,ඔඩ්ඩුසුඩාන්,9.15,80.5,0,0,35.29,27.34,30.54,0.1,0.1,,7.41,,63.53
3680,3681,2019-05-31,07:09:14,2019,5,31,7,Friday,වවුනියාව,ඕමන්ත,8.75,80.0,0,1,32.15,28.27,29.82,0.23,0.23,,8.43,,70.41
3683,3684,2019-05-30,12:30:03,2019,5,30,12,Thursday,,,0.0,0.0,0,1,26.33,25.85,26.17,0.36,0.36,,6.81,,80.35
3682,3683,2019-05-30,16:10:14,2019,5,30,16,Thursday,බදුල්ල,හාලිඇල,6.95,81.05,0,1,33.85,24.37,27.85,2.3,2.3,,4.57,,71.52
3685,3686,2019-05-29,18:34:49,2019,5,29,18,Wednesday,අනුරාධපුර,නොච්චියාගම,8.15,80.2,1,1,32.82,28.05,29.9,0.16,0.16,,6.04,,79.73
3686,3687,2019-05-29,18:21:01,2019,5,29,18,Wednesday,අනුරාධපුර,නොච්චියාගම,8.15,80.2,2,1,32.82,28.05,29.9,0.16,0.16,,6.04,,79.73
3684,3685,2019-05-30,08:02:47,2019,5,30,8,Thursday,පුත්තලම,සිංහාරගම,8.0333,80.0,3,1,32.39,28.15,29.76,0.25,0.25,,6.69,,74.86
3687,3688,2019-05-29,09:28:12,2019,5,29,9,Wednesday,ගාල්ල,අම්බලන්ගොඩ,6.2333,80.05,1,2,29.54,28.38,28.96,9.99,9.99,,6.3,,85.97
3688,3689,2019-05-28,14:20:08,2019,5,28,14,Tuesday,කළුතර,හොරණ,6.7167,80.0667,1,1,29.44,27.06,28.21,3.34,3.34,,4.54,,87.38
3690,3691,2019-05-28,08:37:13,2019,5,28,8,Tuesday,පුත්තලම,අනමඩුව,7.9667,79.9,1,0,33.86,27.95,30.4,0.1,0.1,,5.25,,75.61
3689,3690,2019-05-28,11:08:53,2019,5,28,11,Tuesday,පොළොන්නරුව,හිරිතලේ,7.9333,81.0,0,0,37.23,28.0,32.16,0.01,0.01,,2.53,,62.95
3692,3693,2019-05-26,09:37:39,2019,5,26,9,Sunday,පුත්තලම,පල්ලම,7.9833,79.9,3,0,32.91,27.16,29.49,0.02,0.02,,6.57,,75.25
3691,3692,2019-05-26,18:44:25,2019,5,26,18,Sunday,කොළඹ,කොළඹ,6.9271,79.8612,0,1,30.05,25.87,27.72,0.99,0.99,,4.53,,84.51
3693,3694,2019-05-25,15:22:57,2019,5,25,15,Saturday,අනුරාධපුර,අනුරාධපුරය,8.3114,80.4037,1,0,35.66,26.3,29.97,0.04,0.04,,6.52,,68.81
3694,3695,2019-05-25,14:13:42,2019,5,25,14,Saturday,පුත්තලම,මාරවිල,7.75,79.9167,0,1,31.53,27.54,29.05,0.3,0.3,,6.95,,76.19
3695,3696,2019-05-24,15:09:30,2019,5,24,15,Friday,මොනරාගල,වැල්ලවාය,6.7333,81.1,3,1,32.41,25.4,28.01,2.06,2.06,,4.39,,78.53
3696,3697,2019-05-24,10:19:11,2019,5,24,10,Friday,රත්නපුර,ගොඩකවෙල,6.4833,80.55,0,1,30.11,23.94,26.16,4.1,4.1,,3.24,,84.93
3697,3698,2019-05-22,16:15:49,2019,5,22,16,Wednesday,මහනුවර,පේරාදෙණිය,7.2667,80.6,0,1,36.27,24.6,29.56,0.34,0.34,,3.19,,62.54
3698,3699,2019-05-22,10:50:11,2019,5,22,10,Wednesday,මහනුවර,පේරාදෙණිය,7.2667,80.6,0,1,36.27,24.6,29.56,0.34,0.34,,3.19,,62.54
3699,3700,2019-05-21,18:50:05,2019,5,21,18,Tuesday,අනුරාධපුර,එප්පාවල,8.1,80.5333,0,1,35.4,25.53,29.57,0.35,0.35,,4.63,,68.31
3700,3701,2019-05-20,12:31:59,2019,5,20,12,Monday,ගම්පහ,කටාන,7.1167,79.9333,0,1,30.16,26.31,27.92,2.16,2.16,,4.41,,82.99
3701,3702,2019-05-20,06:29:21,2019,5,20,6,Monday,යාපනය,මණ්ඩතිව්,9.6667,80.0,1,1,31.99,28.93,30.43,0.18,0.18,,5.81,,74.41
3702,3703,2019-05-19,13:58:56,2019,5,19,13,Sunday,ගාල්ල,කරන්දෙණිය,6.1667,80.05,1,1,29.31,27.89,28.62,4.12,4.12,,4.67,,80.94
3703,3704,2019-05-19,10:48:48,2019,5,19,10,Sunday,කළුතර,කුරුඳූගහහැතැක්ම,6.64,79.96,1,1,29.59,26.08,27.8,3.92,3.92,,3.93,,82.7
3704,3705,2019-05-18,18:45:27,2019,5,18,18,Saturday,බදුල්ල,බලගොල්ල,7.0,81.05,0,1,31.87,23.87,27.11,2.67,2.67,,3.89,,77.07
3705,3706,2019-05-18,12:56:55,2019,5,18,12,Saturday,මොනරාගල,වැල්ලවාය,6.7333,81.1,0,1,30.44,25.02,27.41,3.46,3.46,,5.15,,84.33
3706,3707,2019-05-18,11:29:11,2019,5,18,11,Saturday,කොළඹ,දෙමටගොඩ,6.95,79.88,0,1,29.56,26.34,27.76,1.93,1.93,,4.81,,85.57
3708,3709,2019-05-16,11:21:55,2019,5,16,11,Thursday,කුරුණෑගල,කොබෙයිගනේ,7.9167,80.3667,1,1,32.93,26.05,28.82,0.12,0.12,,4.9,,75.97
3707,3708,2019-05-17,09:56:11,2019,5,17,9,Friday,මොනරාගල,වැල්ලවාය,6.7333,81.1,0,1,30.92,25.8,27.77,1.91,1.91,,4.76,,82.48
3710,3711,2019-05-13,09:54:06,2019,5,13,9,Monday,නුවරඑළිය,පූඬළුඔය,7.05,80.7,1,1,29.89,21.76,24.89,0.13,0.13,,4.31,,81.0
3709,3710,2019-05-15,14:28:32,2019,5,15,14,Wednesday,මාතලේ,මඩාටුගම,7.8667,80.65,3,0,36.97,25.89,30.2,0.1,0.1,,5.3,,69.12
3711,3712,2019-05-12,09:57:35,2019,5,12,9,Sunday,කොළඹ,කොට්ටාව,6.8667,79.95,2,1,30.04,26.17,27.8,0.42,0.42,,5.06,,84.75
3712,3713,2019-05-11,09:25:37,2019,5,11,9,Saturday,මාතලේ,ඉනාමලුව,7.8667,80.65,1,1,37.61,24.89,30.19,0.23,0.23,,4.53,,66.61
3713,3714,2019-05-10,10:03:40,2019,5,10,10,Friday,මඩකලපුව,කලවංචිකුඩි,7.6833,81.45,1,0,39.84,25.23,31.64,0.0,0.0,,2.05,,57.42
3714,3715,2019-05-10,09:41:18,2019,5,10,9,Friday,මොනරාගල,දොඩන්ගොල්ල,6.9,81.2,0,0,37.54,23.58,29.37,0.0,0.0,,2.73,,62.66
3715,3716,2019-05-07,13:32:06,2019,5,7,13,Tuesday,රත්නපුර,නිවිතිගල,6.5833,80.45,1,1,30.76,23.22,26.47,0.21,0.21,,4.19,,84.09
3716,3717,2019-05-07,12:57:49,2019,5,7,12,Tuesday,අනුරාධපුර,හබරණ,8.0333,80.85,1,0,36.29,24.33,29.16,0.0,0.0,,6.47,,69.05
3717,3718,2019-05-06,13:38:01,2019,5,6,13,Monday,යාපනය,චුන්නාකම්,9.7,80.0,2,0,32.25,28.39,29.99,0.02,0.02,,7.94,,74.76
3718,3719,2019-05-05,18:14:54,2019,5,5,18,Sunday,බදුල්ල,තිඹිරිගස්පිටිය,7.25,81.0,0,1,36.22,25.33,29.9,0.49,0.49,,2.69,,64.79
3719,3720,2019-05-05,13:22:59,2019,5,5,13,Sunday,මාතර,වැලිගම,5.9833,80.45,2,2,29.43,27.31,28.11,6.79,6.79,,4.2,,83.99
3720,3721,2019-05-04,16:49:42,2019,5,4,16,Saturday,මාතලේ,දඹුල්ල,7.8667,80.65,1,1,34.15,25.89,28.96,0.11,0.11,,5.5,,75.03
3721,3722,2019-05-04,11:51:34,2019,5,4,11,Saturday,කුරුණෑගල,මුත්තෙට්ටුගල,7.6,80.45,1,1,33.31,24.06,27.65,0.76,0.76,,4.95,,76.29
3722,3723,2019-05-02,11:31:19,2019,5,2,11,Thursday,හම්බන්තොට,සූරියවැව,6.3,80.85,1,2,28.79,25.04,26.42,5.13,5.13,,5.12,,90.61
3723,3724,2019-05-01,10:04:22,2019,5,1,10,Wednesday,මඩකලපුව,තඹලගමුව,7.55,81.25,2,1,34.46,24.05,29.02,0.38,0.38,,5.63,,69.6
3724,3725,2019-04-28,08:57:33,2019,4,28,8,Sunday,කොළඹ,මුල්ලේරියාව,6.9833,79.95,1,2,30.67,25.83,28.06,7.92,7.92,,2.74,,83.6
3725,3726,2019-04-20,10:54:41,2019,4,20,10,Saturday,මොනරාගල,දඹගල්ල,6.7833,81.15,1,1,33.88,22.92,27.23,3.11,3.11,,2.17,,71.96
3726,3727,2019-04-19,13:04:31,2019,4,19,13,Friday,කොළඹ,හංවැල්ල,6.8667,80.15,2,1,30.28,25.92,27.78,2.37,2.37,,3.86,,81.77
3727,3728,2019-04-19,12:37:17,2019,4,19,12,Friday,ගම්පහ,තුඩැල්ල,7.1,79.9,1,1,30.28,25.92,27.78,2.37,2.37,,3.86,,81.77
3728,3729,2019-04-19,11:14:33,2019,4,19,11,Friday,මහනුවර,මහනුවර,7.3,80.6333,0,1,36.27,23.13,29.13,0.39,0.39,,1.79,,66.03
3729,3730,2019-04-19,10:47:22,2019,4,19,10,Friday,කිලිනොච්චි,කිලිනොච්චිය,9.3833,80.4,0,1,32.6,28.65,30.52,1.42,1.42,,2.8,,70.5
3730,3731,2019-04-18,19:13:12,2019,4,18,19,Thursday,බදුල්ල,මහියංගනය,7.2833,81.0,10,1,36.5,24.07,29.41,1.36,1.36,,3.07,,63.93
3732,3733,2019-04-18,15:07:48,2019,4,18,15,Thursday,බදුල්ල,මහියංගනය,7.2833,81.0,10,1,36.5,24.07,29.41,1.36,1.36,,3.07,,63.93
3731,3732,2019-04-18,17:16:07,2019,4,18,17,Thursday,බදුල්ල,හාලිඇළ,6.95,81.05,0,1,34.21,22.73,27.51,1.71,1.71,,2.67,,67.92
3733,3734,2019-04-18,13:09:35,2019,4,18,13,Thursday,අනුරාධපුර,ගනේවල්පොල,8.0333,80.85,0,1,37.98,24.79,30.29,1.75,1.75,,1.88,,66.55
3734,3735,2019-04-18,11:07:02,2019,4,18,11,Thursday,කළුතර,ඉංගිරිය,6.75,80.1667,1,1,30.75,25.65,27.7,3.48,3.48,,3.23,,82.22
3735,3736,2019-04-17,18:59:54,2019,4,17,18,Wednesday,බදුල්ල,මහියංගනය,7.2833,81.0,10,2,34.25,24.45,28.22,8.42,8.42,,2.75,,76.53
3737,3738,2019-04-17,12:33:40,2019,4,17,12,Wednesday,බදුල්ල,මහියංගනය,7.2833,81.0,10,2,34.25,24.45,28.22,8.42,8.42,,2.75,,76.53
3738,3739,2019-04-17,05:40:15,2019,4,17,5,Wednesday,බදුල්ල,මහියංගනය,7.2833,81.0,10,2,34.25,24.45,28.22,8.42,8.42,,2.75,,76.53
3736,3737,2019-04-17,16:40:51,2019,4,17,16,Wednesday,බදුල්ල,මහියංගනය,7.2833,81.0,10,2,34.25,24.45,28.22,8.42,8.42,,2.75,,76.53
3739,3740,2019-04-16,22:20:01,2019,4,16,22,Tuesday,මුලතිව්,වට්ටප්පලෙයි,9.2667,80.5,1,1,32.82,28.61,30.67,0.68,0.68,,3.06,,63.99
3740,3741,2019-04-16,10:57:58,2019,4,16,10,Tuesday,රත්නපුර,කොලොන්න,6.5,80.55,2,1,33.56,24.59,27.93,3.42,3.42,,1.26,,76.03
3741,3742,2019-04-15,17:59:22,2019,4,15,17,Monday,කළුතර,ගම්මන්පිල,6.75,80.1,0,1,32.2,26.14,28.74,2.61,2.61,,2.39,,75.48
3742,3743,2019-04-15,14:49:24,2019,4,15,14,Monday,මොනරාගල,කවුඩාව,6.85,81.15,1,1,35.55,22.53,28.29,0.42,0.42,,1.94,,62.88
3743,3744,2019-04-15,13:21:47,2019,4,15,13,Monday,කළුතර,වැලිපැන්න,6.65,79.95,0,1,31.3,26.36,28.52,4.16,4.16,,2.3,,78.49
3744,3745,2019-04-15,07:18:36,2019,4,15,7,Monday,කොළඹ,කොළඹ,6.9271,79.8612,0,1,32.2,26.14,28.74,2.61,2.61,,2.39,,75.48
3745,3746,2019-04-14,13:58:21,2019,4,14,13,Sunday,කොළඹ,බොරැල්ල,6.9167,79.88,0,1,33.47,25.7,29.05,2.53,2.53,,2.72,,74.02
3746,3747,2019-04-13,16:40:31,2019,4,13,16,Saturday,කෑගල්ල,මොලගොඩ,7.25,80.35,0,1,38.22,23.96,29.95,3.82,3.82,,1.74,,62.89
3747,3748,2019-04-13,14:21:43,2019,4,13,14,Saturday,පුත්තලම,රඹෑවැව,7.6,80.0,1,1,35.43,27.1,30.47,3.46,3.46,,2.17,,67.9
3748,3749,2019-04-13,12:27:15,2019,4,13,12,Saturday,අනුරාධපුර,තම්මැන්නාව,8.15,80.5,6,2,39.18,25.15,30.84,5.91,5.91,,2.52,,61.93
3749,3750,2019-04-13,09:19:03,2019,4,13,9,Saturday,පුත්තලම,ආරච්චිකට්ටුව,7.5833,79.8,1,1,35.43,27.1,30.47,3.46,3.46,,2.17,,67.9
3750,3751,2019-04-13,06:58:23,2019,4,13,6,Saturday,නුවරඑළිය,බගවන්තලාව,6.95,80.7,0,1,33.13,21.29,26.12,2.36,2.36,,1.33,,74.24
3752,3753,2019-04-12,15:01:17,2019,4,12,15,Friday,කළුතර,බණ්ඩාරගම,6.7167,79.9833,1,1,30.52,26.29,28.27,1.81,1.81,,1.29,,78.12
3751,3752,2019-04-12,17:02:05,2019,4,12,17,Friday,අනුරාධපුර,කහටගස්දිගිලිය,8.05,80.5,1,1,38.97,24.87,30.92,1.82,1.82,,1.78,,62.58
3754,3755,2019-04-12,11:14:15,2019,4,12,11,Friday,ගම්පහ,බැලුම්මහර,7.0833,80.0,1,1,32.55,25.93,28.8,1.02,1.02,,1.87,,74.43
3753,3754,2019-04-12,13:30:10,2019,4,12,13,Friday,නුවරඑළිය,හැටන්,6.9,80.6,0,1,32.1,20.67,25.74,0.4,0.4,,0.84,,74.69
3755,3756,2019-04-11,16:31:40,2019,4,11,16,Thursday,මහනුවර,නාරංවිට,7.15,80.55,1,1,29.45,22.16,25.01,4.17,4.17,,0.99,,79.14
3756,3757,2019-04-11,12:15:06,2019,4,11,12,Thursday,කොළඹ,අතුරුගිරිය,6.8333,79.9833,0,1,30.31,26.6,28.17,4.75,4.75,,2.07,,76.9
3758,3759,2019-04-11,09:50:40,2019,4,11,9,Thursday,ගම්පහ,සීදුව,7.1167,79.9667,0,1,30.31,26.6,28.17,4.75,4.75,,2.07,,76.9
3757,3758,2019-04-11,10:51:23,2019,4,11,10,Thursday,නුවරඑළිය,වටවල,6.9833,80.55,0,1,29.45,22.16,25.01,4.17,4.17,,0.99,,79.14
3759,3760,2019-04-10,15:16:32,2019,4,10,15,Wednesday,මඩකලපුව,මරදන්කඩවල,7.75,81.35,1,1,35.76,26.52,30.41,1.24,1.24,,3.49,,67.31
3760,3761,2019-04-10,13:43:46,2019,4,10,13,Wednesday,අනුරාධපුර,රබෑව,8.15,80.5,1,1,39.48,26.25,31.89,1.94,1.94,,2.34,,56.69
3762,3763,2019-04-09,15:52:08,2019,4,9,15,Tuesday,කළුතර,ගෝනදූව,6.6833,79.9833,1,1,30.57,26.4,28.16,0.19,0.19,,2.22,,77.76
3761,3762,2019-04-09,16:52:47,2019,4,9,16,Tuesday,හම්බන්තොට,හුංගම,6.1,80.8,0,1,31.5,27.15,28.95,0.14,0.14,,3.32,,75.24
3763,3764,2019-04-09,10:48:19,2019,4,9,10,Tuesday,කළුතර,කුරුඳුගහහැතැක්ම,6.64,79.96,1,1,30.57,26.4,28.16,0.19,0.19,,2.22,,77.76
3764,3765,2019-04-09,09:06:04,2019,4,9,9,Tuesday,මාතලේ,මාතලේ,7.4667,80.6167,1,0,37.96,24.64,30.54,0.02,0.02,,1.31,,57.29
3765,3766,2019-04-08,18:12:31,2019,4,8,18,Monday,පුත්තලම,තඹල,7.45,79.85,0,0,34.71,27.34,30.32,0.08,0.08,,4.01,,65.96
3766,3767,2019-04-08,14:16:36,2019,4,8,14,Monday,ගම්පහ,නෙළුව,7.05,80.05,0,1,31.91,26.08,28.52,0.14,0.14,,3.55,,75.03
3767,3768,2019-04-07,20:12:04,2019,4,7,20,Sunday,නුවරඑළිය,බදුපොල,6.95,80.55,0,0,32.23,20.97,25.7,0.02,0.02,,1.12,,73.62
3768,3769,2019-04-07,20:07:31,2019,4,7,20,Sunday,කොළඹ,කලල්ගොඩ,6.85,79.95,1,1,31.87,25.8,28.5,0.13,0.13,,2.57,,74.54
3770,3771,2019-04-07,13:40:29,2019,4,7,13,Sunday,ගාල්ල,දොඩන්දූව,6.1,80.15,0,1,29.39,27.74,28.56,0.24,0.24,,2.57,,78.43
3769,3770,2019-04-07,15:08:37,2019,4,7,15,Sunday,ගාල්ල,කහව,6.2,80.05,1,1,29.39,27.74,28.56,0.24,0.24,,2.57,,78.43
3771,3772,2019-04-06,09:23:25,2019,4,6,9,Saturday,කුරුණෑගල,නිල්පනාගොඩ,7.4833,80.05,0,0,35.47,26.96,30.83,0.01,0.01,,2.65,,57.51
3772,3773,2019-04-06,07:50:39,2019,4,6,7,Saturday,අනුරාධපුර,අනුරාධපුර,8.3114,80.4037,4,0,39.97,24.58,31.55,0.02,0.02,,2.63,,54.8
3773,3774,2019-04-05,10:04:23,2019,4,5,10,Friday,පුත්තලම,ආනමඩුව,7.9667,79.9,1,0,36.04,26.99,31.05,0.01,0.01,,2.39,,54.08
3774,3775,2019-04-05,08:19:34,2019,4,5,8,Friday,ගම්පහ,මිරිස්වත්ත,7.1167,79.9333,0,1,32.42,24.82,28.18,0.15,0.15,,2.18,,70.2
3775,3776,2019-04-04,13:18:30,2019,4,4,13,Thursday,පොළොන්නරුව,සෙවණපිටිය,7.9333,81.0,1,0,36.57,23.8,29.48,0.0,0.0,,3.73,,61.29
3776,3777,2019-04-04,11:22:55,2019,4,4,11,Thursday,කොළඹ,එරාගම,6.8833,79.95,1,1,32.77,24.33,28.04,1.06,1.06,,3.16,,67.22
3777,3778,2019-04-02,08:14:04,2019,4,2,8,Tuesday,පොළොන්නරුව,අරලගංවිල,7.9333,81.0,2,0,36.34,25.56,29.98,0.0,0.0,,3.48,,65.49
3778,3779,2019-04-01,10:00:41,2019,4,1,10,Monday,මාතලේ,මහවෙල,7.4833,80.55,1,0,37.87,22.04,29.48,0.0,0.0,,1.29,,58.46
3779,3780,2019-04-01,09:22:00,2019,4,1,9,Monday,අම්පාර,අම්පාර,7.3,81.6667,0,1,32.53,27.08,29.25,0.3,0.3,,3.5,,72.93
3780,3781,2019-03-31,15:58:10,2019,3,31,15,Sunday,කළුතර,පානදුර,6.7167,79.9,0,1,30.44,25.77,27.74,0.84,0.84,,2.56,,76.94
3781,3782,2019-03-31,12:28:46,2019,3,31,12,Sunday,පුත්තලම,පම්බල,7.45,79.85,0,1,35.22,25.61,29.91,0.24,0.24,,3.59,,63.33
3782,3783,2019-03-31,08:37:07,2019,3,31,8,Sunday,පුත්තලම,බංගදෙණිය,7.55,79.85,0,1,35.22,25.61,29.91,0.24,0.24,,3.59,,63.33
3783,3784,2019-03-30,16:17:36,2019,3,30,16,Saturday,කුරුණෑගල,වාරියපොල,7.6167,80.0833,2,1,35.04,25.31,29.68,0.21,0.21,,3.32,,63.74
3784,3785,2019-03-30,15:33:34,2019,3,30,15,Saturday,යාපනය,නෙල්ලිඅඩි,9.7,80.2,1,0,33.16,26.75,30.17,0.0,0.0,,2.73,,61.04
3785,3786,2019-03-30,07:58:43,2019,3,30,7,Saturday,මඩකලපුව,වන්දාරුමුල්ල,7.75,81.5,3,0,35.81,22.18,28.45,0.0,0.0,,3.12,,59.64
3786,3787,2019-03-29,12:05:57,2019,3,29,12,Friday,පුත්තලම,වට්ටක්කුලිය,7.6,79.85,1,0,35.56,25.26,29.64,0.0,0.0,,2.38,,60.05
3787,3788,2019-03-28,08:21:28,2019,3,28,8,Thursday,කොළඹ,දෙහිවල,6.85,79.8667,0,1,32.69,24.69,28.09,0.39,0.39,,2.12,,69.15
3788,3789,2019-03-27,19:46:21,2019,3,27,19,Wednesday,ගාල්ල,දොඩන්දූව,6.15,80.1,1,1,30.36,26.91,28.61,0.23,0.23,,2.88,,67.84
3789,3790,2019-03-26,11:52:20,2019,3,26,11,Tuesday,ගම්පහ,ගනේමුල්ල,7.0333,80.0,0,0,32.69,22.78,27.72,0.0,0.0,,2.34,,65.33
3790,3791,2019-03-25,11:29:45,2019,3,25,11,Monday,නුවරඑළිය,වලපනේ,7.05,80.75,2,0,30.39,14.88,22.09,0.0,0.0,,3.52,,66.58
3791,3792,2019-03-24,10:24:29,2019,3,24,10,Sunday,කළුතර,වැලිපැන්න,6.65,79.95,1,1,30.42,25.3,27.51,1.63,1.63,,1.78,,78.35
3792,3793,2019-03-23,15:45:54,2019,3,23,15,Saturday,ගම්පහ,රදාවඩුන,7.05,80.05,0,1,31.0,26.17,28.15,4.45,4.45,,2.16,,76.85
3793,3794,2019-03-21,16:39:08,2019,3,21,16,Thursday,ගාල්ල,අම්බලන්ගොඩ,6.2333,80.05,1,1,29.63,26.76,28.12,1.79,1.79,,3.86,,77.8
3794,3795,2019-03-21,14:55:11,2019,3,21,14,Thursday,අනුරාධපුර,නොච්චියාගම,8.15,80.2,0,1,36.07,24.37,29.78,1.65,1.65,,3.32,,63.87
3796,3797,2019-03-20,13:40:51,2019,3,20,13,Wednesday,කෑගල්ල,කරඬුපන,7.25,80.35,2,0,35.74,20.7,27.34,0.0,0.0,,2.75,,65.43
3795,3796,2019-03-20,14:15:09,2019,3,20,14,Wednesday,හම්බන්තොට,සුරියවැව,6.3,80.85,1,0,33.37,19.91,26.15,0.05,0.05,,2.72,,72.83
3798,3799,2019-03-19,11:26:03,2019,3,19,11,Tuesday,හම්බන්තොට,දෙහිගහලන්ද,6.15,80.85,0,1,31.11,25.89,28.05,1.07,1.07,,4.9,,75.43
3797,3798,2019-03-19,16:33:51,2019,3,19,16,Tuesday,නුවරඑළිය,කඩියන්ලෙන,6.95,80.55,0,1,29.36,19.41,23.6,0.27,0.27,,2.17,,77.99
3799,3800,2019-03-18,06:33:27,2019,3,18,6,Monday,පුත්තලම,පාලවිය,7.75,79.85,4,1,35.57,25.04,29.36,4.8,4.8,,4.71,,68.72
3800,3801,2019-03-17,18:37:56,2019,3,17,18,Sunday,කළුතර,අලුත්ගම,6.4333,79.9833,1,2,30.47,25.25,27.81,8.04,8.04,,1.67,,76.9
3802,3803,2019-03-17,13:55:28,2019,3,17,13,Sunday,හම්බන්තොට,තිස්සමහාරාම,6.2833,81.0,1,1,30.58,23.88,26.7,3.73,3.73,,3.94,,80.05
3801,3802,2019-03-17,17:42:26,2019,3,17,17,Sunday,මන්නාරම,පුදුකුඩිරිප්පු,8.9833,80.0,1,0,33.55,25.35,29.01,0.03,0.03,,5.23,,68.33
3803,3804,2019-03-16,13:10:40,2019,3,16,13,Saturday,අනුරාධපුර,මැදවච්චිය,8.15,80.5,0,1,35.98,21.48,27.79,0.23,0.23,,4.38,,66.49
3804,3805,2019-03-16,11:53:41,2019,3,16,11,Saturday,කළුතර,බිංගිරිය,6.75,80.15,1,1,32.72,24.15,28.15,1.84,1.84,,1.86,,71.36
3805,3806,2019-03-16,09:19:59,2019,3,16,9,Saturday,නුවරඑළිය,නෝර්වුඩ්,6.9,80.6,0,1,29.81,18.0,23.59,0.44,0.44,,2.23,,79.91
3806,3807,2019-03-15,12:02:03,2019,3,15,12,Friday,මාතලේ,ගලේවෙල,7.4667,80.6167,0,0,34.18,18.58,25.87,0.02,0.02,,3.68,,70.54
3808,3809,2019-03-15,11:03:36,2019,3,15,11,Friday,කුරුණෑගල,පොල්ගහවෙල,7.4167,80.2833,3,0,35.31,23.06,28.94,0.04,0.04,,2.89,,59.57
3807,3808,2019-03-15,11:25:47,2019,3,15,11,Friday,පුත්තලම,සුදුවැල්ල,7.55,79.85,1,0,35.31,23.06,28.94,0.04,0.04,,2.89,,59.57
3810,3811,2019-03-14,16:22:08,2019,3,14,16,Thursday,පුත්තලම,පම්බල,7.45,79.85,2,0,35.68,24.19,29.1,0.02,0.02,,4.09,,59.89
3809,3810,2019-03-15,10:54:13,2019,3,15,10,Friday,මහනුවර,අකුරණ,7.3167,80.6167,0,0,34.18,18.58,25.87,0.02,0.02,,3.68,,70.54
3811,3812,2019-03-14,07:07:52,2019,3,14,7,Thursday,වවුනියාව,වවුනියාව,8.75,80.0,0,0,34.19,25.27,28.91,0.0,0.0,,5.37,,65.15
3812,3813,2019-03-13,09:01:43,2019,3,13,9,Wednesday,මහනුවර,තෙල්දෙණිය,7.2,80.7,0,0,28.71,16.91,22.54,0.0,0.0,,2.27,,76.52
3813,3814,2019-03-13,06:36:15,2019,3,13,6,Wednesday,පොළොන්නරුව,බකමූණ,7.9333,81.0,1,1,32.38,24.35,27.64,0.27,0.27,,4.15,,69.36
3814,3815,2019-03-09,13:48:12,2019,3,9,13,Saturday,මාතර,කඹුරුගමුව,5.9833,80.5,1,2,30.27,26.05,27.66,7.17,7.17,,2.02,,77.92
3815,3816,2019-03-07,18:26:23,2019,3,7,18,Thursday,කළුතර,දොඩංගොඩ,6.6,79.95,2,1,29.76,25.44,27.26,0.23,0.23,,3.05,,83.37
3816,3817,2019-03-07,08:05:27,2019,3,7,8,Thursday,කොළඹ,පිළියන්දල,6.8,79.9,1,0,31.14,25.1,27.63,0.07,0.07,,3.3,,80.16
3817,3818,2019-03-06,17:15:33,2019,3,6,17,Wednesday,අනුරාධපුර,මොරගොඩ,8.25,80.45,0,0,37.74,23.46,29.8,0.04,0.04,,1.89,,67.93
3818,3819,2019-03-04,10:21:02,2019,3,4,10,Monday,රත්නපුර,පැල්මඩුල්ල,6.6167,80.55,0,2,29.98,21.64,25.0,6.14,6.14,,1.78,,83.58
3819,3820,2019-03-02,16:10:16,2019,3,2,16,Saturday,කුරුණෑගල,කුරුණෑගල,7.4833,80.3667,2,0,32.22,20.51,25.54,0.02,0.02,,3.52,,78.1
3820,3821,2019-03-02,13:48:28,2019,3,2,13,Saturday,මහනුවර,නාවලපිටිය,7.05,80.5333,2,0,28.32,18.31,22.93,0.01,0.01,,2.57,,81.86
3821,3822,2019-03-02,13:01:18,2019,3,2,13,Saturday,ත්‍රිකුණාමලය,ත්‍රිකුණාමලය,8.5667,81.2333,1,1,30.32,26.09,27.95,0.13,0.13,,5.0,,73.51
3822,3823,2019-03-02,12:12:53,2019,3,2,12,Saturday,කොළඹ,මහරගම,6.85,79.9333,1,0,31.42,23.76,27.47,0.02,0.02,,1.46,,72.11
3823,3824,2019-03-01,13:25:24,2019,3,1,13,Friday,මඩකලපුව,කාන්තන්කුඩි,7.7,81.3833,0,0,31.6,22.78,26.15,0.1,0.1,,2.56,,80.63
3824,3825,2019-03-01,12:55:36,2019,3,1,12,Friday,ගාල්ල,ගොනාමුල්ල,6.1,80.15,0,1,29.06,27.02,27.9,0.44,0.44,,1.98,,78.36
3825,3826,2019-03-01,07:58:03,2019,3,1,7,Friday,කිලිනොච්චි,පරන්තන්,9.3833,80.4,0,0,29.76,26.32,27.79,0.01,0.01,,4.85,,78.08
3826,3827,2019-02-28,18:30:54,2019,2,28,18,Thursday,ගම්පහ,කඩවත,7.0833,79.95,1,1,29.04,24.98,26.74,0.6,0.6,,2.87,,80.78
3827,3828,2019-02-27,18:30:04,2019,2,27,18,Wednesday,මහනුවර,ගම්පොළ,7.1667,80.5667,1,2,24.19,20.66,22.14,14.2,14.2,,1.48,,91.95
3828,3829,2019-02-27,12:12:07,2019,2,27,12,Wednesday,නුවරඑළිය,කොටගල,6.9,80.6,0,2,24.19,20.66,22.14,14.2,14.2,,1.48,,91.95
3829,3830,2019-02-27,11:20:03,2019,2,27,11,Wednesday,කොළඹ,අතුරුගිරිය,6.8333,79.9833,2,2,27.67,24.96,26.14,18.91,18.91,,2.76,,85.03
3830,3831,2019-02-27,09:14:07,2019,2,27,9,Wednesday,කෑගල්ල,කෑගල්ල,7.25,80.35,0,2,27.53,22.9,24.85,6.18,6.18,,0.86,,88.38
3831,3832,2019-02-26,15:41:21,2019,2,26,15,Tuesday,මුලතිව්,මාන්කුලම,9.2,80.5,1,0,33.23,23.88,28.03,0.02,0.02,,3.64,,75.27
3832,3833,2019-02-25,09:13:39,2019,2,25,9,Monday,පොළොන්නරුව,පුලස්තිගම,7.9333,81.0,1,1,30.84,23.09,26.6,0.29,0.29,,3.61,,80.72
3833,3834,2019-02-25,07:12:36,2019,2,25,7,Monday,යාපනය,සංගුප්පිට්ටි,9.7,80.0,1,0,29.76,24.5,27.03,0.0,0.0,,4.62,,73.82
3834,3835,2019-02-23,17:41:03,2019,2,23,17,Saturday,රත්නපුර,මීහිටිය,6.6833,80.4,1,0,31.22,17.05,23.68,0.0,0.0,,2.58,,75.52
3835,3836,2019-02-23,12:39:05,2019,2,23,12,Saturday,කොළඹ,කොළඹ,6.9271,79.8612,0,0,31.28,20.7,26.05,0.0,0.0,,2.38,,68.91
3836,3837,2019-02-23,11:55:50,2019,2,23,11,Saturday,මහනුවර,පේරාදෙණිය,7.2667,80.6,0,0,30.52,17.25,23.15,0.01,0.01,,3.52,,77.62
3837,3838,2019-02-23,10:27:04,2019,2,23,10,Saturday,නුවරඑළිය,කොටගල,6.9,80.6,0,0,28.07,14.56,20.85,0.0,0.0,,2.66,,81.09
3838,3839,2019-02-22,09:50:40,2019,2,22,9,Friday,කළුතර,පනාවල,6.65,80.15,1,0,30.91,23.84,26.91,0.09,0.09,,3.57,,74.96
3839,3840,2019-02-21,14:24:08,2019,2,21,14,Thursday,කළුතර,මතුගම,6.5333,80.1833,2,1,31.21,23.75,27.32,0.11,0.11,,3.5,,75.68
3840,3841,2019-02-21,06:57:17,2019,2,21,6,Thursday,හම්බන්තොට,දෙබරවැව,6.2833,81.0,0,1,30.53,22.72,26.04,0.33,0.33,,5.23,,80.22
3841,3842,2019-02-20,16:27:35,2019,2,20,16,Wednesday,මොනරාගල,බුත්තල,6.75,81.25,1,1,27.92,19.5,23.34,0.5,0.5,,3.65,,86.11
3842,3843,2019-02-20,12:01:22,2019,2,20,12,Wednesday,මොනරාගල,වැල්ලවාය,6.7333,81.1,0,1,29.46,22.41,25.56,0.43,0.43,,4.81,,82.17
3843,3844,2019-02-19,17:55:49,2019,2,19,17,Tuesday,බදුල්ල,හාලිඇළ,6.95,81.05,0,1,29.07,20.65,24.26,0.61,0.61,,2.63,,85.89
3844,3845,2019-02-19,16:43:06,2019,2,19,16,Tuesday,කොළඹ,මහරගම,6.85,79.9333,1,1,31.47,24.14,27.51,0.63,0.63,,2.29,,76.77
3845,3846,2019-02-19,11:28:08,2019,2,19,11,Tuesday,මාතර,සීනිමෝදර,6.0167,80.5333,2,1,29.82,25.59,27.48,0.79,0.79,,4.61,,81.29
3846,3847,2019-02-19,09:16:49,2019,2,19,9,Tuesday,මහනුවර,නාවලපිටිය,7.05,80.5333,2,1,28.52,18.8,23.05,0.26,0.26,,2.68,,83.65
3847,3848,2019-02-19,06:26:37,2019,2,19,6,Tuesday,නුවරඑළිය,තලවාකැලේ,6.95,80.7,0,1,28.52,18.8,23.05,0.26,0.26,,2.68,,83.65
3849,3850,2019-02-18,13:01:43,2019,2,18,13,Monday,මුලතිව්,මුලතිව්,9.2667,80.5,2,1,30.08,26.29,28.03,1.09,1.09,,3.48,,79.24
3848,3849,2019-02-18,18:15:53,2019,2,18,18,Monday,මහනුවර,කටුගස්තොට,7.3,80.6333,1,0,30.96,22.11,25.99,0.1,0.1,,1.44,,80.01
3851,3852,2019-02-18,08:56:18,2019,2,18,8,Monday,පුත්තලම,මහවැව,7.5333,79.95,4,1,30.38,25.21,27.53,0.21,0.21,,2.12,,79.22
3850,3851,2019-02-18,12:28:52,2019,2,18,12,Monday,පුත්තලම,මහවැව,7.5333,79.95,3,1,30.38,25.21,27.53,0.21,0.21,,2.12,,79.22
3852,3853,2019-02-15,18:25:07,2019,2,15,18,Friday,මහනුවර,කපුවත්ත,7.25,80.6,0,1,30.13,21.66,25.14,1.57,1.57,,3.15,,86.05
3853,3854,2019-02-15,14:28:25,2019,2,15,14,Friday,රත්නපුර,රක්වාන,6.6833,80.45,1,2,31.01,21.77,25.61,5.11,5.11,,2.4,,84.16
3854,3855,2019-02-14,10:07:15,2019,2,14,10,Thursday,කළුතර,ඉංගිරිය,6.75,80.1667,1,1,31.1,23.21,27.05,3.1,3.1,,4.14,,80.81
3855,3856,2019-02-13,11:37:00,2019,2,13,11,Wednesday,කොළඹ,මුල්ලේරියාව,6.9833,79.95,2,1,31.33,23.59,26.77,0.22,0.22,,6.16,,79.44
3856,3857,2019-02-07,17:01:28,2019,2,7,17,Thursday,ගාල්ල,ඉමදුව,6.1,80.2,0,1,28.1,25.94,27.09,0.89,0.89,,1.11,,80.14
3857,3858,2019-02-06,16:53:23,2019,2,6,16,Wednesday,මහනුවර,මහනුවර,7.3,80.6333,1,1,29.22,20.87,24.23,0.33,0.33,,3.9,,85.42
3858,3859,2019-02-05,08:20:43,2019,2,5,8,Tuesday,පුත්තලම,මාදම්පේ,7.45,79.85,0,2,30.87,24.63,26.93,5.95,5.95,,6.15,,82.55
3859,3860,2019-02-04,10:24:34,2019,2,4,10,Monday,රත්නපුර,රත්නපුර,6.6833,80.4,1,2,30.46,21.89,25.28,11.09,11.09,,2.85,,83.36
3860,3861,2019-02-03,09:56:28,2019,2,3,9,Sunday,අනුරාධපුර,තඹුත්තේගම,8.1167,80.4,0,2,31.15,22.03,25.82,6.26,6.26,,4.35,,82.97
3861,3862,2019-02-02,14:21:59,2019,2,2,14,Saturday,අනුරාධපුර,යකානුගස්වැව,8.0333,80.85,1,1,31.31,21.36,25.38,3.89,3.89,,4.31,,80.87
3862,3863,2019-02-02,09:57:54,2019,2,2,9,Saturday,යාපනය,චාවකච්චේරිය,9.65,80.1667,1,0,28.06,25.26,26.39,0.05,0.05,,6.55,,75.85
3863,3864,2019-01-31,11:08:22,2019,1,31,11,Thursday,මඩකලපුව,එරාවුර්,7.75,81.5,1,1,28.56,23.6,25.53,2.76,2.76,,5.04,,81.13
3864,3865,2019-01-30,13:55:21,2019,1,30,13,Wednesday,කළුතර,අලුත්ගම,6.4333,79.9833,2,0,30.06,22.47,26.06,0.01,0.01,,4.57,,77.96
3865,3866,2019-01-29,18:00:06,2019,1,29,18,Tuesday,මහනුවර,පිළිමතලාව,7.25,80.55,0,0,28.86,17.64,22.93,0.0,0.0,,4.14,,83.98
3866,3867,2019-01-29,14:59:56,2019,1,29,14,Tuesday,මාතලේ,පොහොරවැව,7.8667,80.65,1,0,30.74,19.74,24.63,0.02,0.02,,4.33,,79.67
3867,3868,2019-01-28,12:50:47,2019,1,28,12,Monday,කළුතර,බේරුවල,6.4833,79.9833,1,0,28.38,24.35,26.42,0.06,0.06,,2.35,,79.56
3868,3869,2019-01-28,09:12:14,2019,1,28,9,Monday,කළුතර,බණ්ඩාරගම,6.7167,79.9833,0,0,28.38,24.35,26.42,0.06,0.06,,2.35,,79.56
3869,3870,2019-01-28,08:16:07,2019,1,28,8,Monday,බදුල්ල,අම්පිටිය,6.8333,81.0,0,0,28.5,17.73,22.39,0.0,0.0,,2.53,,82.6
3870,3871,2019-01-26,16:33:32,2019,1,26,16,Saturday,නුවරඑළිය,කොටගල,6.9,80.6,0,1,27.34,19.38,22.81,0.74,0.74,,2.42,,86.67
3871,3872,2019-01-26,08:57:05,2019,1,26,8,Saturday,මාතලේ,ගලේවෙල,7.4667,80.6167,0,1,29.11,21.24,24.43,0.16,0.16,,3.71,,85.05
3872,3873,2019-01-26,07:54:02,2019,1,26,7,Saturday,මාතර,ගොඩගම,5.9833,80.5333,0,1,30.05,25.33,27.29,0.97,0.97,,3.82,,80.71
3874,3875,2019-01-25,09:59:26,2019,1,25,9,Friday,කුරුණෑගල,අලව්ව,7.4667,80.1167,2,1,30.26,22.63,26.58,0.21,0.21,,3.08,,80.96
3873,3874,2019-01-25,10:39:05,2019,1,25,10,Friday,යාපනය,කන්කසන්තුරය,9.7,80.0,0,0,28.25,24.75,26.49,0.03,0.03,,4.71,,82.15
3875,3876,2019-01-25,09:37:37,2019,1,25,9,Friday,මාතර,වැලිගම,5.9833,80.45,0,1,29.68,25.13,27.18,1.18,1.18,,2.18,,80.1
3876,3877,2019-01-24,11:15:30,2019,1,24,11,Thursday,මොනරාගල,බුත්තල,6.75,81.25,2,1,27.59,19.08,23.07,0.18,0.18,,2.7,,88.29
3877,3878,2019-01-23,16:22:16,2019,1,23,16,Wednesday,අනුරාධපුර,පොතානේගම,8.25,80.5,2,0,30.38,20.42,24.7,0.0,0.0,,3.6,,83.07
3878,3879,2019-01-22,14:57:52,2019,1,22,14,Tuesday,පුත්තලම,නයිනමඩම,7.3667,79.85,6,0,30.13,22.0,25.7,0.02,0.02,,4.44,,78.69
3879,3880,2019-01-21,15:16:34,2019,1,21,15,Monday,මුලතිව්,පෝඩාර්කල්ලි,9.2,80.5,2,0,28.32,21.59,24.32,0.0,0.0,,3.92,,78.46
3880,3881,2019-01-21,15:03:39,2019,1,21,15,Monday,කුරුණෑගල,පොල්ගහවෙල,7.4167,80.2833,1,0,29.75,21.6,25.32,0.0,0.0,,4.83,,77.83
3882,3883,2019-01-20,21:17:51,2019,1,20,21,Sunday,ගම්පහ,දාම්පේ,7.1,79.9,0,0,29.04,20.58,24.58,0.1,0.1,,5.53,,78.26
3881,3882,2019-01-21,10:57:59,2019,1,21,10,Monday,කොළඹ,බෝකුන්දර,6.8,79.95,1,0,29.29,21.73,25.38,0.0,0.0,,3.87,,79.26
3884,3885,2019-01-20,16:11:25,2019,1,20,16,Sunday,ගාල්ල,බටපොල,6.0833,80.15,1,1,27.43,24.08,26.09,0.22,0.22,,3.69,,75.06
3883,3884,2019-01-20,19:05:11,2019,1,20,19,Sunday,පුත්තලම,නයිනමඩම,7.3667,79.85,6,0,29.4,20.53,24.55,0.01,0.01,,5.97,,76.26
3886,3887,2019-01-20,12:58:34,2019,1,20,12,Sunday,පුත්තලම,නයිනමඩම,7.3667,79.85,6,0,29.4,20.53,24.55,0.01,0.01,,5.97,,76.26
3887,3888,2019-01-20,06:46:33,2019,1,20,6,Sunday,පුත්තලම,නයිනමඩම,7.3667,79.85,6,0,29.4,20.53,24.55,0.01,0.01,,5.97,,76.26
3888,3889,2019-01-19,15:47:58,2019,1,19,15,Saturday,ගම්පහ,තුඩැල්ල,7.1,79.9,2,0,28.31,20.02,23.87,0.0,0.0,,5.08,,76.58
3885,3886,2019-01-20,15:29:16,2019,1,20,15,Sunday,බදුල්ල,හාලිඇල,6.95,81.05,0,0,26.93,18.27,22.0,0.0,0.0,,4.03,,87.35
3889,3890,2019-01-19,12:23:24,2019,1,19,12,Saturday,අනුරාධපුර,මොරගොඩ,8.25,80.45,0,0,28.0,18.6,22.55,0.0,0.0,,3.54,,78.04
3890,3891,2019-01-18,20:26:27,2019,1,18,20,Friday,කොළඹ,කොළඹ,6.9271,79.8612,0,0,28.55,20.88,24.12,0.03,0.03,,5.39,,76.98
3891,3892,2019-01-18,16:53:12,2019,1,18,16,Friday,හම්බන්තොට,අගුණකොළපැලැස්ස,6.15,80.85,2,0,29.19,23.27,25.98,0.07,0.07,,3.18,,72.65
3892,3893,2019-01-17,10:26:21,2019,1,17,10,Thursday,හම්බන්තොට,හුංගම,6.1,80.8,1,1,29.64,24.07,26.55,0.3,0.3,,4.02,,76.17
3893,3894,2019-01-17,07:05:13,2019,1,17,7,Thursday,පුත්තලම,කුමාරකට්ටුව,7.55,79.85,1,0,29.05,21.46,24.7,0.0,0.0,,6.08,,76.95
3894,3895,2019-01-16,15:14:46,2019,1,16,15,Wednesday,මහනුවර,නාවලපිටිය,7.05,80.5333,0,1,26.34,18.68,21.7,2.36,2.36,,4.04,,89.86
3895,3896,2019-01-16,10:29:02,2019,1,16,10,Wednesday,මාතර,දෙනියාය,6.1,80.5333,0,1,29.27,24.85,26.7,3.67,3.67,,3.19,,82.02
3896,3897,2019-01-15,13:32:52,2019,1,15,13,Tuesday,මොනරාගල,දළුකාන,6.85,81.15,2,2,27.17,20.41,23.29,5.52,5.52,,3.47,,90.31
3897,3898,2019-01-15,12:35:39,2019,1,15,12,Tuesday,අනුරාධපුර,තල්ගහපොතාන,8.15,80.5,1,1,28.85,21.62,24.48,1.01,1.01,,3.82,,86.69
3898,3899,2019-01-15,08:04:46,2019,1,15,8,Tuesday,ගම්පහ,පනාගොඩ,7.1,80.0,0,1,28.64,23.02,25.59,1.18,1.18,,5.06,,83.54
3899,3900,2019-01-14,18:08:36,2019,1,14,18,Monday,කොළඹ,කළල්ගොඩ,6.85,79.95,1,1,29.1,23.4,25.8,4.44,4.44,,4.75,,85.05
3900,3901,2019-01-14,16:58:39,2019,1,14,16,Monday,මොනරාගල,බිබිල,6.9,81.2,0,2,26.45,21.05,23.23,10.61,10.61,,3.14,,92.47
3901,3902,2019-01-13,14:54:12,2019,1,13,14,Sunday,අනුරාධපුර,කන්නට්ටිය,8.35,80.5,1,1,28.41,22.51,24.73,3.6,3.6,,3.91,,89.66
3902,3903,2019-01-13,10:56:43,2019,1,13,10,Sunday,කුරුණෑගල,මුත්තතෙට්ටුගල,7.6,80.45,2,2,27.03,21.02,23.46,17.19,17.19,,3.38,,92.61
3903,3904,2019-01-12,16:59:45,2019,1,12,16,Saturday,කළුතර,එතනමඩල,6.7,80.05,1,2,28.74,24.18,26.01,11.02,11.02,,4.05,,86.18
3904,3905,2019-01-12,14:21:10,2019,1,12,14,Saturday,කළුතර,බුලත්සිංහල,6.65,80.1667,1,2,28.74,24.18,26.01,11.02,11.02,,4.05,,86.18
3905,3906,2019-01-12,11:23:07,2019,1,12,11,Saturday,කළුතර,වාද්දුව,6.6667,79.9333,1,2,28.74,24.18,26.01,11.02,11.02,,4.05,,86.18
3906,3907,2019-01-11,17:23:22,2019,1,11,17,Friday,නුවරඑළිය,දික්ඔය,6.9,80.6,0,1,26.56,17.88,21.71,3.56,3.56,,3.01,,89.95
3907,3908,2019-01-10,15:12:29,2019,1,10,15,Thursday,හම්බන්තොට,මයුරපුර,6.1,81.1,0,1,28.52,24.99,26.52,0.26,0.26,,6.17,,82.95
3908,3909,2019-01-10,07:59:51,2019,1,10,7,Thursday,කොළඹ,පාදුක්ක,6.85,80.0833,2,1,29.73,22.35,25.6,0.23,0.23,,5.2,,81.21
3909,3910,2019-01-09,21:44:22,2019,1,9,21,Wednesday,අනුරාධපුර,පලාගල,8.15,80.5,1,0,28.37,19.65,23.47,0.0,0.0,,3.89,,86.1
3910,3911,2019-01-09,08:31:19,2019,1,9,8,Wednesday,මාතර,දික්වැල්ල,5.9833,80.5,1,1,29.72,24.3,26.78,0.26,0.26,,4.17,,77.36
3911,3912,2019-01-08,18:36:31,2019,1,8,18,Tuesday,කිලිනොච්චි,පලෙයි,9.3833,80.4,3,0,27.19,24.06,25.57,0.0,0.0,,5.76,,77.12
3912,3913,2019-01-08,11:44:15,2019,1,8,11,Tuesday,මොනරාගල,කණ්ඩියාගම,6.7333,81.1,0,0,29.21,21.43,24.85,0.02,0.02,,4.34,,84.86
3913,3914,2019-01-08,07:12:08,2019,1,8,7,Tuesday,මාතලේ,මාතලේ,7.4667,80.6167,0,0,27.79,19.48,22.92,0.01,0.01,,3.79,,87.84
3914,3915,2019-01-07,09:32:12,2019,1,7,9,Monday,මඩකලපුව,පිල්ලියාරඩ්,7.75,81.5,0,0,27.63,21.91,24.62,0.0,0.0,,3.89,,85.47
3915,3916,2019-01-06,16:07:51,2019,1,6,16,Sunday,ගම්පහ,වෙදහන්දිය,7.1,80.05,2,0,28.41,21.53,24.56,0.0,0.0,,5.14,,77.62
3916,3917,2019-01-05,19:12:49,2019,1,5,19,Saturday,ගම්පහ,ජාඇළ,7.1,79.9,2,0,29.22,20.96,24.88,0.03,0.03,,5.47,,81.53
3917,3918,2019-01-05,09:45:32,2019,1,5,9,Saturday,ගම්පහ,වැලිගම්පිටිය,7.1,79.9,2,0,29.22,20.96,24.88,0.03,0.03,,5.47,,81.53
3918,3919,2019-01-03,16:56:17,2019,1,3,16,Thursday,අනුරාධපුර,අනුරාධපුර,8.3114,80.4037,1,0,27.4,18.63,22.51,0.0,0.0,,4.1,,79.89
3919,3920,2019-01-02,18:27:51,2019,1,2,18,Wednesday,නුවරඑළිය,බගවන්තලාව,6.95,80.7,0,0,25.06,16.46,20.11,0.03,0.03,,3.56,,87.73
3920,3921,2019-01-02,17:59:50,2019,1,2,17,Wednesday,කොළඹ,හෝමාගම,6.85,80.0,1,0,28.02,21.48,24.39,0.02,0.02,,5.64,,79.51
3921,3922,2019-01-02,12:27:39,2019,1,2,12,Wednesday,ගම්පහ,ජාඇළ,7.1,79.9,0,0,28.02,21.48,24.39,0.02,0.02,,5.64,,79.51
3923,3924,2019-01-02,10:43:49,2019,1,2,10,Wednesday,නුවරඑළිය,බගවන්තලාව,6.95,80.7,0,0,25.06,16.46,20.11,0.03,0.03,,3.56,,87.73
3924,3925,2019-01-02,09:28:17,2019,1,2,9,Wednesday,ගම්පහ,දියගම්පළ,7.15,79.95,2,0,28.02,21.48,24.39,0.02,0.02,,5.64,,79.51
3922,3923,2019-01-02,12:09:14,2019,1,2,12,Wednesday,මාතලේ,ගලේවෙල,7.4667,80.6167,1,0,25.97,17.62,21.18,0.01,0.01,,4.03,,87.04
3925,3926,2019-01-01,11:32:39,2019,1,1,11,Tuesday,අම්පාර,පොතුවිල්,6.85,81.85,1,0,27.32,24.66,25.82,0.07,0.07,,5.13,,74.07
3926,3927,2018-12-31,10:59:42,2018,12,31,10,Monday,යාපනය,චුණ්ඩිකුල,9.7,80.0,0,1,26.7,24.53,25.56,0.86,0.86,,8.05,,76.78
3928,3929,2018-12-30,16:35:58,2018,12,30,16,Sunday,කොළඹ,කොට්ටාව,6.8667,79.95,1,0,28.65,22.09,24.88,0.04,0.04,,5.62,,79.52
3927,3928,2018-12-31,09:04:19,2018,12,31,9,Monday,ගම්පහ,දුන්ගල්පිටිය,7.1,79.9,1,1,28.97,22.25,25.01,0.48,0.48,,6.23,,83.26
3929,3930,2018-12-30,13:57:07,2018,12,30,13,Sunday,මාතලේ,ගලේවෙල,7.4667,80.6167,0,1,26.58,18.99,22.32,0.12,0.12,,4.39,,86.84
3930,3931,2018-12-30,13:41:31,2018,12,30,13,Sunday,ගම්පහ,කටාන,7.1167,79.9333,1,0,28.65,22.09,24.88,0.04,0.04,,5.62,,79.52
3932,3933,2018-12-29,09:00:51,2018,12,29,9,Saturday,කොළඹ,ගල්කිස්ස,6.8333,79.85,0,0,28.91,22.45,25.22,0.04,0.04,,4.13,,78.78
3931,3932,2018-12-29,12:07:22,2018,12,29,12,Saturday,ගම්පහ,වත්තල,6.9833,79.9,2,0,28.91,22.45,25.22,0.04,0.04,,4.13,,78.78
3933,3934,2018-12-28,15:32:39,2018,12,28,15,Friday,හම්බන්තොට,ඌරනිය,6.2833,81.0,0,1,28.32,21.35,24.41,0.35,0.35,,3.55,,85.71
3934,3935,2018-12-28,15:26:23,2018,12,28,15,Friday,මාතර,එක්කස්ස,6.0167,80.5333,0,1,28.67,24.53,26.43,2.13,2.13,,3.2,,76.73
3935,3936,2018-12-28,11:52:24,2018,12,28,11,Friday,කුරුණෑගල,නාගරපුර,7.6,80.45,1,0,27.66,18.92,22.82,0.03,0.03,,3.17,,86.73
3936,3937,2018-12-26,13:17:21,2018,12,26,13,Wednesday,කළුතර,අලුත්ගම,6.4333,79.9833,1,2,28.65,24.41,26.18,8.8,8.8,,2.75,,86.35
3937,3938,2018-12-26,08:02:29,2018,12,26,8,Wednesday,කළුතර,දොඩංගොඩ,6.6,79.95,1,2,28.65,24.41,26.18,8.8,8.8,,2.75,,86.35
3938,3939,2018-12-24,10:12:34,2018,12,24,10,Monday,මොනරාගල,මනම්පිටිය,6.85,81.15,1,1,26.59,20.68,23.29,3.96,3.96,,2.04,,91.93
3939,3940,2018-12-24,09:04:25,2018,12,24,9,Monday,පුත්තලම,හතරේ කණුව,7.75,79.95,0,1,29.13,23.92,26.25,3.82,3.82,,3.41,,88.24
3940,3941,2018-12-23,17:34:03,2018,12,23,17,Sunday,මාතර,කඹුරුගමුව,5.9833,80.5,3,1,28.22,25.45,26.56,2.24,2.24,,3.82,,85.62
3942,3943,2018-12-23,07:33:03,2018,12,23,7,Sunday,මාතර,කඹුරුගමුව,5.9833,80.5,2,1,28.22,25.45,26.56,2.24,2.24,,3.82,,85.62
3941,3942,2018-12-23,09:59:37,2018,12,23,9,Sunday,කළුතර,බටගොඩ,6.7,80.05,0,1,28.7,24.87,26.5,3.24,3.24,,2.35,,85.46
3943,3944,2018-12-22,16:55:02,2018,12,22,16,Saturday,බදුල්ල,බණ්ඩාරවෙල,6.8333,81.0,0,1,26.34,21.43,23.49,4.95,4.95,,1.78,,92.52
3944,3945,2018-12-20,12:15:48,2018,12,20,12,Thursday,කෑගල්ල,ඇදුරාපොත,7.25,80.35,0,1,28.98,20.29,24.05,0.17,0.17,,3.16,,90.27
3945,3946,2018-12-20,09:19:54,2018,12,20,9,Thursday,යාපනය,යාපනය,9.6667,80.0,1,0,27.35,25.28,26.34,0.08,0.08,,5.89,,80.49
3946,3947,2018-12-17,16:36:22,2018,12,17,16,Monday,නුවරඑළිය,හඟුරන්කෙත,7.05,80.75,0,0,26.85,16.24,21.65,0.0,0.0,,1.55,,71.27
3947,3948,2018-12-17,10:01:15,2018,12,17,10,Monday,පුත්තලම,කල්පිටිය,8.2333,79.9167,3,0,29.29,21.02,25.5,0.0,0.0,,1.69,,75.85
3948,3949,2018-12-17,09:23:39,2018,12,17,9,Monday,,,0.0,0.0,0,1,27.22,26.63,27.02,0.58,0.58,,3.15,,81.11
3949,3950,2018-12-16,16:59:07,2018,12,16,16,Sunday,බදුල්ල,ඔත්තකඩේ,6.8333,81.0,0,0,28.45,18.29,22.83,0.01,0.01,,3.23,,83.96
3950,3951,2018-12-15,09:45:21,2018,12,15,9,Saturday,ගාල්ල,අක්මීමන,6.1,80.15,0,2,28.25,26.1,27.16,7.67,7.67,,6.04,,82.77
3951,3952,2018-12-14,17:35:03,2018,12,14,17,Friday,මාතර,ඌරුබොක්ක,6.25,80.5833,1,1,29.27,17.86,23.65,0.33,0.33,,3.11,,83.73
3952,3953,2018-12-14,15:46:13,2018,12,14,15,Friday,නුවරඑළිය,කුඩාගම,6.9,80.6,0,0,25.98,15.8,20.94,0.08,0.08,,3.43,,89.36
3953,3954,2018-12-14,08:57:50,2018,12,14,8,Friday,බදුල්ල,ඇල්ල,6.8667,81.05,0,0,27.83,18.61,22.9,0.01,0.01,,3.87,,86.83
3954,3955,2018-12-12,20:46:19,2018,12,12,20,Wednesday,පොළොන්නරුව,කදුරුවෙල,7.9333,81.0,1,0,27.56,21.17,24.3,0.02,0.02,,3.52,,86.06
3955,3956,2018-12-12,17:57:56,2018,12,12,17,Wednesday,කොළඹ,කන්දෙවල,6.8333,79.85,0,0,28.09,20.31,24.23,0.0,0.0,,4.76,,81.32
3956,3957,2018-12-10,08:06:22,2018,12,10,8,Monday,බදුල්ල,කිණිගම,6.8333,81.0,0,1,25.69,20.67,22.8,1.01,1.01,,2.97,,92.3
3957,3958,2018-12-10,07:43:41,2018,12,10,7,Monday,මාතර,හතපැලෑන,5.9833,80.5,3,1,28.2,25.18,26.66,1.17,1.17,,1.43,,79.18
3958,3959,2018-12-09,15:34:43,2018,12,9,15,Sunday,බදුල්ල,බදුල්ල,6.9833,81.05,2,2,26.38,21.65,23.46,5.95,5.95,,4.58,,92.61
3960,3961,2018-12-09,06:25:11,2018,12,9,6,Sunday,කොළඹ,ගල්කිස්ස,6.8333,79.85,3,1,29.25,23.22,25.87,1.0,1.0,,5.65,,84.66
3959,3960,2018-12-09,11:00:57,2018,12,9,11,Sunday,ගම්පහ,කැළණිය,6.95,79.9167,2,1,29.25,23.22,25.87,1.0,1.0,,5.65,,84.66
3961,3962,2018-12-08,11:16:58,2018,12,8,11,Saturday,මාතලේ,ගලේවෙල,7.4667,80.6167,0,1,28.09,21.29,24.01,4.74,4.74,,4.52,,90.41
3962,3963,2018-12-07,15:11:35,2018,12,7,15,Friday,බදුල්ල,බණ්ඩාරවෙල,6.8333,81.0,1,2,26.94,20.53,23.21,5.08,5.08,,3.35,,91.12
3963,3964,2018-12-06,18:08:42,2018,12,6,18,Thursday,ගාල්ල,ගාල්ල,6.0333,80.2167,0,2,28.68,26.48,27.51,11.76,11.76,,1.8,,80.14
3964,3965,2018-12-05,09:58:30,2018,12,5,9,Wednesday,පුත්තලම,මාම්පූරිය,8.2333,79.9167,1,1,27.79,24.66,26.08,2.05,2.05,,3.62,,89.86
3965,3966,2018-12-05,08:22:27,2018,12,5,8,Wednesday,පුත්තලම,මුන්දලම,8.1167,79.8167,1,1,27.79,24.66,26.08,2.05,2.05,,3.62,,89.86
3966,3967,2018-12-04,08:13:22,2018,12,4,8,Tuesday,අනුරාධපුර,කැබිතිගොල්ලෑව,8.15,80.5,0,1,29.3,22.24,25.42,2.96,2.96,,3.5,,89.62
3967,3968,2018-12-03,17:58:29,2018,12,3,17,Monday,බදුල්ල,හාලි ඇල,6.95,81.05,0,2,26.45,21.48,23.42,6.78,6.78,,2.33,,92.88
3968,3969,2018-12-03,11:49:44,2018,12,3,11,Monday,ගම්පහ,කඳාන,7.1,79.9,0,2,28.72,23.56,26.05,8.26,8.26,,4.06,,87.04
3969,3970,2018-12-03,11:11:03,2018,12,3,11,Monday,මාතලේ,මැල්සිරිපුර,7.4667,80.6167,1,2,27.33,21.54,23.89,7.48,7.48,,2.91,,92.66
3970,3971,2018-12-03,08:02:08,2018,12,3,8,Monday,යාපනය,කොඩිගාමම්,9.7,80.0,0,2,27.98,26.0,26.88,14.17,14.17,,5.74,,84.66
3971,3972,2018-12-02,10:07:41,2018,12,2,10,Sunday,කුරුණෑගල,තෝරයාය,7.4667,80.3833,0,1,26.71,18.96,22.81,0.19,0.19,,3.07,,90.38
3972,3973,2018-11-29,17:29:01,2018,11,29,17,Thursday,පුත්තලම,වලහපිටිය,7.5333,79.95,4,1,29.99,23.7,26.54,1.84,1.84,,3.97,,84.3
3973,3974,2018-11-29,17:07:55,2018,11,29,17,Thursday,කළුතර,බොරලුගොඩ,6.7167,80.0667,1,2,29.92,24.36,27.06,7.4,7.4,,1.93,,78.56
3974,3975,2018-11-29,08:21:14,2018,11,29,8,Thursday,ගාල්ල,ඉමදූව,6.1,80.2,0,1,29.04,26.44,27.7,4.82,4.82,,4.22,,80.19
3975,3976,2018-11-28,15:53:20,2018,11,28,15,Wednesday,කෑගල්ල,නෙලුම්දෙණිය,7.25,80.35,1,1,28.75,22.22,24.71,4.25,4.25,,2.92,,88.67
3976,3977,2018-11-28,13:53:56,2018,11,28,13,Wednesday,ගාල්ල,බටපොල,6.0833,80.15,1,2,27.74,26.51,27.08,15.63,15.63,,3.53,,83.29
3977,3978,2018-11-26,16:56:11,2018,11,26,16,Monday,කුරුණෑගල,කුලියාපිටිය,7.4667,80.0333,0,1,29.31,23.61,26.05,0.51,0.51,,5.56,,82.24
3978,3979,2018-11-24,11:53:50,2018,11,24,11,Saturday,කළුතර,මතුගම,6.5333,80.1833,1,2,28.39,25.32,26.57,13.64,13.64,,2.14,,82.54
3979,3980,2018-11-24,08:32:09,2018,11,24,8,Saturday,හම්බන්තොට,තලුන්න,6.05,80.85,1,2,28.76,25.62,26.98,11.43,11.43,,2.07,,81.85
3980,3981,2018-11-23,17:33:43,2018,11,23,17,Friday,කළුතර,වැල්මිල්ල,6.7167,79.9833,3,3,28.35,25.3,26.65,46.26,46.26,,2.91,,86.65
3981,3982,2018-11-22,18:53:05,2018,11,22,18,Thursday,කළුතර,මෝල්කාව,6.7,80.0,1,2,28.89,25.1,27.01,7.52,7.52,,1.84,,82.56
3982,3983,2018-11-22,15:13:16,2018,11,22,15,Thursday,ගම්පහ,නිට්ටඹුව,7.1333,80.1,1,2,28.9,24.54,26.82,8.54,8.54,,1.76,,81.42
3983,3984,2018-11-21,09:15:38,2018,11,21,9,Wednesday,ගම්පහ,කටාන,7.1167,79.9333,2,1,28.05,24.75,26.2,1.43,1.43,,3.48,,84.57
3984,3985,2018-11-20,17:10:28,2018,11,20,17,Tuesday,ගම්පහ,නාගස්හන්දිය,7.1,80.0,0,1,27.36,24.0,25.52,1.21,1.21,,2.59,,86.73
3986,3987,2018-11-20,16:00:05,2018,11,20,16,Tuesday,නුවරඑළිය,මාඔය,7.05,80.75,0,1,25.74,19.31,22.0,1.16,1.16,,2.4,,89.88
3985,3986,2018-11-20,16:31:56,2018,11,20,16,Tuesday,යාපනය,යාපනය,9.6667,80.0,0,3,27.53,26.44,26.89,23.66,23.66,,9.34,,89.61
3987,3988,2018-11-20,14:46:21,2018,11,20,14,Tuesday,මහනුවර,හසලක,7.3,80.8333,0,1,27.84,21.2,23.88,0.5,0.5,,3.4,,88.85
3988,3989,2018-11-20,12:57:52,2018,11,20,12,Tuesday,රත්නපුර,බලංගොඩ,6.6667,80.6667,2,1,27.69,21.54,24.17,3.0,3.0,,2.42,,89.52
3989,3990,2018-11-20,07:40:36,2018,11,20,7,Tuesday,මහනුවර,බෝගම්බර,7.3,80.6333,0,1,27.84,21.2,23.88,0.5,0.5,,3.4,,88.85
3990,3991,2018-11-19,16:08:35,2018,11,19,16,Monday,කුරුණෑගල,තලගල්ල,7.6,80.45,0,2,27.79,21.06,23.96,18.44,18.44,,1.83,,89.65
3991,3992,2018-11-18,16:19:17,2018,11,18,16,Sunday,කුරුණෑගල,පාදෙනිය,7.6,80.1,1,2,29.43,23.82,26.38,9.74,9.74,,2.68,,83.83
3992,3993,2018-11-17,19:38:41,2018,11,17,19,Saturday,කුරුණෑගල,තුල්හිරිය,7.4667,80.1,1,2,27.13,24.94,25.82,9.98,9.98,,2.0,,87.05
3993,3994,2018-11-17,13:00:53,2018,11,17,13,Saturday,ගම්පහ,වේයන්ගොඩ,7.0333,80.0,1,2,26.96,24.68,25.66,7.14,7.14,,2.28,,86.72
3994,3995,2018-11-17,10:17:50,2018,11,17,10,Saturday,රත්නපුර,නිවිතිගල,6.5833,80.45,2,1,27.37,21.78,24.23,4.97,4.97,,1.75,,90.21
3995,3996,2018-11-16,11:14:59,2018,11,16,11,Friday,මාතර,මදුරාගොඩ,5.9833,80.45,1,1,29.03,25.96,27.27,0.15,0.15,,3.99,,81.53
3996,3997,2018-11-13,11:19:36,2018,11,13,11,Tuesday,මඩකලපුව,වටවාන්,7.75,81.5,1,0,29.45,21.53,25.21,0.03,0.03,,3.95,,86.45
3997,3998,2018-11-12,21:33:48,2018,11,12,21,Monday,පුත්තලම,මාදම්පේ,7.45,79.85,1,0,29.06,22.64,25.67,0.05,0.05,,3.25,,79.7
3998,3999,2018-11-12,16:06:21,2018,11,12,16,Monday,ගාල්ල,හික්කඩුව,6.15,80.1,1,1,27.98,26.34,27.16,0.62,0.62,,5.6,,80.15
3999,4000,2018-11-12,13:51:54,2018,11,12,13,Monday,,,0.0,0.0,0,1,27.4,26.97,27.23,0.97,0.97,,5.0,,82.33
4000,4001,2018-11-12,12:05:57,2018,11,12,12,Monday,මහනුවර,නාවලපිටිය,7.05,80.5333,0,0,25.85,17.49,21.31,0.03,0.03,,2.76,,84.82
4001,4002,2018-11-12,09:28:18,2018,11,12,9,Monday,කළුතර,වැලිපැන්න,6.65,79.95,1,1,27.9,23.64,25.87,0.6,0.6,,4.52,,82.28
4002,4003,2018-11-11,11:08:08,2018,11,11,11,Sunday,අනුරාධපුර,ගල්කුලම,8.25,80.5,1,1,29.45,22.04,25.13,0.98,0.98,,3.31,,84.62
4003,4004,2018-11-10,17:15:51,2018,11,10,17,Saturday,ගම්පහ,පෑලියගොඩ,6.9833,79.9,1,1,29.29,23.44,26.06,1.06,1.06,,4.38,,83.83
4004,4005,2018-11-10,16:00:22,2018,11,10,16,Saturday,ගම්පහ,ඒකල,7.0833,79.9333,1,1,29.29,23.44,26.06,1.06,1.06,,4.38,,83.83
4005,4006,2018-11-08,09:24:08,2018,11,8,9,Thursday,අනුරාධපුර,ගැටදිවුල,8.15,80.5,0,2,28.0,23.35,25.11,14.62,14.62,,3.91,,91.3
4006,4007,2018-11-07,07:21:31,2018,11,7,7,Wednesday,කිලිනොච්චි,කිලිනොච්චිය,9.3833,80.4,2,2,27.86,26.96,27.35,14.97,14.97,,6.51,,84.62
4007,4008,2018-11-06,12:19:40,2018,11,6,12,Tuesday,රත්නපුර,ඇහැළියගොඩ,6.7167,80.35,1,3,27.65,22.14,24.22,22.51,22.51,,2.63,,91.2
4008,4009,2018-11-05,11:02:34,2018,11,5,11,Monday,පුත්තලම,මාරවිල,7.75,79.9167,1,2,28.58,23.99,26.18,5.13,5.13,,3.39,,86.74
4009,4010,2018-11-02,10:38:01,2018,11,2,10,Friday,කළුතර,හොරණ,6.7167,80.0667,0,3,27.57,25.01,26.14,29.01,29.01,,1.91,,87.86
4010,4011,2018-11-01,16:52:18,2018,11,1,16,Thursday,හම්බන්තොට,සිරිබෝපුර,6.1,81.1,0,1,28.09,26.02,26.9,3.21,3.21,,1.94,,83.65
4011,4012,2018-11-01,10:17:42,2018,11,1,10,Thursday,කොළඹ,මොරටුව,6.7833,79.8833,0,3,27.54,24.86,25.97,27.75,27.75,,2.75,,88.45
4012,4013,2018-10-31,10:10:34,2018,10,31,10,Wednesday,කොළඹ,කොට්ටාව,6.8667,79.95,0,2,27.1,24.69,25.84,7.49,7.49,,3.39,,89.45
4013,4014,2018-10-30,09:50:33,2018,10,30,9,Tuesday,අම්පාර,වඩිනාගල,7.3,81.6667,1,3,28.07,26.18,27.02,21.41,21.41,,3.25,,86.35
4014,4015,2018-10-29,10:19:46,2018,10,29,10,Monday,කොළඹ,එගොඩඋයන,6.7833,79.8833,2,1,28.17,24.41,26.14,1.61,1.61,,3.76,,84.27
4015,4016,2018-10-28,10:53:16,2018,10,28,10,Sunday,පොළොන්නරුව,වැලිකන්ද,7.9333,81.0,0,2,27.6,24.93,25.91,13.54,13.54,,3.27,,88.16
4016,4017,2018-10-28,10:19:33,2018,10,28,10,Sunday,ගම්පහ,හුණුමුල්ල,7.1,80.05,2,2,28.55,23.98,26.15,10.13,10.13,,3.66,,85.86
4017,4018,2018-10-26,16:34:49,2018,10,26,16,Friday,කළුතර,පයාගල,6.6333,79.9833,1,2,28.11,25.03,26.36,11.46,11.46,,2.53,,85.36
4018,4019,2018-10-26,15:39:44,2018,10,26,15,Friday,කළුතර,දියගම,6.7,80.0,1,2,28.11,25.03,26.36,11.46,11.46,,2.53,,85.36
4019,4020,2018-10-25,10:30:35,2018,10,25,10,Thursday,පුත්තලම,දංකොටුව,7.85,79.9167,1,1,28.88,24.34,26.34,1.1,1.1,,3.86,,83.38
4020,4021,2018-10-25,07:04:29,2018,10,25,7,Thursday,පොළොන්නරුව,ගල් ඔය,8.0,81.0,0,1,28.08,25.11,26.22,0.52,0.52,,1.84,,82.93
4021,4022,2018-10-24,14:01:12,2018,10,24,14,Wednesday,කුරුණෑගල,අඹගස්වැව,7.6,80.4,7,2,29.25,22.3,25.38,5.99,5.99,,1.72,,84.08
4022,4023,2018-10-24,09:54:34,2018,10,24,9,Wednesday,කුරුණෑගල,අඹගස්වැව,7.6,80.4,4,2,29.25,22.3,25.38,5.99,5.99,,1.72,,84.08
4023,4024,2018-10-22,11:02:15,2018,10,22,11,Monday,නුවරඑළිය,ලිඳුල,6.95,80.55,0,2,25.74,21.08,23.04,18.24,18.24,,1.34,,91.24
4024,4025,2018-10-20,11:01:02,2018,10,20,11,Saturday,අම්පාර,පොතුවිල්,6.85,81.85,1,1,29.89,25.75,27.38,2.97,2.97,,2.43,,79.79
4026,4027,2018-10-19,08:56:32,2018,10,19,8,Friday,කොළඹ,පාදුක්ක,6.85,80.0833,2,1,28.98,25.02,26.67,1.39,1.39,,2.0,,81.22
4025,4026,2018-10-20,09:13:30,2018,10,20,9,Saturday,රත්නපුර,ගොඩකවෙල,6.4833,80.55,2,1,26.38,22.7,24.12,2.12,2.12,,3.19,,91.82
4027,4028,2018-10-18,14:58:22,2018,10,18,14,Thursday,වවුනියාව,පුලියංකුලම,8.75,80.0,1,2,29.31,25.72,27.51,13.21,13.21,,1.82,,76.26
4028,4029,2018-10-15,15:26:53,2018,10,15,15,Monday,ගාල්ල,බටපොළ,6.0833,80.15,1,1,28.02,26.28,27.13,1.54,1.54,,2.06,,81.36
4029,4030,2018-10-15,13:41:31,2018,10,15,13,Monday,පොළොන්නරුව,උත්තලපුර,7.9333,81.0,4,1,30.15,24.36,27.21,4.61,4.61,,1.51,,80.86
4030,4031,2018-10-14,20:14:40,2018,10,14,20,Sunday,පොළොන්නරුව,උත්තලපුර,7.9333,81.0,3,2,29.93,24.44,27.06,10.99,10.99,,2.19,,80.32
4031,4032,2018-10-14,16:56:18,2018,10,14,16,Sunday,මාතලේ,උඩුදෙනිය,7.4833,80.55,1,1,27.95,21.53,24.38,0.63,0.63,,2.79,,86.33
4033,4034,2018-10-13,09:00:01,2018,10,13,9,Saturday,හම්බන්තොට,ලුණුගම්වෙහෙර,6.2833,81.0,1,2,29.1,22.71,25.45,10.17,10.17,,4.18,,84.12
4032,4033,2018-10-13,18:16:56,2018,10,13,18,Saturday,ගාල්ල,කොස්ගොඩ,6.3333,79.9833,1,2,28.12,24.6,26.15,6.64,6.64,,3.97,,80.51
4034,4035,2018-10-12,17:41:45,2018,10,12,17,Friday,ගාල්ල,ගාල්ල,6.0333,80.2167,0,1,27.32,26.48,26.85,1.76,1.76,,5.72,,78.61
4036,4037,2018-10-12,13:05:15,2018,10,12,13,Friday,හම්බන්තොට,ලුණුගම්වෙහෙර,6.2833,81.0,0,1,28.27,22.48,24.82,2.31,2.31,,4.68,,84.43
4035,4036,2018-10-12,16:25:03,2018,10,12,16,Friday,හම්බන්තොට,ලුණුගම්වෙහෙර,6.2833,81.0,0,1,28.27,22.48,24.82,2.31,2.31,,4.68,,84.43
4037,4038,2018-10-12,07:38:57,2018,10,12,7,Friday,වවුනියාව,මඩුකන්ද,8.75,80.5,2,1,32.51,23.9,27.39,0.97,0.97,,4.74,,80.21
4038,4039,2018-10-11,11:14:57,2018,10,11,11,Thursday,බදුල්ල,මලන්ගමුව,6.9833,81.05,0,1,26.81,21.29,23.55,2.35,2.35,,3.01,,88.1
4040,4041,2018-10-09,15:20:35,2018,10,9,15,Tuesday,වවුනියාව,තාන්ඩිකුලම්,8.75,80.0,0,2,28.67,25.71,26.95,9.3,9.3,,3.15,,84.96
4039,4040,2018-10-10,13:11:44,2018,10,10,13,Wednesday,අනුරාධපුර,ළිඳවැව,8.15,80.2,1,1,29.45,24.76,26.89,2.39,2.39,,4.53,,81.07
4041,4042,2018-10-08,12:27:30,2018,10,8,12,Monday,මුලතිව්,මාන්කුලම,9.2,80.5,0,3,29.8,25.34,27.08,29.1,29.1,,2.52,,83.75
4042,4043,2018-10-08,10:38:11,2018,10,8,10,Monday,කුරුණෑගල,මැදිරිගිරිය,7.6,80.45,0,2,27.11,22.2,24.32,18.96,18.96,,2.88,,89.9
4043,4044,2018-10-07,13:18:03,2018,10,7,13,Sunday,ගම්පහ,කළල්පිටිය,7.1333,80.1,2,3,27.32,24.7,25.65,40.89,40.89,,2.12,,89.61
4044,4045,2018-10-07,06:55:11,2018,10,7,6,Sunday,පොළොන්නරුව,වැලිකන්ද,7.9333,81.0,0,2,29.05,24.98,26.57,8.11,8.11,,2.68,,84.52
4045,4046,2018-10-05,13:15:09,2018,10,5,13,Friday,කොළඹ,හංවැල්ල,6.8667,80.15,2,3,28.47,25.13,26.4,21.59,21.59,,3.75,,89.0
4046,4047,2018-10-04,16:33:13,2018,10,4,16,Thursday,ගාල්ල,වෑවල,6.15,80.1,0,2,27.79,26.42,27.02,8.18,8.18,,4.91,,88.31
4047,4048,2018-10-03,16:21:59,2018,10,3,16,Wednesday,හම්බන්තොට,මිද්දෙණිය,6.15,80.75,2,2,28.73,25.46,26.74,7.73,7.73,,2.55,,83.74
4048,4049,2018-10-03,14:33:15,2018,10,3,14,Wednesday,අනුරාධපුර,හිදෝගම,8.15,80.5,1,2,33.29,23.48,27.35,8.43,8.43,,3.07,,79.51
4049,4050,2018-10-02,20:42:24,2018,10,2,20,Tuesday,බදුල්ල,දෙමෝදර,6.8333,81.0,0,1,29.29,22.74,25.21,2.5,2.5,,2.55,,86.13
4050,4051,2018-10-02,17:21:44,2018,10,2,17,Tuesday,මොනරාගල,ගලබැද්ද,6.85,81.15,0,1,29.29,22.74,25.21,2.5,2.5,,2.55,,86.13
4051,4052,2018-10-02,10:57:04,2018,10,2,10,Tuesday,මාතලේ,තවලම්කෝය,7.4667,80.6167,4,1,27.27,23.16,24.96,1.27,1.27,,1.31,,88.9
4052,4053,2018-10-01,16:13:00,2018,10,1,16,Monday,කොළඹ,දෙහිවල,6.85,79.8667,0,1,29.98,24.51,26.9,2.44,2.44,,2.74,,85.28
4053,4054,2018-10-01,06:49:44,2018,10,1,6,Monday,ගාල්ල,කොස්ගොඩ,6.3333,79.9833,0,2,28.57,25.21,26.56,5.9,5.9,,3.44,,89.09
4055,4056,2018-09-29,16:01:16,2018,9,29,16,Saturday,කොළඹ,කොහුවල,6.85,79.9,1,2,28.48,24.41,26.14,18.92,18.92,,3.24,,86.5
4054,4055,2018-09-30,13:29:39,2018,9,30,13,Sunday,කොළඹ,බොරලැස්ගමුව,6.85,79.9167,1,2,29.78,25.04,26.95,6.24,6.24,,2.43,,85.67
4057,4058,2018-09-28,18:06:52,2018,9,28,18,Friday,කොළඹ,ගලවිලවත්ත,6.85,80.0,1,1,28.94,24.39,26.27,3.42,3.42,,2.93,,84.78
4056,4057,2018-09-28,18:58:05,2018,9,28,18,Friday,,,0.0,0.0,0,1,25.85,25.33,25.52,0.5,0.5,,4.1,,81.34
4058,4059,2018-09-28,17:54:55,2018,9,28,17,Friday,මාතලේ,වත්තේගම,7.8667,80.65,0,2,33.1,23.33,27.6,7.2,7.2,,1.38,,76.89
4059,4060,2018-09-27,11:09:06,2018,9,27,11,Thursday,පුත්තලම,මාරවිල,7.75,79.83,1,2,31.35,25.49,27.69,16.47,16.47,,3.14,,77.5
4060,4061,2018-09-27,09:04:02,2018,9,27,9,Thursday,ගම්පහ,රාගම,7.03,79.92,2,2,27.17,24.68,25.84,10.95,10.95,,2.75,,87.66
4061,4062,2018-09-26,17:24:48,2018,9,26,17,Wednesday,කොළඹ,හෝමාගම,6.84,80.0,1,1,28.82,24.08,26.26,3.35,3.35,,3.01,,84.64
4062,4063,2018-09-26,11:23:30,2018,9,26,11,Wednesday,කොළඹ,කිරුළපන,6.9,79.89,1,1,28.82,24.08,26.26,3.35,3.35,,3.01,,84.64
4063,4064,2018-09-25,19:06:33,2018,9,25,19,Tuesday,ගාල්ල,අක්මීමන,6.05,80.15,1,2,27.07,25.73,26.43,11.97,11.97,,4.04,,86.44
4064,4065,2018-09-25,15:34:07,2018,9,25,15,Tuesday,පුත්තලම,කොච්චිකඩේ,7.26,79.86,1,2,29.54,24.99,26.68,6.0,6.0,,3.76,,82.22
4065,4066,2018-09-25,09:55:56,2018,9,25,9,Tuesday,වවුනියාව,ඕමන්ත,8.8,80.5,0,1,32.43,25.06,28.33,4.36,4.36,,3.12,,74.87
4066,4067,2018-09-25,09:20:28,2018,9,25,9,Tuesday,හම්බන්තොට,අම්බලන්තොට,6.12,80.85,0,2,27.86,24.81,26.21,18.07,18.07,,3.87,,85.94
4067,4068,2018-09-25,06:42:22,2018,9,25,6,Tuesday,අම්පාර,පොතුවිල්,6.87,81.83,3,2,29.78,25.37,27.13,14.82,14.82,,1.64,,78.4
4068,4069,2018-09-24,17:27:52,2018,9,24,17,Monday,හම්බන්තොට,අම්බලන්තොට,6.12,80.85,0,2,27.62,25.28,26.29,12.81,12.81,,4.62,,86.03
4069,4070,2018-09-24,14:55:40,2018,9,24,14,Monday,නුවරඑළිය,කොටගල,6.9,80.6,0,2,25.15,20.39,22.51,14.07,14.07,,2.52,,90.48
4070,4071,2018-09-24,10:15:17,2018,9,24,10,Monday,යාපනය,පේදුරුතුඩුව,9.8,80.2,0,1,29.13,27.52,28.42,4.27,4.27,,3.17,,78.39
4071,4072,2018-09-23,12:41:07,2018,9,23,12,Sunday,කොළඹ,කොළඹ,6.93,79.85,0,1,28.42,24.63,26.39,2.81,2.81,,3.82,,86.22
4072,4073,2018-09-23,10:54:59,2018,9,23,10,Sunday,නුවරඑළිය,නුවරඑළිය,6.97,80.77,1,1,28.24,19.78,23.5,0.74,0.74,,1.87,,84.89
4073,4074,2018-09-22,11:26:48,2018,9,22,11,Saturday,මාතර,කැකනදුර,5.95,80.55,0,2,28.09,25.83,26.62,6.53,6.53,,5.27,,85.28
4074,4075,2018-09-22,10:32:17,2018,9,22,10,Saturday,නුවරඑළිය,ගිනිගත්හේන,6.95,80.5,0,1,26.6,20.48,22.75,1.88,1.88,,3.72,,87.52
4075,4076,2018-09-21,18:44:22,2018,9,21,18,Friday,ගම්පහ,තිහාරිය,7.1,80.0,0,2,28.03,25.32,26.41,13.18,13.18,,5.89,,86.25
4076,4077,2018-09-20,18:11:48,2018,9,20,18,Thursday,හම්බන්තොට,සූරියවැව,6.3,80.88,1,2,27.76,23.15,24.75,6.21,6.21,,5.27,,88.25
4077,4078,2018-09-19,23:31:48,2018,9,19,23,Wednesday,කොළඹ,පනාගොඩ,6.85,80.01,1,1,28.12,25.42,26.44,3.68,3.68,,5.51,,83.75
4078,4079,2018-09-19,15:55:41,2018,9,19,15,Wednesday,කොළඹ,කොළඹ,6.93,79.85,0,1,28.12,25.42,26.44,3.68,3.68,,5.51,,83.75
4079,4080,2018-09-19,13:37:35,2018,9,19,13,Wednesday,කොළඹ,කොළඹ,6.93,79.85,0,1,28.12,25.42,26.44,3.68,3.68,,5.51,,83.75
4080,4081,2018-09-18,19:07:09,2018,9,18,19,Tuesday,නුවරඑළිය,කොටගල,6.9,80.6,0,1,25.68,20.76,22.4,0.95,0.95,,6.7,,86.77
4081,4082,2018-09-18,12:36:49,2018,9,18,12,Tuesday,කොළඹ,හෝමාගම,6.84,80.0,1,1,28.44,25.5,26.64,2.39,2.39,,6.83,,80.18
4082,4083,2018-09-18,08:33:03,2018,9,18,8,Tuesday,කොළඹ,කොළඹ,6.93,79.85,0,1,28.44,25.5,26.64,2.39,2.39,,6.83,,80.18
4083,4084,2018-09-18,07:58:38,2018,9,18,7,Tuesday,අනුරාධපුර,ගල්ගමුව,8.05,80.25,2,1,29.88,26.32,27.76,0.24,0.24,,8.69,,75.46
4084,4085,2018-09-17,19:06:26,2018,9,17,19,Monday,කොළඹ,කොළඹ,6.93,79.85,0,1,28.6,25.51,26.73,3.03,3.03,,5.98,,79.74
4085,4086,2018-09-17,17:29:48,2018,9,17,17,Monday,කළුතර,වස්කඩුව,6.65,79.95,0,2,28.39,26.06,26.98,6.61,6.61,,6.33,,80.3
4087,4088,2018-09-17,10:17:45,2018,9,17,10,Monday,කොළඹ,කොළඹ,6.93,79.85,0,1,28.6,25.51,26.73,3.03,3.03,,5.98,,79.74
4086,4087,2018-09-17,14:55:03,2018,9,17,14,Monday,නුවරඑළිය,මල්ලිඅප්පුව,6.95,80.55,2,1,25.17,20.63,22.28,0.9,0.9,,5.88,,86.47
4088,4089,2018-09-16,19:44:28,2018,9,16,19,Sunday,නුවරඑළිය,මල්ලිඅප්පුව,6.95,80.55,2,1,24.95,19.94,22.06,1.82,1.82,,4.51,,88.79
4090,4091,2018-09-16,11:57:12,2018,9,16,11,Sunday,වවුනියාව,ඕමන්ත,8.8,80.5,4,1,32.78,25.44,28.79,0.82,0.82,,4.98,,68.36
4089,4090,2018-09-16,19:07:11,2018,9,16,19,Sunday,වවුනියාව,ඕමන්ත,8.8,80.5,4,1,32.78,25.44,28.79,0.82,0.82,,4.98,,68.36
4091,4092,2018-09-16,11:10:29,2018,9,16,11,Sunday,ගම්පහ,ගනේමුල්ල,7.05,80.0,2,1,28.51,24.65,26.39,2.1,2.1,,5.18,,81.73
4092,4093,2018-09-15,11:01:33,2018,9,15,11,Saturday,කොළඹ,පිළියන්දල,6.8,79.9,0,1,29.49,24.29,26.6,1.89,1.89,,4.15,,79.41
4093,4094,2018-09-15,10:34:20,2018,9,15,10,Saturday,පොළොන්නරුව,වැලිකන්ද,7.95,81.0,1,1,37.3,25.33,30.5,0.46,0.46,,3.4,,59.68
4094,4095,2018-09-15,09:39:59,2018,9,15,9,Saturday,ගාල්ල,වතුරේගම,6.1,80.05,1,2,27.86,26.72,27.2,5.08,5.08,,4.82,,81.62
4095,4096,2018-09-14,14:28:45,2018,9,14,14,Friday,බදුල්ල,හාලිඇල,6.95,81.0,0,1,32.44,21.65,26.1,0.93,0.93,,3.33,,72.35
4096,4097,2018-09-13,18:39:51,2018,9,13,18,Thursday,ගම්පහ,වරකාපොළ,7.1,80.0,0,1,29.05,24.28,26.18,1.37,1.37,,3.96,,80.87
4098,4099,2018-09-13,07:09:42,2018,9,13,7,Thursday,ගාල්ල,ගාල්ල,6.03,80.2,4,1,28.21,26.52,27.26,1.0,1.0,,4.44,,79.0
4097,4098,2018-09-13,12:30:25,2018,9,13,12,Thursday,ගාල්ල,ගාල්ල,6.03,80.2,4,1,28.21,26.52,27.26,1.0,1.0,,4.44,,79.0
4100,4101,2018-09-12,15:40:02,2018,9,12,15,Wednesday,හම්බන්තොට,සූරියවැව,6.3,80.88,1,1,31.4,21.21,25.33,2.23,2.23,,2.71,,80.59
4099,4100,2018-09-12,18:00:14,2018,9,12,18,Wednesday,කළුතර,බේරුවල,6.47,79.98,4,1,28.79,24.51,26.25,0.88,0.88,,3.2,,82.51
4101,4102,2018-09-12,14:19:13,2018,9,12,14,Wednesday,අනුරාධපුර,හොරොව්පතාන,8.55,80.55,4,0,39.07,23.81,30.5,0.08,0.08,,3.19,,58.35
4103,4104,2018-09-12,10:10:24,2018,9,12,10,Wednesday,මොණරාගල,වැල්ලවාය,6.73,81.1,1,1,32.88,22.82,27.02,1.24,1.24,,3.4,,76.21
4102,4103,2018-09-12,10:10:24,2018,9,12,10,Wednesday,මොණරාගල,වැල්ලවාය,6.73,81.1,1,1,32.88,22.82,27.02,1.24,1.24,,3.4,,76.21
4105,4106,2018-09-10,13:44:48,2018,9,10,13,Monday,පුත්තලම,මුන්දලම,8.13,79.82,1,1,31.74,25.04,27.58,1.67,1.67,,4.93,,75.81
4104,4105,2018-09-11,10:06:14,2018,9,11,10,Tuesday,පුත්තලම,මහවැව,7.77,80.0,5,1,32.73,24.75,27.88,0.19,0.19,,4.6,,73.9
4106,4107,2018-09-10,10:58:29,2018,9,10,10,Monday,හම්බන්තොට,සූරියවැව,6.3,80.88,1,1,30.32,22.02,25.31,1.01,1.01,,3.12,,82.65
4107,4108,2018-09-08,12:22:39,2018,9,8,12,Saturday,ගම්පහ,වත්තල,7.0,79.89,0,0,28.74,24.17,25.99,0.05,0.05,,4.66,,81.57
4108,4109,2018-09-08,12:03:23,2018,9,8,12,Saturday,කෑගල්ල,අරණායක,7.15,80.35,1,0,27.44,19.37,22.52,0.01,0.01,,4.35,,83.48
4109,4110,2018-09-08,11:08:59,2018,9,8,11,Saturday,පොළොන්නරුව,වැලිකන්ද,7.95,81.0,0,0,36.72,23.47,29.65,0.06,0.06,,4.4,,63.67
4111,4112,2018-09-05,15:12:31,2018,9,5,15,Wednesday,ගාල්ල,නාගොඩ,6.1,80.05,1,1,27.69,26.18,26.91,0.26,0.26,,5.65,,81.06
4110,4111,2018-09-06,07:26:43,2018,9,6,7,Thursday,අනුරාධපුර,කලාවැව,8.15,80.55,1,0,34.6,22.57,27.49,0.0,0.0,,7.04,,69.23
4113,4114,2018-09-04,12:00:03,2018,9,4,12,Tuesday,රත්නපුර,බලංගොඩ,6.65,80.7,0,0,29.14,21.74,24.61,0.05,0.05,,4.05,,85.63
4112,4113,2018-09-05,06:33:57,2018,9,5,6,Wednesday,කිලිනොච්චිය,කිලිනොච්චිය,9.38,80.2,1,0,30.25,26.65,28.08,0.0,0.0,,8.5,,76.47
4114,4115,2018-09-04,07:57:19,2018,9,4,7,Tuesday,රත්නපුර,ඇඹිලිපිටිය,6.35,80.85,0,0,29.14,21.74,24.61,0.05,0.05,,4.05,,85.63
4115,4116,2018-09-03,14:30:12,2018,9,3,14,Monday,නුවරඑළිය,කොටගල,6.9,80.6,1,1,26.61,20.07,22.54,0.12,0.12,,3.79,,87.39
4117,4118,2018-09-02,13:58:04,2018,9,2,13,Sunday,වවුනියාව,වවුනියාව,8.8,80.5,0,0,31.84,24.88,27.83,0.1,0.1,,5.7,,75.92
4116,4117,2018-09-03,09:41:29,2018,9,3,9,Monday,පුත්තලම,ආරච්චිකට්ටුව,7.75,79.9,0,1,29.94,25.05,26.96,0.33,0.33,,6.29,,78.11
4118,4119,2018-09-02,10:01:52,2018,9,2,10,Sunday,කෑගල්ල,කිරිඳිවැල,7.2,80.3,2,1,28.26,24.14,25.81,0.87,0.87,,4.48,,86.18
4119,4120,2018-09-02,10:00:41,2018,9,2,10,Sunday,මන්නාරම,මන්නාරම,8.98,79.9,1,1,29.42,26.07,27.41,0.57,0.57,,6.84,,81.64
4120,4121,2018-08-31,12:31:38,2018,8,31,12,Friday,අනුරාධපුර,ශ්‍රාවස්තිපුර,8.35,80.4,0,1,32.1,24.19,27.38,2.05,2.05,,4.9,,77.34
4121,4122,2018-08-29,16:28:00,2018,8,29,16,Wednesday,බදුල්ල,හාලිඇළ,6.95,81.0,0,1,30.71,21.54,25.37,1.82,1.82,,2.94,,76.9
4122,4123,2018-08-29,13:27:39,2018,8,29,13,Wednesday,කළුතර,වස්කඩුව,6.65,79.95,1,1,26.94,24.54,25.48,0.93,0.93,,4.97,,88.8
4123,4124,2018-08-29,12:26:01,2018,8,29,12,Wednesday,අනුරාධපුර,කැකිරාව,8.03,80.55,1,1,32.73,23.57,27.13,0.8,0.8,,3.97,,75.94
4124,4125,2018-08-28,11:28:16,2018,8,28,11,Tuesday,රත්නපුර,පැල්මඩුල්ල,6.62,80.55,1,1,28.71,22.21,24.51,1.92,1.92,,4.26,,86.62
4125,4126,2018-08-28,10:04:14,2018,8,28,10,Tuesday,පුත්තලම,දොම්පේ,7.55,79.95,1,1,28.13,24.41,25.93,0.72,0.72,,4.34,,85.94
4126,4127,2018-08-27,18:51:36,2018,8,27,18,Monday,මොණරාගල,උඩවලව,6.5,80.9,0,1,29.24,21.94,24.66,0.28,0.28,,5.07,,84.48
4128,4129,2018-09-12,10:10:24,2018,9,12,10,Wednesday,මොණරාගල,වැල්ලවාය,6.73,81.1,1,1,32.88,22.82,27.02,1.24,1.24,,3.4,,76.21
4129,4130,2018-09-11,10:06:14,2018,9,11,10,Tuesday,පුත්තලම,මහවැව,7.77,80.0,5,1,32.73,24.75,27.88,0.19,0.19,,4.6,,73.9
4130,4131,2018-09-10,13:44:48,2018,9,10,13,Monday,පුත්තලම,මුන්දලම,8.13,79.82,1,1,31.74,25.04,27.58,1.67,1.67,,4.93,,75.81
4131,4132,2018-09-10,10:58:29,2018,9,10,10,Monday,හම්බන්තොට,සූරියවැව,6.3,80.88,1,1,30.32,22.02,25.31,1.01,1.01,,3.12,,82.65
4132,4133,2018-09-08,12:22:39,2018,9,8,12,Saturday,ගම්පහ,වත්තල,7.0,79.89,0,0,28.74,24.17,25.99,0.05,0.05,,4.66,,81.57
4133,4134,2018-09-08,12:03:23,2018,9,8,12,Saturday,කෑගල්ල,අරණායක,7.15,80.35,1,0,27.44,19.37,22.52,0.01,0.01,,4.35,,83.48
4134,4135,2018-09-08,11:08:59,2018,9,8,11,Saturday,පොළොන්නරුව,වැලිකන්ද,7.95,81.0,0,0,36.72,23.47,29.65,0.06,0.06,,4.4,,63.67
4135,4136,2018-09-06,07:26:43,2018,9,6,7,Thursday,අනුරාධපුර,කලාවැව,8.15,80.55,1,0,34.6,22.57,27.49,0.0,0.0,,7.04,,69.23
4136,4137,2018-09-05,15:12:31,2018,9,5,15,Wednesday,ගාල්ල,නාගොඩ,6.1,80.05,1,1,27.69,26.18,26.91,0.26,0.26,,5.65,,81.06
4137,4138,2018-09-05,06:33:57,2018,9,5,6,Wednesday,කිලිනොච්චිය,කිලිනොච්චිය,9.38,80.2,1,0,30.25,26.65,28.08,0.0,0.0,,8.5,,76.47
4138,4139,2018-09-04,12:00:03,2018,9,4,12,Tuesday,රත්නපුර,බලංගොඩ,6.65,80.7,0,0,29.14,21.74,24.61,0.05,0.05,,4.05,,85.63
4139,4140,2018-09-04,07:57:19,2018,9,4,7,Tuesday,රත්නපුර,ඇඹිලිපිටිය,6.35,80.85,0,0,29.14,21.74,24.61,0.05,0.05,,4.05,,85.63
4140,4141,2018-09-03,14:30:12,2018,9,3,14,Monday,නුවරඑළිය,කොටගල,6.9,80.6,1,1,26.61,20.07,22.54,0.12,0.12,,3.79,,87.39
4141,4142,2018-09-03,09:41:29,2018,9,3,9,Monday,පුත්තලම,ආරච්චිකට්ටුව,7.75,79.9,0,1,29.94,25.05,26.96,0.33,0.33,,6.29,,78.11
4142,4143,2018-09-02,13:58:04,2018,9,2,13,Sunday,වවුනියාව,වවුනියාව,8.8,80.5,0,0,31.84,24.88,27.83,0.1,0.1,,5.7,,75.92
4143,4144,2018-09-02,10:01:52,2018,9,2,10,Sunday,කෑගල්ල,කිරිඳිවැල,7.2,80.3,2,1,28.26,24.14,25.81,0.87,0.87,,4.48,,86.18
4144,4145,2018-09-02,10:00:41,2018,9,2,10,Sunday,මන්නාරම,මන්නාරම,8.98,79.9,1,1,29.42,26.07,27.41,0.57,0.57,,6.84,,81.64
4145,4146,2018-08-31,12:31:38,2018,8,31,12,Friday,අනුරාධපුර,ශ්‍රාවස්තිපුර,8.35,80.4,0,1,32.1,24.19,27.38,2.05,2.05,,4.9,,77.34
4146,4147,2018-08-29,16:28:00,2018,8,29,16,Wednesday,බදුල්ල,හාලිඇළ,6.95,81.0,0,1,30.71,21.54,25.37,1.82,1.82,,2.94,,76.9
4147,4148,2018-08-29,13:27:39,2018,8,29,13,Wednesday,කළුතර,වස්කඩුව,6.65,79.95,1,1,26.94,24.54,25.48,0.93,0.93,,4.97,,88.8
4148,4149,2018-08-29,12:26:01,2018,8,29,12,Wednesday,අනුරාධපුර,කැකිරාව,8.03,80.55,1,1,32.73,23.57,27.13,0.8,0.8,,3.97,,75.94
4149,4150,2018-08-28,11:28:16,2018,8,28,11,Tuesday,රත්නපුර,පැල්මඩුල්ල,6.62,80.55,1,1,28.71,22.21,24.51,1.92,1.92,,4.26,,86.62
4150,4151,2018-08-28,10:04:14,2018,8,28,10,Tuesday,පුත්තලම,දොම්පේ,7.55,79.95,1,1,28.13,24.41,25.93,0.72,0.72,,4.34,,85.94
4151,4152,2018-08-27,18:51:36,2018,8,27,18,Monday,මොණරාගල,උඩවලව,6.5,80.9,0,1,29.24,21.94,24.66,0.28,0.28,,5.07,,84.48
4152,4153,2018-08-27,09:17:00,2018,8,27,9,Monday,බදුල්ල,බදුල්ල,6.99,81.05,1,1,32.71,20.99,26.05,0.7,0.7,,3.43,,72.53
4127,4128,2018-08-27,09:17:00,2018,8,27,9,Monday,බදුල්ල,බදුල්ල,6.99,81.05,1,1,32.71,20.99,26.05,0.7,0.7,,3.43,,72.53
4153,4154,2018-08-26,20:02:28,2018,8,26,20,Sunday,ගම්පහ,පෑලියගොඩ,6.98,79.9,12,1,27.0,23.96,25.13,0.23,0.23,,4.77,,89.87
4154,4155,2018-08-26,09:22:32,2018,8,26,9,Sunday,පොළොන්නරුව,මින්නේරිය,8.03,80.9,10,0,32.11,23.89,27.04,0.07,0.07,,5.42,,75.44
4155,4156,2018-08-25,20:39:50,2018,8,25,20,Saturday,කළුතර,කලුතර,6.58,79.96,0,1,26.86,24.38,25.35,1.43,1.43,,4.32,,90.68
4156,4157,2018-08-25,19:44:56,2018,8,25,19,Saturday,කොළඹ,බම්බලපිටිය,6.89,79.86,0,1,27.32,23.91,25.24,1.0,1.0,,4.13,,90.28
4157,4158,2018-08-24,17:06:42,2018,8,24,17,Friday,ගාල්ල,බද්දේගම,6.2,80.15,0,1,26.89,25.61,26.1,1.01,1.01,,6.06,,88.6
4158,4159,2018-08-24,16:20:58,2018,8,24,16,Friday,කළුතර,බණ්ඩාරගම,6.72,79.99,0,1,27.22,24.45,25.52,2.0,2.0,,5.23,,89.06
4159,4160,2018-08-24,16:01:27,2018,8,24,16,Friday,මුලතිව්,මුලතිව්,9.27,80.5,2,2,30.83,26.78,28.58,7.64,7.64,,3.61,,75.22
4160,4161,2018-08-23,12:38:37,2018,8,23,12,Thursday,අනුරාධපුර,ශ්‍රාවස්තිපුර,8.35,80.4,0,1,36.3,24.22,29.2,1.11,1.11,,4.31,,65.27
4162,4163,2018-08-22,18:27:19,2018,8,22,18,Wednesday,හම්බන්තොට,සූරියවැව,6.3,80.88,1,1,28.89,21.6,24.28,0.25,0.25,,4.64,,85.52
4161,4162,2018-08-23,07:05:07,2018,8,23,7,Thursday,යාපනය,චාවකච්චේරි,9.65,80.2,2,1,30.56,27.19,28.74,0.52,0.52,,4.94,,73.68
4163,4164,2018-08-21,12:28:54,2018,8,21,12,Tuesday,ත්‍රිකුණාමලය,නිලාවේලි,8.6,81.18,1,0,33.24,25.65,28.86,0.03,0.03,,7.95,,71.3
4164,4165,2018-08-20,17:43:07,2018,8,20,17,Monday,පුත්තලම,ආනමඩුව,7.75,79.95,0,0,30.04,24.62,26.67,0.02,0.02,,8.02,,82.06
4165,4166,2018-08-20,17:30:43,2018,8,20,17,Monday,මොණරාගල,මොණරාගල,6.87,81.35,0,1,30.96,21.43,25.02,0.11,0.11,,6.98,,73.84
4166,4167,2018-08-20,10:32:02,2018,8,20,10,Monday,මහනුවර,පේරාදෙණිය,7.26,80.6,2,1,29.32,22.57,25.08,0.14,0.14,,7.77,,82.22
4167,4168,2018-08-18,18:49:29,2018,8,18,18,Saturday,කළුතර,බිංගිරිය,6.75,80.16,0,2,26.27,24.08,24.95,7.02,7.02,,7.47,,89.45
4168,4169,2018-08-18,14:08:36,2018,8,18,14,Saturday,ගම්පහ,වත්තල,7.0,79.89,1,2,26.27,24.08,24.95,7.02,7.02,,7.47,,89.45
4169,4170,2018-08-17,13:52:27,2018,8,17,13,Friday,කුරුණෑගල,පාන්ගොල්ල,7.55,80.3,1,1,28.45,24.86,26.02,2.26,2.26,,8.46,,84.56
4170,4171,2018-08-17,10:01:31,2018,8,17,10,Friday,පුත්තලම,මාදම්පේ,7.48,79.95,2,1,28.45,24.86,26.02,2.26,2.26,,8.46,,84.56
4171,4172,2018-08-15,18:39:11,2018,8,15,18,Wednesday,අම්පාර,උහන,7.1,81.55,1,1,29.81,21.74,24.72,0.9,0.9,,7.96,,76.18
4172,4173,2018-08-15,09:08:01,2018,8,15,9,Wednesday,කුරුණෑගල,පුස්කොළදෙණිය,7.55,80.2,0,1,27.45,25.11,26.07,4.17,4.17,,9.65,,84.13
4173,4174,2018-08-14,08:50:44,2018,8,14,8,Tuesday,ගම්පහ,දං ඕවිට,7.05,80.0,0,2,27.25,24.63,25.63,13.05,13.05,,7.17,,86.83
4174,4175,2018-08-13,13:03:08,2018,8,13,13,Monday,කොළඹ,මරදාන,6.93,79.87,0,1,27.09,24.53,25.57,4.25,4.25,,5.14,,89.82
4175,4176,2018-08-13,10:07:52,2018,8,13,10,Monday,යාපනය,කෝපායි,9.7,80.0,1,0,30.58,27.52,28.8,0.07,0.07,,8.71,,74.59
4176,4177,2018-08-12,16:04:04,2018,8,12,16,Sunday,රත්නපුර,බලංගොඩ,6.65,80.7,0,1,27.39,22.97,24.62,1.77,1.77,,7.19,,88.8
4177,4178,2018-08-11,15:54:21,2018,8,11,15,Saturday,කුරුණෑගල,පොල්ගහවෙල,7.42,80.3,1,1,27.77,24.91,25.98,0.47,0.47,,7.49,,88.08
4178,4179,2018-08-10,17:10:43,2018,8,10,17,Friday,හම්බන්තොට,අම්බලන්තොට,6.12,80.85,0,1,27.89,25.47,26.41,2.66,2.66,,6.59,,87.46
4179,4180,2018-08-10,09:54:46,2018,8,10,9,Friday,බදුල්ල,අරාවත්ත,7.55,81.1,1,1,32.23,23.21,26.8,2.07,2.07,,6.38,,73.59
4180,4181,2018-08-10,09:14:05,2018,8,10,9,Friday,හම්බන්තොට,නෝනගම,6.25,80.95,1,1,29.31,23.3,25.58,2.06,2.06,,5.62,,85.08
4181,4182,2018-08-09,17:21:16,2018,8,9,17,Thursday,නුවරඑළිය,හැටන්,6.9,80.6,0,2,24.45,20.3,21.86,8.79,8.79,,6.16,,90.96
4182,4183,2018-08-07,15:50:18,2018,8,7,15,Tuesday,කුරුණෑගල,පොල්ගහවෙල,7.42,80.3,0,1,28.44,24.76,26.24,0.38,0.38,,7.27,,86.41
4184,4185,2018-08-07,11:48:52,2018,8,7,11,Tuesday,කුරුණෑගල,පොල්ගහවෙල,7.42,80.3,0,1,28.44,24.76,26.24,0.38,0.38,,7.27,,86.41
4183,4184,2018-08-07,12:53:23,2018,8,7,12,Tuesday,මාතලේ,ගලේවෙල,7.65,80.6,1,0,29.49,22.95,25.25,0.0,0.0,,7.74,,81.94
4186,4187,2018-08-07,09:49:31,2018,8,7,9,Tuesday,කුරුණෑගල,පොල්ගහවෙල,7.42,80.3,0,1,28.44,24.76,26.24,0.38,0.38,,7.27,,86.41
4185,4186,2018-08-07,10:23:36,2018,8,7,10,Tuesday,අනුරාධපුර,කලාවැව,8.15,80.55,1,0,32.2,24.15,26.91,0.0,0.0,,8.67,,76.4
4188,4189,2018-08-07,06:32:07,2018,8,7,6,Tuesday,කුරුණෑගල,පොල්ගහවෙල,7.42,80.3,0,1,28.44,24.76,26.24,0.38,0.38,,7.27,,86.41
4187,4188,2018-08-07,07:05:40,2018,8,7,7,Tuesday,යාපනය,කෝපායි,9.7,80.0,1,0,30.78,27.18,28.71,0.04,0.04,,9.93,,75.08
4189,4190,2018-08-06,19:01:26,2018,8,6,19,Monday,කුරුණෑගල,පොල්ගහවෙල,7.42,80.3,0,1,27.91,24.74,26.11,0.2,0.2,,7.89,,87.31
4190,4191,2018-08-06,13:43:56,2018,8,6,13,Monday,කිලිනොච්චිය,පලෙයි,9.38,80.2,2,0,30.52,27.45,28.78,0.07,0.07,,9.72,,76.85
4191,4192,2018-08-06,12:28:50,2018,8,6,12,Monday,හම්බන්තොට,කිරින්ද,6.2,80.9,12,1,28.05,25.84,26.64,1.37,1.37,,8.04,,84.71
4192,4193,2018-08-05,11:07:41,2018,8,5,11,Sunday,මොණරාගල,වීරකැටිය,6.85,81.2,0,1,29.57,21.35,24.47,0.43,0.43,,5.34,,80.68
4193,4194,2018-08-05,06:26:07,2018,8,5,6,Sunday,මොණරාගල,මොණරාගල,6.87,81.35,3,1,29.57,21.35,24.47,0.43,0.43,,5.34,,80.68
4194,4195,2018-08-04,10:57:01,2018,8,4,10,Saturday,අනුරාධපුර,මහවිලච්චිය,8.2,80.4,1,0,31.86,23.8,26.75,0.02,0.02,,6.74,,75.13
4195,4196,2018-08-04,09:38:05,2018,8,4,9,Saturday,මහනුවර,ගම්පොල,7.15,80.58,1,1,25.31,19.59,21.92,0.17,0.17,,5.53,,86.78
4196,4197,2018-08-03,16:51:48,2018,8,3,16,Friday,ගාල්ල,මැදගම,6.05,80.1,0,1,27.59,26.59,27.01,1.94,1.94,,5.87,,87.36
4197,4198,2018-08-01,13:36:18,2018,8,1,13,Wednesday,කළුතර,පානදුර,6.71,79.9,0,1,27.19,25.05,25.89,3.7,3.7,,4.32,,91.57
4198,4199,2018-07-31,14:34:20,2018,7,31,14,Tuesday,කොළඹ,කොළොන්නාව,6.93,79.92,1,2,26.8,24.47,25.34,5.52,5.52,,5.24,,90.72
4199,4200,2018-07-31,13:20:00,2018,7,31,13,Tuesday,මාතර,මාතර,5.95,80.55,0,2,27.11,25.48,26.13,7.1,7.1,,6.14,,90.09
4200,4201,2018-07-31,12:53:03,2018,7,31,12,Tuesday,මාතලේ,මහවෙල,7.55,80.65,0,1,27.69,22.74,24.54,3.47,3.47,,6.73,,85.25
4201,4202,2018-07-30,17:16:57,2018,7,30,17,Monday,වවුනියාව,පුලියන්කුලම,8.8,80.5,1,0,32.01,25.97,28.42,0.1,0.1,,7.75,,73.51
4202,4203,2018-07-29,09:05:23,2018,7,29,9,Sunday,අම්පාර,අම්පාර,7.3,81.68,2,0,32.12,25.72,28.71,0.08,0.08,,3.86,,72.42
4203,4204,2018-07-28,18:54:13,2018,7,28,18,Saturday,කළුතර,බුලත්සිංහල,6.65,80.2,2,1,27.66,24.7,25.92,0.33,0.33,,5.27,,88.67
4204,4205,2018-07-28,16:06:13,2018,7,28,16,Saturday,යාපනය,අරියාලේ,9.7,80.1,2,0,30.16,27.83,28.84,0.08,0.08,,6.96,,75.01
4205,4206,2018-07-28,11:24:41,2018,7,28,11,Saturday,කිලිනොච්චිය,අයියකච්චිය,9.38,80.2,1,0,30.16,27.83,28.84,0.08,0.08,,6.96,,75.01
4206,4207,2018-07-27,16:55:26,2018,7,27,16,Friday,අනුරාධපුර,අනුරාධපුර,8.35,80.4,2,1,33.07,24.81,28.02,0.9,0.9,,5.6,,75.43
4207,4208,2018-07-27,06:40:11,2018,7,27,6,Friday,පුත්තලම,කල්පිටිය,8.23,79.72,0,1,29.83,25.34,27.0,0.18,0.18,,6.36,,84.11
4208,4209,2018-07-25,09:08:14,2018,7,25,9,Wednesday,මුලතිව්,පූනාව,9.27,80.5,0,1,31.34,27.55,29.4,0.23,0.23,,4.8,,74.0
4209,4210,2018-07-25,06:25:47,2018,7,25,6,Wednesday,නුවරඑළිය,අඹගමුව,6.95,80.5,0,1,25.6,20.34,22.34,3.04,3.04,,4.35,,90.63
4210,4211,2018-07-23,13:27:52,2018,7,23,13,Monday,කොළඹ,කොළඹ,6.93,79.85,0,1,27.84,24.14,25.62,0.63,0.63,,4.64,,90.29
4211,4212,2018-07-23,07:45:07,2018,7,23,7,Monday,රත්නපුර,සමනලවත්ත,6.65,80.7,0,1,29.04,22.2,24.86,1.05,1.05,,5.26,,86.97
4212,4213,2018-07-22,19:31:35,2018,7,22,19,Sunday,රත්නපුර,සමනලවත්ත,6.65,80.7,0,1,27.55,22.16,24.42,0.28,0.28,,5.52,,88.99
4213,4214,2018-07-20,11:16:49,2018,7,20,11,Friday,මහනුවර,කටුගස්තොට,7.26,80.63,1,0,29.9,22.8,25.49,0.09,0.09,,7.9,,78.35
4214,4215,2018-07-19,18:58:10,2018,7,19,18,Thursday,පොළොන්නරුව,නිකපිටිය,7.95,81.0,1,1,31.9,25.24,27.73,0.16,0.16,,8.8,,74.81
4215,4216,2018-07-19,17:49:55,2018,7,19,17,Thursday,පුත්තලම,කොට්ටුකච්චිය,7.95,79.95,0,1,28.36,25.18,26.41,0.23,0.23,,7.72,,86.81
4217,4218,2018-07-18,13:21:59,2018,7,18,13,Wednesday,මාතලේ,ලග්ගල,7.55,80.65,1,0,29.57,23.23,25.6,0.03,0.03,,7.47,,80.06
4216,4217,2018-07-19,14:52:01,2018,7,19,14,Thursday,කුරුණෑගල,ගලේවෙල,7.65,80.55,2,1,28.08,23.21,24.99,0.4,0.4,,7.86,,84.45
4219,4220,2018-07-16,06:33:18,2018,7,16,6,Monday,අම්පාර,අම්පාර,7.3,81.68,1,0,30.61,26.28,28.06,0.07,0.07,,6.44,,76.61
4218,4219,2018-07-16,09:53:15,2018,7,16,9,Monday,කොළඹ,කොට්ටාව,6.85,79.95,0,1,27.46,24.63,25.74,3.02,3.02,,6.15,,87.94
4220,4221,2018-07-15,12:43:01,2018,7,15,12,Sunday,අනුරාධපුර,තම්මැන්නාව,8.2,80.5,0,1,29.66,24.47,26.18,0.68,0.68,,7.95,,83.94
4221,4222,2018-07-14,18:34:00,2018,7,14,18,Saturday,අනුරාධපුර,අනුරාධපුර,8.35,80.4,2,0,32.7,24.57,27.82,0.03,0.03,,7.3,,73.57
4222,4223,2018-07-14,16:43:02,2018,7,14,16,Saturday,නුවරඑළිය,නෝර්වුඩ්,6.95,80.6,0,1,25.59,19.67,22.28,1.8,1.8,,6.51,,88.83
4223,4224,2018-07-14,15:47:07,2018,7,14,15,Saturday,කොළඹ,හංවැල්ල,6.85,80.1,1,1,27.98,24.24,26.03,2.02,2.02,,6.17,,87.48
4224,4225,2018-07-14,11:27:33,2018,7,14,11,Saturday,මොණරාගල,එනමල්පොත,6.9,81.2,1,1,28.82,20.2,24.07,0.83,0.83,,6.18,,79.7
4225,4226,2018-07-14,08:30:47,2018,7,14,8,Saturday,කළුතර,මග්ගොන,6.85,79.92,0,1,27.98,24.24,26.03,2.02,2.02,,6.17,,87.48
4227,4228,2018-07-13,14:20:04,2018,7,13,14,Friday,පුත්තලම,මාදම්පේ,7.48,79.95,1,1,28.2,25.44,26.46,0.67,0.67,,7.61,,86.43
4226,4227,2018-07-13,19:18:02,2018,7,13,19,Friday,පොළොන්නරුව,නිකපිටිය,7.95,81.0,1,1,31.29,25.19,27.58,0.11,0.11,,9.09,,73.12
4228,4229,2018-07-13,10:17:27,2018,7,13,10,Friday,අම්පාර,නින්දවූර්,7.1,81.8,1,1,30.46,25.58,27.38,0.63,0.63,,4.66,,78.85
4229,4230,2018-07-11,10:06:26,2018,7,11,10,Wednesday,වවුනියාව,පුලියන්කුලම,8.8,80.5,2,0,31.79,26.16,28.39,0.09,0.09,,8.8,,72.71
4230,4231,2018-07-10,08:01:15,2018,7,10,8,Tuesday,කොළඹ,අතුරුගිරිය,6.85,79.95,0,2,27.44,24.83,25.85,11.82,11.82,,6.24,,87.84
4231,4232,2018-07-09,16:38:27,2018,7,9,16,Monday,ගාල්ල,බද්දේගම,6.2,80.15,1,2,28.0,27.09,27.48,6.99,6.99,,8.09,,85.66
4232,4233,2018-07-09,14:57:26,2018,7,9,14,Monday,කුරුණෑගල,ගොකරැල්ල,7.55,80.35,0,1,28.79,23.48,25.43,4.46,4.46,,8.64,,83.32
4233,4234,2018-07-09,14:52:28,2018,7,9,14,Monday,නුවරඑළිය,මස්කෙලිය,6.85,80.5,0,2,25.38,20.92,22.55,5.16,5.16,,7.63,,89.78
4234,4235,2018-07-09,07:21:58,2018,7,9,7,Monday,අම්පාර,දමන,7.2,81.6,4,1,30.62,26.09,27.94,2.74,2.74,,5.52,,78.63
4235,4236,2018-07-08,15:11:21,2018,7,8,15,Sunday,නුවරඑළිය,නෝර්වුඩ්,6.95,80.6,0,1,25.27,20.77,22.37,1.24,1.24,,6.66,,89.48
4236,4237,2018-07-07,11:07:05,2018,7,7,11,Saturday,අනුරාධපුර,කැබිතිගොල්ලෑව,8.15,80.55,1,0,29.35,24.56,26.39,0.02,0.02,,7.68,,83.0
4237,4238,2018-07-06,16:05:35,2018,7,6,16,Friday,රත්නපුර,ඇඹිලිපිටිය,6.35,80.85,0,1,27.21,23.04,24.65,0.96,0.96,,4.85,,91.24
4238,4239,2018-07-05,19:59:11,2018,7,5,19,Thursday,පොළොන්නරුව,සුසිරිගම,7.95,81.0,0,1,32.65,24.03,27.79,0.15,0.15,,5.0,,78.41
4239,4240,2018-07-05,18:06:16,2018,7,5,18,Thursday,කුරුණෑගල,කුලියාපිටිය,7.47,80.05,0,1,28.81,25.67,26.85,0.23,0.23,,5.67,,86.46
4241,4242,2018-07-05,10:47:56,2018,7,5,10,Thursday,බදුල්ල,තිඹිරිගස්පිටිය,6.99,81.0,0,1,30.32,20.94,24.94,0.5,0.5,,3.61,,83.58
4240,4241,2018-07-05,12:07:47,2018,7,5,12,Thursday,මාතර,වැලිගම,5.95,80.55,1,1,28.84,25.78,27.03,0.88,0.88,,5.5,,85.88
4242,4243,2018-07-04,17:20:20,2018,7,4,17,Wednesday,කුරුණෑගල,කුලියාපිටිය,7.47,80.05,1,1,28.55,25.5,26.66,0.22,0.22,,5.31,,87.66
4243,4244,2018-07-04,10:56:25,2018,7,4,10,Wednesday,ගාල්ල,දෙයියන්දර,6.05,80.2,2,1,27.85,26.78,27.3,0.36,0.36,,5.78,,86.56
4245,4246,2018-07-03,18:15:08,2018,7,3,18,Tuesday,ගම්පහ,නිට්ටඹුව,7.15,80.1,1,1,27.84,24.69,26.1,1.39,1.39,,3.9,,88.42
4244,4245,2018-07-03,19:00:29,2018,7,3,19,Tuesday,කොළඹ,මුල්ලේරියාව,6.95,79.92,0,1,27.84,24.69,26.1,1.39,1.39,,3.9,,88.42
4246,4247,2018-06-30,16:02:04,2018,6,30,16,Saturday,අනුරාධපුර,මිහින්තලය,8.35,80.5,2,2,31.67,23.89,26.97,6.54,6.54,,4.16,,80.3
4247,4248,2018-06-28,19:24:38,2018,6,28,19,Thursday,පුත්තලම,හලාවත,7.58,79.88,0,1,28.79,24.69,26.57,0.3,0.3,,5.95,,84.76
4248,4249,2018-06-27,16:56:46,2018,6,27,16,Wednesday,කොළඹ,බොරලැස්ගමුව,6.85,79.9,0,1,27.71,24.69,26.14,2.1,2.1,,5.71,,88.33
4249,4250,2018-06-27,12:25:43,2018,6,27,12,Wednesday,මොණරාගල,වරුණගම,6.73,81.1,0,1,27.67,23.61,25.26,1.45,1.45,,5.56,,89.04
4250,4251,2018-06-27,09:32:23,2018,6,27,9,Wednesday,කුරුණෑගල,ගල්කිරියාගම,7.55,80.4,1,1,28.62,22.93,25.15,0.28,0.28,,7.05,,83.17
4251,4252,2018-06-26,18:46:37,2018,6,26,18,Tuesday,කොළඹ,කිරුළපන,6.9,79.89,0,2,27.73,24.98,26.29,5.42,5.42,,5.55,,89.57
4252,4253,2018-06-26,15:37:41,2018,6,26,15,Tuesday,බදුල්ල,ඇල්ල,6.87,81.05,1,1,28.11,21.34,24.0,1.91,1.91,,4.47,,85.82
4253,4254,2018-06-26,13:16:35,2018,6,26,13,Tuesday,මාතර,මාතර,5.95,80.55,1,2,27.67,25.83,26.69,7.14,7.14,,6.59,,88.36
4255,4256,2018-06-23,15:01:54,2018,6,23,15,Saturday,මඩකලපුව,එරාවුර්,7.75,81.65,1,0,30.72,27.79,29.02,0.08,0.08,,5.82,,77.13
4254,4255,2018-06-26,08:42:28,2018,6,26,8,Tuesday,මඩකලපුව,එරාවුර්,7.75,81.65,2,1,30.72,27.67,28.86,0.13,0.13,,7.2,,78.41
4256,4257,2018-06-22,20:03:34,2018,6,22,20,Friday,පුත්තලම,මංගළඑළිය,7.75,79.85,0,1,29.06,25.8,27.12,0.6,0.6,,7.81,,86.39
4257,4258,2018-06-21,14:12:59,2018,6,21,14,Thursday,මහනුවර,කටුගස්තොට,7.26,80.63,1,1,28.93,23.04,25.29,0.67,0.67,,6.94,,85.6
4258,4259,2018-06-21,06:49:51,2018,6,21,6,Thursday,කොළඹ,පාදුක්ක,6.85,80.1,1,1,28.32,25.15,26.49,2.38,2.38,,6.73,,86.93
4259,4260,2018-06-20,18:07:32,2018,6,20,18,Wednesday,මහනුවර,කටුගස්තොට,7.26,80.63,0,0,28.56,22.69,24.96,0.08,0.08,,6.81,,84.92
4260,4261,2018-06-20,07:54:27,2018,6,20,7,Wednesday,ගාල්ල,ඇල්පිටිය,6.25,80.22,2,1,28.15,25.64,26.66,0.6,0.6,,6.48,,84.29
4262,4263,2018-06-18,07:02:29,2018,6,18,7,Monday,ගම්පහ,කඩවත,7.0,79.95,1,1,27.95,24.97,26.32,3.69,3.69,,5.71,,87.73
4263,4264,2018-06-17,19:19:07,2018,6,17,19,Sunday,පොළොන්නරුව,සුසිරිගම,7.95,81.0,0,1,30.19,24.76,26.93,0.99,0.99,,6.05,,84.48
4261,4262,2018-06-19,06:48:28,2018,6,19,6,Tuesday,මාතලේ,මාතලේ,7.47,80.65,1,1,28.61,23.02,25.1,0.76,0.76,,6.8,,86.2
4264,4265,2018-06-16,18:49:01,2018,6,16,18,Saturday,පුත්තලම,ආනමඩුව,7.75,79.95,0,1,28.99,25.67,26.9,2.09,2.09,,7.68,,85.46
4265,4266,2018-06-16,16:10:30,2018,6,16,16,Saturday,කළුතර,පානදුර,6.71,79.9,1,2,27.99,25.91,26.68,14.67,14.67,,6.36,,85.94
4266,4267,2018-06-16,15:43:47,2018,6,16,15,Saturday,ගම්පහ,රාගම,7.03,79.92,1,2,27.8,25.25,26.33,13.48,13.48,,6.2,,87.1
4267,4268,2018-06-15,18:45:06,2018,6,15,18,Friday,කොළඹ,හෝමාගම,6.84,80.0,0,2,27.48,25.65,26.37,11.0,11.0,,5.44,,90.67
4268,4269,2018-06-14,19:46:30,2018,6,14,19,Thursday,මහනුවර,නුගවෙල,7.26,80.6,2,1,28.6,23.45,25.42,2.39,2.39,,6.35,,85.96
4270,4271,2018-06-14,10:26:32,2018,6,14,10,Thursday,මහනුවර,නුගවෙල,7.26,80.6,2,1,28.6,23.45,25.42,2.39,2.39,,6.35,,85.96
4269,4270,2018-06-14,14:04:33,2018,6,14,14,Thursday,පුත්තලම,හලාවත,7.58,79.88,0,1,28.93,25.87,27.09,3.0,3.0,,6.54,,86.01
4271,4272,2018-06-13,20:05:05,2018,6,13,20,Wednesday,කුරුණෑගල,අලව්ව,7.22,80.05,1,1,28.3,25.37,26.65,3.13,3.13,,6.18,,88.98
4272,4273,2018-06-13,06:27:34,2018,6,13,6,Wednesday,පුත්තලම,පුත්තලම,8.03,79.83,1,1,29.67,26.02,27.49,0.65,0.65,,8.44,,86.45
4273,4274,2018-06-12,14:50:10,2018,6,12,14,Tuesday,කුරුණෑගල,ගලේවෙල,7.65,80.55,2,1,27.92,23.82,25.38,0.26,0.26,,7.2,,87.6
4274,4275,2018-06-12,12:56:08,2018,6,12,12,Tuesday,පුත්තලම,හලාවත,7.58,79.88,0,1,28.67,26.16,27.13,0.44,0.44,,7.75,,87.2
4275,4276,2018-06-12,09:56:12,2018,6,12,9,Tuesday,යාපනය,වඩමරච්චි,9.7,80.0,1,1,30.22,28.19,29.05,0.19,0.19,,10.73,,80.64
4276,4277,2018-06-11,19:27:09,2018,6,11,19,Monday,කොළඹ,කොළඹ,6.93,79.85,0,1,28.3,25.95,26.91,2.64,2.64,,7.0,,88.06
4277,4278,2018-06-11,17:32:02,2018,6,11,17,Monday,කුරුණෑගල,ගලේවෙල,7.65,80.55,2,1,28.74,23.85,25.76,1.05,1.05,,7.81,,87.37
4278,4279,2018-06-10,19:10:59,2018,6,10,19,Sunday,පුත්තලම,ආනමඩුව,7.75,79.95,0,1,28.96,26.49,27.4,4.54,4.54,,9.84,,88.88
4279,4280,2018-06-09,19:09:37,2018,6,9,19,Saturday,පුත්තලම,ආනමඩුව,7.75,79.95,0,2,29.08,26.6,27.51,6.17,6.17,,10.35,,87.94
4280,4281,2018-06-09,09:38:52,2018,6,9,9,Saturday,මාතර,මිද්දෙණිය,5.95,80.55,1,2,28.06,26.43,27.05,5.09,5.09,,8.16,,89.22
4281,4282,2018-06-09,07:33:30,2018,6,9,7,Saturday,මාතලේ,නාවුල,7.55,80.65,2,1,28.48,24.33,25.88,4.0,4.0,,9.14,,87.88
4282,4283,2018-06-08,22:02:04,2018,6,8,22,Friday,මාතලේ,නාවුල,7.55,80.65,2,2,27.52,23.84,25.43,7.34,7.34,,7.92,,90.18
4283,4284,2018-06-08,13:45:23,2018,6,8,13,Friday,පුත්තලම,හලාවත,7.58,79.88,0,2,28.18,26.48,27.17,8.58,8.58,,8.53,,89.31
4285,4286,2018-06-08,12:12:31,2018,6,8,12,Friday,පුත්තලම,හලාවත,7.58,79.88,0,2,28.18,26.48,27.17,8.58,8.58,,8.53,,89.31
4286,4287,2018-06-08,06:37:06,2018,6,8,6,Friday,පුත්තලම,හලාවත,7.58,79.88,0,2,28.18,26.48,27.17,8.58,8.58,,8.53,,89.31
4284,4285,2018-06-08,12:58:28,2018,6,8,12,Friday,මාතලේ,දඹුල්ල,7.86,80.65,1,2,28.18,24.92,26.33,5.08,5.08,,7.94,,90.41
4287,4288,2018-06-07,13:09:43,2018,6,7,13,Thursday,කොළඹ,කුරුඳුවත්ත,6.9,79.87,0,2,27.79,25.94,26.7,13.59,13.59,,6.92,,89.79
4288,4289,2018-06-07,12:46:56,2018,6,7,12,Thursday,පුත්තලම,හලාවත,7.58,79.88,0,2,28.43,26.12,27.06,6.67,6.67,,7.68,,88.43
4289,4290,2018-06-07,10:15:25,2018,6,7,10,Thursday,ගම්පහ,පස්යාල,7.1,80.05,2,2,27.79,25.94,26.7,13.59,13.59,,6.92,,89.79
4290,4291,2018-06-06,18:53:51,2018,6,6,18,Wednesday,පුත්තලම,හලාවත,7.58,79.88,0,1,28.1,26.62,27.32,4.65,4.65,,7.18,,91.17
4291,4292,2018-06-06,14:17:18,2018,6,6,14,Wednesday,පුත්තලම,හලාවත,7.58,79.88,0,1,28.1,26.62,27.32,4.65,4.65,,7.18,,91.17
4292,4293,2018-06-06,12:18:55,2018,6,6,12,Wednesday,මහනුවර,නාවලපිටිය,7.05,80.55,1,1,25.17,22.23,23.49,4.56,4.56,,5.61,,93.99
4293,4294,2018-06-06,10:59:17,2018,6,6,10,Wednesday,කුරුණෑගල,හිරිවඩුන්න,7.55,80.5,0,1,27.81,24.15,25.61,3.47,3.47,,5.8,,91.74
4294,4295,2018-06-06,08:19:18,2018,6,6,8,Wednesday,පුත්තලම,හලාවත,7.58,79.88,0,1,28.1,26.62,27.32,4.65,4.65,,7.18,,91.17
4296,4297,2018-06-04,08:47:34,2018,6,4,8,Monday,රත්නපුර,පැල්මඩුල්ල,6.62,80.55,0,2,27.47,23.98,25.26,6.29,6.29,,5.0,,92.9
4295,4296,2018-06-05,09:29:06,2018,6,5,9,Tuesday,රත්නපුර,ඇඹිලිපිටිය,6.35,80.85,1,1,28.13,23.62,25.4,3.9,3.9,,4.6,,91.61
4298,4299,2018-06-03,13:40:13,2018,6,3,13,Sunday,රත්නපුර,පැල්මඩුල්ල,6.62,80.55,0,2,27.71,23.94,25.35,6.98,6.98,,5.72,,91.79
4297,4298,2018-06-03,14:25:45,2018,6,3,14,Sunday,කළුතර,බේරුවල,6.47,79.98,1,2,27.96,26.46,27.12,7.92,7.92,,6.54,,89.15
4299,4300,2018-06-02,18:02:43,2018,6,2,18,Saturday,කළුතර,මතුගම,6.85,80.2,1,2,27.94,25.84,26.71,15.06,15.06,,5.57,,90.3
4300,4301,2018-06-02,14:09:02,2018,6,2,14,Saturday,මහනුවර,පේරාදෙණිය,7.26,80.6,0,2,28.18,23.9,25.41,8.9,8.9,,5.31,,90.29
4301,4302,2018-06-01,15:49:23,2018,6,1,15,Friday,කොළඹ,විදියගොඩ,6.85,80.0,1,2,27.99,26.25,26.96,7.18,7.18,,5.67,,90.4
4302,4303,2018-05-31,14:33:03,2018,5,31,14,Thursday,මාතර,දෙනියාය,6.35,80.5,0,1,28.7,24.35,25.91,2.32,2.32,,5.81,,90.27
4303,4304,2018-05-31,10:18:41,2018,5,31,10,Thursday,කොළඹ,කොළඹ,6.93,79.85,1,1,28.91,26.43,27.4,3.39,3.39,,6.38,,88.35
4304,4305,2018-05-30,09:33:46,2018,5,30,9,Wednesday,ගම්පහ,වේයන්ගොඩ,7.05,80.0,1,1,28.98,26.15,27.38,1.19,1.19,,6.64,,87.64
4305,4306,2018-05-29,21:55:27,2018,5,29,21,Tuesday,බදුල්ල,දියතලාව,6.85,80.95,1,1,29.01,22.72,25.3,1.1,1.1,,5.19,,87.1
4307,4308,2018-05-28,11:17:18,2018,5,28,11,Monday,කළුතර,බණ්ඩාරගම,6.72,79.99,0,2,28.6,26.85,27.58,8.09,8.09,,7.54,,86.71
4306,4307,2018-05-28,16:42:19,2018,5,28,16,Monday,කළුතර,බණ්ඩාරගම,6.72,79.99,0,2,28.6,26.85,27.58,8.09,8.09,,7.54,,86.71
4308,4309,2018-05-27,09:37:52,2018,5,27,9,Sunday,අම්පාර,වීරවිල,7.2,81.5,1,1,28.47,22.99,25.16,4.22,4.22,,4.72,,90.02
4309,4310,2018-05-26,11:08:27,2018,5,26,11,Saturday,මොණරාගල,මැදගම,6.85,81.2,1,2,29.04,21.61,24.99,8.59,8.59,,3.94,,89.7
4310,4311,2018-05-25,21:06:10,2018,5,25,21,Friday,කුරුණෑගල,ගොකරැල්ල,7.55,80.35,1,2,28.26,23.03,25.09,15.8,15.8,,4.41,,88.78
4311,4312,2018-05-22,13:32:22,2018,5,22,13,Tuesday,කෑගල්ල,කහවත්ත,7.25,80.25,0,2,29.69,25.92,27.64,9.72,9.72,,5.1,,85.41
4312,4313,2018-05-22,09:30:13,2018,5,22,9,Tuesday,මාතලේ,මහවෙල,7.55,80.65,1,2,29.27,22.28,25.41,19.84,19.84,,3.68,,88.55
4313,4314,2018-05-21,17:07:52,2018,5,21,17,Monday,නුවරඑළිය,හැටන්,6.9,80.6,0,3,23.89,21.08,22.33,30.68,30.68,,4.42,,94.11
4314,4315,2018-05-20,19:28:26,2018,5,20,19,Sunday,කළුතර,හොරණ,6.72,80.06,4,3,27.51,26.04,26.65,28.69,28.69,,6.0,,88.92
4315,4316,2018-05-16,15:41:31,2018,5,16,15,Wednesday,කොළඹ,කොළඹ,6.93,79.85,3100,2,27.66,25.59,26.44,8.27,8.27,,3.45,,90.02
4316,4317,2018-05-16,13:44:06,2018,5,16,13,Wednesday,ගම්පහ,මීගොඩ,6.95,79.95,0,2,27.66,25.59,26.44,8.27,8.27,,3.45,,90.02
