id,date,time,year,month,day,hour,day_of_week,district,city,latitude,longitude,deaths_count,weather_code,temp_max,temp_min,temp_mean,windgusts_max,humidity_mean
2,2026-09-09,19:22:33,2026,9,9,19,Wednesday,Badulla,Ella,6.8667,81.05,0,1,28.52,25.6,26.67,0,84.34
1,2026-09-10,07:00:29,2026,9,10,7,Thursday,Badulla,Ridimaliyadda,7.1667,81.15,0,1,32.31,24.71,27.76,0,72.19
4,2026-09-09,14:56:40,2026,9,9,14,Wednesday,Kandy,Digana,7.2833,80.75,4,1,31.56,22.4,26.05,0,78.86
3,2026-09-09,17:49:48,2026,9,9,17,Wednesday,Badulla,Kandeketiya,7.05,81.1,0,1,27.54,21.7,24.06,0,88.53
5,2026-09-09,00:47:11,2026,9,9,0,Wednesday,Trincomalee,Seruwila,8.5,81.3,1,2,29.27,26.55,27.67,0,80.79
7,2026-09-08,19:49:02,2026,9,8,19,Tuesday,Colombo,Colombo,6.9271,79.8612,0,2,28.42,25.44,26.45,0,84.74
8,2026-09-08,16:01:22,2026,9,8,16,Tuesday,Colombo,Colombo,6.9271,79.8612,0,2,28.42,25.44,26.45,0,84.74
6,2026-09-08,19:52:26,2026,9,8,19,Tuesday,Colombo,Colombo,6.9271,79.8612,0,2,28.42,25.44,26.45,0,84.74
10,2026-09-08,00:18:50,2026,9,8,0,Tuesday,Vavuniya,Nedunkeni,8.9167,80.4667,0,1,24.99,24.36,24.69,0,87.21
9,2026-09-08,08:56:11,2026,9,8,8,Tuesday,Kegalle,Hemmathagama,7.2,80.5,0,2,30.99,24.34,26.86,0,79.89
12,2026-09-07,08:56:56,2026,9,7,8,Monday,Kalutara,Dodangoda,6.55,80.0167,0,2,28.84,25.47,26.46,0,84.93
11,2026-09-07,11:34:38,2026,9,7,11,Monday,Puttalam,Chilaw,7.5758,79.7953,0,2,29.4,25.31,26.66,0,84.9
14,2026-09-06,16:44:57,2026,9,6,16,Sunday,Monaragala,Thanamalwila,6.4333,81.0333,1,1,32.06,24.16,27.34,0,76.17
13,2026-09-06,22:44:59,2026,9,6,22,Sunday,Ampara,Maha Oya,7.5,81.3833,1,2,28.95,25.27,26.59,0,83.99
15,2026-09-06,10:53:09,2026,9,6,10,Sunday,Colombo,Boralesgamuwa,6.8394,79.9024,1,2,28.95,25.27,26.59,0,83.99
16,2026-09-05,13:30:26,2026,9,5,13,Saturday,Jaffna,Nelliady,9.7833,80.0833,1,2,32.76,24.27,27.19,0,79.37
17,2026-09-03,22:35:08,2026,9,3,22,Thursday,Mannar,Nanattan,8.9833,79.9667,0,1,33.97,25.98,29.28,0,66.61
18,2026-09-03,13:18:57,2026,9,3,13,Thursday,Monaragala,Kataragama,6.4167,81.3333,0,1,30.15,27.52,28.64,0,76.47
19,2026-09-02,21:31:28,2026,9,2,21,Wednesday,Mannar,Nanattan,8.9833,79.9667,0,1,24.48,23.69,24.16,0,85.75
21,2026-09-02,10:24:03,2026,9,2,10,Wednesday,Colombo,Colombo,6.9271,79.8612,0,2,28.44,25.24,26.39,0,84.78
20,2026-09-02,15:16:07,2026,9,2,15,Wednesday,Colombo,Colombo,6.9271,79.8612,0,2,28.44,25.24,26.39,0,84.78
22,2026-08-31,16:39:33,2026,8,31,16,Monday,Kegalle,Mawanella,7.25,80.45,0,1,29.34,23.31,25.41,0,81.32
23,2026-08-31,12:05:59,2026,8,31,12,Monday,Ratnapura,Ayagama,6.6167,80.3167,1,1,27.5,22.12,24.09,0,86.89
24,2026-08-31,09:46:36,2026,8,31,9,Monday,Matale,Pallepola,7.5833,80.6,3,1,28.44,25.09,26.34,0,84.73
25,2026-08-30,16:35:08,2026,8,30,16,Sunday,Galle,Ambalangoda,6.2354,80.0538,1,2,27.92,24.78,25.91,0,85.74
26,2026-08-30,11:42:19,2026,8,30,11,Sunday,Monaragala,Thanamalwila,6.4333,81.0333,1,1,30.84,24.48,26.92,0,76.96
27,2026-08-30,11:07:57,2026,8,30,11,Sunday,Gampaha,Hendala,6.9833,79.8833,1,0,32.49,26.72,29.0,0,69.07
28,2026-08-30,07:07:34,2026,8,30,7,Sunday,Colombo,Piliyandala,6.8011,79.9231,0,2,27.92,24.78,25.91,0,85.74
29,2026-08-29,08:28:52,2026,8,29,8,Saturday,Mannar,Pallimunai,8.95,79.8833,0,2,27.55,24.78,25.68,0,88.42
30,2026-08-27,12:50:33,2026,8,27,12,Thursday,Colombo,Kesbewa,6.7959,79.9383,0,1,24.82,24.3,24.59,0,82.53
31,2026-08-27,09:54:30,2026,8,27,9,Thursday,Kandy,Kundasale,7.2833,80.7,3,1,31.09,25.08,27.29,0,76.87
33,2026-08-25,14:06:09,2026,8,25,14,Tuesday,Colombo,Ratmalana,6.8181,79.8867,0,3,26.78,24.47,25.41,0,88.31
32,2026-08-26,12:58:58,2026,8,26,12,Wednesday,Gampaha,Divulapitiya,7.2219,79.9581,6,2,27.2,22.91,24.28,0,88.89
34,2026-08-24,15:23:47,2026,8,24,15,Monday,Hambantota,Angunakolapelessa,6.1833,80.9167,0,1,25.0,24.58,24.82,0,85.62
35,2026-08-24,14:33:13,2026,8,24,14,Monday,Nuwara Eliya,Norwood,6.85,80.6167,1,2,27.15,22.21,23.81,0,88.21
36,2026-08-23,15:37:53,2026,8,23,15,Sunday,Trincomalee,Seruwila,8.5,81.3,1,1,26.96,21.8,23.75,0,87.73
37,2026-08-23,14:38:10,2026,8,23,14,Sunday,Batticaloa,Chenkalady,7.7833,81.6,2,1,32.88,26.81,29.7,0,70.64
38,2026-08-23,12:31:01,2026,8,23,12,Sunday,Kurunegala,Ibbagamuwa,7.5,80.4,5,1,29.86,25.53,27.33,0,78.43
39,2026-08-23,11:55:50,2026,8,23,11,Sunday,Gampaha,Ragama,7.0286,79.9197,1,2,27.98,24.84,26.06,0,84.61
41,2026-08-22,09:03:39,2026,8,22,9,Saturday,Ratnapura,Kuruwita,6.7833,80.3667,1749,1,24.72,24.13,24.46,0,83.94
40,2026-08-22,18:37:32,2026,8,22,18,Saturday,Puttalam,Wennappuwa,7.35,79.8333,1,1,28.67,25.04,26.41,0,81.65
42,2026-08-21,06:22:36,2026,8,21,6,Friday,Monaragala,Monaragala,6.8728,81.3505,5,1,30.57,22.96,25.95,0,76.31
43,2026-08-20,11:13:48,2026,8,20,11,Thursday,Hambantota,Angunakolapelessa,6.1833,80.9167,0,2,26.91,22.2,23.72,0,89.59
44,2026-08-20,09:50:14,2026,8,20,9,Thursday,Ampara,Akkaraipattu,7.2167,81.85,3,2,28.07,24.49,25.91,0,86.95
45,2026-08-19,11:03:40,2026,8,19,11,Wednesday,Monaragala,Thanamalwila,6.4333,81.0333,1,1,30.92,23.85,26.82,0,79.51
47,2026-08-17,14:32:31,2026,8,17,14,Monday,Ampara,Thirukkovil,6.8333,81.8,0,2,27.66,24.91,25.83,0,86.62
46,2026-08-17,15:33:25,2026,8,17,15,Monday,Puttalam,Kalpitiya,8.2333,79.7667,5,2,29.39,25.51,27.01,0,81.37
48,2026-08-16,19:43:37,2026,8,16,19,Sunday,Jaffna,Nelliady,9.7833,80.0833,0,1,30.2,27.63,28.59,0,78.0
49,2026-08-16,16:39:49,2026,8,16,16,Sunday,Nuwara Eliya,Nuwara Eliya,6.9497,80.7891,0,1,27.57,22.04,23.94,0,88.76
50,2026-08-16,14:51:48,2026,8,16,14,Sunday,Mannar,Pallimunai,8.95,79.8833,12,1,24.16,23.77,24.02,0,85.0
51,2026-08-16,13:44:25,2026,8,16,13,Sunday,Kandy,Pilimathalawa,7.2167,80.5667,0,1,28.32,24.91,26.07,0,86.03
52,2026-08-16,10:55:05,2026,8,16,10,Sunday,Kurunegala,Ridigama,7.5,80.4667,0,1,28.32,24.91,26.07,0,86.03
53,2026-08-16,09:19:05,2026,8,16,9,Sunday,Gampaha,Mirigama,7.2417,80.1236,1,1,28.58,24.97,26.22,0,84.96
54,2026-08-14,10:34:19,2026,8,14,10,Friday,Gampaha,Veyangoda,7.1542,80.0583,2,3,27.09,24.91,25.61,0,87.52
56,2026-08-13,16:28:20,2026,8,13,16,Thursday,Mannar,Murunkan,8.8333,80.05,1693,1,23.91,23.2,23.63,0,84.36
57,2026-08-13,10:37:16,2026,8,13,10,Thursday,Mannar,Murunkan,8.8333,80.05,2,1,23.91,23.2,23.63,0,84.36
55,2026-08-13,16:50:14,2026,8,13,16,Thursday,Mannar,Nanattan,8.9833,79.9667,0,1,23.91,23.2,23.63,0,84.36
58,2026-08-11,12:59:27,2026,8,11,12,Tuesday,Jaffna,Kayts,9.7,79.85,0,3,28.18,26.85,27.3,0,83.95
59,2026-08-11,10:53:39,2026,8,11,10,Tuesday,Badulla,Kandeketiya,7.05,81.1,2,1,32.54,25.47,28.47,0,72.37
60,2026-08-10,21:40:06,2026,8,10,21,Monday,Anuradhapura,Galenbindunuwewa,8.2833,80.6167,20,1,23.57,23.23,23.42,0,77.78
61,2026-08-10,15:52:14,2026,8,10,15,Monday,Colombo,Colombo,6.9271,79.8612,0,2,27.15,24.6,25.67,0,88.09
63,2026-08-09,12:18:18,2026,8,9,12,Sunday,Kurunegala,Giriulla,7.3333,80.1333,1,2,27.5,24.43,25.55,0,87.19
62,2026-08-10,12:13:39,2026,8,10,12,Monday,Puttalam,Wennappuwa,7.35,79.8333,1,1,27.51,24.57,25.79,0,87.45
64,2026-08-07,11:13:03,2026,8,7,11,Friday,Jaffna,Vadamarachchi,9.75,80.2,0,2,26.91,25.2,25.9,0,87.02
65,2026-08-07,10:12:56,2026,8,7,10,Friday,Colombo,Colombo,6.9271,79.8612,0,3,26.51,24.35,25.19,0,88.89
67,2026-08-04,21:06:31,2026,8,4,21,Tuesday,Ampara,Damana,7.3,81.7,1,2,28.67,25.21,26.54,0,86.68
66,2026-08-05,14:18:11,2026,8,5,14,Wednesday,Kurunegala,Mawathagama,7.4167,80.45,1,1,26.83,22.46,24.19,0,85.17
69,2026-08-04,19:44:11,2026,8,4,19,Tuesday,Nuwara Eliya,Dimbula,6.9333,80.6,1,2,24.99,22.83,23.59,0,92.48
68,2026-08-04,20:24:57,2026,8,4,20,Tuesday,Kalutara,Horana,6.7156,80.0644,0,2,27.19,25.17,25.91,0,88.4
70,2026-08-04,17:58:08,2026,8,4,17,Tuesday,Mannar,Pallimunai,8.95,79.8833,0,1,24.45,24.06,24.28,0,81.71
72,2026-08-04,13:48:59,2026,8,4,13,Tuesday,Puttalam,Chilaw,7.5758,79.7953,1,2,24.99,22.83,23.59,0,92.48
71,2026-08-04,14:23:55,2026,8,4,14,Tuesday,Kurunegala,Dambadeniya,7.3667,80.1333,3,2,26.41,24.67,25.22,0,91.42
73,2026-08-04,09:58:13,2026,8,4,9,Tuesday,Kilinochchi,Ariyalkulam,9.3667,80.4,0,1,27.89,24.62,26.04,0,82.86
74,2026-08-03,16:37:47,2026,8,3,16,Monday,Matale,Dambulla,7.8675,80.6522,0,3,26.4,24.01,24.85,0,89.86
75,2026-08-03,08:58:56,2026,8,3,8,Monday,Hambantota,Waligatta,6.2,81.0333,0,3,26.4,24.01,24.85,0,89.86
76,2026-08-03,07:46:29,2026,8,3,7,Monday,Batticaloa,Valaichchenai,7.9167,81.5333,0,3,24.91,22.75,23.4,0,93.52
77,2026-08-02,23:17:22,2026,8,2,23,Sunday,Trincomalee,Muttur,8.45,81.2667,2,1,30.48,26.12,27.85,0,76.0
78,2026-08-02,19:40:39,2026,8,2,19,Sunday,Matale,Hasalaka,7.35,80.8833,0,3,27.07,24.54,25.37,0,90.27
79,2026-08-02,17:20:58,2026,8,2,17,Sunday,Puttalam,Chilaw,7.5758,79.7953,5,3,27.07,24.54,25.37,0,90.27
80,2026-08-02,00:52:41,2026,8,2,0,Sunday,Anuradhapura,Galenbindunuwewa,8.2833,80.6167,25,1,24.16,23.68,23.94,0,86.3
81,2026-08-01,18:23:42,2026,8,1,18,Saturday,Matara,Malimbada,6.0167,80.5167,10,1,24.02,23.28,23.6,0,87.11
82,2026-07-31,15:30:02,2026,7,31,15,Friday,Nuwara Eliya,Bogawantalawa,6.8,80.6667,0,2,28.75,25.77,27.24,0,89.97
83,2026-07-31,10:38:17,2026,7,31,10,Friday,Kurunegala,Mahawa,7.8,80.3167,0,2,28.75,25.77,27.24,0,89.97
84,2026-07-30,18:56:27,2026,7,30,18,Thursday,Nuwara Eliya,Ambewela,6.8667,80.8167,1,1,26.08,21.72,23.53,0,90.6
85,2026-07-29,11:49:47,2026,7,29,11,Wednesday,Kurunegala,Ridigama,7.5,80.4667,4,1,32.15,25.29,27.99,0,77.7
86,2026-07-28,11:22:47,2026,7,28,11,Tuesday,Ampara,Thirukkovil,6.8333,81.8,6,0,34.42,25.9,29.43,0,70.74
87,2026-07-27,13:15:22,2026,7,27,13,Monday,Matara,Malimbada,6.0167,80.5167,1,1,28.81,27.14,27.8,0,86.11
88,2026-07-27,13:05:34,2026,7,27,13,Monday,Kurunegala,Ibbagamuwa,7.5,80.4,1,1,30.62,26.36,28.08,0,82.32
89,2026-07-26,13:52:40,2026,7,26,13,Sunday,Colombo,Meegoda,6.8434,80.0093,0,1,28.86,26.02,27.22,0,87.75
90,2026-07-26,11:40:53,2026,7,26,11,Sunday,Jaffna,Vadamarachchi,9.75,80.2,1,0,32.24,25.1,27.82,0,79.47
91,2026-07-26,08:04:18,2026,7,26,8,Sunday,Mullaitivu,Vellankulam,9.2667,80.3167,1,1,28.86,26.02,27.22,0,87.75
92,2026-07-25,16:37:45,2026,7,25,16,Saturday,Anuradhapura,Rajanganaya,8.15,80.2167,0,1,29.13,25.61,27.23,0,85.91
93,2026-07-25,12:14:00,2026,7,25,12,Saturday,Badulla,Ella,6.8667,81.05,0,1,30.61,24.04,26.99,0,84.99
94,2026-07-23,20:11:43,2026,7,23,20,Thursday,Trincomalee,Nilaveli,8.6833,81.1833,0,1,29.5,26.61,27.86,0,86.91
95,2026-07-23,13:37:17,2026,7,23,13,Thursday,Kilinochchi,Ariyalkulam,9.3667,80.4,0,0,23.72,23.4,23.59,0,85.63
96,2026-07-22,08:46:01,2026,7,22,8,Wednesday,Anuradhapura,Rajanganaya,8.15,80.2167,2,0,27.4,21.37,23.82,0,90.58
97,2026-07-21,22:54:38,2026,7,21,22,Tuesday,Puttalam,Chilaw,7.5758,79.7953,1,0,23.42,22.96,23.17,0,79.99
98,2026-07-20,19:56:14,2026,7,20,19,Monday,Kurunegala,Pannala,7.3167,79.9333,0,1,28.44,26.51,27.29,0,87.7
99,2026-07-20,13:15:20,2026,7,20,13,Monday,Kandy,Kadugannawa,7.25,80.5167,1,1,29.78,26.12,27.42,0,85.37
100,2026-07-19,20:20:25,2026,7,19,20,Sunday,Jaffna,Delft,9.5,79.6833,2,1,28.9,26.71,27.66,0,84.88
101,2026-07-19,18:43:53,2026,7,19,18,Sunday,Matale,Wilgamuwa,7.5667,80.8333,1,1,28.9,26.71,27.66,0,84.88
102,2026-07-19,11:57:04,2026,7,19,11,Sunday,Mullaitivu,Oddusuddan,9.15,80.6333,1500,0,23.45,23.06,23.23,0,76.62
103,2026-07-17,06:51:28,2026,7,17,6,Friday,Matale,Ukuwela,7.4667,80.65,0,0,28.61,24.96,26.49,0,82.85
104,2026-07-15,12:28:26,2026,7,15,12,Wednesday,Anuradhapura,Palugaswewa,8.5,80.7833,2,0,33.03,25.03,28.11,0,74.06
105,2026-07-15,07:52:13,2026,7,15,7,Wednesday,Polonnaruwa,Hingurakgoda,8.05,80.95,0,0,24.84,24.47,24.66,0,75.9
106,2026-07-14,13:43:25,2026,7,14,13,Tuesday,Trincomalee,Kinniya,8.5,81.1833,1,0,32.55,26.45,28.76,0,76.77
107,2026-07-13,14:04:50,2026,7,13,14,Monday,Jaffna,Point Pedro,9.8167,80.2333,0,0,25.7,21.88,23.11,0,91.44
108,2026-07-13,11:49:09,2026,7,13,11,Monday,Monaragala,Monaragala,6.8728,81.3505,5,1,29.25,22.65,25.14,0,84.31
109,2026-07-11,17:53:29,2026,7,11,17,Saturday,Galle,Yakkalamulla,6.1167,80.25,15,0,24.26,23.49,23.89,0,80.85
110,2026-07-11,12:49:38,2026,7,11,12,Saturday,Ratnapura,Kuruwita,6.7833,80.3667,10,0,24.26,23.49,23.89,0,80.85
111,2026-07-09,19:04:44,2026,7,9,19,Thursday,Matale,Rattota,7.5333,80.7,0,1,28.91,25.63,26.99,0,88.34
112,2026-07-08,23:45:01,2026,7,8,23,Wednesday,Ampara,Kalmunai,7.4167,81.8333,1,0,31.48,23.77,27.1,0,84.41
113,2026-07-07,12:18:05,2026,7,7,12,Tuesday,Ratnapura,Ratnapura,6.6828,80.3992,0,0,29.46,22.73,25.26,0,85.87
114,2026-07-05,12:01:26,2026,7,5,12,Sunday,Jaffna,Kopay,9.7,80.0333,6,0,31.36,28.31,29.63,0,75.42
116,2026-07-04,17:58:54,2026,7,4,17,Saturday,Monaragala,Thanamalwila,6.4333,81.0333,2,1,28.74,24.34,26.16,0,89.21
115,2026-07-05,11:33:27,2026,7,5,11,Sunday,Colombo,Colombo,6.9271,79.8612,0,1,28.97,25.45,27.0,0,85.67
117,2026-07-04,08:55:32,2026,7,4,8,Saturday,Mannar,Murunkan,8.8333,80.05,1,0,23.46,23.13,23.28,0,86.67
118,2026-07-02,06:20:52,2026,7,2,6,Thursday,Kegalle,Hemmathagama,7.2,80.5,2,1,28.42,26.11,27.1,0,87.86
119,2026-07-01,04:45:29,2026,7,1,4,Wednesday,Gampaha,Divulapitiya,7.2219,79.9581,14,0,23.11,22.97,23.05,0,84.93
120,2026-06-30,18:13:02,2026,6,30,18,Tuesday,Kurunegala,Melsiripura,7.6167,80.5,4,1,29.89,26.03,27.65,0,82.87
121,2026-06-29,17:55:14,2026,6,29,17,Monday,Ampara,Thirukkovil,6.8333,81.8,1,2,28.08,23.29,25.25,0,88.23
122,2026-06-29,11:52:25,2026,6,29,11,Monday,Matale,Matale,7.4675,80.6234,4,2,28.08,23.29,25.25,0,88.23
124,2026-06-27,22:00:19,2026,6,27,22,Saturday,Badulla,Bandarawela,6.8325,80.9886,0,2,29.78,22.8,25.36,0,85.93
123,2026-06-29,10:04:07,2026,6,29,10,Monday,Matara,Kamburupitiya,6.0833,80.5667,0,1,29.7,24.33,26.54,0,86.44
125,2026-06-27,17:11:53,2026,6,27,17,Saturday,Hambantota,Angunakolapelessa,6.1833,80.9167,1,1,31.51,25.12,27.69,0,83.71
127,2026-06-27,15:19:37,2026,6,27,15,Saturday,Badulla,Diyatalawa,6.8167,80.9667,0,2,29.78,22.8,25.36,0,85.93
128,2026-06-27,06:23:41,2026,6,27,6,Saturday,Badulla,Diyatalawa,6.8167,80.9667,0,2,29.78,22.8,25.36,0,85.93
126,2026-06-27,16:09:50,2026,6,27,16,Saturday,Colombo,Kesbewa,6.7959,79.9383,1,1,28.32,25.89,26.86,0,88.48
129,2026-06-26,21:34:55,2026,6,26,21,Friday,Kandy,Galagedara,7.3667,80.5333,0,1,28.48,25.95,26.96,0,87.44
130,2026-06-26,10:59:55,2026,6,26,10,Friday,Kurunegala,Bamunakotuwa,7.5,80.2833,0,2,28.47,26.58,27.34,0,86.9
132,2026-06-26,09:08:42,2026,6,26,9,Friday,Nuwara Eliya,Bogawantalawa,6.8,80.6667,0,2,28.89,26.95,27.65,0,86.1
131,2026-06-26,10:01:12,2026,6,26,10,Friday,Badulla,Meegahakiwula,7.0667,81.05,0,2,28.89,26.95,27.65,0,86.1
133,2026-06-25,08:13:12,2026,6,25,8,Thursday,Ratnapura,Kiriella,6.75,80.3667,0,0,24.26,23.62,23.93,0,79.55
134,2026-06-24,19:54:43,2026,6,24,19,Wednesday,Gampaha,Dompe,7.0167,80.05,0,0,29.54,26.35,27.57,0,84.52
136,2026-06-22,23:04:19,2026,6,22,23,Monday,Nuwara Eliya,Bogawantalawa,6.8,80.6667,15,0,23.73,23.43,23.53,0,85.52
135,2026-06-24,13:31:42,2026,6,24,13,Wednesday,Colombo,Kadawatha,7.0,79.95,2,1,27.98,25.95,26.82,0,88.09
137,2026-06-22,14:06:08,2026,6,22,14,Monday,Ampara,Akkaraipattu,7.2167,81.85,1,3,28.05,23.48,25.17,0,90.2
138,2026-06-22,12:11:46,2026,6,22,12,Monday,Kurunegala,Ridigama,7.5,80.4667,0,2,28.83,22.64,24.99,0,88.08
139,2026-06-18,20:13:21,2026,6,18,20,Thursday,Polonnaruwa,Hingurakgoda,8.05,80.95,6,1,29.24,24.61,26.3,0,88.78
140,2026-06-18,13:04:48,2026,6,18,13,Thursday,Nuwara Eliya,Dimbula,6.9333,80.6,1,1,29.24,24.61,26.3,0,88.78
141,2026-06-17,23:05:27,2026,6,17,23,Wednesday,Galle,Bentota,6.4167,79.9958,0,2,28.63,27.66,28.07,0,85.31
142,2026-06-17,09:54:52,2026,6,17,9,Wednesday,Colombo,Mount Lavinia,6.8389,79.8636,2,1,29.26,25.01,26.62,0,88.89
143,2026-06-16,16:55:36,2026,6,16,16,Tuesday,Gampaha,Hendala,6.9833,79.8833,0,1,26.16,22.29,23.72,0,92.83
144,2026-06-16,12:05:05,2026,6,16,12,Tuesday,Colombo,Kelaniya,6.9553,79.9219,0,1,26.16,22.29,23.72,0,92.83
146,2026-06-15,07:10:39,2026,6,15,7,Monday,Kegalle,Hemmathagama,7.2,80.5,6,1,25.77,25.32,25.5,0,82.09
145,2026-06-16,02:27:12,2026,6,16,2,Tuesday,Nuwara Eliya,Bogawantalawa,6.8,80.6667,0,1,26.05,25.57,25.83,0,82.97
147,2026-06-14,14:25:06,2026,6,14,14,Sunday,Matara,Deniyaya,6.3417,80.55,2,2,28.48,25.33,26.76,0,88.11
148,2026-06-13,12:22:32,2026,6,13,12,Saturday,Matale,Matale,7.4675,80.6234,1,2,28.03,23.09,25.19,0,88.96
149,2026-06-12,13:43:21,2026,6,12,13,Friday,Matale,Wilgamuwa,7.5667,80.8333,0,2,26.25,22.38,23.65,0,92.97
150,2026-06-11,21:29:33,2026,6,11,21,Thursday,Jaffna,Kayts,9.7,79.85,0,2,29.17,25.46,26.8,0,89.27
151,2026-06-10,00:29:29,2026,6,10,0,Wednesday,Hambantota,Okanda,6.65,81.7167,0,1,26.71,26.31,26.52,0,80.36
152,2026-06-09,09:08:45,2026,6,9,9,Tuesday,Ampara,Akkaraipattu,7.2167,81.85,2,2,28.62,26.41,27.32,0,87.76
153,2026-06-09,06:30:43,2026,6,9,6,Tuesday,Trincomalee,Nilaveli,8.6833,81.1833,0,1,26.82,26.58,26.71,0,78.94
154,2026-06-08,19:36:10,2026,6,8,19,Monday,Anuradhapura,Rajanganaya,8.15,80.2167,0,2,28.69,27.77,28.23,0,85.99
155,2026-06-08,12:33:20,2026,6,8,12,Monday,Ampara,Maha Oya,7.5,81.3833,1,1,31.59,27.19,28.8,0,80.61
156,2026-06-07,11:19:42,2026,6,7,11,Sunday,Kilinochchi,Pallai,9.4667,80.4167,2,2,28.28,26.5,27.24,0,89.38
157,2026-06-06,21:25:28,2026,6,6,21,Saturday,Nuwara Eliya,Ragala,6.9167,80.8,1,1,30.38,26.99,28.25,0,85.12
158,2026-06-04,14:37:29,2026,6,4,14,Thursday,Kalutara,Wadduwa,6.6667,79.925,0,1,28.41,27.11,27.74,0,88.41
159,2026-06-04,11:41:38,2026,6,4,11,Thursday,Matale,Rattota,7.5333,80.7,1,2,28.44,26.47,27.47,0,88.55
160,2026-06-04,11:37:11,2026,6,4,11,Thursday,Ampara,Kalmunai,7.4167,81.8333,1,2,25.51,22.03,23.84,0,93.11
161,2026-06-04,09:27:15,2026,6,4,9,Thursday,Kandy,Kadugannawa,7.25,80.5167,3,2,25.51,22.03,23.84,0,93.11
163,2026-06-03,11:33:56,2026,6,3,11,Wednesday,Mullaitivu,Vellankulam,9.2667,80.3167,1,1,31.09,28.47,29.65,0,78.99
162,2026-06-03,14:29:34,2026,6,3,14,Wednesday,Hambantota,Okanda,6.65,81.7167,2,1,31.09,28.47,29.65,0,78.99
164,2026-06-03,11:19:32,2026,6,3,11,Wednesday,Galle,Hikkaduwa,6.14,80.1,0,1,29.12,27.86,28.49,0,86.91
165,2026-06-03,06:43:55,2026,6,3,6,Wednesday,Puttalam,Puttalam,8.0362,79.8283,0,1,30.12,26.74,28.25,0,85.99
166,2026-06-02,19:05:17,2026,6,2,19,Tuesday,Mannar,Murunkan,8.8333,80.05,1,1,32.33,27.07,29.66,0,77.03
167,2026-06-01,16:54:25,2026,6,1,16,Monday,Colombo,Meegoda,6.8434,80.0093,0,1,29.08,26.36,27.51,0,85.51
169,2026-06-01,14:32:58,2026,6,1,14,Monday,Colombo,Meegoda,6.8434,80.0093,0,1,29.08,26.36,27.51,0,85.51
168,2026-06-01,15:13:11,2026,6,1,15,Monday,Kegalle,Ruwanwella,7.05,80.25,1,1,31.38,25.31,27.87,0,86.34
170,2026-06-01,13:49:40,2026,6,1,13,Monday,Mullaitivu,Vellankulam,9.2667,80.3167,1,1,26.54,26.31,26.42,0,83.76
172,2026-06-01,10:55:56,2026,6,1,10,Monday,Colombo,Meegoda,6.8434,80.0093,4,1,29.08,26.36,27.51,0,85.51
173,2026-06-01,06:59:02,2026,6,1,6,Monday,Colombo,Meegoda,6.8434,80.0093,6,1,29.08,26.36,27.51,0,85.51
174,2026-06-01,06:27:47,2026,6,1,6,Monday,Colombo,Meegoda,6.8434,80.0093,6,1,29.08,26.36,27.51,0,85.51
171,2026-06-01,13:25:19,2026,6,1,13,Monday,Monaragala,Buttala,6.75,81.2333,2,1,30.49,22.59,25.91,0,85.47
175,2026-05-31,17:53:04,2026,5,31,17,Sunday,Matale,Hasalaka,7.35,80.8833,5,1,29.0,26.48,27.62,0,87.83
176,2026-05-31,13:47:22,2026,5,31,13,Sunday,Gampaha,Hendala,6.9833,79.8833,1,1,29.0,26.48,27.62,0,87.83
177,2026-05-31,13:03:51,2026,5,31,13,Sunday,Kalutara,Panadura,6.7133,79.9025,0,1,29.01,26.98,27.96,0,87.57
179,2026-05-28,20:18:48,2026,5,28,20,Thursday,Batticaloa,Batticaloa,7.7102,81.6924,3,1,31.47,27.45,29.2,0,82.49
178,2026-05-29,15:44:30,2026,5,29,15,Friday,Monaragala,Monaragala,6.8728,81.3505,0,2,28.97,23.14,25.57,0,88.32
180,2026-05-28,08:35:54,2026,5,28,8,Thursday,Vavuniya,Puliyankulam,8.8833,80.4667,0,1,29.27,26.96,27.85,0,88.12
181,2026-05-26,22:42:43,2026,5,26,22,Tuesday,Kurunegala,Melsiripura,7.6167,80.5,4,1,27.28,26.69,26.96,0,81.22
182,2026-05-26,15:05:46,2026,5,26,15,Tuesday,Vavuniya,Omanthei,8.8333,80.5,1,2,28.5,25.28,26.66,0,90.89
183,2026-05-25,21:13:48,2026,5,25,21,Monday,Monaragala,Kataragama,6.4167,81.3333,0,2,29.01,26.33,27.61,0,87.38
185,2026-05-24,17:16:14,2026,5,24,17,Sunday,Gampaha,Attanagalla,7.1125,80.0056,1,1,29.5,26.78,27.84,0,86.54
184,2026-05-25,12:02:48,2026,5,25,12,Monday,Monaragala,Thanamalwila,6.4333,81.0333,1,1,29.33,24.8,26.81,0,89.78
186,2026-05-24,16:50:29,2026,5,24,16,Sunday,Kandy,Kandy,7.2906,80.6337,0,1,29.11,24.14,26.03,0,88.49
187,2026-05-22,14:35:19,2026,5,22,14,Friday,Nuwara Eliya,Norwood,6.85,80.6167,0,2,25.79,22.8,23.98,0,92.33
188,2026-05-21,16:07:49,2026,5,21,16,Thursday,Kandy,Digana,7.2833,80.75,0,1,27.96,27.43,27.7,0,78.5
189,2026-05-20,23:28:52,2026,5,20,23,Wednesday,Nuwara Eliya,Dimbula,6.9333,80.6,1,1,27.13,22.94,24.4,0,91.75
190,2026-05-20,20:12:27,2026,5,20,20,Wednesday,Batticaloa,Chenkalady,7.7833,81.6,1,1,27.69,26.95,27.32,0,79.55
191,2026-05-19,12:17:16,2026,5,19,12,Tuesday,Mullaitivu,Vellankulam,9.2667,80.3167,1,1,26.21,22.76,24.01,0,92.58
192,2026-05-18,16:30:22,2026,5,18,16,Monday,Puttalam,Norochcholai,8.1,79.7333,1,2,29.26,27.62,28.46,0,87.75
193,2026-05-18,15:01:39,2026,5,18,15,Monday,Mannar,Pallimunai,8.95,79.8833,1,2,31.1,27.29,28.91,0,85.25
194,2026-05-17,19:22:31,2026,5,17,19,Sunday,Galle,Batapola,6.2,80.1167,0,2,27.39,26.63,27.05,0,86.58
195,2026-05-17,18:49:50,2026,5,17,18,Sunday,Galle,Yakkalamulla,6.1167,80.25,1,2,26.65,22.21,23.95,0,92.79
196,2026-05-17,17:09:14,2026,5,17,17,Sunday,Trincomalee,Seruwila,8.5,81.3,0,1,29.43,28.54,28.96,0,83.4
197,2026-05-17,16:01:31,2026,5,17,16,Sunday,Kandy,Pilimathalawa,7.2167,80.5667,0,2,29.08,26.87,27.76,0,87.34
198,2026-05-17,13:12:11,2026,5,17,13,Sunday,Gampaha,Kelaniya,6.9553,79.9219,0,2,29.08,26.87,27.76,0,87.34
199,2026-05-17,09:44:52,2026,5,17,9,Sunday,Kandy,Peradeniya,7.26,80.6,1,2,29.41,23.72,26.12,0,90.07
200,2026-05-17,08:46:17,2026,5,17,8,Sunday,Badulla,Bandarawela,6.8325,80.9886,1,2,29.16,23.44,25.83,0,89.98
202,2026-05-16,13:24:13,2026,5,16,13,Saturday,Hambantota,Waligatta,6.2,81.0333,0,1,29.51,26.01,27.65,0,85.69
203,2026-05-16,13:04:55,2026,5,16,13,Saturday,Monaragala,Medagama,6.75,81.15,0,1,29.51,26.01,27.65,0,85.69
204,2026-05-16,07:23:01,2026,5,16,7,Saturday,Anuradhapura,Rajanganaya,8.15,80.2167,0,1,29.51,26.01,27.65,0,85.69
205,2026-05-16,06:35:35,2026,5,16,6,Saturday,Kilinochchi,Pallai,9.4667,80.4167,0,1,29.51,26.01,27.65,0,85.69
201,2026-05-16,19:13:49,2026,5,16,19,Saturday,Matara,Malimbada,6.0167,80.5167,0,1,29.51,26.01,27.65,0,85.69
206,2026-05-15,23:48:28,2026,5,15,23,Friday,Anuradhapura,Kahatagasdigiliya,8.4667,80.5833,2,3,28.69,25.73,27.19,0,84.85
207,2026-05-14,20:04:18,2026,5,14,20,Thursday,Ampara,Samanthurai,7.3667,81.8167,4,2,29.32,28.09,28.75,0,82.81
208,2026-05-12,16:17:29,2026,5,12,16,Tuesday,Trincomalee,Seruwila,8.5,81.3,0,2,29.52,23.04,25.67,0,86.81
209,2026-05-12,13:27:41,2026,5,12,13,Tuesday,Colombo,Colombo,6.9271,79.8612,0,3,28.59,26.32,27.41,0,88.36
210,2026-05-11,19:55:47,2026,5,11,19,Monday,Trincomalee,Trincomalee,8.5874,81.2152,1,2,29.62,27.03,28.25,0,82.53
211,2026-05-11,13:42:03,2026,5,11,13,Monday,Galle,Wakwella,6.1,80.1667,1,3,30.57,24.34,26.93,0,87.37
212,2026-05-11,11:08:19,2026,5,11,11,Monday,Kilinochchi,Ariyalkulam,9.3667,80.4,24,3,25.02,21.7,23.22,0,94.91
213,2026-05-10,16:32:50,2026,5,10,16,Sunday,Gampaha,Kelaniya,6.9553,79.9219,0,2,28.86,25.11,26.66,0,90.92
214,2026-05-06,12:00:22,2026,5,6,12,Wednesday,Colombo,Kelaniya,6.9553,79.9219,2,2,29.42,23.65,26.19,0,87.25
215,2026-05-05,23:59:44,2026,5,5,23,Tuesday,Jaffna,Nelliady,9.7833,80.0833,0,2,29.4,26.1,27.6,0,83.97
216,2026-05-05,09:40:30,2026,5,5,9,Tuesday,Colombo,Ja-Ela,7.0744,79.8919,0,2,27.24,21.23,23.81,0,89.58
217,2026-05-04,11:12:33,2026,5,4,11,Monday,Matara,Palmulla,6.1167,80.55,2,2,29.04,26.51,27.62,0,86.07
219,2026-05-03,14:13:23,2026,5,3,14,Sunday,Anuradhapura,Galenbindunuwewa,8.2833,80.6167,1,1,29.31,28.16,28.8,0,84.73
218,2026-05-03,19:25:28,2026,5,3,19,Sunday,Kurunegala,Kurunegala,7.4863,80.3647,1,1,29.71,23.87,26.29,0,88.41
220,2026-05-02,12:24:08,2026,5,2,12,Saturday,Kurunegala,Mawathagama,7.4167,80.45,1,1,30.87,26.69,28.64,0,83.14
221,2026-05-02,09:05:48,2026,5,2,9,Saturday,Kandy,Kadugannawa,7.25,80.5167,11,1,28.37,27.87,28.11,0,86.31
223,2026-04-29,19:25:06,2026,4,29,19,Wednesday,Colombo,Ja-Ela,7.0744,79.8919,1,2,28.11,21.28,24.41,0,89.44
224,2026-04-29,16:40:32,2026,4,29,16,Wednesday,Anuradhapura,Mihintale,8.35,80.5167,1,2,28.11,21.28,24.41,0,89.44
225,2026-04-29,15:53:41,2026,4,29,15,Wednesday,Jaffna,Delft,9.5,79.6833,0,2,28.11,21.28,24.41,0,89.44
222,2026-04-30,15:18:08,2026,4,30,15,Thursday,Vavuniya,Puliyankulam,8.8833,80.4667,0,2,29.74,27.05,28.26,0,85.4
226,2026-04-28,19:35:29,2026,4,28,19,Tuesday,Vavuniya,Omanthei,8.8333,80.5,1,1,30.21,26.51,28.07,0,84.13
227,2026-04-28,10:04:34,2026,4,28,10,Tuesday,Kurunegala,Mawathagama,7.4167,80.45,0,1,27.69,21.29,24.08,0,87.93
228,2026-04-27,23:48:17,2026,4,27,23,Monday,Anuradhapura,Padaviya,8.8,80.7667,0,2,27.4,21.43,24.08,0,89.37
229,2026-04-27,17:46:50,2026,4,27,17,Monday,Trincomalee,Kantale,8.35,81.0,0,2,31.03,27.76,29.25,0,80.01
230,2026-04-27,10:14:42,2026,4,27,10,Monday,Kandy,Galagedara,7.3667,80.5333,1,3,30.71,26.65,28.36,0,83.92
231,2026-04-26,21:03:15,2026,4,26,21,Sunday,Kalutara,Dodangoda,6.55,80.0167,0,1,31.33,26.94,29.03,0,80.65
232,2026-04-26,19:43:34,2026,4,26,19,Sunday,Puttalam,Karuwalagaswewa,8.15,79.95,0,1,27.92,27.25,27.47,0,86.83
233,2026-04-26,17:11:41,2026,4,26,17,Sunday,Matale,Rattota,7.5333,80.7,1,2,31.96,26.64,29.35,0,77.98
234,2026-04-26,13:45:40,2026,4,26,13,Sunday,Nuwara Eliya,Dimbula,6.9333,80.6,1,1,34.55,24.38,28.77,0,78.29
235,2026-04-25,16:59:39,2026,4,25,16,Saturday,Mullaitivu,Mallavi,9.1167,80.2333,0,1,29.69,21.15,24.93,0,83.6
236,2026-04-23,16:37:16,2026,4,23,16,Thursday,Ampara,Thirukkovil,6.8333,81.8,0,2,28.57,27.89,28.19,0,86.3
237,2026-04-23,13:18:59,2026,4,23,13,Thursday,Kegalle,Kitulgala,6.9833,80.4167,0,2,30.06,24.12,26.62,0,87.67
238,2026-04-22,20:22:32,2026,4,22,20,Wednesday,Gampaha,Hendala,6.9833,79.8833,0,2,30.2,27.37,28.64,0,81.91
239,2026-04-22,13:02:51,2026,4,22,13,Wednesday,Kegalle,Kitulgala,6.9833,80.4167,2,1,31.84,28.72,30.28,0,71.93
241,2026-04-22,13:00:22,2026,4,22,13,Wednesday,Jaffna,Paranthan,9.4333,80.4167,1,1,30.89,28.11,29.4,0,77.89
240,2026-04-22,13:00:22,2026,4,22,13,Wednesday,Jaffna,Paranthan,9.4333,80.4167,1,1,30.89,28.11,29.4,0,77.89
242,2026-04-22,12:43:18,2026,4,22,12,Wednesday,Nuwara Eliya,Maskeliya,6.8333,80.5667,1,2,30.75,27.29,28.84,0,80.38
243,2026-04-21,12:27:45,2026,4,21,12,Tuesday,Batticaloa,Chenkalady,7.7833,81.6,1,2,30.26,26.17,28.24,0,81.42
244,2026-04-21,12:20:58,2026,4,21,12,Tuesday,Nuwara Eliya,Norwood,6.85,80.6167,1,2,29.0,19.98,24.3,0,83.94
245,2026-04-20,15:56:58,2026,4,20,15,Monday,Trincomalee,Kinniya,8.5,81.1833,0,3,26.4,20.94,23.52,0,88.76
246,2026-04-19,13:40:30,2026,4,19,13,Sunday,Colombo,Ja-Ela,7.0744,79.8919,1,1,35.18,26.56,30.74,0,65.21
248,2026-04-19,07:11:10,2026,4,19,7,Sunday,Vavuniya,Nedunkeni,8.9167,80.4667,1,1,35.18,26.56,30.74,0,65.21
247,2026-04-19,13:14:52,2026,4,19,13,Sunday,Ratnapura,Nivithigala,6.6167,80.4667,1,1,30.67,28.33,29.72,0,76.93
249,2026-04-18,12:12:26,2026,4,18,12,Saturday,Jaffna,Point Pedro,9.8167,80.2333,1,1,32.94,26.21,29.27,0,74.28
250,2026-04-18,09:09:03,2026,4,18,9,Saturday,Ampara,Maha Oya,7.5,81.3833,26,1,35.47,23.22,28.66,0,68.77
251,2026-04-17,18:15:09,2026,4,17,18,Friday,Ratnapura,Kiriella,6.75,80.3667,1,1,29.94,23.33,26.03,0,87.31
252,2026-04-17,10:56:34,2026,4,17,10,Friday,Anuradhapura,Palugaswewa,8.5,80.7833,1,1,31.92,23.78,27.21,0,82.71
253,2026-04-17,10:24:40,2026,4,17,10,Friday,Jaffna,Kayts,9.7,79.85,8,1,33.9,26.13,29.78,0,73.23
254,2026-04-17,08:09:49,2026,4,17,8,Friday,Matale,Ukuwela,7.4667,80.65,6,1,33.9,26.13,29.78,0,73.23
255,2026-04-16,23:14:47,2026,4,16,23,Thursday,Anuradhapura,Galenbindunuwewa,8.2833,80.6167,0,1,28.92,28.36,28.58,0,81.32
256,2026-04-16,19:27:46,2026,4,16,19,Thursday,Galle,Udugama,6.2833,80.3667,2,1,32.04,26.84,29.36,0,75.92
257,2026-04-16,12:55:58,2026,4,16,12,Thursday,Vavuniya,Nedunkeni,8.9167,80.4667,1,2,31.23,24.12,27.06,0,84.44
258,2026-04-16,12:47:30,2026,4,16,12,Thursday,Kegalle,Aranayaka,7.15,80.4333,1,3,29.72,28.06,28.92,0,83.73
259,2026-04-15,21:33:33,2026,4,15,21,Wednesday,Hambantota,Angunakolapelessa,6.1833,80.9167,0,2,29.77,26.22,27.76,0,85.73
260,2026-04-15,17:54:26,2026,4,15,17,Wednesday,Hambantota,Okanda,6.65,81.7167,1,1,33.67,27.4,30.36,0,73.1
261,2026-04-15,09:12:58,2026,4,15,9,Wednesday,Mullaitivu,Mallavi,9.1167,80.2333,1,2,30.95,22.93,26.69,0,84.16
263,2026-04-14,13:43:59,2026,4,14,13,Tuesday,Kandy,Kadugannawa,7.25,80.5167,6,1,28.48,27.61,28.13,0,80.53
262,2026-04-14,15:11:20,2026,4,14,15,Tuesday,Colombo,Pannipitiya,6.8463,79.9418,0,1,28.48,27.61,28.13,0,80.53
265,2026-04-13,11:34:51,2026,4,13,11,Monday,Colombo,Mount Lavinia,6.8389,79.8636,0,2,27.75,26.95,27.27,0,86.21
264,2026-04-13,15:41:20,2026,4,13,15,Monday,Puttalam,Dankotuwa,7.2833,79.9,0,2,27.75,26.95,27.27,0,86.21
266,2026-04-13,10:39:54,2026,4,13,10,Monday,Galle,Batapola,6.2,80.1167,0,2,27.75,26.95,27.27,0,86.21
267,2026-04-12,15:45:26,2026,4,12,15,Sunday,Kurunegala,Mahawa,7.8,80.3167,1,3,29.34,26.58,27.75,0,86.67
268,2026-04-12,12:30:39,2026,4,12,12,Sunday,Galle,Yakkalamulla,6.1167,80.25,1,2,30.8,26.58,28.11,0,83.39
269,2026-04-12,12:05:35,2026,4,12,12,Sunday,Galle,Neluwa,6.35,80.3833,1,2,32.04,25.66,28.5,0,81.28
270,2026-04-12,10:03:27,2026,4,12,10,Sunday,Kurunegala,Ridigama,7.5,80.4667,5,2,28.46,27.49,28.03,0,83.4
271,2026-04-11,10:29:14,2026,4,11,10,Saturday,Kandy,Kadugannawa,7.25,80.5167,1,1,28.64,27.84,28.27,0,83.1
272,2026-04-09,13:36:22,2026,4,9,13,Thursday,Galle,Galle,6.0535,80.221,1,1,29.53,28.13,28.76,0,81.93
273,2026-04-09,13:23:58,2026,4,9,13,Thursday,Nuwara Eliya,Maskeliya,6.8333,80.5667,2,1,28.34,27.7,28.09,0,80.66
274,2026-04-09,13:20:02,2026,4,9,13,Thursday,Gampaha,Gampaha,7.0917,79.9997,2,1,31.89,22.88,26.81,0,81.25
276,2026-04-09,09:03:13,2026,4,9,9,Thursday,Vavuniya,Omanthei,8.8333,80.5,0,1,28.34,27.7,28.09,0,80.66
275,2026-04-09,09:16:29,2026,4,9,9,Thursday,Hambantota,Hambantota,6.1246,81.1185,0,1,30.33,27.66,28.92,0,81.6
277,2026-04-08,19:19:12,2026,4,8,19,Wednesday,Kandy,Pilimathalawa,7.2167,80.5667,0,1,36.25,24.79,29.62,0,73.32
278,2026-04-08,18:56:38,2026,4,8,18,Wednesday,Nuwara Eliya,Talawakele,6.9333,80.65,2,1,30.98,23.32,26.54,0,84.01
279,2026-04-08,18:31:47,2026,4,8,18,Wednesday,Galle,Hikkaduwa,6.14,80.1,1,1,29.94,28.46,29.02,0,82.25
280,2026-04-08,12:37:41,2026,4,8,12,Wednesday,Nuwara Eliya,Ambewela,6.8667,80.8167,2,1,32.34,23.14,27.24,0,81.23
281,2026-04-07,17:54:00,2026,4,7,17,Tuesday,Kegalle,Kegalle,7.2513,80.3464,0,1,31.04,27.78,29.32,0,81.37
282,2026-04-06,19:09:58,2026,4,6,19,Monday,Polonnaruwa,Aralaganwila,7.85,81.1,0,1,30.27,26.3,28.0,0,81.05
283,2026-04-06,17:00:37,2026,4,6,17,Monday,Ratnapura,Embilipitiya,6.3417,80.85,1,1,30.27,26.3,28.0,0,81.05
284,2026-04-06,14:36:16,2026,4,6,14,Monday,Matara,Hakmana,6.0667,80.6167,1,2,30.95,28.1,29.26,0,79.94
285,2026-04-06,12:22:36,2026,4,6,12,Monday,Badulla,Ella,6.8667,81.05,0,1,29.7,28.5,28.98,0,81.03
286,2026-04-05,17:35:22,2026,4,5,17,Sunday,Kandy,Galagedara,7.3667,80.5333,2,1,32.63,27.0,29.85,0,75.33
287,2026-04-05,17:27:32,2026,4,5,17,Sunday,Ampara,Akkaraipattu,7.2167,81.85,1,1,32.78,24.22,28.27,0,80.61
288,2026-04-05,16:56:19,2026,4,5,16,Sunday,Colombo,Ja-Ela,7.0744,79.8919,1,1,30.07,22.06,25.63,0,86.07
289,2026-04-04,11:06:12,2026,4,4,11,Saturday,Kurunegala,Pannala,7.3167,79.9333,2,1,31.81,27.34,29.27,0,75.6
290,2026-04-04,08:15:16,2026,4,4,8,Saturday,Nuwara Eliya,Ragala,6.9167,80.8,1,1,28.36,27.11,27.78,0,84.91
291,2026-04-03,15:27:58,2026,4,3,15,Friday,Jaffna,Vadamarachchi,9.75,80.2,1,3,30.17,23.15,26.05,0,86.42
292,2026-04-02,18:43:23,2026,4,2,18,Thursday,Nuwara Eliya,Maskeliya,6.8333,80.5667,2,2,31.77,22.42,26.47,0,81.55
294,2026-04-02,11:52:41,2026,4,2,11,Thursday,Matara,Malimbada,6.0167,80.5167,1,2,31.77,22.42,26.47,0,81.55
293,2026-04-02,13:28:59,2026,4,2,13,Thursday,Kandy,Kandy,7.2906,80.6337,0,2,31.77,22.42,26.47,0,81.55
296,2026-04-02,10:49:02,2026,4,2,10,Thursday,Matara,Palmulla,6.1167,80.55,1,2,31.77,22.42,26.47,0,81.55
295,2026-04-02,11:41:33,2026,4,2,11,Thursday,Hambantota,Waligatta,6.2,81.0333,0,2,28.64,20.89,24.13,0,86.42
297,2026-04-01,20:59:43,2026,4,1,20,Wednesday,Matara,Matara,5.9485,80.5353,0,1,30.57,24.78,27.68,0,74.16
298,2026-04-01,17:49:36,2026,4,1,17,Wednesday,Kalutara,Payagala,6.5167,79.9833,1,1,30.09,26.89,28.46,0,73.33
299,2026-04-01,14:37:36,2026,4,1,14,Wednesday,Puttalam,Norochcholai,8.1,79.7333,2,1,32.16,17.92,24.92,0,73.34
300,2026-04-01,14:30:06,2026,4,1,14,Wednesday,Anuradhapura,Galnewa,8.15,80.4,1,1,30.96,24.58,27.72,0,76.26
301,2026-04-01,13:25:38,2026,4,1,13,Wednesday,Jaffna,Kayts,9.7,79.85,1,1,29.83,17.42,23.94,0,81.45
303,2026-03-31,12:07:26,2026,3,31,12,Tuesday,Ratnapura,Kuruwita,6.7833,80.3667,0,1,29.41,26.84,27.99,0,73.02
302,2026-04-01,10:08:18,2026,4,1,10,Wednesday,Colombo,Kesbewa,6.7959,79.9383,29,2,27.6,27.23,27.44,0,78.97
304,2026-03-30,13:16:09,2026,3,30,13,Monday,Puttalam,Norochcholai,8.1,79.7333,1,1,29.58,20.07,23.95,0,81.37
305,2026-03-30,12:39:04,2026,3,30,12,Monday,Gampaha,Kelaniya,6.9553,79.9219,1,2,30.3,25.48,27.46,0,81.31
307,2026-03-29,13:00:04,2026,3,29,13,Sunday,Mullaitivu,Oddusuddan,9.15,80.6333,1,1,30.07,22.1,25.32,0,84.46
306,2026-03-30,08:58:52,2026,3,30,8,Monday,Puttalam,Chilaw,7.5758,79.7953,0,1,32.63,25.79,28.7,0,74.27
308,2026-03-28,10:02:01,2026,3,28,10,Saturday,Batticaloa,Kattankudy,7.6833,81.7333,0,1,28.38,28.0,28.17,0,80.13
309,2026-03-28,07:57:01,2026,3,28,7,Saturday,Badulla,Mahiyanganaya,7.3333,81.0,2,0,30.39,20.99,25.22,0,82.53
310,2026-03-27,20:11:36,2026,3,27,20,Friday,Nuwara Eliya,Nuwara Eliya,6.9497,80.7891,0,0,29.43,18.38,23.68,0,80.73
312,2026-03-26,07:51:40,2026,3,26,7,Thursday,Nuwara Eliya,Ambewela,6.8667,80.8167,16,1,28.3,28.04,28.14,0,82.45
311,2026-03-26,21:37:44,2026,3,26,21,Thursday,Jaffna,Kayts,9.7,79.85,24,1,28.3,28.04,28.14,0,82.45
314,2026-03-25,13:14:59,2026,3,25,13,Wednesday,Kurunegala,Dambadeniya,7.3667,80.1333,1,0,33.9,23.3,28.29,0,68.23
315,2026-03-25,13:07:27,2026,3,25,13,Wednesday,Galle,Neluwa,6.35,80.3833,1,0,32.62,24.68,28.51,0,67.38
313,2026-03-25,13:27:54,2026,3,25,13,Wednesday,Gampaha,Katunayake,7.1697,79.8844,1,0,32.62,24.68,28.51,0,67.38
317,2026-03-25,12:32:43,2026,3,25,12,Wednesday,Vavuniya,Nedunkeni,8.9167,80.4667,1,0,33.9,23.3,28.29,0,68.23
318,2026-03-24,14:29:58,2026,3,24,14,Tuesday,Kegalle,Rambukkana,7.3167,80.4,15,1,28.02,27.74,27.89,0,77.33
316,2026-03-25,13:01:37,2026,3,25,13,Wednesday,Matara,Weligama,5.975,80.4297,1,0,30.95,25.43,28.02,0,76.44
320,2026-03-24,10:30:01,2026,3,24,10,Tuesday,Monaragala,Kataragama,6.4167,81.3333,66,1,28.02,27.74,27.89,0,77.33
321,2026-03-24,07:39:14,2026,3,24,7,Tuesday,Gampaha,Hendala,6.9833,79.8833,34,1,28.02,27.74,27.89,0,77.33
322,2026-03-23,17:40:24,2026,3,23,17,Monday,Puttalam,Norochcholai,8.1,79.7333,2,1,28.43,27.7,28.08,0,80.39
319,2026-03-24,13:30:29,2026,3,24,13,Tuesday,Matale,Dambulla,7.8675,80.6522,0,0,33.39,21.54,26.51,0,76.67
323,2026-03-23,13:57:26,2026,3,23,13,Monday,Kegalle,Hemmathagama,7.2,80.5,1,1,31.02,24.46,27.82,0,76.29
325,2026-03-23,11:08:00,2026,3,23,11,Monday,Jaffna,Nelliady,9.7833,80.0833,0,1,28.43,27.7,28.08,0,80.39
324,2026-03-23,12:55:16,2026,3,23,12,Monday,Galle,Elpitiya,6.2833,80.1667,1,0,29.41,20.45,24.23,0,86.35
326,2026-03-22,21:40:58,2026,3,22,21,Sunday,Galle,Wakwella,6.1,80.1667,0,2,28.55,28.23,28.43,0,84.69
328,2026-03-22,13:33:54,2026,3,22,13,Sunday,Nuwara Eliya,Ambewela,6.8667,80.8167,0,2,28.55,28.23,28.43,0,84.69
327,2026-03-22,16:24:03,2026,3,22,16,Sunday,Jaffna,Nelliady,9.7833,80.0833,0,2,28.55,28.23,28.43,0,84.69
329,2026-03-21,16:55:39,2026,3,21,16,Saturday,Trincomalee,Seruwila,8.5,81.3,2,1,31.23,26.58,28.83,0,75.23
330,2026-03-19,14:01:21,2026,3,19,14,Thursday,Gampaha,Divulapitiya,7.2219,79.9581,3,1,28.44,28.08,28.25,0,79.83
331,2026-03-18,18:13:35,2026,3,18,18,Wednesday,Badulla,Ridimaliyadda,7.1667,81.15,1,1,30.53,20.99,25.45,0,82.37
332,2026-03-18,16:02:27,2026,3,18,16,Wednesday,Matale,Hasalaka,7.35,80.8833,3,1,28.16,27.54,27.85,0,83.53
333,2026-03-18,16:00:16,2026,3,18,16,Wednesday,Colombo,Ja-Ela,7.0744,79.8919,1,1,29.88,26.13,27.89,0,76.69
334,2026-03-18,14:16:17,2026,3,18,14,Wednesday,Ratnapura,Ayagama,6.6167,80.3167,1,1,30.53,20.99,25.45,0,82.37
335,2026-03-18,13:03:26,2026,3,18,13,Wednesday,Matale,Pallepola,7.5833,80.6,4,1,28.75,26.39,27.56,0,82.96
336,2026-03-18,12:35:01,2026,3,18,12,Wednesday,Vavuniya,Omanthei,8.8333,80.5,3,1,28.75,26.39,27.56,0,82.96
338,2026-03-17,13:50:48,2026,3,17,13,Tuesday,Jaffna,Point Pedro,9.8167,80.2333,2,1,30.85,26.51,28.49,0,75.24
337,2026-03-18,11:41:31,2026,3,18,11,Wednesday,Anuradhapura,Galnewa,8.15,80.4,1,1,28.34,20.4,24.11,0,88.09
339,2026-03-16,23:51:06,2026,3,16,23,Monday,Matale,Laggala,7.5667,80.8,1,1,30.15,24.0,26.66,0,83.74
340,2026-03-16,17:52:09,2026,3,16,17,Monday,Hambantota,Meellawa,6.1833,81.05,6,1,30.15,24.0,26.66,0,83.74
341,2026-03-16,15:46:21,2026,3,16,15,Monday,Gampaha,Dompe,7.0167,80.05,0,1,30.76,24.92,27.44,0,76.07
342,2026-03-15,12:24:36,2026,3,15,12,Sunday,Anuradhapura,Mihintale,8.35,80.5167,0,1,31.4,23.38,27.57,0,70.14
343,2026-03-14,14:54:13,2026,3,14,14,Saturday,Hambantota,Okanda,6.65,81.7167,2,2,29.76,19.24,23.98,0,84.54
345,2026-03-14,14:44:12,2026,3,14,14,Saturday,Mannar,Pallimunai,8.95,79.8833,0,1,28.57,28.27,28.4,0,78.39
344,2026-03-14,14:49:33,2026,3,14,14,Saturday,Mullaitivu,Oddusuddan,9.15,80.6333,3,1,28.57,28.27,28.4,0,78.39
346,2026-03-13,20:14:50,2026,3,13,20,Friday,Mannar,Nanattan,8.9833,79.9667,6,1,28.63,27.59,28.08,0,81.57
347,2026-03-13,17:55:37,2026,3,13,17,Friday,Hambantota,Waligatta,6.2,81.0333,84,1,28.98,26.03,27.43,0,80.88
349,2026-03-13,12:48:00,2026,3,13,12,Friday,Colombo,Mount Lavinia,6.8389,79.8636,1,1,28.98,26.03,27.43,0,80.88
348,2026-03-13,12:57:58,2026,3,13,12,Friday,Batticaloa,Chenkalady,7.7833,81.6,1,3,27.41,24.8,26.11,0,83.19
350,2026-03-13,12:36:48,2026,3,13,12,Friday,Vavuniya,Chettikulam,8.8,80.45,1,3,29.02,20.76,24.26,0,86.72
351,2026-03-13,07:17:38,2026,3,13,7,Friday,Galle,Wakwella,6.1,80.1667,0,1,28.63,27.59,28.08,0,81.57
353,2026-03-12,13:31:56,2026,3,12,13,Thursday,Badulla,Ridimaliyadda,7.1667,81.15,1,1,29.6,20.43,24.54,0,86.36
352,2026-03-12,22:13:55,2026,3,12,22,Thursday,Kurunegala,Melsiripura,7.6167,80.5,0,1,28.1,27.68,27.89,0,86.0
354,2026-03-11,18:06:37,2026,3,11,18,Wednesday,Kurunegala,Dambadeniya,7.3667,80.1333,0,1,27.83,27.56,27.72,0,84.9
355,2026-03-11,15:26:50,2026,3,11,15,Wednesday,Kandy,Kundasale,7.2833,80.7,4,1,27.83,27.56,27.72,0,84.9
356,2026-03-10,15:54:26,2026,3,10,15,Tuesday,Polonnaruwa,Aralaganwila,7.85,81.1,0,2,27.95,27.63,27.8,0,84.18
357,2026-03-10,12:45:43,2026,3,10,12,Tuesday,Colombo,Ja-Ela,7.0744,79.8919,0,2,27.95,27.63,27.8,0,84.18
359,2026-03-09,17:33:52,2026,3,9,17,Monday,Kilinochchi,Pallai,9.4667,80.4167,1,1,30.37,24.35,26.97,0,73.22
358,2026-03-09,18:20:49,2026,3,9,18,Monday,Badulla,Ella,6.8667,81.05,1,1,30.37,24.35,26.97,0,73.22
360,2026-03-09,13:39:08,2026,3,9,13,Monday,Ampara,Thirukkovil,6.8333,81.8,2,2,28.34,27.9,28.18,0,84.98
361,2026-03-09,10:13:58,2026,3,9,10,Monday,Matale,Wilgamuwa,7.5667,80.8333,0,0,31.57,21.67,26.08,0,72.61
362,2026-03-08,19:00:34,2026,3,8,19,Sunday,Colombo,Kelaniya,6.9553,79.9219,4,2,28.48,27.69,28.03,0,85.74
364,2026-03-06,13:45:16,2026,3,6,13,Friday,Batticaloa,Kattankudy,7.6833,81.7333,1,0,30.99,24.14,27.1,0,75.57
365,2026-03-06,12:52:00,2026,3,6,12,Friday,Nuwara Eliya,Talawakele,6.9333,80.65,2,0,30.99,24.14,27.1,0,75.57
363,2026-03-06,17:17:56,2026,3,6,17,Friday,Kurunegala,Ibbagamuwa,7.5,80.4,0,0,30.99,24.14,27.1,0,75.57
366,2026-03-06,12:22:12,2026,3,6,12,Friday,Jaffna,Delft,9.5,79.6833,2,0,29.73,24.29,27.14,0,69.83
367,2026-03-06,11:42:32,2026,3,6,11,Friday,Nuwara Eliya,Dimbula,6.9333,80.6,1,0,30.73,20.99,25.2,0,80.55
368,2026-03-06,11:08:45,2026,3,6,11,Friday,Galle,Karapitiya,6.0667,80.2167,0,1,27.46,27.19,27.34,0,85.21
370,2026-03-05,00:29:46,2026,3,5,0,Thursday,Kegalle,Molagoda,7.2167,80.4,87,1,27.97,27.03,27.39,0,84.79
369,2026-03-05,12:17:42,2026,3,5,12,Thursday,Mannar,Murunkan,8.8333,80.05,0,1,27.97,27.03,27.39,0,84.79
371,2026-03-04,16:41:00,2026,3,4,16,Wednesday,Ampara,Maha Oya,7.5,81.3833,0,1,28.26,27.51,27.87,0,81.27
373,2026-03-04,15:33:39,2026,3,4,15,Wednesday,Kegalle,Kitulgala,6.9833,80.4167,0,1,28.26,27.51,27.87,0,81.27
372,2026-03-04,15:34:49,2026,3,4,15,Wednesday,Matale,Pallepola,7.5833,80.6,1,0,30.09,22.16,26.02,0,72.77
375,2026-03-04,09:33:22,2026,3,4,9,Wednesday,Puttalam,Norochcholai,8.1,79.7333,0,0,30.09,22.16,26.02,0,72.77
374,2026-03-04,13:00:29,2026,3,4,13,Wednesday,Kandy,Kundasale,7.2833,80.7,0,0,30.78,20.24,25.06,0,84.44
376,2026-03-03,17:31:53,2026,3,3,17,Tuesday,Mullaitivu,Mallavi,9.1167,80.2333,1,0,29.38,20.52,25.13,0,62.99
377,2026-03-03,17:28:55,2026,3,3,17,Tuesday,Mullaitivu,Pudukudiyiruppu,9.2333,80.75,1,0,28.69,22.88,25.86,0,69.26
378,2026-03-03,10:39:52,2026,3,3,10,Tuesday,Galle,Ambalangoda,6.2354,80.0538,0,0,28.75,22.27,25.12,0,75.82
379,2026-03-02,19:04:45,2026,3,2,19,Monday,Anuradhapura,Padaviya,8.8,80.7667,1,0,29.7,18.23,23.3,0,80.39
381,2026-03-01,17:05:30,2026,3,1,17,Sunday,Puttalam,Mundalama,8.1167,79.8333,0,1,27.87,27.56,27.72,0,82.81
380,2026-03-02,12:50:57,2026,3,2,12,Monday,Badulla,Kandeketiya,7.05,81.1,2,2,27.79,27.62,27.69,0,82.69
382,2026-02-28,17:42:08,2026,2,28,17,Saturday,Matara,Palmulla,6.1167,80.55,0,1,27.92,27.74,27.82,0,79.84
383,2026-02-28,14:52:13,2026,2,28,14,Saturday,Matale,Pallepola,7.5833,80.6,0,0,29.38,21.62,25.01,0,80.34
384,2026-02-28,13:08:57,2026,2,28,13,Saturday,Kegalle,Ruwanwella,7.05,80.25,1,0,30.81,21.95,26.27,0,68.21
385,2026-02-28,13:07:14,2026,2,28,13,Saturday,Gampaha,Attanagalla,7.1125,80.0056,1,0,29.13,17.66,23.0,0,78.99
386,2026-02-28,11:00:58,2026,2,28,11,Saturday,Nuwara Eliya,Kotagala,6.95,80.5833,0,0,27.46,16.17,21.54,0,76.45
387,2026-02-27,18:17:37,2026,2,27,18,Friday,Kurunegala,Pannala,7.3167,79.9333,1,0,29.49,22.47,25.28,0,80.08
388,2026-02-27,11:52:00,2026,2,27,11,Friday,Galle,Bentota,6.4167,79.9958,1,1,27.74,25.71,26.76,0,82.82
389,2026-02-26,18:07:03,2026,2,26,18,Thursday,Anuradhapura,Palugaswewa,8.5,80.7833,1,0,28.95,25.45,26.99,0,75.5
390,2026-02-26,17:40:52,2026,2,26,17,Thursday,Anuradhapura,Medawachchiya,8.5333,80.5,1,0,30.22,21.1,24.89,0,84.82
391,2026-02-26,17:37:01,2026,2,26,17,Thursday,Matale,Pallepola,7.5833,80.6,1,0,29.46,23.04,25.63,0,83.47
393,2026-02-26,16:59:24,2026,2,26,16,Thursday,Polonnaruwa,Hingurakgoda,8.05,80.95,1,0,29.56,23.44,26.33,0,79.38
392,2026-02-26,17:26:26,2026,2,26,17,Thursday,Ratnapura,Ayagama,6.6167,80.3167,1,0,28.69,19.94,23.7,0,86.2
394,2026-02-26,14:49:48,2026,2,26,14,Thursday,Kurunegala,Dambadeniya,7.3667,80.1333,0,1,28.94,24.13,26.35,0,82.25
395,2026-02-25,12:31:03,2026,2,25,12,Wednesday,Matara,Deniyaya,6.3417,80.55,1,0,30.17,20.95,24.99,0,84.94
396,2026-02-25,12:26:23,2026,2,25,12,Wednesday,Hambantota,Meellawa,6.1833,81.05,1,0,28.51,24.71,26.44,0,80.72
397,2026-02-24,17:01:05,2026,2,24,17,Tuesday,Nuwara Eliya,Ambewela,6.8667,80.8167,0,0,27.65,18.04,22.35,0,84.69
398,2026-02-24,15:29:14,2026,2,24,15,Tuesday,Galle,Yakkalamulla,6.1167,80.25,2,0,28.91,20.32,23.97,0,86.74
399,2026-02-24,12:19:00,2026,2,24,12,Tuesday,Kegalle,Aranayaka,7.15,80.4333,1,1,29.39,24.03,26.59,0,81.35
401,2026-02-24,07:58:25,2026,2,24,7,Tuesday,Colombo,Pannipitiya,6.8463,79.9418,1,0,29.78,22.9,26.15,0,80.9
400,2026-02-24,08:26:22,2026,2,24,8,Tuesday,Matale,Rattota,7.5333,80.7,7,1,27.65,27.32,27.46,0,85.06
402,2026-02-23,20:00:57,2026,2,23,20,Monday,Ampara,Kalmunai,7.4167,81.8333,1,0,28.93,21.44,24.65,0,88.97
403,2026-02-23,19:54:36,2026,2,23,19,Monday,Anuradhapura,Kahatagasdigiliya,8.4667,80.5833,0,0,26.91,19.14,22.53,0,89.65
404,2026-02-23,19:32:43,2026,2,23,19,Monday,Matara,Deniyaya,6.3417,80.55,1,1,27.57,26.14,26.82,0,87.17
405,2026-02-23,18:41:56,2026,2,23,18,Monday,Kalutara,Payagala,6.5167,79.9833,2,1,28.05,24.76,26.19,0,87.24
407,2026-02-23,15:11:01,2026,2,23,15,Monday,Ampara,Damana,7.3,81.7,1,1,28.05,24.76,26.19,0,87.24
406,2026-02-23,17:59:04,2026,2,23,17,Monday,Polonnaruwa,Hingurakgoda,8.05,80.95,0,1,29.79,23.38,26.19,0,87.69
408,2026-02-23,14:27:54,2026,2,23,14,Monday,Badulla,Meegahakiwula,7.0667,81.05,17,1,28.06,27.71,27.91,0,84.03
409,2026-02-22,20:55:43,2026,2,22,20,Sunday,Anuradhapura,Rajanganaya,8.15,80.2167,1,1,28.27,27.93,28.11,0,84.22
410,2026-02-22,15:55:13,2026,2,22,15,Sunday,Ratnapura,Nivithigala,6.6167,80.4667,7,1,28.27,27.93,28.11,0,84.22
411,2026-02-22,13:40:23,2026,2,22,13,Sunday,Polonnaruwa,Dimbulagala,7.9667,81.0,1,2,26.22,22.18,23.87,0,92.22
412,2026-02-22,12:30:06,2026,2,22,12,Sunday,Kegalle,Ruwanwella,7.05,80.25,1,1,27.15,25.29,26.32,0,86.28
413,2026-02-22,11:45:35,2026,2,22,11,Sunday,Monaragala,Medagama,6.75,81.15,1,1,27.15,25.29,26.32,0,86.28
415,2026-02-22,09:44:00,2026,2,22,9,Sunday,Kalutara,Payagala,6.5167,79.9833,0,1,26.96,24.17,25.51,0,88.96
414,2026-02-22,11:24:29,2026,2,22,11,Sunday,Galle,Batapola,6.2,80.1167,2,1,26.96,24.17,25.51,0,88.96
416,2026-02-22,07:08:17,2026,2,22,7,Sunday,Badulla,Kandeketiya,7.05,81.1,1,2,26.22,22.18,23.87,0,92.22
418,2026-02-21,19:45:23,2026,2,21,19,Saturday,Puttalam,Chilaw,7.5758,79.7953,4,1,28.3,27.61,27.91,0,82.47
417,2026-02-21,19:48:51,2026,2,21,19,Saturday,Puttalam,Karuwalagaswewa,8.15,79.95,0,1,28.3,27.61,27.91,0,82.47
419,2026-02-20,19:22:35,2026,2,20,19,Friday,Colombo,Colombo,6.9271,79.8612,1,2,29.47,23.89,26.23,0,87.07
420,2026-02-20,19:20:02,2026,2,20,19,Friday,Kegalle,Rambukkana,7.3167,80.4,1,2,26.84,22.0,23.9,0,93.14
422,2026-02-20,17:51:19,2026,2,20,17,Friday,Colombo,Ja-Ela,7.0744,79.8919,0,2,29.47,23.89,26.23,0,87.07
423,2026-02-20,16:22:26,2026,2,20,16,Friday,Gampaha,Attanagalla,7.1125,80.0056,0,2,27.62,22.02,24.33,0,91.85
421,2026-02-20,19:17:25,2026,2,20,19,Friday,Colombo,Mount Lavinia,6.8389,79.8636,1,2,27.62,22.02,24.33,0,91.85
424,2026-02-19,15:32:34,2026,2,19,15,Thursday,Kurunegala,Narammala,7.4167,80.0167,1,1,28.39,21.29,24.11,0,89.87
425,2026-02-19,13:27:27,2026,2,19,13,Thursday,Polonnaruwa,Hingurakgoda,8.05,80.95,1,1,30.06,23.45,26.24,0,83.9
426,2026-02-19,13:07:38,2026,2,19,13,Thursday,Kalutara,Millaniya,6.6833,80.0333,1,2,26.71,21.23,23.49,0,92.77
427,2026-02-18,18:21:41,2026,2,18,18,Wednesday,Badulla,Kandeketiya,7.05,81.1,1,2,28.27,23.96,25.88,0,85.09
428,2026-02-18,16:12:33,2026,2,18,16,Wednesday,Anuradhapura,Padaviya,8.8,80.7667,1,2,24.89,20.98,22.57,0,95.24
429,2026-02-18,14:04:06,2026,2,18,14,Wednesday,Badulla,Mahiyanganaya,7.3333,81.0,1,2,24.89,20.98,22.57,0,95.24
430,2026-02-18,13:26:40,2026,2,18,13,Wednesday,Gampaha,Dompe,7.0167,80.05,1,1,27.15,25.59,26.22,0,80.55
431,2026-02-18,13:03:56,2026,2,18,13,Wednesday,Kandy,Digana,7.2833,80.75,1,2,27.21,25.35,26.05,0,85.05
432,2026-02-16,19:32:48,2026,2,16,19,Monday,Hambantota,Angunakolapelessa,6.1833,80.9167,2,0,29.73,21.42,25.14,0,78.94
433,2026-02-16,16:31:25,2026,2,16,16,Monday,Matale,Sigiriya,7.9575,80.7603,1,1,26.17,18.78,21.97,0,89.2
434,2026-02-16,16:29:08,2026,2,16,16,Monday,Kegalle,Aranayaka,7.15,80.4333,1,0,29.73,21.42,25.14,0,78.94
435,2026-02-16,16:13:29,2026,2,16,16,Monday,Gampaha,Gampaha,7.0917,79.9997,2,0,27.95,24.73,26.08,0,74.11
436,2026-02-16,14:27:01,2026,2,16,14,Monday,Galle,Bentota,6.4167,79.9958,1,0,27.89,18.6,22.58,0,86.84
437,2026-02-15,14:22:44,2026,2,15,14,Sunday,Ratnapura,Godakawela,6.5,80.55,0,1,29.06,22.72,25.25,0,81.67
438,2026-02-15,12:36:03,2026,2,15,12,Sunday,Galle,Nagoda,6.1333,80.1833,1,1,28.05,24.51,26.03,0,80.69
439,2026-02-15,12:33:18,2026,2,15,12,Sunday,Monaragala,Siyambalanduwa,6.9,81.5333,2,1,24.77,19.95,22.04,0,91.3
440,2026-02-14,15:29:50,2026,2,14,15,Saturday,Ratnapura,Ayagama,6.6167,80.3167,0,2,27.86,27.31,27.57,0,79.28
441,2026-02-14,12:59:02,2026,2,14,12,Saturday,Colombo,Kottawa,6.8412,79.9653,0,2,29.14,22.58,25.46,0,85.33
442,2026-02-13,13:05:01,2026,2,13,13,Friday,Colombo,Moratuwa,6.773,79.8816,0,1,28.3,23.0,25.12,0,86.15
443,2026-02-12,18:32:21,2026,2,12,18,Thursday,Colombo,Kesbewa,6.7959,79.9383,1,2,27.6,22.95,25.11,0,84.85
444,2026-02-12,17:13:30,2026,2,12,17,Thursday,Colombo,Kadawatha,7.0,79.95,0,2,27.17,22.27,24.54,0,85.91
445,2026-02-12,15:39:12,2026,2,12,15,Thursday,Mullaitivu,Pudukudiyiruppu,9.2333,80.75,0,2,28.14,27.44,27.77,0,83.63
446,2026-02-12,13:05:07,2026,2,12,13,Thursday,Matara,Akuressa,6.1,80.4833,0,2,27.17,22.27,24.54,0,85.91
447,2026-02-11,18:20:13,2026,2,11,18,Wednesday,Polonnaruwa,Dimbulagala,7.9667,81.0,0,0,28.87,20.23,24.19,0,78.93
448,2026-02-11,18:14:08,2026,2,11,18,Wednesday,Matale,Pallepola,7.5833,80.6,1,1,26.81,16.32,21.28,0,88.65
449,2026-02-11,12:32:31,2026,2,11,12,Wednesday,Monaragala,Buttala,6.75,81.2333,0,1,24.68,16.33,20.61,0,90.52
450,2026-02-10,13:44:58,2026,2,10,13,Tuesday,Gampaha,Kelaniya,6.9553,79.9219,1,0,28.22,20.18,23.81,0,79.42
451,2026-02-10,10:28:10,2026,2,10,10,Tuesday,Kegalle,Kegalle,7.2513,80.3464,2,0,27.58,18.01,22.17,0,84.91
452,2026-02-08,18:06:25,2026,2,8,18,Sunday,Matara,Palmulla,6.1167,80.55,3,1,27.14,18.4,22.27,0,87.69
453,2026-02-08,16:10:12,2026,2,8,16,Sunday,Gampaha,Divulapitiya,7.2219,79.9581,1,1,29.39,22.91,25.94,0,78.61
454,2026-02-07,19:37:23,2026,2,7,19,Saturday,Colombo,Kottawa,6.8412,79.9653,0,1,29.33,22.98,25.67,0,84.65
455,2026-02-07,13:31:25,2026,2,7,13,Saturday,Matara,Dickwella,5.9667,80.6833,0,1,27.74,23.55,25.19,0,84.48
456,2026-02-07,09:55:25,2026,2,7,9,Saturday,Hambantota,Waligatta,6.2,81.0333,1,1,29.33,22.98,25.67,0,84.65
457,2026-02-06,11:14:59,2026,2,6,11,Friday,Kegalle,Molagoda,7.2167,80.4,2,2,28.57,25.86,27.06,0,81.57
458,2026-02-05,17:03:11,2026,2,5,17,Thursday,Kurunegala,Dambadeniya,7.3667,80.1333,5,0,27.81,27.03,27.4,0,82.44
459,2026-02-04,19:54:06,2026,2,4,19,Wednesday,Kurunegala,Melsiripura,7.6167,80.5,0,1,27.98,27.21,27.51,0,79.74
460,2026-02-04,14:27:12,2026,2,4,14,Wednesday,Badulla,Ella,6.8667,81.05,1,1,29.31,23.6,26.29,0,81.75
461,2026-02-03,17:58:59,2026,2,3,17,Tuesday,Mannar,Nanattan,8.9833,79.9667,1,1,27.94,23.82,25.76,0,83.27
462,2026-02-03,17:36:51,2026,2,3,17,Tuesday,Matara,Dickwella,5.9667,80.6833,1,1,27.0,20.3,23.08,0,89.87
463,2026-02-03,10:32:22,2026,2,3,10,Tuesday,Gampaha,Divulapitiya,7.2219,79.9581,0,1,25.22,18.69,21.31,0,89.96
464,2026-02-02,11:40:07,2026,2,2,11,Monday,Nuwara Eliya,Bogawantalawa,6.8,80.6667,9,1,28.14,27.72,27.92,0,82.35
465,2026-02-02,07:22:30,2026,2,2,7,Monday,Ratnapura,Kiriella,6.75,80.3667,1,1,29.42,23.24,25.75,0,85.57
466,2026-02-01,11:52:41,2026,2,1,11,Sunday,Nuwara Eliya,Talawakele,6.9333,80.65,1,2,28.65,24.39,26.44,0,83.56
467,2026-02-01,11:10:20,2026,2,1,11,Sunday,Badulla,Meegahakiwula,7.0667,81.05,0,1,29.01,23.47,25.89,0,88.69
468,2026-02-01,09:49:09,2026,2,1,9,Sunday,Matara,Palmulla,6.1167,80.55,0,1,28.64,23.13,25.85,0,86.18
469,2026-02-01,08:47:21,2026,2,1,8,Sunday,Kurunegala,Ibbagamuwa,7.5,80.4,0,1,28.12,27.31,27.81,0,83.24
471,2026-01-31,16:23:01,2026,1,31,16,Saturday,Puttalam,Chilaw,7.5758,79.7953,0,1,27.44,27.19,27.31,0,86.82
470,2026-02-01,07:00:19,2026,2,1,7,Sunday,Galle,Galle,6.0535,80.221,1,2,27.98,25.68,26.83,0,82.2
472,2026-01-31,10:47:02,2026,1,31,10,Saturday,Nuwara Eliya,Ambewela,6.8667,80.8167,227,1,27.44,27.19,27.31,0,86.82
474,2026-01-29,17:14:11,2026,1,29,17,Thursday,Ampara,Maha Oya,7.5,81.3833,1,1,28.48,21.64,25.18,0,76.62
473,2026-01-30,11:00:23,2026,1,30,11,Friday,Matale,Ukuwela,7.4667,80.65,5,1,27.38,27.03,27.19,0,87.81
476,2026-01-29,09:41:16,2026,1,29,9,Thursday,Puttalam,Dankotuwa,7.2833,79.9,15,1,27.47,27.12,27.38,0,85.51
475,2026-01-29,15:19:25,2026,1,29,15,Thursday,Galle,Neluwa,6.35,80.3833,0,1,25.69,14.13,19.69,0,86.74
477,2026-01-28,19:18:52,2026,1,28,19,Wednesday,Gampaha,Attanagalla,7.1125,80.0056,1,1,25.68,17.02,20.78,0,87.15
478,2026-01-28,10:07:28,2026,1,28,10,Wednesday,Galle,Udugama,6.2833,80.3667,1,1,27.96,27.42,27.63,0,84.52
479,2026-01-27,16:46:21,2026,1,27,16,Tuesday,Badulla,Ella,6.8667,81.05,3,1,27.96,27.13,27.51,0,83.99
480,2026-01-27,14:09:04,2026,1,27,14,Tuesday,Galle,Elpitiya,6.2833,80.1667,0,1,29.03,22.29,25.19,0,82.63
481,2026-01-27,11:59:30,2026,1,27,11,Tuesday,Vavuniya,Omanthei,8.8333,80.5,0,1,27.5,22.42,24.68,0,82.7
482,2026-01-26,22:39:59,2026,1,26,22,Monday,Gampaha,Attanagalla,7.1125,80.0056,1,1,29.66,24.36,26.88,0,78.32
484,2026-01-26,17:12:53,2026,1,26,17,Monday,Hambantota,Okanda,6.65,81.7167,1,1,29.66,24.36,26.88,0,78.32
483,2026-01-26,17:38:23,2026,1,26,17,Monday,Kurunegala,Ridigama,7.5,80.4667,0,1,28.86,22.08,24.86,0,86.98
485,2026-01-26,16:03:06,2026,1,26,16,Monday,Monaragala,Kataragama,6.4167,81.3333,0,1,26.76,20.02,22.82,0,90.24
487,2026-01-24,22:31:54,2026,1,24,22,Saturday,Batticaloa,Kattankudy,7.6833,81.7333,1,1,27.83,27.36,27.62,0,85.59
486,2026-01-26,08:23:27,2026,1,26,8,Monday,Kilinochchi,Ariyalkulam,9.3667,80.4,7,1,27.71,26.94,27.21,0,87.09
488,2026-01-23,00:40:38,2026,1,23,0,Friday,Kalutara,Kalutara,6.5854,79.9607,93,0,27.54,20.94,24.42,0,76.96
489,2026-01-22,20:16:35,2026,1,22,20,Thursday,Ampara,Samanthurai,7.3667,81.8167,3,0,27.7,23.87,25.99,0,70.1
490,2026-01-22,17:42:54,2026,1,22,17,Thursday,Galle,Wakwella,6.1,80.1667,0,1,27.17,26.72,26.92,0,85.11
491,2026-01-22,13:34:51,2026,1,22,13,Thursday,Kandy,Galagedara,7.3667,80.5333,0,1,27.17,26.72,26.92,0,85.11
492,2026-01-21,22:00:12,2026,1,21,22,Wednesday,Ampara,Kalmunai,7.4167,81.8333,1,0,27.51,21.1,24.06,0,78.23
493,2026-01-21,21:01:30,2026,1,21,21,Wednesday,Kilinochchi,Kilinochchi,9.3961,80.3981,0,0,26.67,23.88,25.23,0,72.37
494,2026-01-21,16:40:46,2026,1,21,16,Wednesday,Matale,Wilgamuwa,7.5667,80.8333,1,1,27.38,26.76,27.08,0,84.4
496,2026-01-21,00:09:11,2026,1,21,0,Wednesday,Ratnapura,Kalawana,6.5167,80.4,120,1,27.38,26.76,27.08,0,84.4
495,2026-01-21,12:01:48,2026,1,21,12,Wednesday,Gampaha,Biyagama,6.95,79.9833,0,0,27.2,19.55,23.22,0,80.62
497,2026-01-20,13:09:26,2026,1,20,13,Tuesday,Hambantota,Meellawa,6.1833,81.05,0,1,27.41,26.68,27.05,0,86.98
498,2026-01-19,20:40:14,2026,1,19,20,Monday,Batticaloa,Kattankudy,7.6833,81.7333,13,1,27.49,27.22,27.37,0,86.35
499,2026-01-19,15:39:58,2026,1,19,15,Monday,Anuradhapura,Padaviya,8.8,80.7667,1,0,27.58,18.62,22.3,0,83.13
501,2026-01-19,12:56:28,2026,1,19,12,Monday,Galle,Yakkalamulla,6.1167,80.25,39,1,27.49,27.22,27.37,0,86.35
502,2026-01-19,07:28:28,2026,1,19,7,Monday,Vavuniya,Chettikulam,8.8,80.45,21,1,27.49,27.22,27.37,0,86.35
500,2026-01-19,13:37:30,2026,1,19,13,Monday,Gampaha,Minuwangoda,7.1667,79.95,1,0,27.01,20.64,23.72,0,79.57
503,2026-01-18,12:11:50,2026,1,18,12,Sunday,Gampaha,Biyagama,6.95,79.9833,0,0,27.74,20.31,23.94,0,78.43
504,2026-01-18,11:18:53,2026,1,18,11,Sunday,Ratnapura,Kuruwita,6.7833,80.3667,1,0,27.61,19.93,23.69,0,79.87
506,2026-01-18,08:49:40,2026,1,18,8,Sunday,Kegalle,Kegalle,7.2513,80.3464,1,0,26.67,16.63,21.26,0,87.74
505,2026-01-18,11:06:23,2026,1,18,11,Sunday,Kandy,Pilimathalawa,7.2167,80.5667,1,1,26.99,24.37,25.81,0,76.23
508,2026-01-17,11:44:07,2026,1,17,11,Saturday,Gampaha,Biyagama,6.95,79.9833,0,0,27.76,20.25,23.89,0,80.35
507,2026-01-17,18:18:35,2026,1,17,18,Saturday,Kilinochchi,Pallai,9.4667,80.4167,0,0,25.3,14.94,19.75,0,87.76
510,2026-01-15,21:04:56,2026,1,15,21,Thursday,Batticaloa,Valaichchenai,7.9167,81.5333,2,0,27.66,22.52,24.84,0,83.03
509,2026-01-16,14:20:14,2026,1,16,14,Friday,Gampaha,Hendala,6.9833,79.8833,0,1,28.32,20.98,24.17,0,81.58
511,2026-01-15,18:58:35,2026,1,15,18,Thursday,Colombo,Battaramulla,6.8989,79.9181,1,1,28.57,23.31,25.78,0,79.66
512,2026-01-15,18:30:06,2026,1,15,18,Thursday,Galle,Galle,6.0535,80.221,0,1,28.34,24.89,26.65,0,75.7
513,2026-01-15,15:08:59,2026,1,15,15,Thursday,Kandy,Kundasale,7.2833,80.7,0,1,29.01,21.14,24.71,0,80.83
514,2026-01-15,11:05:34,2026,1,15,11,Thursday,Kurunegala,Giriulla,7.3333,80.1333,82,1,27.17,26.81,26.99,0,86.01
515,2026-01-14,20:27:27,2026,1,14,20,Wednesday,Kalutara,Millaniya,6.6833,80.0333,1,1,28.92,22.34,25.17,0,84.41
516,2026-01-14,12:23:17,2026,1,14,12,Wednesday,Trincomalee,Seruwila,8.5,81.3,2,1,28.84,22.28,25.14,0,84.64
517,2026-01-14,11:12:30,2026,1,14,11,Wednesday,Trincomalee,Kinniya,8.5,81.1833,12,1,27.31,26.86,27.1,0,84.68
518,2026-01-12,18:43:27,2026,1,12,18,Monday,Jaffna,Vadamarachchi,9.75,80.2,4,2,27.42,25.59,26.35,0,85.15
519,2026-01-12,16:55:14,2026,1,12,16,Monday,Anuradhapura,Rajanganaya,8.15,80.2167,3,2,29.11,22.99,25.8,0,87.41
520,2026-01-12,16:50:26,2026,1,12,16,Monday,Galle,Elpitiya,6.2833,80.1667,1,2,28.84,22.34,24.93,0,90.05
522,2026-01-12,09:15:12,2026,1,12,9,Monday,Jaffna,Paranthan,9.4333,80.4167,3,2,29.11,22.99,25.8,0,87.41
521,2026-01-12,12:06:30,2026,1,12,12,Monday,Colombo,Seeduwa,7.1258,79.8831,0,2,26.28,17.96,21.82,0,88.84
523,2026-01-11,15:52:10,2026,1,11,15,Sunday,Trincomalee,Kantale,8.35,81.0,0,2,27.81,24.95,26.21,0,85.52
524,2026-01-11,14:49:49,2026,1,11,14,Sunday,Matara,Hakmana,6.0667,80.6167,1,2,27.84,21.96,24.48,0,91.28
526,2026-01-10,10:18:57,2026,1,10,10,Saturday,Kalutara,Beruwala,6.4789,79.9828,1,1,28.29,23.88,25.83,0,87.47
525,2026-01-10,23:23:01,2026,1,10,23,Saturday,Monaragala,Siyambalanduwa,6.9,81.5333,0,1,28.29,23.88,25.83,0,87.47
528,2026-01-09,16:09:13,2026,1,9,16,Friday,Kegalle,Dehiowita,6.9833,80.25,1,1,27.09,23.44,24.91,0,90.2
527,2026-01-09,17:45:32,2026,1,9,17,Friday,Polonnaruwa,Hingurakgoda,8.05,80.95,1,1,25.76,21.72,23.25,0,95.39
530,2026-01-08,19:58:52,2026,1,8,19,Thursday,Nuwara Eliya,Nuwara Eliya,6.9497,80.7891,0,1,23.3,18.72,20.74,0,93.34
529,2026-01-09,11:12:28,2026,1,9,11,Friday,Monaragala,Wellawaya,6.7333,81.1,0,2,26.55,23.22,24.71,0,94.5
531,2026-01-08,18:38:37,2026,1,8,18,Thursday,Batticaloa,Eravur,7.7667,81.6,0,2,27.67,23.09,25.17,0,85.74
532,2026-01-08,12:53:16,2026,1,8,12,Thursday,Gampaha,Attanagalla,7.1125,80.0056,2,1,27.48,27.08,27.28,0,81.17
533,2026-01-07,17:18:46,2026,1,7,17,Wednesday,Nuwara Eliya,Nuwara Eliya,6.9497,80.7891,0,1,24.01,18.46,20.51,0,89.94
535,2026-01-07,13:07:38,2026,1,7,13,Wednesday,Nuwara Eliya,Nuwara Eliya,6.9497,80.7891,0,1,24.01,18.46,20.51,0,89.94
534,2026-01-07,13:31:20,2026,1,7,13,Wednesday,Matara,Malimbada,6.0167,80.5167,0,1,27.4,26.94,27.16,0,81.22
536,2026-01-06,18:52:37,2026,1,6,18,Tuesday,Badulla,Welimada,6.9,80.9,0,1,27.44,26.98,27.2,0,80.41
537,2026-01-06,11:16:19,2026,1,6,11,Tuesday,Gampaha,Biyagama,6.95,79.9833,1,1,27.43,22.52,24.31,0,87.55
538,2026-01-05,17:47:36,2026,1,5,17,Monday,Kurunegala,Mawathagama,7.4167,80.45,0,1,27.13,26.79,26.98,0,78.15
539,2026-01-05,15:34:02,2026,1,5,15,Monday,Nuwara Eliya,Maskeliya,6.8333,80.5667,1,1,28.63,23.09,25.48,0,86.09
540,2026-01-04,14:30:44,2026,1,4,14,Sunday,Vavuniya,Nedunkeni,8.9167,80.4667,5,1,27.09,26.53,26.79,0,81.41
541,2026-01-04,12:58:22,2026,1,4,12,Sunday,Monaragala,Monaragala,6.8728,81.3505,1,1,25.8,20.39,22.57,0,92.09
543,2026-01-02,19:08:34,2026,1,2,19,Friday,Jaffna,Point Pedro,9.8167,80.2333,1,1,27.43,25.55,26.36,0,81.22
542,2026-01-04,10:46:29,2026,1,4,10,Sunday,Kalutara,Millaniya,6.6833,80.0333,0,1,27.87,22.18,24.68,0,84.89
544,2026-01-02,13:32:59,2026,1,2,13,Friday,Galle,Ambalangoda,6.2354,80.0538,1,1,27.6,26.26,26.95,0,84.36
545,2026-01-02,13:22:49,2026,1,2,13,Friday,Matale,Hasalaka,7.35,80.8833,0,1,28.38,23.8,25.67,0,85.09
546,2026-01-02,07:36:33,2026,1,2,7,Friday,Kandy,Digana,7.2833,80.75,40,1,27.25,26.71,26.95,0,80.19
547,2026-01-01,17:57:47,2026,1,1,17,Thursday,Vavuniya,Omanthei,8.8333,80.5,1,2,27.57,25.42,26.38,0,86.74
548,2026-01-01,12:36:24,2026,1,1,12,Thursday,Hambantota,Ambalantota,6.1167,81.0167,1,3,27.88,25.98,26.82,0,86.36
549,2025-12-31,16:24:03,2025,12,31,16,Wednesday,Kurunegala,Mahawa,7.8,80.3167,0,1,27.16,26.28,26.86,0,76.85
550,2025-12-31,12:29:10,2025,12,31,12,Wednesday,Mannar,Pallimunai,8.95,79.8833,1,2,27.1,23.89,25.43,0,89.83
551,2025-12-31,10:50:51,2025,12,31,10,Wednesday,Hambantota,Lunugamvehera,6.3167,81.2167,0,3,27.21,22.57,24.38,0,90.96
552,2025-12-30,18:47:38,2025,12,30,18,Tuesday,Trincomalee,Nilaveli,8.6833,81.1833,1,1,28.17,22.79,25.57,0,88.02
553,2025-12-30,16:22:09,2025,12,30,16,Tuesday,Mullaitivu,Vellankulam,9.2667,80.3167,0,1,26.07,18.5,22.27,0,92.06
554,2025-12-30,13:47:44,2025,12,30,13,Tuesday,Hambantota,Meellawa,6.1833,81.05,1,1,28.17,22.79,25.57,0,88.02
555,2025-12-30,00:25:02,2025,12,30,0,Tuesday,Puttalam,Karuwalagaswewa,8.15,79.95,2,1,27.05,26.35,26.82,0,83.0
556,2025-12-29,20:17:18,2025,12,29,20,Monday,Hambantota,Meellawa,6.1833,81.05,1,1,29.04,23.1,25.83,0,85.66
557,2025-12-29,19:48:01,2025,12,29,19,Monday,Puttalam,Norochcholai,8.1,79.7333,1,1,29.21,23.92,26.49,0,84.33
558,2025-12-29,16:00:56,2025,12,29,16,Monday,Puttalam,Mundalama,8.1167,79.8333,2,1,29.9,20.94,24.98,0,85.75
559,2025-12-29,15:00:48,2025,12,29,15,Monday,Jaffna,Chavakachcheri,9.65,80.1667,1,1,26.97,25.99,26.4,0,84.49
560,2025-12-29,14:15:00,2025,12,29,14,Monday,Monaragala,Medagama,6.75,81.15,0,1,26.97,25.99,26.4,0,84.49
562,2025-12-28,12:32:13,2025,12,28,12,Sunday,Kegalle,Molagoda,7.2167,80.4,0,1,26.34,26.09,26.23,0,83.42
561,2025-12-28,17:43:09,2025,12,28,17,Sunday,Vavuniya,Puliyankulam,8.8833,80.4667,0,1,26.93,19.23,22.6,0,92.08
563,2025-12-28,09:54:58,2025,12,28,9,Sunday,Mannar,Nanattan,8.9833,79.9667,0,1,26.34,26.09,26.23,0,83.42
565,2025-12-27,15:58:32,2025,12,27,15,Saturday,Trincomalee,Nilaveli,8.6833,81.1833,1,1,26.58,26.22,26.41,0,79.21
564,2025-12-27,19:08:02,2025,12,27,19,Saturday,Kurunegala,Mahawa,7.8,80.3167,9,1,26.58,26.22,26.41,0,79.21
566,2025-12-26,10:14:42,2025,12,26,10,Friday,Kalutara,Matugama,6.5219,80.1164,1,1,28.88,22.78,25.92,0,77.49
567,2025-12-25,23:43:26,2025,12,25,23,Thursday,Anuradhapura,Galnewa,8.15,80.4,5,1,26.93,26.6,26.79,0,77.71
568,2025-12-25,19:14:33,2025,12,25,19,Thursday,Mullaitivu,Vellankulam,9.2667,80.3167,0,1,26.93,26.6,26.79,0,77.71
570,2025-12-25,15:55:31,2025,12,25,15,Thursday,Galle,Udugama,6.2833,80.3667,0,1,28.81,23.98,26.18,0,78.69
569,2025-12-25,18:01:13,2025,12,25,18,Thursday,Galle,Karapitiya,6.0667,80.2167,0,1,28.81,23.98,26.18,0,78.69
572,2025-12-25,08:28:37,2025,12,25,8,Thursday,Puttalam,Kalpitiya,8.2333,79.7667,0,1,26.93,26.6,26.79,0,77.71
573,2025-12-24,23:41:57,2025,12,24,23,Wednesday,Kilinochchi,Ariyalkulam,9.3667,80.4,0,1,27.05,26.72,26.88,0,80.86
574,2025-12-24,07:01:05,2025,12,24,7,Wednesday,Kurunegala,Melsiripura,7.6167,80.5,8,1,27.05,26.72,26.88,0,80.86
571,2025-12-25,10:42:46,2025,12,25,10,Thursday,Polonnaruwa,Aralaganwila,7.85,81.1,0,1,27.48,24.23,25.72,0,76.55
576,2025-12-23,11:57:08,2025,12,23,11,Tuesday,Mannar,Murunkan,8.8333,80.05,3,1,27.03,26.77,26.9,0,83.04
577,2025-12-23,11:33:00,2025,12,23,11,Tuesday,Kurunegala,Melsiripura,7.6167,80.5,5,1,27.03,26.77,26.9,0,83.04
575,2025-12-23,14:58:33,2025,12,23,14,Tuesday,Kurunegala,Mawathagama,7.4167,80.45,2,1,27.03,26.77,26.9,0,83.04
578,2025-12-22,19:29:25,2025,12,22,19,Monday,Colombo,Dehiwala,6.8511,79.8636,0,1,28.42,22.22,24.99,0,84.3
580,2025-12-22,15:27:41,2025,12,22,15,Monday,Ratnapura,Kalawana,6.5167,80.4,16,1,27.1,26.6,26.89,0,81.32
579,2025-12-22,16:55:00,2025,12,22,16,Monday,Matara,Akuressa,6.1,80.4833,0,1,27.1,26.6,26.89,0,81.32
582,2025-12-20,18:24:26,2025,12,20,18,Saturday,Puttalam,Chilaw,7.5758,79.7953,8,1,26.72,26.36,26.53,0,87.12
581,2025-12-21,16:43:34,2025,12,21,16,Sunday,Colombo,Pannipitiya,6.8463,79.9418,2,1,27.88,19.92,23.3,0,89.5
583,2025-12-20,14:41:15,2025,12,20,14,Saturday,Badulla,Kandeketiya,7.05,81.1,2,2,24.19,17.43,20.39,0,91.96
584,2025-12-20,10:38:36,2025,12,20,10,Saturday,Kurunegala,Giriulla,7.3333,80.1333,0,2,24.19,17.43,20.39,0,91.96
585,2025-12-19,18:38:24,2025,12,19,18,Friday,Polonnaruwa,Dimbulagala,7.9667,81.0,0,2,28.01,22.71,24.82,0,84.81
586,2025-12-19,15:04:18,2025,12,19,15,Friday,Jaffna,Vadamarachchi,9.75,80.2,0,1,27.01,26.5,26.83,0,85.88
587,2025-12-19,10:28:42,2025,12,19,10,Friday,Anuradhapura,Padaviya,8.8,80.7667,1,2,28.01,22.71,24.82,0,84.81
588,2025-12-18,10:30:47,2025,12,18,10,Thursday,Ampara,Samanthurai,7.3667,81.8167,0,1,27.09,26.81,26.96,0,82.49
589,2025-12-17,18:41:16,2025,12,17,18,Wednesday,Vavuniya,Chettikulam,8.8,80.45,0,1,27.29,26.68,26.98,0,82.07
590,2025-12-17,17:07:30,2025,12,17,17,Wednesday,Ratnapura,Ayagama,6.6167,80.3167,1,2,27.34,23.24,24.98,0,94.73
592,2025-12-17,12:19:09,2025,12,17,12,Wednesday,Hambantota,Waligatta,6.2,81.0333,1,2,27.34,23.24,24.98,0,94.73
591,2025-12-17,16:39:43,2025,12,17,16,Wednesday,Galle,Karapitiya,6.0667,80.2167,2,2,28.55,24.99,26.59,0,86.79
593,2025-12-15,21:50:14,2025,12,15,21,Monday,Galle,Wakwella,6.1,80.1667,0,1,28.42,22.07,25.09,0,84.81
595,2025-12-15,19:42:48,2025,12,15,19,Monday,Batticaloa,Kattankudy,7.6833,81.7333,0,1,27.19,26.82,27.0,0,82.22
594,2025-12-15,20:49:31,2025,12,15,20,Monday,Kegalle,Molagoda,7.2167,80.4,1,1,28.97,21.98,25.09,0,89.09
597,2025-12-14,16:15:02,2025,12,14,16,Sunday,Mullaitivu,Pudukudiyiruppu,9.2333,80.75,0,1,25.05,18.01,20.93,0,91.47
596,2025-12-14,17:09:05,2025,12,14,17,Sunday,Galle,Neluwa,6.35,80.3833,5,1,26.9,26.69,26.8,0,84.01
598,2025-12-14,13:54:05,2025,12,14,13,Sunday,Vavuniya,Chettikulam,8.8,80.45,0,1,28.27,22.49,25.0,0,85.42
599,2025-12-14,13:40:15,2025,12,14,13,Sunday,Puttalam,Dankotuwa,7.2833,79.9,0,1,28.13,25.26,26.78,0,80.89
600,2025-12-13,21:07:51,2025,12,13,21,Saturday,Colombo,Ja-Ela,7.0744,79.8919,0,1,28.36,23.02,25.3,0,85.88
601,2025-12-12,18:38:23,2025,12,12,18,Friday,Anuradhapura,Galenbindunuwewa,8.2833,80.6167,0,2,28.36,23.69,25.84,0,86.82
603,2025-12-12,13:38:59,2025,12,12,13,Friday,Ampara,Damana,7.3,81.7,0,2,28.36,23.69,25.84,0,86.82
604,2025-12-12,07:53:15,2025,12,12,7,Friday,Kurunegala,Pannala,7.3167,79.9333,0,2,28.36,23.69,25.84,0,86.82
602,2025-12-12,15:30:08,2025,12,12,15,Friday,Kurunegala,Ridigama,7.5,80.4667,1,2,28.36,23.69,25.84,0,86.82
605,2025-12-11,22:05:43,2025,12,11,22,Thursday,Matara,Palmulla,6.1167,80.55,0,2,28.48,23.85,25.87,0,88.27
606,2025-12-11,14:02:52,2025,12,11,14,Thursday,Kandy,Peradeniya,7.26,80.6,0,2,27.56,22.11,24.15,0,92.75
607,2025-12-11,13:23:17,2025,12,11,13,Thursday,Jaffna,Nelliady,9.7833,80.0833,1,2,27.56,25.13,26.04,0,90.58
608,2025-12-11,11:31:42,2025,12,11,11,Thursday,Ratnapura,Nivithigala,6.6167,80.4667,1,2,28.4,23.22,25.04,0,92.24
609,2025-12-10,16:51:42,2025,12,10,16,Wednesday,Galle,Karapitiya,6.0667,80.2167,1,2,26.47,25.05,25.9,0,88.66
610,2025-12-09,12:48:17,2025,12,9,12,Tuesday,Galle,Yakkalamulla,6.1167,80.25,0,2,27.21,26.44,26.83,0,84.56
611,2025-12-07,15:55:01,2025,12,7,15,Sunday,Polonnaruwa,Medirigiriya,8.15,80.9667,0,1,25.9,19.53,22.27,0,92.06
612,2025-12-07,07:10:27,2025,12,7,7,Sunday,Anuradhapura,Thambuttegama,8.15,80.3167,0,1,27.17,26.76,26.99,0,81.62
613,2025-12-07,00:04:01,2025,12,7,0,Sunday,Ampara,Akkaraipattu,7.2167,81.85,0,1,27.17,26.76,26.99,0,81.62
614,2025-12-06,07:16:06,2025,12,6,7,Saturday,Kandy,Kadugannawa,7.25,80.5167,0,2,29.39,23.3,26.28,0,83.29
616,2025-12-04,14:23:50,2025,12,4,14,Thursday,Colombo,Ratmalana,6.8181,79.8867,0,2,29.6,23.88,26.64,0,80.72
615,2025-12-04,18:27:09,2025,12,4,18,Thursday,Colombo,Ratmalana,6.8181,79.8867,0,2,29.6,23.88,26.64,0,80.72
617,2025-12-03,11:58:52,2025,12,3,11,Wednesday,Colombo,Pannipitiya,6.8463,79.9418,1,1,29.71,23.8,26.65,0,80.43
618,2025-12-02,13:26:08,2025,12,2,13,Tuesday,Mullaitivu,Mallavi,9.1167,80.2333,0,1,27.02,26.58,26.82,0,84.75
619,2025-12-02,01:32:18,2025,12,2,1,Tuesday,Puttalam,Wennappuwa,7.35,79.8333,0,1,28.76,23.46,25.92,0,84.43
620,2025-11-30,22:08:01,2025,11,30,22,Sunday,Puttalam,Wennappuwa,7.35,79.8333,1,2,28.12,24.03,25.69,0,84.65
621,2025-11-28,13:30:22,2025,11,28,13,Friday,Matale,Laggala,7.5667,80.8,3,3,21.56,19.85,20.48,0,96.19
622,2025-11-27,17:54:43,2025,11,27,17,Thursday,Kandy,Digana,7.2833,80.75,0,3,26.59,24.79,25.53,0,92.05
623,2025-11-27,16:14:22,2025,11,27,16,Thursday,Colombo,Maharagama,6.848,79.9265,1,3,27.41,25.83,26.74,0,86.77
624,2025-11-27,13:04:16,2025,11,27,13,Thursday,Nuwara Eliya,Bogawantalawa,6.8,80.6667,3,3,27.5,26.65,26.94,0,91.06
625,2025-11-25,18:07:05,2025,11,25,18,Tuesday,Colombo,Kesbewa,6.7959,79.9383,1,2,26.27,24.54,25.29,0,90.55
626,2025-11-25,14:18:33,2025,11,25,14,Tuesday,Gampaha,Attanagalla,7.1125,80.0056,0,3,25.93,22.13,23.88,0,93.64
627,2025-11-25,12:14:29,2025,11,25,12,Tuesday,Ampara,Akkaraipattu,7.2167,81.85,1,3,23.46,20.65,21.85,0,94.99
628,2025-11-24,17:57:24,2025,11,24,17,Monday,Nuwara Eliya,Hatton,6.8917,80.5958,0,3,23.73,20.83,22.1,0,96.46
629,2025-11-24,08:33:41,2025,11,24,8,Monday,Nuwara Eliya,Ragala,6.9167,80.8,0,3,25.51,23.11,23.95,0,94.99
630,2025-11-24,06:38:51,2025,11,24,6,Monday,Ampara,Thirukkovil,6.8333,81.8,1,3,23.73,20.83,22.1,0,96.46
632,2025-11-23,15:03:19,2025,11,23,15,Sunday,Ratnapura,Kiriella,6.75,80.3667,0,2,28.06,23.16,25.22,0,92.66
631,2025-11-23,21:01:01,2025,11,23,21,Sunday,Galle,Nagoda,6.1333,80.1833,0,3,26.04,22.77,24.19,0,94.61
634,2025-11-23,10:16:52,2025,11,23,10,Sunday,Hambantota,Okanda,6.65,81.7167,2,3,26.04,22.77,24.19,0,94.61
633,2025-11-23,13:33:33,2025,11,23,13,Sunday,Mullaitivu,Oddusuddan,9.15,80.6333,1,3,27.26,24.74,25.99,0,90.05
635,2025-11-22,19:43:15,2025,11,22,19,Saturday,Galle,Ambalangoda,6.2354,80.0538,6,3,27.77,21.52,24.59,0,90.09
636,2025-11-22,15:12:28,2025,11,22,15,Saturday,Matara,Deniyaya,6.3417,80.55,1,3,28.72,22.99,25.49,0,90.68
637,2025-11-22,11:54:50,2025,11,22,11,Saturday,Ratnapura,Kuruwita,6.7833,80.3667,1,3,27.77,21.52,24.59,0,90.09
638,2025-11-21,14:18:23,2025,11,21,14,Friday,Kandy,Kadugannawa,7.25,80.5167,1,2,28.07,21.54,24.47,0,91.47
639,2025-11-20,14:22:17,2025,11,20,14,Thursday,Gampaha,Biyagama,6.95,79.9833,0,1,26.18,25.92,26.07,0,85.18
640,2025-11-20,11:14:12,2025,11,20,11,Thursday,Trincomalee,Kinniya,8.5,81.1833,0,1,26.18,25.92,26.07,0,85.18
641,2025-11-19,15:22:29,2025,11,19,15,Wednesday,Nuwara Eliya,Kotagala,6.95,80.5833,0,2,25.67,19.42,21.98,0,90.88
642,2025-11-18,23:18:03,2025,11,18,23,Tuesday,Kandy,Pilimathalawa,7.2167,80.5667,2,3,26.73,21.4,23.55,0,91.89
643,2025-11-18,09:30:43,2025,11,18,9,Tuesday,Batticaloa,Chenkalady,7.7833,81.6,21,1,26.6,26.32,26.48,0,82.54
644,2025-11-17,17:31:40,2025,11,17,17,Monday,Galle,Elpitiya,6.2833,80.1667,45,1,26.67,26.26,26.51,0,83.26
645,2025-11-17,15:16:55,2025,11,17,15,Monday,Badulla,Ella,6.8667,81.05,1,3,25.27,20.11,22.34,0,91.68
646,2025-11-17,09:18:19,2025,11,17,9,Monday,Matale,Naula,7.7,80.65,1,3,26.97,22.83,24.66,0,93.31
647,2025-11-17,07:42:23,2025,11,17,7,Monday,Ampara,Samanthurai,7.3667,81.8167,1,3,26.29,22.17,24.01,0,93.44
648,2025-11-16,18:30:37,2025,11,16,18,Sunday,Gampaha,Hendala,6.9833,79.8833,1,2,26.61,22.63,24.07,0,93.74
650,2025-11-16,14:17:16,2025,11,16,14,Sunday,Vavuniya,Nedunkeni,8.9167,80.4667,1,1,27.92,24.96,26.19,0,89.68
649,2025-11-16,15:59:57,2025,11,16,15,Sunday,Batticaloa,Chenkalady,7.7833,81.6,4,1,26.63,26.23,26.41,0,84.68
651,2025-11-16,08:58:12,2025,11,16,8,Sunday,Monaragala,Wellawaya,6.7333,81.1,1,2,27.6,24.41,25.59,0,92.63
652,2025-11-16,07:55:27,2025,11,16,7,Sunday,Matale,Rattota,7.5333,80.7,1,1,27.92,24.96,26.19,0,89.68
653,2025-11-15,16:02:12,2025,11,15,16,Saturday,Matale,Sigiriya,7.9575,80.7603,0,1,28.31,24.07,25.9,0,87.72
654,2025-11-15,14:32:14,2025,11,15,14,Saturday,Matara,Malimbada,6.0167,80.5167,9,1,26.58,26.34,26.48,0,83.18
655,2025-11-15,12:25:12,2025,11,15,12,Saturday,Galle,Elpitiya,6.2833,80.1667,1,2,26.75,22.97,24.68,0,94.58
656,2025-11-15,09:40:26,2025,11,15,9,Saturday,Nuwara Eliya,Ambewela,6.8667,80.8167,0,2,28.93,25.75,27.05,0,83.85
658,2025-11-13,23:33:42,2025,11,13,23,Thursday,Matara,Hakmana,6.0667,80.6167,7,1,26.68,26.28,26.54,0,81.74
657,2025-11-14,18:24:22,2025,11,14,18,Friday,Matale,Sigiriya,7.9575,80.7603,5,1,26.5,26.16,26.28,0,83.07
659,2025-11-13,16:13:54,2025,11,13,16,Thursday,Anuradhapura,Palugaswewa,8.5,80.7833,0,2,29.5,23.07,25.75,0,90.03
660,2025-11-13,11:21:39,2025,11,13,11,Thursday,Kegalle,Aranayaka,7.15,80.4333,1,2,29.36,26.33,27.72,0,83.15
661,2025-11-12,18:34:41,2025,11,12,18,Wednesday,Colombo,Ratmalana,6.8181,79.8867,0,2,29.69,25.86,27.62,0,81.36
662,2025-11-12,18:00:32,2025,11,12,18,Wednesday,Batticaloa,Valaichchenai,7.9167,81.5333,1,2,28.41,21.98,24.6,0,89.87
663,2025-11-12,15:15:20,2025,11,12,15,Wednesday,Anuradhapura,Galenbindunuwewa,8.2833,80.6167,0,2,26.42,19.82,22.73,0,89.87
664,2025-11-12,07:56:56,2025,11,12,7,Wednesday,Kegalle,Kegalle,7.2513,80.3464,20,1,26.83,26.3,26.64,0,83.45
665,2025-11-12,00:19:59,2025,11,12,0,Wednesday,Hambantota,Angunakolapelessa,6.1833,80.9167,0,1,26.83,26.3,26.64,0,83.45
666,2025-11-11,23:10:22,2025,11,11,23,Tuesday,Matale,Naula,7.7,80.65,0,1,29.76,22.65,25.82,0,86.81
667,2025-11-11,18:14:52,2025,11,11,18,Tuesday,Gampaha,Dompe,7.0167,80.05,0,2,28.52,24.66,26.33,0,83.6
668,2025-11-11,15:03:03,2025,11,11,15,Tuesday,Nuwara Eliya,Bogawantalawa,6.8,80.6667,0,2,26.4,19.87,22.64,0,90.57
669,2025-11-11,14:52:15,2025,11,11,14,Tuesday,Vavuniya,Chettikulam,8.8,80.45,1,2,27.92,25.04,26.33,0,86.15
670,2025-11-11,12:38:04,2025,11,11,12,Tuesday,Jaffna,Chavakachcheri,9.65,80.1667,2,1,26.72,26.39,26.58,0,83.1
671,2025-11-10,14:36:16,2025,11,10,14,Monday,Ampara,Kalmunai,7.4167,81.8333,0,1,26.93,26.48,26.62,0,82.32
672,2025-11-10,13:51:08,2025,11,10,13,Monday,Colombo,Ja-Ela,7.0744,79.8919,0,1,30.34,21.94,25.71,0,84.88
674,2025-11-10,13:12:33,2025,11,10,13,Monday,Galle,Batapola,6.2,80.1167,3,1,26.93,26.48,26.62,0,82.32
673,2025-11-10,13:24:35,2025,11,10,13,Monday,Matale,Ukuwela,7.4667,80.65,1,1,30.34,21.94,25.71,0,84.88
675,2025-11-09,20:46:24,2025,11,9,20,Sunday,Badulla,Ridimaliyadda,7.1667,81.15,1,1,28.71,23.85,26.14,0,81.03
676,2025-11-09,15:59:37,2025,11,9,15,Sunday,Colombo,Wattala,6.9897,79.8919,0,1,28.71,23.85,26.14,0,81.03
677,2025-11-09,09:42:54,2025,11,9,9,Sunday,Kandy,Digana,7.2833,80.75,4,1,27.12,26.39,26.7,0,80.62
678,2025-11-08,23:11:01,2025,11,8,23,Saturday,Badulla,Kandeketiya,7.05,81.1,1,2,28.41,21.81,24.66,0,86.87
679,2025-11-08,16:34:31,2025,11,8,16,Saturday,Jaffna,Nelliady,9.7833,80.0833,0,2,26.64,20.31,22.89,0,88.4
680,2025-11-07,18:14:34,2025,11,7,18,Friday,Nuwara Eliya,Maskeliya,6.8333,80.5667,0,2,25.73,20.2,22.51,0,91.74
681,2025-11-07,17:08:49,2025,11,7,17,Friday,Kalutara,Dodangoda,6.55,80.0167,0,2,27.98,25.94,26.8,0,84.61
682,2025-11-07,15:26:20,2025,11,7,15,Friday,Ampara,Maha Oya,7.5,81.3833,0,2,25.73,20.2,22.51,0,91.74
684,2025-11-07,11:26:41,2025,11,7,11,Friday,Anuradhapura,Kahatagasdigiliya,8.4667,80.5833,0,2,25.73,20.2,22.51,0,91.74
683,2025-11-07,13:36:09,2025,11,7,13,Friday,Mullaitivu,Pudukudiyiruppu,9.2333,80.75,0,1,26.43,26.29,26.33,0,79.68
685,2025-11-06,19:39:29,2025,11,6,19,Thursday,Ampara,Thirukkovil,6.8333,81.8,1,2,26.41,20.01,22.48,0,91.17
686,2025-11-06,18:43:57,2025,11,6,18,Thursday,Colombo,Seeduwa,7.1258,79.8831,1,2,28.41,21.95,24.59,0,89.19
687,2025-11-06,07:38:59,2025,11,6,7,Thursday,Puttalam,Dankotuwa,7.2833,79.9,12,1,26.53,26.13,26.31,0,83.54
688,2025-11-05,20:25:03,2025,11,5,20,Wednesday,Monaragala,Kataragama,6.4167,81.3333,0,1,28.21,24.92,26.42,0,85.52
690,2025-11-05,07:43:17,2025,11,5,7,Wednesday,Gampaha,Divulapitiya,7.2219,79.9581,3,1,26.6,26.15,26.41,0,83.99
689,2025-11-05,14:37:26,2025,11,5,14,Wednesday,Kilinochchi,Pallai,9.4667,80.4167,7,1,26.6,26.15,26.41,0,83.99
691,2025-11-04,16:17:21,2025,11,4,16,Tuesday,Kegalle,Hemmathagama,7.2,80.5,1,1,29.73,26.25,27.66,0,80.54
692,2025-11-04,07:29:58,2025,11,4,7,Tuesday,Batticaloa,Chenkalady,7.7833,81.6,241,1,26.37,25.85,26.09,0,84.36
693,2025-11-03,19:21:14,2025,11,3,19,Monday,Colombo,Battaramulla,6.8989,79.9181,1,1,28.79,24.75,26.46,0,83.38
694,2025-11-03,18:56:31,2025,11,3,18,Monday,Trincomalee,Seruwila,8.5,81.3,0,1,30.29,20.98,25.19,0,78.88
696,2025-11-03,15:01:50,2025,11,3,15,Monday,Batticaloa,Kattankudy,7.6833,81.7333,1,1,28.79,24.75,26.46,0,83.38
695,2025-11-03,16:14:50,2025,11,3,16,Monday,Kalutara,Ingiriya,6.7428,80.1647,0,1,26.12,25.55,25.84,0,84.64
697,2025-11-03,11:29:00,2025,11,3,11,Monday,Vavuniya,Omanthei,8.8333,80.5,20,1,26.12,25.55,25.84,0,84.64
699,2025-11-01,19:15:32,2025,11,1,19,Saturday,Matale,Rattota,7.5333,80.7,1,1,30.01,25.2,27.22,0,80.98
698,2025-11-02,18:55:42,2025,11,2,18,Sunday,Trincomalee,Trincomalee,8.5874,81.2152,0,1,31.47,25.87,28.41,0,78.45
700,2025-11-01,19:05:35,2025,11,1,19,Saturday,Polonnaruwa,Medirigiriya,8.15,80.9667,1,1,29.62,25.43,27.3,0,81.8
701,2025-11-01,11:37:01,2025,11,1,11,Saturday,Kegalle,Rambukkana,7.3167,80.4,4,0,25.85,25.47,25.67,0,80.22
703,2025-10-30,15:20:46,2025,10,30,15,Thursday,Trincomalee,Kinniya,8.5,81.1833,1,1,25.78,25.4,25.58,0,83.3
704,2025-10-30,12:46:34,2025,10,30,12,Thursday,Badulla,Welimada,6.9,80.9,0,1,25.78,25.4,25.58,0,83.3
702,2025-10-31,08:56:34,2025,10,31,8,Friday,Colombo,Kelaniya,6.9553,79.9219,1,0,29.4,24.82,26.95,0,82.3
705,2025-10-29,15:39:09,2025,10,29,15,Wednesday,Monaragala,Medagama,6.75,81.15,0,1,25.89,25.63,25.82,0,82.37
706,2025-10-29,12:02:19,2025,10,29,12,Wednesday,Matale,Hasalaka,7.35,80.8833,0,1,28.83,25.58,27.01,0,84.92
707,2025-10-28,17:08:24,2025,10,28,17,Tuesday,Batticaloa,Valaichchenai,7.9167,81.5333,11,1,26.07,25.65,25.85,0,83.62
708,2025-10-27,18:05:38,2025,10,27,18,Monday,Gampaha,Gampaha,7.0917,79.9997,1,1,28.65,24.37,25.9,0,88.75
709,2025-10-27,14:41:54,2025,10,27,14,Monday,Jaffna,Point Pedro,9.8167,80.2333,0,1,27.8,21.41,23.79,0,86.37
710,2025-10-27,12:16:51,2025,10,27,12,Monday,Kurunegala,Kurunegala,7.4863,80.3647,1,1,26.79,22.84,24.4,0,90.87
712,2025-10-26,12:39:05,2025,10,26,12,Sunday,Nuwara Eliya,Ragala,6.9167,80.8,1,1,27.29,22.57,24.55,0,92.09
711,2025-10-26,13:41:50,2025,10,26,13,Sunday,Monaragala,Wellawaya,6.7333,81.1,0,1,30.35,22.82,26.01,0,85.46
713,2025-10-24,09:54:21,2025,10,24,9,Friday,Jaffna,Kopay,9.7,80.0333,25,1,26.01,25.74,25.92,0,83.25
714,2025-10-24,01:18:34,2025,10,24,1,Friday,Puttalam,Norochcholai,8.1,79.7333,1,3,27.77,24.97,26.21,0,85.6
715,2025-10-23,17:33:15,2025,10,23,17,Thursday,Mullaitivu,Vellankulam,9.2667,80.3167,1,1,25.98,25.57,25.79,0,84.57
716,2025-10-23,12:06:16,2025,10,23,12,Thursday,Matale,Dambulla,7.8675,80.6522,0,2,27.65,23.85,25.42,0,93.9
717,2025-10-22,17:40:23,2025,10,22,17,Wednesday,Kurunegala,Bamunakotuwa,7.5,80.2833,1,3,27.63,24.83,26.14,0,86.92
718,2025-10-22,15:21:18,2025,10,22,15,Wednesday,Kegalle,Dehiowita,6.9833,80.25,63,1,25.77,25.57,25.68,0,85.62
719,2025-10-21,19:09:59,2025,10,21,19,Tuesday,Galle,Elpitiya,6.2833,80.1667,1,3,25.03,22.2,23.66,0,92.44
720,2025-10-20,16:02:57,2025,10,20,16,Monday,Nuwara Eliya,Talawakele,6.9333,80.65,0,3,23.77,20.78,21.96,0,96.34
721,2025-10-20,14:59:48,2025,10,20,14,Monday,Vavuniya,Puliyankulam,8.8833,80.4667,3,1,25.84,25.57,25.71,0,81.06
723,2025-10-20,00:07:52,2025,10,20,0,Monday,Matale,Laggala,7.5667,80.8,1,1,25.84,25.57,25.71,0,81.06
722,2025-10-20,07:04:15,2025,10,20,7,Monday,Polonnaruwa,Aralaganwila,7.85,81.1,2,1,25.84,25.57,25.71,0,81.06
724,2025-10-19,11:54:19,2025,10,19,11,Sunday,Galle,Bentota,6.4167,79.9958,0,3,27.5,24.57,25.79,0,88.86
725,2025-10-17,10:13:50,2025,10,17,10,Friday,Ampara,Samanthurai,7.3667,81.8167,8,1,25.66,25.42,25.55,0,82.95
726,2025-10-16,19:03:12,2025,10,16,19,Thursday,Kurunegala,Ridigama,7.5,80.4667,1,3,28.84,24.8,26.54,0,87.29
727,2025-10-15,16:48:57,2025,10,15,16,Wednesday,Batticaloa,Eravur,7.7667,81.6,0,1,25.99,25.61,25.81,0,82.58
728,2025-10-14,14:00:56,2025,10,14,14,Tuesday,Nuwara Eliya,Kotagala,6.95,80.5833,0,3,26.72,20.73,23.25,0,87.18
729,2025-10-13,18:53:43,2025,10,13,18,Monday,Jaffna,Kayts,9.7,79.85,0,2,28.25,20.38,23.85,0,88.0
730,2025-10-12,22:29:26,2025,10,12,22,Sunday,Badulla,Haputale,6.7667,80.95,1,2,31.25,22.32,26.22,0,82.73
731,2025-10-12,21:54:12,2025,10,12,21,Sunday,Badulla,Ridimaliyadda,7.1667,81.15,1,2,33.29,23.65,28.03,0,76.46
732,2025-10-12,15:36:22,2025,10,12,15,Sunday,Nuwara Eliya,Talawakele,6.9333,80.65,16,1,26.04,25.27,25.67,0,81.8
733,2025-10-12,11:57:13,2025,10,12,11,Sunday,Ampara,Damana,7.3,81.7,2,2,30.5,25.13,27.41,0,83.69
734,2025-10-11,20:20:24,2025,10,11,20,Saturday,Vavuniya,Chettikulam,8.8,80.45,0,2,28.75,24.93,26.75,0,85.73
735,2025-10-09,11:15:01,2025,10,9,11,Thursday,Matara,Dickwella,5.9667,80.6833,1,0,26.06,25.0,25.51,0,74.14
736,2025-10-09,07:40:15,2025,10,9,7,Thursday,Kalutara,Millaniya,6.6833,80.0333,0,1,28.24,25.46,26.61,0,86.79
737,2025-10-08,18:25:47,2025,10,8,18,Wednesday,Kegalle,Rambukkana,7.3167,80.4,1,1,28.67,25.94,26.98,0,85.62
738,2025-10-07,23:45:04,2025,10,7,23,Tuesday,Mannar,Pallimunai,8.95,79.8833,3,1,26.1,19.32,22.44,0,90.71
739,2025-10-07,19:13:59,2025,10,7,19,Tuesday,Puttalam,Kalpitiya,8.2333,79.7667,0,1,30.32,25.62,27.54,0,83.12
741,2025-10-07,13:56:22,2025,10,7,13,Tuesday,Kalutara,Beruwala,6.4789,79.9828,1,2,28.42,25.37,26.81,0,88.06
740,2025-10-07,15:14:40,2025,10,7,15,Tuesday,Nuwara Eliya,Kotagala,6.95,80.5833,0,1,26.1,19.32,22.44,0,90.71
742,2025-10-07,07:46:45,2025,10,7,7,Tuesday,Kegalle,Kegalle,7.2513,80.3464,3,1,26.1,19.32,22.44,0,90.71
743,2025-10-07,01:32:51,2025,10,7,1,Tuesday,Anuradhapura,Galenbindunuwewa,8.2833,80.6167,2,2,28.42,25.37,26.81,0,88.06
744,2025-10-06,15:46:22,2025,10,6,15,Monday,Colombo,Kelaniya,6.9553,79.9219,3,2,26.77,18.94,22.58,0,87.14
745,2025-10-05,18:59:45,2025,10,5,18,Sunday,Kilinochchi,Ariyalkulam,9.3667,80.4,1,2,28.94,24.9,26.54,0,82.81
746,2025-10-05,10:37:01,2025,10,5,10,Sunday,Kurunegala,Narammala,7.4167,80.0167,3,2,29.54,24.66,26.79,0,82.86
747,2025-10-04,17:51:32,2025,10,4,17,Saturday,Colombo,Battaramulla,6.8989,79.9181,0,2,28.15,27.12,27.62,0,85.49
748,2025-10-04,16:02:40,2025,10,4,16,Saturday,Colombo,Boralesgamuwa,6.8394,79.9024,2,2,28.04,25.73,26.76,0,88.02
749,2025-10-04,15:22:20,2025,10,4,15,Saturday,Polonnaruwa,Dimbulagala,7.9667,81.0,1,2,28.09,25.43,26.56,0,87.4
751,2025-10-04,12:25:40,2025,10,4,12,Saturday,Anuradhapura,Galnewa,8.15,80.4,1,2,28.09,25.43,26.56,0,87.4
750,2025-10-04,14:31:20,2025,10,4,14,Saturday,Anuradhapura,Palugaswewa,8.5,80.7833,1,0,24.94,24.66,24.82,0,83.91
752,2025-10-03,14:23:20,2025,10,3,14,Friday,Puttalam,Chilaw,7.5758,79.7953,0,1,28.93,25.24,26.85,0,85.55
753,2025-10-03,11:23:39,2025,10,3,11,Friday,Jaffna,Kayts,9.7,79.85,1,1,31.29,23.21,26.76,0,83.01
754,2025-10-02,18:31:46,2025,10,2,18,Thursday,Kandy,Kundasale,7.2833,80.7,1,0,26.3,20.53,23.05,0,88.39
756,2025-10-02,11:45:20,2025,10,2,11,Thursday,Kandy,Galagedara,7.3667,80.5333,1,1,28.66,25.53,26.9,0,85.13
755,2025-10-02,12:17:52,2025,10,2,12,Thursday,Ratnapura,Godakawela,6.5,80.55,2,1,25.25,24.97,25.07,0,82.18
758,2025-09-29,22:26:57,2025,9,29,22,Monday,Ampara,Akkaraipattu,7.2167,81.85,0,1,25.48,24.97,25.22,0,82.58
757,2025-09-30,17:29:28,2025,9,30,17,Tuesday,Matale,Sigiriya,7.9575,80.7603,0,0,34.02,25.0,28.62,0,73.72
759,2025-09-29,20:47:13,2025,9,29,20,Monday,Galle,Elpitiya,6.2833,80.1667,0,1,29.51,23.21,25.36,0,87.33
760,2025-09-29,16:44:39,2025,9,29,16,Monday,Gampaha,Kelaniya,6.9553,79.9219,2,0,29.91,26.24,27.64,0,83.67
761,2025-09-29,14:41:31,2025,9,29,14,Monday,Trincomalee,Kantale,8.35,81.0,1,1,29.51,23.21,25.36,0,87.33
762,2025-09-29,11:47:31,2025,9,29,11,Monday,Jaffna,Paranthan,9.4333,80.4167,0,1,26.53,20.68,22.85,0,90.57
763,2025-09-28,15:36:51,2025,9,28,15,Sunday,Nuwara Eliya,Hatton,6.8917,80.5958,0,1,26.52,20.88,22.99,0,86.99
764,2025-09-28,07:56:26,2025,9,28,7,Sunday,Anuradhapura,Galnewa,8.15,80.4,1,2,28.65,27.24,27.78,0,84.45
765,2025-09-27,21:39:39,2025,9,27,21,Saturday,Ratnapura,Kahawatta,6.6,80.5333,20,1,25.25,24.74,25.07,0,82.94
767,2025-09-27,14:47:21,2025,9,27,14,Saturday,Jaffna,Vadamarachchi,9.75,80.2,4,1,25.25,24.74,25.07,0,82.94
768,2025-09-27,12:19:28,2025,9,27,12,Saturday,Matale,Sigiriya,7.9575,80.7603,0,2,30.98,25.51,27.83,0,79.81
769,2025-09-27,12:15:00,2025,9,27,12,Saturday,Anuradhapura,Mihintale,8.35,80.5167,6,1,25.25,24.74,25.07,0,82.94
766,2025-09-27,17:47:28,2025,9,27,17,Saturday,Colombo,Mount Lavinia,6.8389,79.8636,0,2,30.98,25.51,27.83,0,79.81
771,2025-09-27,08:09:39,2025,9,27,8,Saturday,Ratnapura,Nivithigala,6.6167,80.4667,0,2,30.98,25.51,27.83,0,79.81
770,2025-09-27,09:23:53,2025,9,27,9,Saturday,Matale,Pallepola,7.5833,80.6,0,2,28.38,24.94,26.61,0,86.34
773,2025-09-27,00:25:35,2025,9,27,0,Saturday,Matara,Dickwella,5.9667,80.6833,0,1,25.25,24.74,25.07,0,82.94
772,2025-09-27,07:38:09,2025,9,27,7,Saturday,Anuradhapura,Padaviya,8.8,80.7667,0,1,33.71,22.99,27.38,0,69.4
774,2025-09-26,19:18:14,2025,9,26,19,Friday,Gampaha,Minuwangoda,7.1667,79.95,0,2,29.69,25.75,27.19,0,79.7
775,2025-09-26,15:58:35,2025,9,26,15,Friday,Colombo,Kelaniya,6.9553,79.9219,7,2,29.69,25.75,27.19,0,79.7
777,2025-09-26,12:26:26,2025,9,26,12,Friday,Ratnapura,Kuruwita,6.7833,80.3667,0,2,29.69,25.75,27.19,0,79.7
776,2025-09-26,15:53:03,2025,9,26,15,Friday,Trincomalee,Nilaveli,8.6833,81.1833,0,2,27.67,25.22,26.33,0,86.71
779,2025-09-26,07:46:12,2025,9,26,7,Friday,Kandy,Digana,7.2833,80.75,0,2,29.69,25.75,27.19,0,79.7
778,2025-09-26,11:32:03,2025,9,26,11,Friday,Vavuniya,Nedunkeni,8.9167,80.4667,0,3,27.71,24.99,26.03,0,87.11
780,2025-09-25,20:43:57,2025,9,25,20,Thursday,Kegalle,Molagoda,7.2167,80.4,0,2,29.1,25.79,27.1,0,78.13
781,2025-09-25,19:11:37,2025,9,25,19,Thursday,Colombo,Ja-Ela,7.0744,79.8919,0,2,29.1,25.79,27.1,0,78.13
783,2025-09-25,13:16:27,2025,9,25,13,Thursday,Hambantota,Lunugamvehera,6.3167,81.2167,3,2,29.1,25.79,27.1,0,78.13
784,2025-09-25,12:11:34,2025,9,25,12,Thursday,Matara,Malimbada,6.0167,80.5167,0,2,29.1,25.79,27.1,0,78.13
782,2025-09-25,15:06:24,2025,9,25,15,Thursday,Kandy,Kundasale,7.2833,80.7,4,2,29.57,24.4,26.4,0,77.27
786,2025-09-25,09:18:46,2025,9,25,9,Thursday,Vavuniya,Chettikulam,8.8,80.45,7,2,29.1,25.79,27.1,0,78.13
787,2025-09-25,09:03:47,2025,9,25,9,Thursday,Kegalle,Aranayaka,7.15,80.4333,4,2,29.57,24.4,26.4,0,77.27
788,2025-09-25,07:35:53,2025,9,25,7,Thursday,Polonnaruwa,Hingurakgoda,8.05,80.95,3,2,29.57,24.4,26.4,0,77.27
789,2025-09-25,07:18:54,2025,9,25,7,Thursday,Galle,Karapitiya,6.0667,80.2167,4,1,25.19,24.7,24.94,0,79.63
790,2025-09-25,00:45:22,2025,9,25,0,Thursday,Badulla,Meegahakiwula,7.0667,81.05,7,2,29.1,25.79,27.1,0,78.13
785,2025-09-25,10:38:19,2025,9,25,10,Thursday,Monaragala,Siyambalanduwa,6.9,81.5333,0,1,25.19,24.7,24.94,0,79.63
791,2025-09-24,15:18:21,2025,9,24,15,Wednesday,Kalutara,Payagala,6.5167,79.9833,1,2,30.4,26.4,27.92,0,80.6
792,2025-09-23,18:58:46,2025,9,23,18,Tuesday,Ratnapura,Ayagama,6.6167,80.3167,0,2,28.67,26.34,27.22,0,85.71
793,2025-09-23,18:52:22,2025,9,23,18,Tuesday,Gampaha,Mirigama,7.2417,80.1236,1,1,28.62,25.88,26.95,0,84.42
794,2025-09-22,20:41:04,2025,9,22,20,Monday,Ampara,Ampara,7.2975,81.682,1,2,32.91,26.53,29.5,0,74.14
796,2025-09-22,15:33:59,2025,9,22,15,Monday,Matara,Deniyaya,6.3417,80.55,0,2,28.74,25.66,27.05,0,87.08
797,2025-09-22,14:51:23,2025,9,22,14,Monday,Anuradhapura,Mihintale,8.35,80.5167,4,1,25.24,24.64,24.95,0,81.7
798,2025-09-22,12:44:43,2025,9,22,12,Monday,Anuradhapura,Rajanganaya,8.15,80.2167,0,1,25.24,24.64,24.95,0,81.7
795,2025-09-22,18:04:01,2025,9,22,18,Monday,Colombo,Kesbewa,6.7959,79.9383,1,1,25.24,24.64,24.95,0,81.7
799,2025-09-22,10:48:42,2025,9,22,10,Monday,Kurunegala,Dambadeniya,7.3667,80.1333,1,2,27.08,20.86,23.33,0,89.01
800,2025-09-21,11:12:38,2025,9,21,11,Sunday,Vavuniya,Puliyankulam,8.8833,80.4667,1,1,29.39,25.67,27.16,0,83.05
801,2025-09-21,11:04:38,2025,9,21,11,Sunday,Matara,Palmulla,6.1167,80.55,1,1,28.31,25.4,26.51,0,86.19
802,2025-09-21,10:59:54,2025,9,21,10,Sunday,Batticaloa,Kattankudy,7.6833,81.7333,0,1,34.42,24.32,28.52,0,72.86
803,2025-09-21,10:56:24,2025,9,21,10,Sunday,Kalutara,Ingiriya,6.7428,80.1647,1,1,31.07,27.03,28.89,0,76.6
804,2025-09-21,10:43:17,2025,9,21,10,Sunday,Mullaitivu,Oddusuddan,9.15,80.6333,1,1,31.6,25.68,28.02,0,77.26
805,2025-09-21,07:45:12,2025,9,21,7,Sunday,Galle,Neluwa,6.35,80.3833,5,1,24.86,24.17,24.52,0,83.29
806,2025-09-20,19:04:52,2025,9,20,19,Saturday,Kurunegala,Giriulla,7.3333,80.1333,0,1,26.97,20.75,23.06,0,88.58
807,2025-09-20,16:07:58,2025,9,20,16,Saturday,Mullaitivu,Mallavi,9.1167,80.2333,0,1,30.99,26.95,28.41,0,78.93
808,2025-09-19,17:26:38,2025,9,19,17,Friday,Kalutara,Aluthgama,6.4333,79.9958,1,0,24.47,23.53,24.11,0,85.64
809,2025-09-18,16:43:16,2025,9,18,16,Thursday,Nuwara Eliya,Norwood,6.85,80.6167,0,3,25.21,20.78,22.53,0,91.33
810,2025-09-18,16:09:51,2025,9,18,16,Thursday,Monaragala,Thanamalwila,6.4333,81.0333,1,2,28.52,24.2,25.94,0,88.05
812,2025-09-18,11:38:59,2025,9,18,11,Thursday,Colombo,Pannipitiya,6.8463,79.9418,0,0,24.06,23.67,23.89,0,84.76
811,2025-09-18,15:37:22,2025,9,18,15,Thursday,Colombo,Ratmalana,6.8181,79.8867,0,3,27.93,25.26,26.42,0,87.53
814,2025-09-17,18:05:10,2025,9,17,18,Wednesday,Colombo,Battaramulla,6.8989,79.9181,1,1,24.07,23.69,23.89,0,85.34
813,2025-09-17,18:17:28,2025,9,17,18,Wednesday,Galle,Nagoda,6.1333,80.1833,0,1,24.07,23.69,23.89,0,85.34
816,2025-09-17,10:54:23,2025,9,17,10,Wednesday,Nuwara Eliya,Dimbula,6.9333,80.6,7,1,24.07,23.69,23.89,0,85.34
815,2025-09-17,15:09:15,2025,9,17,15,Wednesday,Kandy,Kundasale,7.2833,80.7,0,2,32.14,21.89,26.19,0,79.18
817,2025-09-17,07:03:46,2025,9,17,7,Wednesday,Gampaha,Peliyagoda,6.9556,79.8864,1,2,28.83,25.38,26.81,0,86.43
818,2025-09-16,21:42:35,2025,9,16,21,Tuesday,Matale,Rattota,7.5333,80.7,1,1,24.02,23.8,23.9,0,83.78
819,2025-09-16,12:26:43,2025,9,16,12,Tuesday,Galle,Ambalangoda,6.2354,80.0538,0,2,27.97,25.91,26.79,0,87.49
820,2025-09-16,07:54:27,2025,9,16,7,Tuesday,Matara,Akuressa,6.1,80.4833,1,1,27.8,25.27,26.41,0,86.82
821,2025-09-15,13:25:44,2025,9,15,13,Monday,Hambantota,Lunugamvehera,6.3167,81.2167,6,1,34.5,25.26,29.31,0,67.79
822,2025-09-14,18:45:41,2025,9,14,18,Sunday,Kurunegala,Ibbagamuwa,7.5,80.4,0,0,35.88,23.09,28.61,0,67.23
823,2025-09-14,14:52:50,2025,9,14,14,Sunday,Mullaitivu,Pudukudiyiruppu,9.2333,80.75,1,1,28.87,26.35,27.25,0,84.98
824,2025-09-14,10:15:57,2025,9,14,10,Sunday,Kegalle,Hemmathagama,7.2,80.5,15,1,24.07,23.28,23.78,0,83.7
825,2025-09-14,10:08:54,2025,9,14,10,Sunday,Badulla,Welimada,6.9,80.9,0,1,27.01,20.5,22.96,0,87.88
826,2025-09-13,18:23:55,2025,9,13,18,Saturday,Kurunegala,Mahawa,7.8,80.3167,1,1,33.57,21.84,26.48,0,73.23
827,2025-09-13,10:50:38,2025,9,13,10,Saturday,Kalutara,Payagala,6.5167,79.9833,0,1,27.46,20.5,23.18,0,87.21
828,2025-09-12,17:39:11,2025,9,12,17,Friday,Nuwara Eliya,Dimbula,6.9333,80.6,0,1,26.69,20.65,22.77,0,87.99
830,2025-09-12,14:48:10,2025,9,12,14,Friday,Colombo,Mount Lavinia,6.8389,79.8636,0,1,26.69,20.65,22.77,0,87.99
829,2025-09-12,17:26:35,2025,9,12,17,Friday,Kurunegala,Ibbagamuwa,7.5,80.4,1,1,31.9,21.93,25.84,0,76.41
831,2025-09-11,15:13:45,2025,9,11,15,Thursday,Hambantota,Okanda,6.65,81.7167,0,2,27.07,22.92,24.66,0,88.59
832,2025-09-11,11:39:37,2025,9,11,11,Thursday,Mannar,Murunkan,8.8333,80.05,0,2,30.69,22.06,25.34,0,78.51
833,2025-09-11,08:15:42,2025,9,11,8,Thursday,Gampaha,Dompe,7.0167,80.05,30,1,24.88,24.4,24.67,0,81.91
834,2025-09-10,20:21:14,2025,9,10,20,Wednesday,Puttalam,Anamaduwa,7.8667,79.9833,0,2,32.13,22.63,26.25,0,77.75
836,2025-09-10,15:10:48,2025,9,10,15,Wednesday,Matara,Kamburupitiya,6.0833,80.5667,0,2,32.13,22.63,26.25,0,77.75
837,2025-09-10,14:12:26,2025,9,10,14,Wednesday,Galle,Batapola,6.2,80.1167,0,2,32.13,22.63,26.25,0,77.75
838,2025-09-10,10:28:40,2025,9,10,10,Wednesday,Matara,Kamburupitiya,6.0833,80.5667,0,2,32.13,22.63,26.25,0,77.75
835,2025-09-10,17:32:59,2025,9,10,17,Wednesday,Badulla,Welimada,6.9,80.9,8,1,24.82,24.47,24.63,0,83.29
839,2025-09-09,14:02:13,2025,9,9,14,Tuesday,Puttalam,Mundalama,8.1167,79.8333,10,1,25.09,24.63,24.89,0,79.85
841,2025-09-09,06:33:42,2025,9,9,6,Tuesday,Kegalle,Dehiowita,6.9833,80.25,0,1,25.09,24.63,24.89,0,79.85
840,2025-09-09,08:02:59,2025,9,9,8,Tuesday,Colombo,Kelaniya,6.9553,79.9219,1870,1,25.09,24.63,24.89,0,79.85
843,2025-09-08,17:09:56,2025,9,8,17,Monday,Anuradhapura,Kahatagasdigiliya,8.4667,80.5833,0,1,31.28,24.23,27.28,0,80.29
842,2025-09-08,21:17:12,2025,9,8,21,Monday,Batticaloa,Valaichchenai,7.9167,81.5333,0,1,32.2,23.25,27.32,0,72.07
845,2025-09-08,07:22:51,2025,9,8,7,Monday,Matara,Kamburupitiya,6.0833,80.5667,0,1,32.2,23.25,27.32,0,72.07
846,2025-09-07,19:27:03,2025,9,7,19,Sunday,Kegalle,Kitulgala,6.9833,80.4167,0,1,33.86,23.08,27.59,0,71.46
844,2025-09-08,13:27:01,2025,9,8,13,Monday,Anuradhapura,Galnewa,8.15,80.4,1,1,30.19,25.95,27.78,0,81.36
848,2025-09-07,16:42:45,2025,9,7,16,Sunday,Colombo,Maharagama,6.848,79.9265,0,1,33.86,23.08,27.59,0,71.46
849,2025-09-07,14:33:56,2025,9,7,14,Sunday,Colombo,Mulleriyawa,6.9333,79.9333,0,1,33.86,23.08,27.59,0,71.46
850,2025-09-07,14:29:04,2025,9,7,14,Sunday,Kandy,Kundasale,7.2833,80.7,0,1,24.64,24.23,24.5,0,84.33
851,2025-09-07,11:35:26,2025,9,7,11,Sunday,Galle,Yakkalamulla,6.1167,80.25,4,1,24.64,24.23,24.5,0,84.33
852,2025-09-07,09:09:10,2025,9,7,9,Sunday,Kalutara,Wadduwa,6.6667,79.925,0,1,33.86,23.08,27.59,0,71.46
853,2025-09-07,08:13:46,2025,9,7,8,Sunday,Galle,Ambalangoda,6.2354,80.0538,0,1,24.64,24.23,24.5,0,84.33
847,2025-09-07,16:58:25,2025,9,7,16,Sunday,Hambantota,Tangalle,6.0242,80.7944,0,0,29.82,26.27,27.82,0,80.85
854,2025-09-06,21:12:11,2025,9,6,21,Saturday,Kurunegala,Melsiripura,7.6167,80.5,0,1,33.89,22.16,27.17,0,71.25
855,2025-09-06,17:54:48,2025,9,6,17,Saturday,Ampara,Samanthurai,7.3667,81.8167,0,1,33.89,22.16,27.17,0,71.25
857,2025-09-06,16:50:25,2025,9,6,16,Saturday,Kalutara,Matugama,6.5219,80.1164,0,1,33.89,22.16,27.17,0,71.25
858,2025-09-06,16:21:07,2025,9,6,16,Saturday,Monaragala,Kataragama,6.4167,81.3333,0,1,33.89,22.16,27.17,0,71.25
856,2025-09-06,17:08:02,2025,9,6,17,Saturday,Hambantota,Tangalle,6.0242,80.7944,0,0,29.65,26.27,27.59,0,81.86
860,2025-09-06,12:26:56,2025,9,6,12,Saturday,Hambantota,Tangalle,6.0242,80.7944,0,0,29.65,26.27,27.59,0,81.86
861,2025-09-06,10:06:44,2025,9,6,10,Saturday,Colombo,Mount Lavinia,6.8389,79.8636,0,1,33.89,22.16,27.17,0,71.25
862,2025-09-06,08:57:14,2025,9,6,8,Saturday,Hambantota,Tangalle,6.0242,80.7944,0,0,29.65,26.27,27.59,0,81.86
863,2025-09-06,08:30:10,2025,9,6,8,Saturday,Kandy,Galagedara,7.3667,80.5333,0,1,33.89,22.16,27.17,0,71.25
859,2025-09-06,14:25:31,2025,9,6,14,Saturday,Nuwara Eliya,Hatton,6.8917,80.5958,0,1,26.98,20.55,23.15,0,88.64
864,2025-09-05,16:32:49,2025,9,5,16,Friday,Ratnapura,Ayagama,6.6167,80.3167,0,0,33.4,21.41,26.51,0,69.64
866,2025-09-05,14:01:39,2025,9,5,14,Friday,Badulla,Haputale,6.7667,80.95,0,0,33.4,21.41,26.51,0,69.64
867,2025-09-05,13:20:33,2025,9,5,13,Friday,Kurunegala,Mawathagama,7.4167,80.45,0,0,33.4,21.41,26.51,0,69.64
868,2025-09-05,12:32:45,2025,9,5,12,Friday,Colombo,Battaramulla,6.8989,79.9181,0,0,33.4,21.41,26.51,0,69.64
869,2025-09-05,10:01:37,2025,9,5,10,Friday,Mullaitivu,Pudukudiyiruppu,9.2333,80.75,0,0,33.4,21.41,26.51,0,69.64
870,2025-09-05,09:14:06,2025,9,5,9,Friday,Puttalam,Karuwalagaswewa,8.15,79.95,13,0,33.4,21.41,26.51,0,69.64
871,2025-09-05,07:36:21,2025,9,5,7,Friday,Monaragala,Medagama,6.75,81.15,0,0,33.4,21.41,26.51,0,69.64
872,2025-09-05,07:25:11,2025,9,5,7,Friday,Ampara,Thirukkovil,6.8333,81.8,0,0,33.4,21.41,26.51,0,69.64
873,2025-09-05,06:20:41,2025,9,5,6,Friday,Trincomalee,Nilaveli,8.6833,81.1833,15,0,33.4,21.41,26.51,0,69.64
865,2025-09-05,14:33:24,2025,9,5,14,Friday,Colombo,Boralesgamuwa,6.8394,79.9024,1,0,33.4,21.41,26.51,0,69.64
874,2025-09-04,22:07:49,2025,9,4,22,Thursday,Trincomalee,Kinniya,8.5,81.1833,10,0,33.15,22.03,26.41,0,69.0
875,2025-09-04,14:37:47,2025,9,4,14,Thursday,Kegalle,Kitulgala,6.9833,80.4167,0,0,24.32,23.75,24.03,0,79.84
877,2025-09-02,11:13:57,2025,9,2,11,Tuesday,Nuwara Eliya,Dimbula,6.9333,80.6,0,1,29.86,22.52,26.03,0,81.33
876,2025-09-03,06:20:24,2025,9,3,6,Wednesday,Gampaha,Mirigama,7.2417,80.1236,2,1,28.4,24.94,26.39,0,88.28
878,2025-08-30,17:25:31,2025,8,30,17,Saturday,Ampara,Pottuvil,6.8667,81.8333,1,1,32.99,26.47,29.11,0,69.81
879,2025-08-30,15:40:05,2025,8,30,15,Saturday,Ampara,Maha Oya,7.5,81.3833,0,1,23.65,23.03,23.46,0,83.76
880,2025-08-29,08:28:11,2025,8,29,8,Friday,Kurunegala,Kuliyapitiya,7.4708,80.04,0,1,29.31,25.65,27.07,0,85.57
881,2025-08-28,18:21:07,2025,8,28,18,Thursday,Anuradhapura,Horowpothana,8.55,80.8333,2,1,33.92,25.7,28.71,0,70.74
882,2025-08-28,14:10:42,2025,8,28,14,Thursday,Kurunegala,Pannala,7.3167,79.9333,1,1,31.15,25.14,27.41,0,77.07
883,2025-08-28,13:32:04,2025,8,28,13,Thursday,Kurunegala,Kuliyapitiya,7.4708,80.04,0,1,28.77,25.86,27.02,0,85.59
884,2025-08-27,21:02:41,2025,8,27,21,Wednesday,Hambantota,Angunakolapelessa,6.1833,80.9167,0,1,28.99,26.28,27.37,0,82.02
885,2025-08-27,15:13:36,2025,8,27,15,Wednesday,Trincomalee,Seruwila,8.5,81.3,1,2,28.96,25.23,26.83,0,84.21
887,2025-08-27,12:49:35,2025,8,27,12,Wednesday,Kalutara,Dodangoda,6.55,80.0167,1,2,28.96,25.23,26.83,0,84.21
886,2025-08-27,14:21:16,2025,8,27,14,Wednesday,Nuwara Eliya,Talawakele,6.9333,80.65,0,1,34.09,24.28,28.22,0,72.66
888,2025-08-27,08:28:28,2025,8,27,8,Wednesday,Kurunegala,Kuliyapitiya,7.4708,80.04,3,1,30.06,25.57,27.37,0,82.58
889,2025-08-25,12:20:05,2025,8,25,12,Monday,Nuwara Eliya,Bogawantalawa,6.8,80.6667,8,1,24.4,23.96,24.09,0,81.01
891,2025-08-24,11:11:04,2025,8,24,11,Sunday,Puttalam,Dankotuwa,7.2833,79.9,0,1,27.97,25.38,26.6,0,88.26
890,2025-08-24,15:53:23,2025,8,24,15,Sunday,Mullaitivu,Oddusuddan,9.15,80.6333,0,1,24.6,23.86,24.24,0,78.64
892,2025-08-24,08:35:30,2025,8,24,8,Sunday,Hambantota,Hambantota,6.1246,81.1185,3,1,24.6,23.86,24.24,0,78.64
893,2025-08-23,21:58:33,2025,8,23,21,Saturday,Ampara,Akkaraipattu,7.2167,81.85,7,1,24.22,23.94,24.08,0,82.14
894,2025-08-23,10:38:48,2025,8,23,10,Saturday,Badulla,Meegahakiwula,7.0667,81.05,0,1,27.76,25.41,26.4,0,87.79
896,2025-08-23,09:18:54,2025,8,23,9,Saturday,Kurunegala,Bamunakotuwa,7.5,80.2833,5,1,24.22,23.94,24.08,0,82.14
895,2025-08-23,09:22:50,2025,8,23,9,Saturday,Ratnapura,Kiriella,6.75,80.3667,0,1,27.76,25.41,26.4,0,87.79
897,2025-08-20,11:01:56,2025,8,20,11,Wednesday,Jaffna,Kopay,9.7,80.0333,73,1,24.48,24.08,24.3,0,73.41
899,2025-08-17,20:59:30,2025,8,17,20,Sunday,Kandy,Gampola,7.1647,80.5767,2,1,31.22,26.03,28.14,0,74.01
898,2025-08-18,21:25:47,2025,8,18,21,Monday,Mannar,Pallimunai,8.95,79.8833,0,1,30.82,24.63,27.0,0,79.84
900,2025-08-17,13:54:53,2025,8,17,13,Sunday,Gampaha,Minuwangoda,7.1667,79.95,0,1,23.84,23.01,23.41,0,75.3
901,2025-08-16,17:00:17,2025,8,16,17,Saturday,Kegalle,Hemmathagama,7.2,80.5,0,0,23.12,22.76,22.96,0,76.63
902,2025-08-16,15:14:58,2025,8,16,15,Saturday,Batticaloa,Eravur,7.7667,81.6,0,1,27.46,25.07,26.11,0,88.88
903,2025-08-16,14:51:02,2025,8,16,14,Saturday,Matale,Ukuwela,7.4667,80.65,0,1,24.49,20.9,22.29,0,91.15
904,2025-08-16,14:27:09,2025,8,16,14,Saturday,Jaffna,Nelliady,9.7833,80.0833,1,1,27.02,23.33,24.81,0,87.55
905,2025-08-16,07:31:45,2025,8,16,7,Saturday,Monaragala,Monaragala,6.8728,81.3505,1,1,28.76,21.82,24.74,0,78.45
906,2025-08-15,23:24:14,2025,8,15,23,Friday,Kandy,Katugastota,7.3167,80.6167,0,0,23.12,22.53,22.85,0,78.26
907,2025-08-15,10:18:25,2025,8,15,10,Friday,Anuradhapura,Rajanganaya,8.15,80.2167,0,1,30.41,21.56,25.01,0,79.13
908,2025-08-15,09:51:25,2025,8,15,9,Friday,Ratnapura,Kalawana,6.5167,80.4,0,1,30.41,21.56,25.01,0,79.13
909,2025-08-14,21:59:55,2025,8,14,21,Thursday,Colombo,Kelaniya,6.9553,79.9219,0,1,22.76,22.08,22.48,0,82.42
910,2025-08-14,21:11:43,2025,8,14,21,Thursday,Trincomalee,Kantale,8.35,81.0,0,1,27.8,24.83,26.11,0,89.45
911,2025-08-12,10:24:27,2025,8,12,10,Tuesday,Colombo,Colombo,6.9271,79.8612,0,2,27.35,24.63,25.58,0,84.87
913,2025-08-12,06:30:17,2025,8,12,6,Tuesday,Colombo,Mulleriyawa,6.9333,79.9333,0,1,31.02,23.72,26.38,0,76.42
912,2025-08-12,09:10:42,2025,8,12,9,Tuesday,Batticaloa,Chenkalady,7.7833,81.6,1,1,31.02,23.72,26.38,0,76.42
914,2025-08-11,13:51:32,2025,8,11,13,Monday,Jaffna,Kayts,9.7,79.85,0,1,27.8,26.86,27.26,0,85.68
915,2025-08-11,11:49:11,2025,8,11,11,Monday,Badulla,Kandeketiya,7.05,81.1,0,1,22.76,22.47,22.63,0,81.55
916,2025-08-10,15:41:33,2025,8,10,15,Sunday,Colombo,Ja-Ela,7.0744,79.8919,11,1,23.37,22.84,23.1,0,77.01
917,2025-08-10,14:37:41,2025,8,10,14,Sunday,Matale,Ukuwela,7.4667,80.65,3,1,23.37,22.84,23.1,0,77.01
918,2025-08-09,17:37:30,2025,8,9,17,Saturday,Gampaha,Divulapitiya,7.2219,79.9581,0,1,27.61,24.48,25.91,0,89.03
919,2025-08-09,08:57:07,2025,8,9,8,Saturday,Kalutara,Aluthgama,6.4333,79.9958,0,1,27.93,25.13,26.34,0,87.4
920,2025-08-08,16:07:04,2025,8,8,16,Friday,Colombo,Colombo,6.9271,79.8612,1,1,27.63,24.67,25.91,0,90.4
921,2025-08-07,08:20:30,2025,8,7,8,Thursday,Trincomalee,Kinniya,8.5,81.1833,8,1,23.28,22.99,23.13,0,83.94
923,2025-08-05,11:47:18,2025,8,5,11,Tuesday,Colombo,Mount Lavinia,6.8389,79.8636,0,1,23.64,23.39,23.5,0,84.86
922,2025-08-06,10:55:20,2025,8,6,10,Wednesday,Monaragala,Siyambalanduwa,6.9,81.5333,0,1,27.87,24.36,25.8,0,88.22
925,2025-08-04,07:21:33,2025,8,4,7,Monday,Polonnaruwa,Aralaganwila,7.85,81.1,68,1,23.79,23.38,23.58,0,85.63
924,2025-08-04,10:10:03,2025,8,4,10,Monday,Nuwara Eliya,Maskeliya,6.8333,80.5667,0,1,23.79,23.38,23.58,0,85.63
927,2025-08-03,16:10:32,2025,8,3,16,Sunday,Kandy,Pilimathalawa,7.2167,80.5667,1,2,26.85,22.08,23.96,0,87.21
926,2025-08-03,20:13:50,2025,8,3,20,Sunday,Jaffna,Delft,9.5,79.6833,0,1,23.75,23.57,23.68,0,83.2
928,2025-08-03,06:49:48,2025,8,3,6,Sunday,Vavuniya,Omanthei,8.8333,80.5,0,2,26.36,24.9,25.52,0,90.06
929,2025-08-02,08:47:10,2025,8,2,8,Saturday,Kegalle,Dehiowita,6.9833,80.25,0,2,27.46,24.53,25.59,0,90.47
930,2025-08-01,22:22:40,2025,8,1,22,Friday,Kurunegala,Pannala,7.3167,79.9333,0,1,30.56,24.46,26.78,0,82.98
931,2025-08-01,12:46:12,2025,8,1,12,Friday,Puttalam,Mundalama,8.1167,79.8333,0,1,23.92,23.39,23.73,0,82.34
932,2025-07-31,16:19:58,2025,7,31,16,Thursday,Badulla,Ridimaliyadda,7.1667,81.15,1,1,23.74,23.31,23.57,0,85.02
933,2025-07-31,10:47:48,2025,7,31,10,Thursday,Vavuniya,Nedunkeni,8.9167,80.4667,1,0,26.25,21.41,23.18,0,90.46
934,2025-07-30,17:13:47,2025,7,30,17,Wednesday,Nuwara Eliya,Ragala,6.9167,80.8,0,0,23.92,22.97,23.44,0,79.62
935,2025-07-30,14:54:38,2025,7,30,14,Wednesday,Gampaha,Biyagama,6.95,79.9833,1,1,28.13,25.42,26.52,0,89.9
936,2025-07-30,09:58:00,2025,7,30,9,Wednesday,Matara,Kamburupitiya,6.0833,80.5667,0,0,26.99,20.55,23.28,0,88.37
937,2025-07-29,23:27:57,2025,7,29,23,Tuesday,Gampaha,Divulapitiya,7.2219,79.9581,1,1,27.54,26.68,27.03,0,89.87
938,2025-07-29,23:14:06,2025,7,29,23,Tuesday,Anuradhapura,Galenbindunuwewa,8.2833,80.6167,2,0,26.19,21.16,22.93,0,89.12
939,2025-07-29,22:09:30,2025,7,29,22,Tuesday,Polonnaruwa,Hingurakgoda,8.05,80.95,0,1,28.25,25.22,26.33,0,88.64
941,2025-07-29,14:14:21,2025,7,29,14,Tuesday,Hambantota,Tissamaharama,6.2833,81.2833,0,1,28.25,25.22,26.33,0,88.64
942,2025-07-29,10:38:11,2025,7,29,10,Tuesday,Kalutara,Millaniya,6.6833,80.0333,18,0,23.36,22.33,22.76,0,76.62
943,2025-07-29,09:43:16,2025,7,29,9,Tuesday,Colombo,Boralesgamuwa,6.8394,79.9024,0,1,28.25,25.22,26.33,0,88.64
940,2025-07-29,19:35:36,2025,7,29,19,Tuesday,Gampaha,Attanagalla,7.1125,80.0056,0,0,23.36,22.33,22.76,0,76.62
944,2025-07-28,17:33:55,2025,7,28,17,Monday,Jaffna,Paranthan,9.4333,80.4167,0,1,28.63,24.1,26.12,0,87.13
946,2025-07-28,10:12:40,2025,7,28,10,Monday,Kurunegala,Giriulla,7.3333,80.1333,0,1,28.63,24.1,26.12,0,87.13
947,2025-07-28,08:50:23,2025,7,28,8,Monday,Colombo,Ja-Ela,7.0744,79.8919,1,1,28.63,24.1,26.12,0,87.13
945,2025-07-28,13:05:09,2025,7,28,13,Monday,Hambantota,Tissamaharama,6.2833,81.2833,0,1,28.63,24.1,26.12,0,87.13
948,2025-07-28,08:35:28,2025,7,28,8,Monday,Kandy,Digana,7.2833,80.75,1,0,31.66,27.65,29.56,0,69.11
949,2025-07-28,08:20:49,2025,7,28,8,Monday,Ampara,Pottuvil,6.8667,81.8333,1,0,35.16,25.78,29.87,0,64.53
950,2025-07-27,21:28:47,2025,7,27,21,Sunday,Puttalam,Karuwalagaswewa,8.15,79.95,2,1,26.99,22.01,23.91,0,89.14
951,2025-07-27,14:48:18,2025,7,27,14,Sunday,Nuwara Eliya,Kotagala,6.95,80.5833,0,1,24.66,19.8,21.69,0,90.65
952,2025-07-27,14:28:18,2025,7,27,14,Sunday,Ratnapura,Kuruwita,6.7833,80.3667,0,1,27.55,25.14,26.1,0,87.64
953,2025-07-27,10:31:25,2025,7,27,10,Sunday,Mullaitivu,Mallavi,9.1167,80.2333,0,1,31.15,23.76,26.66,0,76.22
954,2025-07-27,08:30:59,2025,7,27,8,Sunday,Hambantota,Waligatta,6.2,81.0333,1,1,33.76,25.68,28.94,0,69.35
955,2025-07-26,18:25:32,2025,7,26,18,Saturday,Mannar,Nanattan,8.9833,79.9667,2,0,22.31,21.72,21.95,0,87.66
956,2025-07-25,15:50:59,2025,7,25,15,Friday,Ratnapura,Ayagama,6.6167,80.3167,0,1,21.87,21.06,21.47,0,89.88
958,2025-07-25,13:27:00,2025,7,25,13,Friday,Kurunegala,Bamunakotuwa,7.5,80.2833,0,1,21.87,21.06,21.47,0,89.88
959,2025-07-25,13:26:32,2025,7,25,13,Friday,Kegalle,Aranayaka,7.15,80.4333,9,1,21.87,21.06,21.47,0,89.88
960,2025-07-25,10:45:02,2025,7,25,10,Friday,Anuradhapura,Thambuttegama,8.15,80.3167,4,1,21.87,21.06,21.47,0,89.88
957,2025-07-25,15:15:17,2025,7,25,15,Friday,Batticaloa,Valaichchenai,7.9167,81.5333,0,1,21.87,21.06,21.47,0,89.88
962,2025-07-24,09:18:08,2025,7,24,9,Thursday,Mannar,Nanattan,8.9833,79.9667,0,0,22.11,21.43,21.85,0,90.26
963,2025-07-24,08:39:09,2025,7,24,8,Thursday,Gampaha,Hendala,6.9833,79.8833,0,0,22.11,21.43,21.85,0,90.26
961,2025-07-24,18:20:44,2025,7,24,18,Thursday,Galle,Karapitiya,6.0667,80.2167,0,0,22.11,21.43,21.85,0,90.26
964,2025-07-23,15:23:51,2025,7,23,15,Wednesday,Colombo,Nugegoda,6.8649,79.8997,1,2,27.38,24.62,25.92,0,89.47
965,2025-07-23,13:37:58,2025,7,23,13,Wednesday,Galle,Udugama,6.2833,80.3667,0,1,23.04,22.23,22.78,0,84.48
966,2025-07-23,10:40:36,2025,7,23,10,Wednesday,Puttalam,Norochcholai,8.1,79.7333,0,2,27.75,25.59,26.45,0,89.87
968,2025-07-22,19:47:04,2025,7,22,19,Tuesday,Vavuniya,Chettikulam,8.8,80.45,0,1,23.59,23.11,23.44,0,80.61
967,2025-07-22,20:49:52,2025,7,22,20,Tuesday,Matale,Sigiriya,7.9575,80.7603,0,1,23.59,23.11,23.44,0,80.61
969,2025-07-22,17:49:52,2025,7,22,17,Tuesday,Puttalam,Dankotuwa,7.2833,79.9,1,1,27.4,24.93,26.07,0,91.57
970,2025-07-21,17:15:00,2025,7,21,17,Monday,Kurunegala,Mawathagama,7.4167,80.45,19,1,24.32,23.62,23.94,0,82.99
972,2025-07-21,15:11:52,2025,7,21,15,Monday,Matale,Hasalaka,7.35,80.8833,1,1,24.32,23.62,23.94,0,82.99
973,2025-07-21,14:29:11,2025,7,21,14,Monday,Gampaha,Gampaha,7.0917,79.9997,0,1,24.32,23.62,23.94,0,82.99
971,2025-07-21,15:54:41,2025,7,21,15,Monday,Galle,Bentota,6.4167,79.9958,1,1,31.32,22.98,26.49,0,76.97
974,2025-07-21,09:33:53,2025,7,21,9,Monday,Matara,Deniyaya,6.3417,80.55,0,2,27.36,24.74,25.83,0,89.84
975,2025-07-21,07:59:16,2025,7,21,7,Monday,Galle,Yakkalamulla,6.1167,80.25,0,2,27.97,22.61,24.71,0,87.84
976,2025-07-20,16:28:15,2025,7,20,16,Sunday,Ampara,Kalmunai,7.4167,81.8333,1,1,24.67,24.27,24.46,0,77.81
978,2025-07-20,07:46:44,2025,7,20,7,Sunday,Galle,Udugama,6.2833,80.3667,3,1,24.67,24.27,24.46,0,77.81
977,2025-07-20,09:16:55,2025,7,20,9,Sunday,Matale,Naula,7.7,80.65,34,1,24.67,24.27,24.46,0,77.81
979,2025-07-19,19:44:24,2025,7,19,19,Saturday,Galle,Batapola,6.2,80.1167,1,1,27.19,22.86,24.65,0,87.85
980,2025-07-19,15:13:44,2025,7,19,15,Saturday,Puttalam,Chilaw,7.5758,79.7953,0,0,24.77,24.51,24.66,0,72.84
981,2025-07-19,11:43:36,2025,7,19,11,Saturday,Ratnapura,Kahawatta,6.6,80.5333,0,1,29.34,24.64,26.42,0,82.62
982,2025-07-17,13:24:29,2025,7,17,13,Thursday,Puttalam,Kalpitiya,8.2333,79.7667,1,0,25.05,24.53,24.77,0,77.07
984,2025-07-16,15:49:50,2025,7,16,15,Wednesday,Hambantota,Meellawa,6.1833,81.05,0,2,28.7,22.21,24.52,0,83.83
983,2025-07-17,12:20:26,2025,7,17,12,Thursday,Ratnapura,Nivithigala,6.6167,80.4667,2,2,28.4,24.9,26.27,0,87.31
985,2025-07-16,10:12:04,2025,7,16,10,Wednesday,Kilinochchi,Ariyalkulam,9.3667,80.4,0,1,24.99,24.48,24.77,0,82.31
986,2025-07-14,10:31:12,2025,7,14,10,Monday,Kurunegala,Wariyapola,7.6333,80.2333,0,1,25.0,24.63,24.81,0,77.79
987,2025-07-13,18:54:56,2025,7,13,18,Sunday,Polonnaruwa,Medirigiriya,8.15,80.9667,2,1,27.43,25.53,26.32,0,88.46
988,2025-07-13,14:14:33,2025,7,13,14,Sunday,Matale,Pallepola,7.5833,80.6,0,1,27.43,25.53,26.32,0,88.46
989,2025-07-12,12:23:20,2025,7,12,12,Saturday,Galle,Ambalangoda,6.2354,80.0538,2,1,28.17,24.12,25.72,0,87.84
990,2025-07-12,08:29:12,2025,7,12,8,Saturday,Anuradhapura,Kahatagasdigiliya,8.4667,80.5833,0,1,24.27,23.67,23.98,0,81.22
991,2025-07-12,08:21:39,2025,7,12,8,Saturday,Matale,Wilgamuwa,7.5667,80.8333,1,0,33.65,26.93,29.68,0,73.97
992,2025-07-11,14:29:54,2025,7,11,14,Friday,Anuradhapura,Galnewa,8.15,80.4,0,1,26.4,21.58,23.36,0,90.62
994,2025-07-10,17:02:53,2025,7,10,17,Thursday,Mullaitivu,Pudukudiyiruppu,9.2333,80.75,0,1,29.22,24.12,25.96,0,88.28
993,2025-07-11,13:25:37,2025,7,11,13,Friday,Anuradhapura,Thambuttegama,8.15,80.3167,1,1,31.59,27.91,29.57,0,77.61
995,2025-07-10,11:28:46,2025,7,10,11,Thursday,Kurunegala,Galgamuwa,8.0167,80.2833,0,1,26.25,21.8,23.41,0,91.96
996,2025-07-07,13:25:26,2025,7,7,13,Monday,Colombo,Maharagama,6.848,79.9265,0,1,24.12,23.88,24.01,0,76.51
997,2025-07-07,10:05:13,2025,7,7,10,Monday,Vavuniya,Puliyankulam,8.8833,80.4667,1351,1,24.12,23.88,24.01,0,76.51
998,2025-07-07,07:43:11,2025,7,7,7,Monday,Galle,Nagoda,6.1333,80.1833,0,1,24.12,23.88,24.01,0,76.51
1000,2025-07-06,15:36:24,2025,7,6,15,Sunday,Ampara,Samanthurai,7.3667,81.8167,0,0,24.32,23.41,23.97,0,80.11
999,2025-07-06,21:28:20,2025,7,6,21,Sunday,Colombo,Wattala,6.9897,79.8919,0,0,24.32,23.41,23.97,0,80.11
1001,2025-07-05,08:54:34,2025,7,5,8,Saturday,Gampaha,Ragama,7.0286,79.9197,0,1,28.83,25.63,27.02,0,88.84
1002,2025-07-04,17:22:07,2025,7,4,17,Friday,Matara,Malimbada,6.0167,80.5167,1,1,23.96,23.5,23.63,0,87.82
1003,2025-07-04,13:17:33,2025,7,4,13,Friday,Kurunegala,Ibbagamuwa,7.5,80.4,0,1,29.85,25.59,27.48,0,85.44
1005,2025-07-03,08:45:49,2025,7,3,8,Thursday,Polonnaruwa,Dimbulagala,7.9667,81.0,4,1,24.05,23.4,23.74,0,80.59
1004,2025-07-03,14:34:54,2025,7,3,14,Thursday,Trincomalee,Muttur,8.45,81.2667,1,1,24.05,23.4,23.74,0,80.59
1006,2025-06-30,17:58:08,2025,6,30,17,Monday,Jaffna,Point Pedro,9.8167,80.2333,0,1,23.62,23.49,23.58,0,90.61
1007,2025-06-30,17:31:06,2025,6,30,17,Monday,Colombo,Kelaniya,6.9553,79.9219,0,0,33.27,25.35,28.55,0,76.55
1008,2025-06-30,10:39:12,2025,6,30,10,Monday,Colombo,Mount Lavinia,6.8389,79.8636,1,1,28.63,26.11,27.23,0,87.51
1009,2025-06-29,17:08:43,2025,6,29,17,Sunday,Colombo,Ratmalana,6.8181,79.8867,1,1,28.61,26.4,27.33,0,86.6
1010,2025-06-29,12:55:03,2025,6,29,12,Sunday,Kalutara,Dodangoda,6.55,80.0167,0,1,28.61,26.4,27.33,0,86.6
1012,2025-06-29,07:06:36,2025,6,29,7,Sunday,Hambantota,Tangalle,6.0242,80.7944,0,1,28.61,26.4,27.33,0,86.6
1011,2025-06-29,10:02:21,2025,6,29,10,Sunday,Hambantota,Meellawa,6.1833,81.05,0,1,26.17,20.87,22.94,0,90.14
1013,2025-06-28,23:15:37,2025,6,28,23,Saturday,Galle,Hikkaduwa,6.14,80.1,0,1,28.23,27.35,27.73,0,86.93
1014,2025-06-28,09:59:15,2025,6,28,9,Saturday,Mannar,Murunkan,8.8333,80.05,0,1,24.73,24.07,24.34,0,84.23
1015,2025-06-27,17:26:29,2025,6,27,17,Friday,Kegalle,Molagoda,7.2167,80.4,0,1,26.06,20.72,22.69,0,89.59
1016,2025-06-27,13:55:47,2025,6,27,13,Friday,Trincomalee,Kantale,8.35,81.0,1,1,31.5,26.09,28.27,0,77.5
1018,2025-06-26,16:26:13,2025,6,26,16,Thursday,Kegalle,Hemmathagama,7.2,80.5,0,1,25.56,25.22,25.39,0,83.43
1017,2025-06-26,16:37:06,2025,6,26,16,Thursday,Kalutara,Payagala,6.5167,79.9833,0,1,25.56,25.22,25.39,0,83.43
1019,2025-06-26,10:09:49,2025,6,26,10,Thursday,Colombo,Ja-Ela,7.0744,79.8919,0,2,28.28,25.47,26.83,0,88.92
1020,2025-06-25,20:41:06,2025,6,25,20,Wednesday,Kegalle,Rambukkana,7.3167,80.4,0,1,26.18,25.48,25.85,0,79.67
1021,2025-06-24,22:40:51,2025,6,24,22,Tuesday,Matara,Hakmana,6.0667,80.6167,1,1,29.01,26.2,27.39,0,86.91
1022,2025-06-24,21:56:05,2025,6,24,21,Tuesday,Kandy,Katugastota,7.3167,80.6167,0,1,26.22,26.03,26.14,0,78.42
1023,2025-06-24,17:24:54,2025,6,24,17,Tuesday,Kalutara,Matugama,6.5219,80.1164,1,1,29.56,23.21,25.99,0,88.05
1024,2025-06-24,14:12:30,2025,6,24,14,Tuesday,Gampaha,Dompe,7.0167,80.05,1,1,28.34,25.31,26.7,0,89.63
1025,2025-06-23,14:18:18,2025,6,23,14,Monday,Kalutara,Millaniya,6.6833,80.0333,0,1,26.67,25.84,26.28,0,82.23
1026,2025-06-23,11:38:08,2025,6,23,11,Monday,Colombo,Homagama,6.8408,80.0024,0,1,25.17,19.6,22.18,0,86.4
1027,2025-06-22,20:01:21,2025,6,22,20,Sunday,Galle,Ambalangoda,6.2354,80.0538,0,1,28.61,22.26,24.71,0,86.89
1028,2025-06-22,15:48:11,2025,6,22,15,Sunday,Kurunegala,Melsiripura,7.6167,80.5,0,1,28.61,22.26,24.71,0,86.89
1030,2025-06-22,08:44:47,2025,6,22,8,Sunday,Kegalle,Dehiowita,6.9833,80.25,8,1,26.83,26.03,26.53,0,78.09
1031,2025-06-22,07:33:24,2025,6,22,7,Sunday,Ratnapura,Kalawana,6.5167,80.4,0,1,28.61,22.26,24.71,0,86.89
1029,2025-06-22,12:02:07,2025,6,22,12,Sunday,Gampaha,Veyangoda,7.1542,80.0583,0,1,26.83,26.03,26.53,0,78.09
1032,2025-06-21,21:39:57,2025,6,21,21,Saturday,Kandy,Galagedara,7.3667,80.5333,1,1,25.53,21.77,23.16,0,92.85
1033,2025-06-21,18:25:09,2025,6,21,18,Saturday,Jaffna,Vadamarachchi,9.75,80.2,3,1,28.69,22.73,25.09,0,87.16
1034,2025-06-21,17:53:26,2025,6,21,17,Saturday,Matale,Naula,7.7,80.65,0,1,28.08,23.9,25.51,0,89.86
1035,2025-06-21,06:52:06,2025,6,21,6,Saturday,Badulla,Mahiyanganaya,7.3333,81.0,1,1,30.09,23.84,26.33,0,85.98
1036,2025-06-20,20:40:21,2025,6,20,20,Friday,Colombo,Piliyandala,6.8011,79.9231,0,0,25.75,25.0,25.35,0,80.56
1037,2025-06-20,14:54:37,2025,6,20,14,Friday,Hambantota,Hambantota,6.1246,81.1185,3,0,25.75,25.0,25.35,0,80.56
1038,2025-06-20,10:23:58,2025,6,20,10,Friday,Ratnapura,Kiriella,6.75,80.3667,0,1,25.86,21.49,23.17,0,92.77
1039,2025-06-19,12:42:48,2025,6,19,12,Thursday,Hambantota,Lunugamvehera,6.3167,81.2167,1,1,31.14,26.22,28.24,0,82.95
1040,2025-06-19,07:13:03,2025,6,19,7,Thursday,Monaragala,Siyambalanduwa,6.9,81.5333,1,1,29.06,26.36,27.5,0,87.9
1041,2025-06-18,10:23:04,2025,6,18,10,Wednesday,Gampaha,Negombo,7.2083,79.8358,0,1,28.23,25.36,26.46,0,89.62
1042,2025-06-18,08:45:40,2025,6,18,8,Wednesday,Jaffna,Delft,9.5,79.6833,1,1,31.5,25.87,28.18,0,81.34
1043,2025-06-16,17:36:55,2025,6,16,17,Monday,Colombo,Battaramulla,6.8989,79.9181,2,2,28.53,25.82,26.93,0,86.66
1044,2025-06-16,14:20:01,2025,6,16,14,Monday,Nuwara Eliya,Norwood,6.85,80.6167,0,1,24.69,24.01,24.36,0,84.02
1045,2025-06-16,14:11:52,2025,6,16,14,Monday,Kegalle,Kegalle,7.2513,80.3464,0,1,24.69,24.01,24.36,0,84.02
1046,2025-06-14,22:24:15,2025,6,14,22,Saturday,Kandy,Digana,7.2833,80.75,0,1,25.03,24.48,24.79,0,85.95
1047,2025-06-14,14:52:42,2025,6,14,14,Saturday,Nuwara Eliya,Maskeliya,6.8333,80.5667,279,1,25.03,24.48,24.79,0,85.95
1048,2025-06-13,16:38:26,2025,6,13,16,Friday,Matale,Rattota,7.5333,80.7,0,0,25.21,24.63,25.08,0,83.25
1049,2025-06-13,07:23:05,2025,6,13,7,Friday,Kandy,Kadugannawa,7.25,80.5167,290,0,25.21,24.63,25.08,0,83.25
1051,2025-06-12,16:19:21,2025,6,12,16,Thursday,Colombo,Kesbewa,6.7959,79.9383,0,1,25.42,25.19,25.27,0,83.67
1050,2025-06-12,21:14:44,2025,6,12,21,Thursday,Hambantota,Waligatta,6.2,81.0333,0,1,25.42,25.19,25.27,0,83.67
1053,2025-06-12,15:54:40,2025,6,12,15,Thursday,Monaragala,Buttala,6.75,81.2333,0,1,25.42,25.19,25.27,0,83.67
1054,2025-06-12,14:41:09,2025,6,12,14,Thursday,Ratnapura,Godakawela,6.5,80.55,0,1,25.42,25.19,25.27,0,83.67
1055,2025-06-12,14:24:28,2025,6,12,14,Thursday,Matale,Naula,7.7,80.65,0,1,25.42,25.19,25.27,0,83.67
1056,2025-06-12,07:49:44,2025,6,12,7,Thursday,Hambantota,Meellawa,6.1833,81.05,2,1,25.42,25.19,25.27,0,83.67
1052,2025-06-12,16:03:28,2025,6,12,16,Thursday,Galle,Bentota,6.4167,79.9958,1,1,28.5,22.63,25.32,0,88.19
1057,2025-06-11,10:17:11,2025,6,11,10,Wednesday,Ampara,Damana,7.3,81.7,0,2,27.53,25.76,26.48,0,86.93
1058,2025-06-11,08:37:27,2025,6,11,8,Wednesday,Monaragala,Medagama,6.75,81.15,0,1,29.21,24.6,26.34,0,86.61
1059,2025-06-10,10:16:08,2025,6,10,10,Tuesday,Batticaloa,Kattankudy,7.6833,81.7333,1,1,31.44,25.77,27.65,0,82.36
1060,2025-06-09,15:08:22,2025,6,9,15,Monday,Matale,Wilgamuwa,7.5667,80.8333,0,0,26.85,26.33,26.65,0,79.3
1061,2025-06-07,11:12:21,2025,6,7,11,Saturday,Nuwara Eliya,Ragala,6.9167,80.8,0,0,26.44,21.41,23.33,0,91.46
1062,2025-06-06,20:15:59,2025,6,6,20,Friday,Kurunegala,Mahawa,7.8,80.3167,0,0,26.61,25.88,26.28,0,80.14
1063,2025-06-06,12:37:35,2025,6,6,12,Friday,Kalutara,Wadduwa,6.6667,79.925,0,0,26.61,25.88,26.28,0,80.14
1064,2025-06-06,11:25:39,2025,6,6,11,Friday,Badulla,Kandeketiya,7.05,81.1,1,1,29.88,26.66,27.89,0,88.69
1065,2025-06-06,08:02:58,2025,6,6,8,Friday,Matara,Dickwella,5.9667,80.6833,0,1,29.13,26.02,27.34,0,89.66
1066,2025-06-05,12:55:24,2025,6,5,12,Thursday,Nuwara Eliya,Bogawantalawa,6.8,80.6667,0,1,29.14,26.18,27.34,0,88.55
1067,2025-06-04,17:14:28,2025,6,4,17,Wednesday,Badulla,Welimada,6.9,80.9,1,1,28.5,25.97,27.11,0,89.36
1068,2025-06-03,15:42:04,2025,6,3,15,Tuesday,Badulla,Bandarawela,6.8325,80.9886,0,1,30.05,22.07,25.54,0,85.52
1069,2025-06-01,11:31:28,2025,6,1,11,Sunday,Kalutara,Payagala,6.5167,79.9833,1,2,28.7,28.11,28.34,0,86.0
1070,2025-06-01,09:51:14,2025,6,1,9,Sunday,Colombo,Mulleriyawa,6.9333,79.9333,0,1,26.64,26.43,26.55,0,80.85
1071,2025-05-31,16:51:43,2025,5,31,16,Saturday,Kilinochchi,Pallai,9.4667,80.4167,0,1,26.73,25.95,26.42,0,85.35
1072,2025-05-29,15:43:12,2025,5,29,15,Thursday,Galle,Wakwella,6.1,80.1667,0,2,25.42,21.0,23.32,0,92.79
1074,2025-05-28,06:58:33,2025,5,28,6,Wednesday,Kalutara,Kalutara,6.5854,79.9607,4,0,26.55,26.12,26.34,0,79.07
1073,2025-05-29,07:28:44,2025,5,29,7,Thursday,Gampaha,Biyagama,6.95,79.9833,1,2,28.97,25.89,27.51,0,89.0
1076,2025-05-25,19:46:55,2025,5,25,19,Sunday,Matale,Pallepola,7.5833,80.6,0,1,27.3,26.63,26.8,0,83.22
1075,2025-05-27,10:15:51,2025,5,27,10,Tuesday,Nuwara Eliya,Talawakele,6.9333,80.65,4,1,26.59,26.18,26.41,0,88.31
1078,2025-05-24,16:36:13,2025,5,24,16,Saturday,Mullaitivu,Vellankulam,9.2667,80.3167,0,2,28.8,23.13,26.04,0,89.79
1077,2025-05-25,08:41:26,2025,5,25,8,Sunday,Galle,Elpitiya,6.2833,80.1667,0,2,30.28,23.57,26.68,0,89.32
1079,2025-05-24,09:07:45,2025,5,24,9,Saturday,Matale,Ukuwela,7.4667,80.65,1,2,28.92,26.52,27.68,0,88.31
1080,2025-05-24,06:20:04,2025,5,24,6,Saturday,Matara,Kamburupitiya,6.0833,80.5667,0,2,25.27,19.66,22.57,0,91.62
1081,2025-05-21,21:51:06,2025,5,21,21,Wednesday,Kandy,Kundasale,7.2833,80.7,0,1,28.09,27.41,27.82,0,82.33
1082,2025-05-20,12:21:46,2025,5,20,12,Tuesday,Batticaloa,Valaichchenai,7.9167,81.5333,0,1,27.64,26.26,27.03,0,84.87
1083,2025-05-20,06:45:42,2025,5,20,6,Tuesday,Nuwara Eliya,Dimbula,6.9333,80.6,0,2,31.08,24.67,27.26,0,87.02
1084,2025-05-19,18:17:52,2025,5,19,18,Monday,Badulla,Ella,6.8667,81.05,1007,2,26.7,26.38,26.56,0,87.96
1085,2025-05-18,19:14:23,2025,5,18,19,Sunday,Kandy,Pilimathalawa,7.2167,80.5667,2,2,27.82,26.75,27.43,0,82.42
1086,2025-05-15,14:53:05,2025,5,15,14,Thursday,Batticaloa,Chenkalady,7.7833,81.6,0,2,27.5,20.71,23.48,0,83.0
1088,2025-05-15,13:47:02,2025,5,15,13,Thursday,Kandy,Kadugannawa,7.25,80.5167,0,2,27.5,20.71,23.48,0,83.0
1087,2025-05-15,13:54:14,2025,5,15,13,Thursday,Mullaitivu,Oddusuddan,9.15,80.6333,21,0,27.97,27.57,27.8,0,80.27
1089,2025-05-15,13:38:39,2025,5,15,13,Thursday,Nuwara Eliya,Talawakele,6.9333,80.65,0,2,27.5,20.71,23.48,0,83.0
1090,2025-05-14,11:52:42,2025,5,14,11,Wednesday,Jaffna,Point Pedro,9.8167,80.2333,0,1,27.97,27.83,27.9,0,80.25
1091,2025-05-11,08:09:46,2025,5,11,8,Sunday,Jaffna,Paranthan,9.4333,80.4167,21,1,26.24,20.73,23.04,0,91.86
1092,2025-05-10,08:49:01,2025,5,10,8,Saturday,Matara,Akuressa,6.1,80.4833,6,1,31.12,25.66,28.0,0,86.46
1093,2025-05-08,08:34:41,2025,5,8,8,Thursday,Batticaloa,Kattankudy,7.6833,81.7333,0,1,29.39,26.61,27.88,0,81.15
1094,2025-05-05,15:04:33,2025,5,5,15,Monday,Colombo,Ja-Ela,7.0744,79.8919,1,2,29.31,26.39,27.7,0,89.08
1095,2025-05-03,12:12:44,2025,5,3,12,Saturday,Ampara,Pottuvil,6.8667,81.8333,7,3,27.14,26.4,26.85,0,83.69
1096,2025-05-01,18:30:00,2025,5,1,18,Thursday,Colombo,Boralesgamuwa,6.8394,79.9024,2,1,32.24,23.87,27.72,0,80.87
1097,2025-04-30,11:22:06,2025,4,30,11,Wednesday,Kegalle,Kitulgala,6.9833,80.4167,0,2,28.27,28.05,28.16,0,81.64
1098,2025-04-30,10:59:00,2025,4,30,10,Wednesday,Nuwara Eliya,Norwood,6.85,80.6167,0,3,25.78,21.03,23.06,0,92.49
1099,2025-04-28,14:44:23,2025,4,28,14,Monday,Jaffna,Nelliady,9.7833,80.0833,0,3,30.73,23.06,26.35,0,83.13
1100,2025-04-26,16:13:55,2025,4,26,16,Saturday,Mullaitivu,Pudukudiyiruppu,9.2333,80.75,1,2,30.86,24.96,27.65,0,86.27
1101,2025-04-26,09:14:05,2025,4,26,9,Saturday,Kegalle,Ruwanwella,7.05,80.25,1,1,32.03,25.94,28.83,0,81.32
1102,2025-04-24,07:47:04,2025,4,24,7,Thursday,Anuradhapura,Padaviya,8.8,80.7667,1,2,31.22,26.62,28.7,0,81.93
1103,2025-04-23,20:38:47,2025,4,23,20,Wednesday,Nuwara Eliya,Hatton,6.8917,80.5958,0,2,26.18,19.88,22.65,0,91.32
1104,2025-04-21,19:06:19,2025,4,21,19,Monday,Colombo,Wattala,6.9897,79.8919,0,2,29.11,26.28,27.6,0,87.22
1105,2025-04-21,14:08:03,2025,4,21,14,Monday,Gampaha,Nittambuwa,7.1417,80.0944,0,2,29.11,26.28,27.6,0,87.22
1106,2025-04-21,11:12:43,2025,4,21,11,Monday,Hambantota,Okanda,6.65,81.7167,2,2,29.44,23.76,26.09,0,89.38
1107,2025-04-19,17:12:08,2025,4,19,17,Saturday,Nuwara Eliya,Hatton,6.8917,80.5958,0,2,27.21,21.24,23.54,0,90.7
1108,2025-04-18,18:09:37,2025,4,18,18,Friday,Colombo,Colombo,6.9271,79.8612,0,1,29.57,25.99,27.58,0,85.9
1109,2025-04-17,11:16:02,2025,4,17,11,Thursday,Batticaloa,Eravur,7.7667,81.6,0,1,27.29,21.51,24.03,0,89.54
1110,2025-04-15,16:01:34,2025,4,15,16,Tuesday,Colombo,Ja-Ela,7.0744,79.8919,5,1,31.47,23.64,27.22,0,83.71
1111,2025-04-15,08:02:32,2025,4,15,8,Tuesday,Badulla,Ridimaliyadda,7.1667,81.15,1,2,29.1,28.21,28.65,0,83.3
1112,2025-04-14,16:42:11,2025,4,14,16,Monday,Trincomalee,Kantale,8.35,81.0,1,2,30.38,26.71,28.45,0,81.38
1113,2025-04-12,09:40:21,2025,4,12,9,Saturday,Polonnaruwa,Welikanda,7.8833,81.1,0,1,28.99,26.19,27.42,0,85.48
1114,2025-04-12,08:21:11,2025,4,12,8,Saturday,Badulla,Welimada,6.9,80.9,0,1,29.95,21.8,25.56,0,85.79
1115,2025-04-11,07:16:54,2025,4,11,7,Friday,Gampaha,Minuwangoda,7.1667,79.95,1,2,29.19,26.3,27.44,0,84.61
1116,2025-04-09,14:59:42,2025,4,9,14,Wednesday,Kandy,Kandy,7.2906,80.6337,0,2,28.01,23.22,25.15,0,89.39
1117,2025-04-08,23:17:51,2025,4,8,23,Tuesday,Ampara,Akkaraipattu,7.2167,81.85,1,2,30.21,26.23,28.06,0,81.74
1118,2025-04-06,12:38:23,2025,4,6,12,Sunday,Kalutara,Ingiriya,6.7428,80.1647,1,2,29.0,25.99,27.37,0,84.99
1119,2025-04-05,11:30:34,2025,4,5,11,Saturday,Polonnaruwa,Polonnaruwa,7.9403,81.0188,1,1,31.08,25.39,27.77,0,79.17
1120,2025-04-04,15:33:23,2025,4,4,15,Friday,Gampaha,Katunayake,7.1697,79.8844,0,3,30.92,24.93,27.85,0,72.69
1121,2025-04-04,10:36:51,2025,4,4,10,Friday,Colombo,Colombo,6.9271,79.8612,592,3,30.92,24.93,27.85,0,72.69
1122,2025-04-01,17:55:50,2025,4,1,17,Tuesday,Colombo,Pannipitiya,6.8463,79.9418,0,3,29.54,23.58,26.0,0,87.22
1123,2025-04-01,08:24:24,2025,4,1,8,Tuesday,Hambantota,Tissamaharama,6.2833,81.2833,0,2,29.18,25.55,27.14,0,82.48
1124,2025-03-31,07:13:53,2025,3,31,7,Monday,Kandy,Peradeniya,7.26,80.6,2,1,30.69,19.22,25.01,0,80.45
1125,2025-03-30,17:34:17,2025,3,30,17,Sunday,Anuradhapura,Galnewa,8.15,80.4,0,1,29.63,22.48,25.37,0,85.53
1126,2025-03-27,11:04:59,2025,3,27,11,Thursday,Ratnapura,Kalawana,6.5167,80.4,2,2,29.15,25.43,27.22,0,80.35
1127,2025-03-27,10:40:20,2025,3,27,10,Thursday,Trincomalee,Seruwila,8.5,81.3,0,2,26.31,20.66,23.18,0,88.15
1128,2025-03-27,09:15:34,2025,3,27,9,Thursday,Kalutara,Ingiriya,6.7428,80.1647,0,2,29.15,25.43,27.22,0,80.35
1129,2025-03-26,10:19:07,2025,3,26,10,Wednesday,Gampaha,Mirigama,7.2417,80.1236,3,2,30.12,24.35,27.39,0,71.72
1130,2025-03-26,07:26:20,2025,3,26,7,Wednesday,Mannar,Murunkan,8.8333,80.05,1,1,30.83,21.29,25.7,0,80.28
1131,2025-03-24,13:51:04,2025,3,24,13,Monday,Badulla,Bandarawela,6.8325,80.9886,0,2,28.77,21.39,24.7,0,90.7
1132,2025-03-23,17:51:33,2025,3,23,17,Sunday,Badulla,Badulla,6.9934,81.055,0,1,29.04,21.69,24.71,0,89.49
1133,2025-03-23,10:38:04,2025,3,23,10,Sunday,Kandy,Gampola,7.1647,80.5767,0,1,28.38,19.25,23.28,0,86.66
1135,2025-03-22,20:33:49,2025,3,22,20,Saturday,Kegalle,Warakapola,7.2167,80.2,0,1,28.29,20.34,23.77,0,86.41
1136,2025-03-22,16:26:16,2025,3,22,16,Saturday,Kegalle,Warakapola,7.2167,80.2,0,1,28.29,20.34,23.77,0,86.41
1134,2025-03-23,10:00:45,2025,3,23,10,Sunday,Nuwara Eliya,Hatton,6.8917,80.5958,0,1,28.38,19.25,23.28,0,86.66
1137,2025-03-21,21:00:18,2025,3,21,21,Friday,Kurunegala,Wariyapola,7.6333,80.2333,0,1,31.18,24.95,27.97,0,82.33
1138,2025-03-21,10:47:38,2025,3,21,10,Friday,Matale,Matale,7.4675,80.6234,0,1,30.02,22.45,25.74,0,88.45
1139,2025-03-20,17:59:05,2025,3,20,17,Thursday,Puttalam,Kalpitiya,8.2333,79.7667,2,1,29.93,27.2,28.43,0,81.11
1140,2025-03-20,15:47:26,2025,3,20,15,Thursday,Nuwara Eliya,Ambewela,6.8667,80.8167,0,1,30.03,23.9,26.35,0,87.69
1142,2025-03-20,09:47:19,2025,3,20,9,Thursday,Vavuniya,Omanthei,8.8333,80.5,0,1,31.43,24.58,27.92,0,77.38
1141,2025-03-20,13:58:07,2025,3,20,13,Thursday,Vavuniya,Nedunkeni,8.9167,80.4667,0,1,31.43,24.58,27.92,0,77.38
1144,2025-03-19,23:13:47,2025,3,19,23,Wednesday,Hambantota,Tissamaharama,6.2833,81.2833,1,2,29.14,24.23,26.27,0,87.61
1143,2025-03-20,09:03:05,2025,3,20,9,Thursday,Kandy,Pilimathalawa,7.2167,80.5667,0,1,29.69,21.62,25.3,0,87.74
1145,2025-03-19,14:56:25,2025,3,19,14,Wednesday,Matale,Dambulla,7.8675,80.6522,1,1,30.02,22.71,25.78,0,86.52
1146,2025-03-19,10:51:10,2025,3,19,10,Wednesday,Matale,Dambulla,7.8675,80.6522,1,1,30.02,22.71,25.78,0,86.52
1148,2025-03-17,11:39:39,2025,3,17,11,Monday,Kurunegala,Bamunakotuwa,7.5,80.2833,0,2,29.66,24.61,27.12,0,84.86
1147,2025-03-19,10:19:22,2025,3,19,10,Wednesday,Gampaha,Mirigama,7.2417,80.1236,1,2,29.99,25.56,27.56,0,83.1
1149,2025-03-16,12:16:27,2025,3,16,12,Sunday,Kilinochchi,Pallai,9.4667,80.4167,0,1,28.95,27.06,28.05,0,77.4
1150,2025-03-15,19:13:05,2025,3,15,19,Saturday,Ampara,Samanthurai,7.3667,81.8167,0,1,28.96,20.04,23.82,0,84.35
1151,2025-03-14,13:46:43,2025,3,14,13,Friday,Jaffna,Vadamarachchi,9.75,80.2,0,1,30.16,24.02,26.71,0,84.59
1152,2025-03-12,17:39:46,2025,3,12,17,Wednesday,Colombo,Colombo,6.9271,79.8612,0,1,30.42,23.41,26.92,0,77.51
1153,2025-03-12,15:43:40,2025,3,12,15,Wednesday,Puttalam,Chilaw,7.5758,79.7953,0,1,30.42,23.41,26.92,0,77.51
1154,2025-03-11,13:36:42,2025,3,11,13,Tuesday,Colombo,Colombo,6.9271,79.8612,0,3,27.57,24.44,26.07,0,89.61
1155,2025-03-11,07:03:24,2025,3,11,7,Tuesday,Ampara,Maha Oya,7.5,81.3833,4,3,28.81,21.75,25.28,0,91.91
1156,2025-03-10,23:10:31,2025,3,10,23,Monday,Kegalle,Ruwanwella,7.05,80.25,0,3,28.86,24.48,26.6,0,88.98
1157,2025-03-10,20:17:05,2025,3,10,20,Monday,Matale,Dambulla,7.8675,80.6522,11,2,28.43,20.4,24.17,0,92.47
1158,2025-03-10,18:04:06,2025,3,10,18,Monday,Matale,Dambulla,7.8675,80.6522,2,2,28.43,20.4,24.17,0,92.47
1159,2025-03-10,17:18:55,2025,3,10,17,Monday,Matale,Laggala,7.5667,80.8,0,2,29.77,23.13,26.32,0,83.51
1160,2025-03-10,15:50:34,2025,3,10,15,Monday,Puttalam,Madampe,7.5,79.8167,3,2,29.95,23.18,26.45,0,85.44
1162,2025-03-10,08:50:26,2025,3,10,8,Monday,Puttalam,Madampe,7.5,79.8167,3,2,29.95,23.18,26.45,0,85.44
1161,2025-03-10,14:19:08,2025,3,10,14,Monday,Gampaha,Divulapitiya,7.2219,79.9581,1,3,28.27,26.18,27.2,0,86.51
1163,2025-03-09,21:48:07,2025,3,9,21,Sunday,Puttalam,Madampe,7.5,79.8167,3,0,30.24,20.92,25.56,0,74.16
1164,2025-03-09,19:44:04,2025,3,9,19,Sunday,Kegalle,Warakapola,7.2167,80.2,1,1,27.16,14.15,20.57,0,78.05
1165,2025-03-09,16:44:56,2025,3,9,16,Sunday,Kandy,Kandy,7.2906,80.6337,0,1,28.57,16.57,22.5,0,82.1
1166,2025-03-09,13:00:42,2025,3,9,13,Sunday,Kurunegala,Ridigama,7.5,80.4667,1,0,29.79,18.79,24.07,0,79.05
1167,2025-03-08,14:58:11,2025,3,8,14,Saturday,Anuradhapura,Mihintale,8.35,80.5167,1,0,29.02,26.61,27.92,0,75.94
1169,2025-03-07,19:56:57,2025,3,7,19,Friday,Gampaha,Biyagama,6.95,79.9833,0,0,30.32,22.37,26.12,0,77.9
1168,2025-03-08,09:17:17,2025,3,8,9,Saturday,Kegalle,Kegalle,7.2513,80.3464,1,0,29.66,23.64,26.4,0,72.36
1170,2025-03-07,11:59:26,2025,3,7,11,Friday,Anuradhapura,Palugaswewa,8.5,80.7833,0,0,31.04,19.46,24.94,0,80.81
1171,2025-03-05,16:04:10,2025,3,5,16,Wednesday,Kalutara,Bandaragama,6.7139,79.9889,0,0,31.18,24.06,27.59,0,73.89
1172,2025-03-05,12:08:07,2025,3,5,12,Wednesday,Polonnaruwa,Aralaganwila,7.85,81.1,1,0,31.18,24.06,27.59,0,73.89
1173,2025-03-05,08:36:00,2025,3,5,8,Wednesday,Colombo,Colombo,6.9271,79.8612,0,0,31.18,24.06,27.59,0,73.89
1174,2025-03-03,12:11:31,2025,3,3,12,Monday,Ratnapura,Kuruwita,6.7833,80.3667,0,2,26.25,19.56,22.53,0,90.36
1175,2025-03-02,18:41:51,2025,3,2,18,Sunday,Matara,Weligama,5.975,80.4297,0,3,28.79,25.57,26.9,0,84.98
1176,2025-03-02,16:02:56,2025,3,2,16,Sunday,Anuradhapura,Horowpothana,8.55,80.8333,1,3,29.49,22.27,25.22,0,90.33
1177,2025-03-01,20:05:04,2025,3,1,20,Saturday,Gampaha,Mirigama,7.2417,80.1236,1,3,29.12,25.25,26.87,0,88.35
1178,2025-03-01,17:49:38,2025,3,1,17,Saturday,Matara,Weligama,5.975,80.4297,0,3,27.19,26.18,26.62,0,89.19
1179,2025-03-01,15:34:16,2025,3,1,15,Saturday,Trincomalee,Muttur,8.45,81.2667,0,2,28.7,27.15,27.73,0,85.96
1180,2025-02-27,07:17:09,2025,2,27,7,Thursday,Matara,Kamburupitiya,6.0833,80.5667,3,2,28.57,25.33,26.68,0,89.23
1181,2025-02-26,15:43:30,2025,2,26,15,Wednesday,Nuwara Eliya,Ginigathhena,6.9833,80.4667,0,3,27.26,20.44,23.22,0,89.12
1183,2025-02-25,14:07:42,2025,2,25,14,Tuesday,Puttalam,Karuwalagaswewa,8.15,79.95,1,1,29.44,21.16,24.66,0,89.34
1182,2025-02-25,16:41:10,2025,2,25,16,Tuesday,Anuradhapura,Padaviya,8.8,80.7667,0,2,30.18,22.73,25.81,0,88.04
1184,2025-02-24,17:31:01,2025,2,24,17,Monday,Trincomalee,Nilaveli,8.6833,81.1833,1,0,28.84,19.02,23.64,0,87.19
1185,2025-02-24,14:10:21,2025,2,24,14,Monday,Vavuniya,Vavuniya,8.7514,80.4971,0,1,29.49,23.18,25.98,0,80.37
1186,2025-02-22,14:03:02,2025,2,22,14,Saturday,Mannar,Nanattan,8.9833,79.9667,0,0,29.92,20.33,24.56,0,85.26
1187,2025-02-20,07:02:10,2025,2,20,7,Thursday,Puttalam,Anamaduwa,7.8667,79.9833,0,0,29.17,23.19,25.7,0,76.34
1188,2025-02-17,08:56:46,2025,2,17,8,Monday,Kegalle,Rambukkana,7.3167,80.4,0,0,27.85,17.01,22.13,0,86.84
1189,2025-02-16,17:27:14,2025,2,16,17,Sunday,Kegalle,Dehiowita,6.9833,80.25,0,0,30.3,22.68,26.12,0,76.13
1190,2025-02-16,12:08:34,2025,2,16,12,Sunday,Kalutara,Bandaragama,6.7139,79.9889,1,0,30.3,22.68,26.12,0,76.13
1191,2025-02-15,19:08:16,2025,2,15,19,Saturday,Jaffna,Chavakachcheri,9.65,80.1667,0,0,28.44,24.01,26.12,0,72.91
1192,2025-02-15,15:10:52,2025,2,15,15,Saturday,Puttalam,Wennappuwa,7.35,79.8333,1,0,29.38,20.03,24.58,0,78.92
1193,2025-02-15,08:01:52,2025,2,15,8,Saturday,Puttalam,Wennappuwa,7.35,79.8333,1,0,29.38,20.03,24.58,0,78.92
1194,2025-02-15,06:48:11,2025,2,15,6,Saturday,Kalutara,Panadura,6.7133,79.9025,0,1,29.33,24.1,26.62,0,74.46
1195,2025-02-14,11:45:56,2025,2,14,11,Friday,Matara,Weligama,5.975,80.4297,0,0,29.01,23.52,26.37,0,74.88
1196,2025-02-14,09:08:28,2025,2,14,9,Friday,Puttalam,Wennappuwa,7.35,79.8333,1,0,29.6,20.27,25.01,0,78.64
1197,2025-02-13,13:40:24,2025,2,13,13,Thursday,Colombo,Colombo,6.9271,79.8612,0,0,30.11,21.18,25.46,0,79.13
1198,2025-02-13,11:18:25,2025,2,13,11,Thursday,Colombo,Colombo,6.9271,79.8612,0,0,30.11,21.18,25.46,0,79.13
1199,2025-02-12,19:25:32,2025,2,12,19,Wednesday,Mullaitivu,Pudukudiyiruppu,9.2333,80.75,1,0,27.58,19.35,23.15,0,89.62
1200,2025-02-12,17:37:48,2025,2,12,17,Wednesday,Hambantota,Hambantota,6.1246,81.1185,0,0,28.88,26.0,27.24,0,82.9
1202,2025-02-12,10:18:28,2025,2,12,10,Wednesday,Polonnaruwa,Dimbulagala,7.9667,81.0,0,0,30.52,22.67,26.29,0,81.97
1201,2025-02-12,11:11:12,2025,2,12,11,Wednesday,Kalutara,Wadduwa,6.6667,79.925,1,0,30.7,24.85,27.53,0,79.34
1204,2025-02-11,14:05:26,2025,2,11,14,Tuesday,Matale,Sigiriya,7.9575,80.7603,4,1,28.91,19.6,23.84,0,89.44
1203,2025-02-11,14:32:59,2025,2,11,14,Tuesday,Kandy,Gampola,7.1647,80.5767,1,0,30.27,23.24,26.94,0,80.31
1205,2025-02-11,11:34:42,2025,2,11,11,Tuesday,Monaragala,Kataragama,6.4167,81.3333,0,1,29.54,21.71,25.4,0,87.81
1206,2025-02-10,22:44:01,2025,2,10,22,Monday,Kegalle,Kitulgala,6.9833,80.4167,0,0,26.37,15.31,20.61,0,86.91
1207,2025-02-10,08:40:12,2025,2,10,8,Monday,Ratnapura,Godakawela,6.5,80.55,4,0,27.53,18.06,22.56,0,86.46
1208,2025-02-10,06:25:18,2025,2,10,6,Monday,Kurunegala,Galgamuwa,8.0167,80.2833,4,0,27.53,18.06,22.56,0,86.46
1209,2025-02-09,10:54:55,2025,2,9,10,Sunday,Ampara,Thirukkovil,6.8333,81.8,0,0,25.04,16.49,20.11,0,87.14
1210,2025-02-07,10:56:28,2025,2,7,10,Friday,Puttalam,Dankotuwa,7.2833,79.9,1,0,29.22,21.48,24.9,0,82.65
1211,2025-02-06,13:17:23,2025,2,6,13,Thursday,Nuwara Eliya,Nuwara Eliya,6.9497,80.7891,0,1,26.85,17.26,21.44,0,87.28
1212,2025-02-05,18:34:00,2025,2,5,18,Wednesday,Kalutara,Aluthgama,6.4333,79.9958,0,1,28.8,24.37,26.54,0,80.92
1213,2025-02-03,21:10:54,2025,2,3,21,Monday,Badulla,Bandarawela,6.8325,80.9886,1,1,27.06,18.5,22.48,0,88.61
1214,2025-02-03,08:58:02,2025,2,3,8,Monday,Badulla,Haputale,6.7667,80.95,1,0,28.49,22.23,25.02,0,83.19
1215,2025-02-02,19:23:09,2025,2,2,19,Sunday,Mannar,Pallimunai,8.95,79.8833,1,1,29.73,20.82,24.82,0,84.41
1216,2025-02-02,16:10:22,2025,2,2,16,Sunday,Colombo,Ja-Ela,7.0744,79.8919,0,1,29.98,22.92,26.3,0,81.19
1217,2025-02-01,23:04:53,2025,2,1,23,Saturday,Kandy,Gampola,7.1647,80.5767,0,1,27.06,19.25,22.52,0,89.07
1218,2025-02-01,12:22:32,2025,2,1,12,Saturday,Kalutara,Millaniya,6.6833,80.0333,2,1,29.1,22.23,25.14,0,89.39
1219,2025-01-31,07:05:20,2025,1,31,7,Friday,Kegalle,Ruwanwella,7.05,80.25,1,2,29.62,24.69,26.85,0,87.05
1220,2025-01-29,13:50:40,2025,1,29,13,Wednesday,Anuradhapura,Kahatagasdigiliya,8.4667,80.5833,0,2,24.69,20.18,22.88,0,94.59
1221,2025-01-26,09:47:49,2025,1,26,9,Sunday,Ratnapura,Kalawana,6.5167,80.4,0,1,27.95,25.82,26.74,0,82.62
1223,2025-01-24,07:48:40,2025,1,24,7,Friday,Vavuniya,Puliyankulam,8.8833,80.4667,4,2,28.38,22.58,25.26,0,83.17
1222,2025-01-26,06:59:42,2025,1,26,6,Sunday,Kilinochchi,Ariyalkulam,9.3667,80.4,1,0,28.32,22.66,25.07,0,85.03
1224,2025-01-23,23:27:49,2025,1,23,23,Thursday,Kurunegala,Pannala,7.3167,79.9333,0,1,27.85,21.29,23.8,0,87.22
1225,2025-01-23,15:31:00,2025,1,23,15,Thursday,Kalutara,Payagala,6.5167,79.9833,1,2,28.25,24.08,26.0,0,83.84
1227,2025-01-22,07:22:14,2025,1,22,7,Wednesday,Trincomalee,Muttur,8.45,81.2667,0,2,27.52,25.44,26.26,0,86.43
1226,2025-01-23,10:04:09,2025,1,23,10,Thursday,Gampaha,Attanagalla,7.1125,80.0056,0,1,26.1,20.63,22.75,0,90.54
1228,2025-01-21,14:39:00,2025,1,21,14,Tuesday,Anuradhapura,Rajanganaya,8.15,80.2167,0,1,28.98,23.52,25.88,0,86.8
1229,2025-01-20,06:44:02,2025,1,20,6,Monday,Galle,Karapitiya,6.0667,80.2167,0,2,27.56,25.43,26.28,0,87.44
1230,2025-01-19,23:38:28,2025,1,19,23,Sunday,Jaffna,Delft,9.5,79.6833,1,2,23.91,20.19,21.94,0,95.39
1231,2025-01-19,15:04:35,2025,1,19,15,Sunday,Nuwara Eliya,Ragala,6.9167,80.8,2,3,24.59,22.3,23.32,0,95.46
1232,2025-01-19,10:19:57,2025,1,19,10,Sunday,Ampara,Kalmunai,7.4167,81.8333,0,3,26.57,24.74,25.67,0,89.75
1233,2025-01-18,11:49:15,2025,1,18,11,Saturday,Matara,Hakmana,6.0667,80.6167,0,3,24.11,20.15,21.51,0,93.01
1235,2025-01-17,08:25:09,2025,1,17,8,Friday,Kurunegala,Ridigama,7.5,80.4667,1,1,29.46,24.17,26.63,0,80.41
1234,2025-01-17,17:22:46,2025,1,17,17,Friday,Colombo,Colombo,6.9271,79.8612,68,1,28.9,22.4,25.29,0,84.06
1237,2025-01-16,20:34:51,2025,1,16,20,Thursday,Jaffna,Kayts,9.7,79.85,2,1,26.07,22.08,23.95,0,92.35
1236,2025-01-16,23:17:54,2025,1,16,23,Thursday,Galle,Elpitiya,6.2833,80.1667,1,2,26.47,21.81,23.96,0,92.18
1238,2025-01-12,16:41:14,2025,1,12,16,Sunday,Colombo,Colombo,6.9271,79.8612,0,2,28.58,23.96,25.95,0,87.27
1239,2025-01-12,14:39:09,2025,1,12,14,Sunday,Gampaha,Minuwangoda,7.1667,79.95,0,2,28.58,23.96,25.95,0,87.27
1241,2025-01-12,11:02:36,2025,1,12,11,Sunday,Hambantota,Tissamaharama,6.2833,81.2833,1,2,27.7,26.07,26.67,0,88.16
1240,2025-01-12,11:28:39,2025,1,12,11,Sunday,Kurunegala,Narammala,7.4167,80.0167,1,2,27.96,26.01,26.83,0,86.53
1242,2025-01-11,08:44:49,2025,1,11,8,Saturday,Badulla,Passara,6.9333,81.15,0,2,26.57,21.64,23.65,0,93.19
1243,2025-01-10,11:49:08,2025,1,10,11,Friday,Badulla,Meegahakiwula,7.0667,81.05,0,1,29.04,24.17,26.1,0,87.11
1244,2025-01-09,12:47:46,2025,1,9,12,Thursday,Batticaloa,Valaichchenai,7.9167,81.5333,0,1,29.45,23.36,26.06,0,84.15
1245,2025-01-09,07:57:08,2025,1,9,7,Thursday,Polonnaruwa,Polonnaruwa,7.9403,81.0188,1,2,28.2,23.63,25.63,0,89.78
1246,2025-01-08,20:23:11,2025,1,8,20,Wednesday,Anuradhapura,Medawachchiya,8.5333,80.5,0,1,28.89,21.5,24.4,0,89.35
1247,2025-01-08,18:03:27,2025,1,8,18,Wednesday,Anuradhapura,Medawachchiya,8.5333,80.5,1,1,28.89,21.5,24.4,0,89.35
1248,2025-01-08,11:35:35,2025,1,8,11,Wednesday,Kegalle,Hemmathagama,7.2,80.5,2,1,28.32,20.57,23.76,0,89.9
1249,2025-01-06,12:37:56,2025,1,6,12,Monday,Colombo,Colombo,6.9271,79.8612,10,0,28.8,22.56,25.56,0,82.25
1250,2025-01-06,06:46:48,2025,1,6,6,Monday,Ratnapura,Kiriella,6.75,80.3667,1,1,28.31,20.39,23.98,0,88.01
1251,2025-01-05,11:10:02,2025,1,5,11,Sunday,Colombo,Colombo,6.9271,79.8612,0,1,29.17,22.5,25.58,0,79.54
1252,2025-01-05,07:12:43,2025,1,5,7,Sunday,Ratnapura,Embilipitiya,6.3417,80.85,5,1,29.29,20.28,24.24,0,84.42
1253,2025-01-04,06:27:48,2025,1,4,6,Saturday,Matara,Weligama,5.975,80.4297,1,1,28.54,24.32,26.3,0,80.69
1254,2025-01-03,07:15:42,2025,1,3,7,Friday,Ratnapura,Kahawatta,6.6,80.5333,1,1,28.67,23.07,25.26,0,83.5
1255,2025-01-02,20:25:38,2025,1,2,20,Thursday,Matara,Matara,5.9485,80.5353,1,3,27.76,24.98,26.17,0,85.58
1256,2025-01-02,12:52:39,2025,1,2,12,Thursday,Kilinochchi,Kilinochchi,9.3961,80.3981,2,0,27.14,25.47,26.21,0,75.69
1257,2025-01-02,10:07:35,2025,1,2,10,Thursday,Kurunegala,Giriulla,7.3333,80.1333,1,1,27.0,23.43,24.79,0,82.68
1258,2025-01-01,16:53:02,2025,1,1,16,Wednesday,Colombo,Colombo,6.9271,79.8612,0,2,28.55,24.25,25.9,0,87.38
1260,2025-01-01,14:46:26,2025,1,1,14,Wednesday,Matale,Laggala,7.5667,80.8,0,2,27.83,22.71,24.88,0,88.96
1259,2025-01-01,16:14:46,2025,1,1,16,Wednesday,Gampaha,Minuwangoda,7.1667,79.95,0,3,24.84,20.17,21.93,0,92.5
1261,2025-01-01,07:10:10,2025,1,1,7,Wednesday,Gampaha,Hendala,6.9833,79.8833,1,1,27.75,23.94,25.52,0,84.97
1262,2024-12-31,15:29:50,2024,12,31,15,Tuesday,Kegalle,Mawanella,7.25,80.45,2,2,26.21,21.77,23.73,0,93.47
1263,2024-12-31,07:17:02,2024,12,31,7,Tuesday,Matale,Sigiriya,7.9575,80.7603,0,2,28.78,26.57,27.61,0,82.55
1264,2024-12-29,14:08:07,2024,12,29,14,Sunday,Polonnaruwa,Medirigiriya,8.15,80.9667,0,1,28.59,23.32,25.96,0,85.26
1265,2024-12-28,17:16:32,2024,12,28,17,Saturday,Colombo,Colombo,6.9271,79.8612,0,1,29.78,24.13,26.57,0,83.67
1266,2024-12-28,16:43:15,2024,12,28,16,Saturday,Colombo,Pannipitiya,6.8463,79.9418,1,1,29.78,24.13,26.57,0,83.67
1267,2024-12-27,16:33:22,2024,12,27,16,Friday,Galle,Hikkaduwa,6.14,80.1,7,1,28.85,26.5,27.68,0,79.97
1268,2024-12-27,15:52:25,2024,12,27,15,Friday,Colombo,Colombo,6.9271,79.8612,0,1,29.76,24.44,26.92,0,83.4
1270,2024-12-27,07:06:23,2024,12,27,7,Friday,Colombo,Colombo,6.9271,79.8612,1,1,29.76,24.44,26.92,0,83.4
1269,2024-12-27,08:38:33,2024,12,27,8,Friday,Ratnapura,Nivithigala,6.6167,80.4667,1,2,29.36,23.64,26.34,0,88.1
1271,2024-12-26,19:10:19,2024,12,26,19,Thursday,Galle,Yakkalamulla,6.1167,80.25,35,1,29.8,23.33,26.66,0,79.39
1273,2024-12-26,15:55:57,2024,12,26,15,Thursday,Colombo,Colombo,6.9271,79.8612,0,1,29.8,23.33,26.66,0,79.39
1272,2024-12-26,15:57:08,2024,12,26,15,Thursday,Colombo,Homagama,6.8408,80.0024,1,0,29.38,25.89,27.72,0,76.04
1274,2024-12-26,14:48:58,2024,12,26,14,Thursday,Matara,Akuressa,6.1,80.4833,1,1,30.03,23.68,26.97,0,78.46
1276,2024-12-26,06:36:23,2024,12,26,6,Thursday,Anuradhapura,Palugaswewa,8.5,80.7833,30,1,29.8,23.33,26.66,0,79.39
1275,2024-12-26,09:37:33,2024,12,26,9,Thursday,Kilinochchi,Kilinochchi,9.3961,80.3981,1,1,28.47,25.82,27.11,0,83.45
1277,2024-12-25,22:54:37,2024,12,25,22,Wednesday,Badulla,Bandarawela,6.8325,80.9886,0,0,29.5,20.37,24.32,0,82.24
1278,2024-12-25,15:40:27,2024,12,25,15,Wednesday,Colombo,Colombo,6.9271,79.8612,0,0,28.62,23.68,26.02,0,78.17
1279,2024-12-25,14:11:14,2024,12,25,14,Wednesday,Colombo,Colombo,6.9271,79.8612,0,0,28.62,23.68,26.02,0,78.17
1280,2024-12-24,16:07:40,2024,12,24,16,Tuesday,Colombo,Colombo,6.9271,79.8612,0,0,28.55,22.89,25.77,0,81.55
1281,2024-12-23,07:19:31,2024,12,23,7,Monday,Colombo,Colombo,6.9271,79.8612,0,1,28.84,24.1,26.21,0,84.3
1282,2024-12-22,21:00:44,2024,12,22,21,Sunday,Colombo,Colombo,6.9271,79.8612,13,1,28.82,25.35,26.8,0,87.12
1284,2024-12-22,17:08:06,2024,12,22,17,Sunday,Colombo,Colombo,6.9271,79.8612,0,1,28.82,25.35,26.8,0,87.12
1283,2024-12-22,18:04:20,2024,12,22,18,Sunday,Monaragala,Siyambalanduwa,6.9,81.5333,3,1,26.92,20.74,23.2,0,90.26
1286,2024-12-22,14:03:35,2024,12,22,14,Sunday,Galle,Bentota,6.4167,79.9958,3,1,26.92,20.74,23.2,0,90.26
1287,2024-12-22,12:42:26,2024,12,22,12,Sunday,Colombo,Colombo,6.9271,79.8612,0,1,28.82,25.35,26.8,0,87.12
1288,2024-12-22,11:16:59,2024,12,22,11,Sunday,Colombo,Colombo,6.9271,79.8612,13,1,28.82,25.35,26.8,0,87.12
1285,2024-12-22,17:07:38,2024,12,22,17,Sunday,Matara,Dickwella,5.9667,80.6833,1,1,29.08,22.53,25.28,0,89.84
1289,2024-12-21,15:47:01,2024,12,21,15,Saturday,Kegalle,Ruwanwella,7.05,80.25,0,1,28.74,25.66,27.15,0,89.68
1291,2024-12-21,11:08:54,2024,12,21,11,Saturday,Nuwara Eliya,Hatton,6.8917,80.5958,0,2,26.15,21.27,23.21,0,94.65
1290,2024-12-21,11:47:01,2024,12,21,11,Saturday,Colombo,Mulleriyawa,6.9333,79.9333,3,2,26.15,21.27,23.21,0,94.65
1292,2024-12-21,06:36:07,2024,12,21,6,Saturday,Galle,Baddegama,6.1667,80.1833,2,2,28.85,28.03,28.38,0,87.09
1293,2024-12-20,21:38:14,2024,12,20,21,Friday,Kalutara,Kalutara,6.5854,79.9607,0,1,28.39,26.07,27.19,0,87.93
1294,2024-12-20,07:03:16,2024,12,20,7,Friday,Galle,Hikkaduwa,6.14,80.1,0,1,28.66,27.35,28.1,0,85.38
1295,2024-12-19,07:21:36,2024,12,19,7,Thursday,Colombo,Kadawatha,7.0,79.95,1,2,28.6,25.04,26.56,0,86.91
1296,2024-12-18,16:03:05,2024,12,18,16,Wednesday,Colombo,Colombo,6.9271,79.8612,16,1,28.68,24.3,26.27,0,87.57
1297,2024-12-17,09:21:31,2024,12,17,9,Tuesday,Galle,Hikkaduwa,6.14,80.1,0,1,28.2,26.86,27.53,0,86.0
1299,2024-12-16,11:12:24,2024,12,16,11,Monday,Matale,Dambulla,7.8675,80.6522,0,3,27.49,22.29,24.38,0,93.26
1298,2024-12-16,12:20:10,2024,12,16,12,Monday,Kandy,Kandy,7.2906,80.6337,1,3,27.49,22.29,24.38,0,93.26
1300,2024-12-16,08:09:04,2024,12,16,8,Monday,Kurunegala,Ibbagamuwa,7.5,80.4,0,2,28.06,25.43,26.64,0,87.1
1301,2024-12-16,07:13:01,2024,12,16,7,Monday,Jaffna,Kopay,9.7,80.0333,0,2,27.91,24.04,25.93,0,90.27
1303,2024-12-15,17:18:59,2024,12,15,17,Sunday,Matara,Malimbada,6.0167,80.5167,0,2,29.75,25.9,27.42,0,83.33
1302,2024-12-15,17:48:10,2024,12,15,17,Sunday,Matale,Laggala,7.5667,80.8,1,1,26.9,21.51,23.63,0,90.23
1304,2024-12-14,11:30:36,2024,12,14,11,Saturday,Anuradhapura,Thambuttegama,8.15,80.3167,1,3,26.94,23.44,25.07,0,94.61
1305,2024-12-13,07:42:26,2024,12,13,7,Friday,Colombo,Maharagama,6.848,79.9265,3,2,28.41,25.38,26.66,0,86.24
1306,2024-12-12,09:04:03,2024,12,12,9,Thursday,Colombo,Kottawa,6.8412,79.9653,2,2,28.51,24.34,26.25,0,86.62
1307,2024-12-11,23:13:28,2024,12,11,23,Wednesday,Colombo,Piliyandala,6.8011,79.9231,1,1,28.13,21.8,24.26,0,90.59
1308,2024-12-11,16:16:08,2024,12,11,16,Wednesday,Monaragala,Kataragama,6.4167,81.3333,1,2,28.35,23.66,25.28,0,90.81
1309,2024-12-11,13:13:21,2024,12,11,13,Wednesday,Kalutara,Aluthgama,6.4333,79.9958,0,1,28.83,26.82,27.82,0,82.72
1310,2024-12-11,11:10:36,2024,12,11,11,Wednesday,Colombo,Colombo,6.9271,79.8612,0,1,28.72,24.43,26.4,0,86.17
1311,2024-12-10,09:23:28,2024,12,10,9,Tuesday,Badulla,Ella,6.8667,81.05,0,1,28.7,23.61,26.19,0,82.83
1312,2024-12-10,08:05:17,2024,12,10,8,Tuesday,Gampaha,Negombo,7.2083,79.8358,1,1,28.79,23.65,26.26,0,84.37
1313,2024-12-09,13:47:01,2024,12,9,13,Monday,Hambantota,Lunugamvehera,6.3167,81.2167,0,1,29.38,23.11,26.16,0,81.15
1314,2024-12-09,11:25:43,2024,12,9,11,Monday,Kalutara,Beruwala,6.4789,79.9828,1,0,29.5,23.45,26.15,0,83.26
1315,2024-12-09,10:03:51,2024,12,9,10,Monday,Colombo,Colombo,6.9271,79.8612,0,1,29.38,23.11,26.16,0,81.15
1316,2024-12-08,21:12:51,2024,12,8,21,Sunday,Colombo,Pannipitiya,6.8463,79.9418,0,2,26.54,21.11,23.35,0,91.7
1317,2024-12-08,18:14:42,2024,12,8,18,Sunday,Galle,Neluwa,6.35,80.3833,2,2,29.1,25.32,26.79,0,83.17
1318,2024-12-08,15:03:39,2024,12,8,15,Sunday,Colombo,Kesbewa,6.7959,79.9383,0,1,27.94,23.02,25.04,0,89.33
1319,2024-12-08,07:13:42,2024,12,8,7,Sunday,Kurunegala,Dambadeniya,7.3667,80.1333,1,1,28.56,24.52,26.15,0,86.77
1321,2024-12-07,18:08:54,2024,12,7,18,Saturday,Colombo,Battaramulla,6.8989,79.9181,0,1,29.96,23.35,26.67,0,80.89
1320,2024-12-07,19:44:02,2024,12,7,19,Saturday,Kurunegala,Mawathagama,7.4167,80.45,1,1,28.41,22.68,25.23,0,88.84
1322,2024-12-07,14:17:20,2024,12,7,14,Saturday,Ratnapura,Kuruwita,6.7833,80.3667,0,1,29.96,23.35,26.67,0,80.89
1323,2024-12-07,12:51:46,2024,12,7,12,Saturday,Galle,Neluwa,6.35,80.3833,0,1,29.96,23.35,26.67,0,80.89
1325,2024-12-06,18:57:40,2024,12,6,18,Friday,Kegalle,Aranayaka,7.15,80.4333,0,1,28.11,23.73,25.98,0,85.47
1324,2024-12-07,07:28:48,2024,12,7,7,Saturday,Colombo,Ja-Ela,7.0744,79.8919,0,1,29.34,24.22,26.5,0,85.72
1326,2024-12-06,09:12:25,2024,12,6,9,Friday,Gampaha,Peliyagoda,6.9556,79.8864,1,1,28.11,23.73,25.98,0,85.47
1327,2024-12-04,14:37:48,2024,12,4,14,Wednesday,Hambantota,Meellawa,6.1833,81.05,0,1,29.62,25.04,27.35,0,75.21
1328,2024-12-04,14:05:12,2024,12,4,14,Wednesday,Colombo,Colombo,6.9271,79.8612,0,1,30.16,24.56,27.2,0,75.67
1329,2024-12-03,22:23:25,2024,12,3,22,Tuesday,Mullaitivu,Vellankulam,9.2667,80.3167,0,1,29.36,27.79,28.48,0,75.54
1330,2024-12-03,20:14:31,2024,12,3,20,Tuesday,Puttalam,Anamaduwa,7.8667,79.9833,1,0,29.51,24.7,27.03,0,77.82
1331,2024-12-02,12:17:31,2024,12,2,12,Monday,Matara,Matara,5.9485,80.5353,0,0,29.18,26.28,27.44,0,78.71
1332,2024-12-01,07:55:49,2024,12,1,7,Sunday,Gampaha,Peliyagoda,6.9556,79.8864,3,1,28.66,24.95,26.67,0,83.1
1333,2024-11-30,17:58:42,2024,11,30,17,Saturday,Ampara,Ampara,7.2975,81.682,6,2,28.99,25.93,27.18,0,85.55
1334,2024-11-30,17:32:02,2024,11,30,17,Saturday,Colombo,Maharagama,6.848,79.9265,1,2,27.56,25.29,26.34,0,87.21
1335,2024-11-30,12:38:38,2024,11,30,12,Saturday,Colombo,Colombo,6.9271,79.8612,15,2,27.56,25.29,26.34,0,87.21
1336,2024-11-29,22:24:51,2024,11,29,22,Friday,Ampara,Ampara,7.2975,81.682,5,2,28.24,25.94,26.98,0,86.7
1337,2024-11-27,13:06:57,2024,11,27,13,Wednesday,Galle,Nagoda,6.1333,80.1833,1,3,26.83,23.85,25.21,0,94.88
1338,2024-11-27,12:12:06,2024,11,27,12,Wednesday,Kandy,Digana,7.2833,80.75,0,2,27.07,25.62,26.44,0,88.12
1339,2024-11-26,09:56:14,2024,11,26,9,Tuesday,Puttalam,Chilaw,7.5758,79.7953,0,3,27.26,25.24,26.06,0,91.59
1340,2024-11-26,09:06:04,2024,11,26,9,Tuesday,Badulla,Bandarawela,6.8325,80.9886,1,3,24.76,22.63,23.55,0,92.12
1341,2024-11-24,15:09:20,2024,11,24,15,Sunday,Gampaha,Negombo,7.2083,79.8358,0,2,27.79,24.57,26.05,0,88.23
1342,2024-11-23,14:19:20,2024,11,23,14,Saturday,Colombo,Moratuwa,6.773,79.8816,1,2,26.38,22.0,23.87,0,92.48
1343,2024-11-23,09:18:41,2024,11,23,9,Saturday,Kurunegala,Kuliyapitiya,7.4708,80.04,2,1,29.22,24.68,26.71,0,87.33
1344,2024-11-23,07:33:55,2024,11,23,7,Saturday,Monaragala,Thanamalwila,6.4333,81.0333,1,2,28.42,24.23,25.91,0,86.78
1345,2024-11-22,09:32:53,2024,11,22,9,Friday,Mannar,Mannar,8.9779,79.912,0,3,28.17,26.03,26.93,0,89.21
1346,2024-11-22,07:32:45,2024,11,22,7,Friday,Puttalam,Kalpitiya,8.2333,79.7667,1,3,28.79,25.54,26.91,0,87.32
1347,2024-11-21,14:25:45,2024,11,21,14,Thursday,Colombo,Wattala,6.9897,79.8919,2,3,28.67,25.61,26.59,0,90.06
1348,2024-11-20,21:09:46,2024,11,20,21,Wednesday,Jaffna,Delft,9.5,79.6833,1,2,30.03,21.68,25.64,0,85.04
1350,2024-11-18,22:16:19,2024,11,18,22,Monday,Kandy,Kundasale,7.2833,80.7,1,1,29.82,25.07,27.31,0,81.74
1349,2024-11-20,17:30:14,2024,11,20,17,Wednesday,Anuradhapura,Anuradhapura,8.3114,80.4037,1,3,28.98,23.89,26.21,0,91.37
1352,2024-11-18,12:00:41,2024,11,18,12,Monday,Kalutara,Dodangoda,6.55,80.0167,0,1,29.82,25.07,27.31,0,81.74
1351,2024-11-18,13:04:20,2024,11,18,13,Monday,Colombo,Ja-Ela,7.0744,79.8919,0,2,28.84,27.33,28.04,0,79.67
1353,2024-11-16,14:42:27,2024,11,16,14,Saturday,Hambantota,Angunakolapelessa,6.1833,80.9167,2,2,29.29,26.02,27.67,0,83.39
1354,2024-11-16,07:38:36,2024,11,16,7,Saturday,Trincomalee,Kantale,8.35,81.0,1,2,30.36,23.47,26.29,0,88.61
1355,2024-11-15,20:47:13,2024,11,15,20,Friday,Gampaha,Biyagama,6.95,79.9833,1,2,29.05,26.02,27.33,0,83.18
1356,2024-11-14,21:45:38,2024,11,14,21,Thursday,Matale,Matale,7.4675,80.6234,3,2,29.08,22.46,25.44,0,88.55
1357,2024-11-13,12:45:19,2024,11,13,12,Wednesday,Kegalle,Dehiowita,6.9833,80.25,0,2,28.01,27.37,27.69,0,86.36
1358,2024-11-12,16:27:28,2024,11,12,16,Tuesday,Nuwara Eliya,Hatton,6.8917,80.5958,0,2,26.69,20.47,23.15,0,90.7
1360,2024-11-11,20:31:16,2024,11,11,20,Monday,Galle,Wakwella,6.1,80.1667,2,1,29.79,23.08,25.98,0,88.25
1359,2024-11-12,14:12:55,2024,11,12,14,Tuesday,Hambantota,Hambantota,6.1246,81.1185,1,1,28.84,25.71,27.12,0,85.64
1361,2024-11-11,09:55:11,2024,11,11,9,Monday,Colombo,Colombo,6.9271,79.8612,0,1,29.94,24.08,26.95,0,83.12
1362,2024-11-10,09:54:30,2024,11,10,9,Sunday,Gampaha,Veyangoda,7.1542,80.0583,0,1,29.34,22.85,25.51,0,88.12
1363,2024-11-10,07:09:08,2024,11,10,7,Sunday,Galle,Wakwella,6.1,80.1667,1,1,28.34,21.44,24.14,0,89.41
1364,2024-11-08,22:12:35,2024,11,8,22,Friday,Colombo,Colombo,6.9271,79.8612,0,3,27.87,25.72,26.75,0,92.09
1365,2024-11-08,15:22:17,2024,11,8,15,Friday,Badulla,Kandeketiya,7.05,81.1,1,3,25.29,21.45,23.1,0,95.47
1366,2024-11-08,10:16:27,2024,11,8,10,Friday,Mullaitivu,Mallavi,9.1167,80.2333,0,3,28.6,24.13,25.95,0,93.54
1367,2024-11-07,12:10:16,2024,11,7,12,Thursday,Colombo,Mount Lavinia,6.8389,79.8636,1,2,29.12,24.39,26.7,0,83.84
1368,2024-11-06,19:24:50,2024,11,6,19,Wednesday,Ratnapura,Ayagama,6.6167,80.3167,0,1,27.93,19.15,22.8,0,82.45
1369,2024-11-05,22:00:43,2024,11,5,22,Tuesday,Kalutara,Payagala,6.5167,79.9833,0,2,29.03,25.41,27.02,0,81.61
1370,2024-11-05,15:13:04,2024,11,5,15,Tuesday,Badulla,Badulla,6.9934,81.055,0,3,26.48,21.37,23.92,0,91.14
1372,2024-11-05,12:08:42,2024,11,5,12,Tuesday,Monaragala,Wellawaya,6.7333,81.1,0,3,26.48,21.37,23.92,0,91.14
1371,2024-11-05,13:14:36,2024,11,5,13,Tuesday,Hambantota,Waligatta,6.2,81.0333,0,2,25.32,20.21,22.44,0,90.26
1373,2024-11-05,07:35:54,2024,11,5,7,Tuesday,Kegalle,Molagoda,7.2167,80.4,1,2,27.76,25.1,26.29,0,83.29
1374,2024-11-04,09:30:05,2024,11,4,9,Monday,Matale,Pallepola,7.5833,80.6,1,3,29.85,24.76,27.13,0,83.92
1375,2024-11-03,22:51:33,2024,11,3,22,Sunday,Matara,Matara,5.9485,80.5353,0,2,28.88,25.65,27.09,0,83.02
1377,2024-11-03,09:16:06,2024,11,3,9,Sunday,Monaragala,Kataragama,6.4167,81.3333,2,2,29.13,23.42,25.86,0,86.85
1376,2024-11-03,19:54:24,2024,11,3,19,Sunday,Nuwara Eliya,Bogawantalawa,6.8,80.6667,2,2,29.13,23.42,25.86,0,86.85
1379,2024-11-02,19:44:24,2024,11,2,19,Saturday,Anuradhapura,Palugaswewa,8.5,80.7833,2,3,29.68,23.45,26.08,0,85.04
1378,2024-11-03,07:29:43,2024,11,3,7,Sunday,Matale,Galewela,7.75,80.5667,1,3,29.94,22.3,25.68,0,84.92
1381,2024-11-02,14:06:25,2024,11,2,14,Saturday,Gampaha,Attanagalla,7.1125,80.0056,2,3,29.68,23.45,26.08,0,85.04
1382,2024-11-02,12:38:34,2024,11,2,12,Saturday,Matale,Wilgamuwa,7.5667,80.8333,0,3,29.68,23.45,26.08,0,85.04
1380,2024-11-02,18:22:32,2024,11,2,18,Saturday,Colombo,Colombo,6.9271,79.8612,1898,3,28.45,24.95,26.4,0,84.43
1383,2024-11-02,12:11:17,2024,11,2,12,Saturday,Kegalle,Ruwanwella,7.05,80.25,0,3,28.45,24.95,26.4,0,84.43
1385,2024-11-02,07:23:59,2024,11,2,7,Saturday,Matara,Hakmana,6.0667,80.6167,2,3,29.68,23.45,26.08,0,85.04
1384,2024-11-02,07:40:55,2024,11,2,7,Saturday,Ampara,Ampara,7.2975,81.682,1,2,29.29,26.79,27.87,0,80.31
1387,2024-11-01,20:25:38,2024,11,1,20,Friday,Matale,Rattota,7.5333,80.7,1,1,28.48,21.03,24.12,0,85.66
1386,2024-11-01,23:39:41,2024,11,1,23,Friday,Kalutara,Ingiriya,6.7428,80.1647,1,1,28.48,21.03,24.12,0,85.66
1388,2024-11-01,19:54:45,2024,11,1,19,Friday,Badulla,Ridimaliyadda,7.1667,81.15,2,1,29.89,24.48,26.59,0,85.72
1389,2024-11-01,12:07:13,2024,11,1,12,Friday,Colombo,Wattala,6.9897,79.8919,1,2,28.27,25.9,26.87,0,88.0
1390,2024-11-01,09:13:45,2024,11,1,9,Friday,Colombo,Ratmalana,6.8181,79.8867,2,1,29.89,24.48,26.59,0,85.72
1392,2024-10-31,16:21:12,2024,10,31,16,Thursday,Ampara,Kalmunai,7.4167,81.8333,0,1,28.91,25.59,27.0,0,86.28
1391,2024-10-31,17:12:53,2024,10,31,17,Thursday,Badulla,Ella,6.8667,81.05,0,1,29.07,23.31,25.65,0,89.23
1393,2024-10-31,11:50:11,2024,10,31,11,Thursday,Galle,Karapitiya,6.0667,80.2167,0,1,28.71,27.67,28.06,0,85.94
1394,2024-10-30,19:27:46,2024,10,30,19,Wednesday,Jaffna,Jaffna,9.6615,80.0255,0,1,29.8,27.55,28.84,0,78.88
1395,2024-10-30,18:56:08,2024,10,30,18,Wednesday,Kalutara,Panadura,6.7133,79.9025,0,1,28.7,26.53,27.43,0,88.03
1396,2024-10-28,22:46:32,2024,10,28,22,Monday,Badulla,Meegahakiwula,7.0667,81.05,1,1,29.42,26.9,27.89,0,84.96
1397,2024-10-28,15:45:32,2024,10,28,15,Monday,Ampara,Akkaraipattu,7.2167,81.85,0,1,28.48,25.81,26.95,0,88.64
1398,2024-10-28,08:28:32,2024,10,28,8,Monday,Monaragala,Thanamalwila,6.4333,81.0333,1,1,28.48,25.81,26.95,0,88.64
1400,2024-10-27,15:59:24,2024,10,27,15,Sunday,Puttalam,Puttalam,8.0362,79.8283,0,1,29.22,26.38,27.45,0,87.94
1399,2024-10-27,22:48:57,2024,10,27,22,Sunday,Monaragala,Bibila,6.7667,81.2167,1,1,29.25,22.3,25.29,0,86.13
1402,2024-10-26,20:17:00,2024,10,26,20,Saturday,Matale,Ukuwela,7.4667,80.65,0,2,28.29,26.06,26.93,0,89.16
1401,2024-10-27,09:17:55,2024,10,27,9,Sunday,Matale,Naula,7.7,80.65,0,1,30.37,24.62,26.82,0,86.91
1403,2024-10-26,09:05:15,2024,10,26,9,Saturday,Kalutara,Wadduwa,6.6667,79.925,0,1,29.71,24.78,26.67,0,88.38
1404,2024-10-25,15:55:06,2024,10,25,15,Friday,Kandy,Pilimathalawa,7.2167,80.5667,0,1,29.15,25.43,27.08,0,86.11
1406,2024-10-25,07:32:04,2024,10,25,7,Friday,Kandy,Katugastota,7.3167,80.6167,1,1,29.18,27.6,28.36,0,80.53
1405,2024-10-25,14:46:33,2024,10,25,14,Friday,Puttalam,Mundalama,8.1167,79.8333,0,1,29.15,25.43,27.08,0,86.11
1407,2024-10-25,07:04:46,2024,10,25,7,Friday,Kurunegala,Polgahawela,7.3333,80.3,2,1,29.72,26.02,27.52,0,85.18
1408,2024-10-24,19:00:34,2024,10,24,19,Thursday,Jaffna,Nelliady,9.7833,80.0833,1,1,28.55,24.27,26.0,0,89.61
1410,2024-10-23,11:14:30,2024,10,23,11,Wednesday,Monaragala,Siyambalanduwa,6.9,81.5333,0,2,29.75,27.05,28.09,0,86.0
1409,2024-10-24,07:26:53,2024,10,24,7,Thursday,Monaragala,Medagama,6.75,81.15,1,1,28.48,21.7,24.71,0,86.71
1411,2024-10-22,17:44:47,2024,10,22,17,Tuesday,Batticaloa,Eravur,7.7667,81.6,0,2,30.44,23.94,26.69,0,84.48
1412,2024-10-22,16:49:41,2024,10,22,16,Tuesday,Nuwara Eliya,Dimbula,6.9333,80.6,0,1,28.51,23.49,25.48,0,90.42
1414,2024-10-21,20:45:20,2024,10,21,20,Monday,Jaffna,Vadamarachchi,9.75,80.2,0,2,28.92,23.87,25.8,0,89.02
1413,2024-10-21,23:08:18,2024,10,21,23,Monday,Matale,Laggala,7.5667,80.8,0,2,28.92,23.87,25.8,0,89.02
1415,2024-10-21,15:50:31,2024,10,21,15,Monday,Hambantota,Ambalantota,6.1167,81.0167,0,2,28.65,25.73,27.01,0,87.64
1416,2024-10-21,08:57:29,2024,10,21,8,Monday,Gampaha,Ragama,7.0286,79.9197,1,2,28.65,25.73,27.01,0,87.64
1417,2024-10-20,16:51:36,2024,10,20,16,Sunday,Nuwara Eliya,Ambewela,6.8667,80.8167,0,1,30.29,22.5,25.91,0,84.9
1418,2024-10-19,19:49:14,2024,10,19,19,Saturday,Nuwara Eliya,Ragala,6.9167,80.8,0,1,30.34,24.48,26.69,0,84.01
1420,2024-10-19,09:22:24,2024,10,19,9,Saturday,Gampaha,Mirigama,7.2417,80.1236,0,1,30.34,24.48,26.69,0,84.01
1419,2024-10-19,12:45:15,2024,10,19,12,Saturday,Nuwara Eliya,Hatton,6.8917,80.5958,0,1,26.61,20.98,23.22,0,87.87
1421,2024-10-18,17:17:52,2024,10,18,17,Friday,Matara,Deniyaya,6.3417,80.55,0,1,31.98,21.39,26.22,0,80.56
1422,2024-10-18,11:26:54,2024,10,18,11,Friday,Matale,Naula,7.7,80.65,1,0,32.04,22.65,26.56,0,80.46
1423,2024-10-18,07:00:01,2024,10,18,7,Friday,Gampaha,Divulapitiya,7.2219,79.9581,0,1,32.1,23.76,27.22,0,82.97
1425,2024-10-15,18:52:35,2024,10,15,18,Tuesday,Mannar,Pallimunai,8.95,79.8833,1,1,29.9,23.58,26.09,0,86.59
1424,2024-10-16,14:39:57,2024,10,16,14,Wednesday,Trincomalee,Muttur,8.45,81.2667,0,1,30.73,22.75,25.94,0,84.44
1426,2024-10-15,17:12:03,2024,10,15,17,Tuesday,Colombo,Pannipitiya,6.8463,79.9418,1,1,28.38,24.56,26.4,0,85.47
1427,2024-10-14,17:23:52,2024,10,14,17,Monday,Nuwara Eliya,Hatton,6.8917,80.5958,0,2,24.37,20.06,21.64,0,91.59
1428,2024-10-14,13:31:45,2024,10,14,13,Monday,Kandy,Gampola,7.1647,80.5767,1,2,24.37,20.06,21.64,0,91.59
1430,2024-10-13,19:36:07,2024,10,13,19,Sunday,Ampara,Thirukkovil,6.8333,81.8,3,2,27.85,25.27,26.32,0,84.07
1431,2024-10-13,13:38:13,2024,10,13,13,Sunday,Ampara,Pottuvil,6.8667,81.8333,3,2,27.85,25.27,26.32,0,84.07
1429,2024-10-13,21:51:14,2024,10,13,21,Sunday,Trincomalee,Kantale,8.35,81.0,3,2,27.85,25.27,26.32,0,84.07
1432,2024-10-11,20:04:40,2024,10,11,20,Friday,Colombo,Colombo,6.9271,79.8612,0,2,27.38,25.03,26.07,0,87.16
1433,2024-10-11,13:29:14,2024,10,11,13,Friday,Gampaha,Ragama,7.0286,79.9197,0,2,27.38,25.03,26.07,0,87.16
1434,2024-10-11,10:28:30,2024,10,11,10,Friday,Batticaloa,Kattankudy,7.6833,81.7333,0,2,25.69,20.6,22.35,0,91.5
1435,2024-10-10,23:26:38,2024,10,10,23,Thursday,Nuwara Eliya,Talawakele,6.9333,80.65,1,2,30.48,23.73,26.28,0,85.28
1436,2024-10-09,21:50:13,2024,10,9,21,Wednesday,Vavuniya,Chettikulam,8.8,80.45,1,2,29.84,22.37,25.42,0,84.02
1437,2024-10-07,16:39:26,2024,10,7,16,Monday,Anuradhapura,Galenbindunuwewa,8.2833,80.6167,1,2,29.74,23.89,25.9,0,87.13
1438,2024-10-06,23:07:27,2024,10,6,23,Sunday,Mullaitivu,Vellankulam,9.2667,80.3167,0,1,28.62,26.16,27.37,0,84.42
1439,2024-10-06,22:21:35,2024,10,6,22,Sunday,Anuradhapura,Thambuttegama,8.15,80.3167,0,2,32.01,22.28,26.08,0,78.76
1440,2024-10-06,18:27:16,2024,10,6,18,Sunday,Mullaitivu,Mallavi,9.1167,80.2333,1,2,27.15,24.67,25.76,0,88.12
1441,2024-10-06,09:32:12,2024,10,6,9,Sunday,Galle,Batapola,6.2,80.1167,1,1,28.42,25.5,26.81,0,85.29
1442,2024-10-05,11:12:37,2024,10,5,11,Saturday,Gampaha,Negombo,7.2083,79.8358,2,1,28.35,25.44,26.83,0,86.51
1443,2024-10-04,11:57:31,2024,10,4,11,Friday,Nuwara Eliya,Ambewela,6.8667,80.8167,0,1,33.96,22.83,27.37,0,75.19
1444,2024-10-03,09:36:25,2024,10,3,9,Thursday,Hambantota,Sooriyawewa,6.3167,81.0,1,1,31.25,23.36,26.31,0,81.26
1445,2024-10-02,14:56:07,2024,10,2,14,Wednesday,Gampaha,Minuwangoda,7.1667,79.95,1,2,28.92,26.89,27.68,0,85.42
1446,2024-10-02,11:04:31,2024,10,2,11,Wednesday,Polonnaruwa,Welikanda,7.8833,81.1,0,1,29.23,25.6,27.13,0,86.69
1447,2024-09-29,18:57:05,2024,9,29,18,Sunday,Hambantota,Hambantota,6.1246,81.1185,1,2,28.74,26.49,27.31,0,85.15
1449,2024-09-28,17:54:12,2024,9,28,17,Saturday,Kandy,Gampola,7.1647,80.5767,1,1,30.45,25.13,27.5,0,82.32
1448,2024-09-29,16:11:17,2024,9,29,16,Sunday,Badulla,Welimada,6.9,80.9,0,2,30.02,22.77,25.23,0,85.14
1451,2024-09-27,19:30:32,2024,9,27,19,Friday,Colombo,Seeduwa,7.1258,79.8831,0,1,31.33,23.4,26.49,0,80.75
1450,2024-09-28,09:48:47,2024,9,28,9,Saturday,Trincomalee,Seruwila,8.5,81.3,0,1,30.94,22.45,25.99,0,79.17
1452,2024-09-27,18:10:21,2024,9,27,18,Friday,Badulla,Haputale,6.7667,80.95,0,2,30.44,23.44,26.28,0,78.31
1453,2024-09-26,12:11:06,2024,9,26,12,Thursday,Puttalam,Mundalama,8.1167,79.8333,0,1,29.49,26.14,27.51,0,85.56
1454,2024-09-25,21:04:10,2024,9,25,21,Wednesday,Matara,Akuressa,6.1,80.4833,2,1,30.21,27.14,28.33,0,82.44
1455,2024-09-23,23:04:46,2024,9,23,23,Monday,Batticaloa,Valaichchenai,7.9167,81.5333,0,1,29.4,25.89,27.27,0,83.29
1456,2024-09-20,16:06:52,2024,9,20,16,Friday,Gampaha,Peliyagoda,6.9556,79.8864,0,1,32.05,22.88,26.47,0,72.33
1457,2024-09-19,22:57:16,2024,9,19,22,Thursday,Trincomalee,Muttur,8.45,81.2667,1,0,34.78,25.68,29.56,0,70.5
1459,2024-09-19,08:51:24,2024,9,19,8,Thursday,Mullaitivu,Pudukudiyiruppu,9.2333,80.75,2,0,34.58,26.81,29.74,0,70.2
1458,2024-09-19,09:01:56,2024,9,19,9,Thursday,Colombo,Colombo,6.9271,79.8612,0,1,28.99,25.81,27.19,0,85.19
1460,2024-09-18,18:17:04,2024,9,18,18,Wednesday,Anuradhapura,Galenbindunuwewa,8.2833,80.6167,0,1,29.34,27.05,28.02,0,81.35
1461,2024-09-18,14:02:23,2024,9,18,14,Wednesday,Colombo,Meegoda,6.8434,80.0093,1,1,29.0,25.86,27.17,0,87.08
1462,2024-09-18,09:43:35,2024,9,18,9,Wednesday,Ampara,Damana,7.3,81.7,1,0,35.03,25.79,29.49,0,71.52
1463,2024-09-17,14:09:39,2024,9,17,14,Tuesday,Hambantota,Angunakolapelessa,6.1833,80.9167,0,1,27.07,21.96,23.8,0,87.56
1465,2024-09-16,10:24:32,2024,9,16,10,Monday,Anuradhapura,Horowpothana,8.55,80.8333,0,1,34.2,25.14,28.56,0,75.7
1464,2024-09-16,17:28:28,2024,9,16,17,Monday,Ampara,Damana,7.3,81.7,0,1,27.24,21.73,23.78,0,86.98
1467,2024-09-15,19:49:44,2024,9,15,19,Sunday,Kurunegala,Giriulla,7.3333,80.1333,0,1,32.77,22.92,26.73,0,71.13
1466,2024-09-15,21:47:52,2024,9,15,21,Sunday,Gampaha,Kelaniya,6.9553,79.9219,0,1,30.22,26.06,27.83,0,83.36
1469,2024-09-15,13:07:40,2024,9,15,13,Sunday,Kurunegala,Alawwa,7.3,80.2333,1,1,32.77,22.92,26.73,0,71.13
1470,2024-09-15,10:51:39,2024,9,15,10,Sunday,Jaffna,Kayts,9.7,79.85,0,1,30.22,26.06,27.83,0,83.36
1468,2024-09-15,18:45:43,2024,9,15,18,Sunday,Matale,Wilgamuwa,7.5667,80.8333,1,1,31.27,23.78,26.68,0,80.96
1471,2024-09-15,09:55:09,2024,9,15,9,Sunday,Puttalam,Chilaw,7.5758,79.7953,1,1,32.14,28.54,29.99,0,74.08
1472,2024-09-14,14:43:53,2024,9,14,14,Saturday,Badulla,Mahiyanganaya,7.3333,81.0,0,1,31.22,23.43,26.49,0,74.81
1473,2024-09-14,13:39:56,2024,9,14,13,Saturday,Kegalle,Mawanella,7.25,80.45,0,1,26.38,21.53,23.51,0,88.75
1474,2024-09-14,12:17:42,2024,9,14,12,Saturday,Nuwara Eliya,Ginigathhena,6.9833,80.4667,0,1,26.38,21.53,23.51,0,88.75
1475,2024-09-14,07:28:15,2024,9,14,7,Saturday,Kurunegala,Ibbagamuwa,7.5,80.4,2,1,30.02,26.55,27.86,0,84.16
1477,2024-09-13,14:43:30,2024,9,13,14,Friday,Nuwara Eliya,Maskeliya,6.8333,80.5667,1,1,32.96,23.45,27.29,0,76.89
1476,2024-09-13,14:47:18,2024,9,13,14,Friday,Kurunegala,Narammala,7.4167,80.0167,1,1,30.34,25.97,27.88,0,84.39
1478,2024-09-13,12:07:28,2024,9,13,12,Friday,Matale,Hasalaka,7.35,80.8833,0,1,29.29,20.7,24.2,0,84.7
1479,2024-09-13,10:16:22,2024,9,13,10,Friday,Anuradhapura,Thambuttegama,8.15,80.3167,2,1,28.87,27.32,28.07,0,84.03
1480,2024-09-12,16:46:11,2024,9,12,16,Thursday,Monaragala,Wellawaya,6.7333,81.1,2,1,32.92,22.55,26.69,0,71.8
1481,2024-09-12,15:46:57,2024,9,12,15,Thursday,Kurunegala,Mahawa,7.8,80.3167,1,1,28.45,25.21,26.79,0,85.7
1482,2024-09-11,12:37:02,2024,9,11,12,Wednesday,Badulla,Badulla,6.9934,81.055,0,1,31.19,22.46,25.96,0,75.94
1483,2024-09-11,09:40:30,2024,9,11,9,Wednesday,Kurunegala,Mawathagama,7.4167,80.45,1,1,30.91,28.14,29.4,0,78.94
1484,2024-09-11,07:33:36,2024,9,11,7,Wednesday,Puttalam,Norochcholai,8.1,79.7333,0,1,25.86,21.21,23.07,0,88.88
1485,2024-09-10,16:02:18,2024,9,10,16,Tuesday,Anuradhapura,Galnewa,8.15,80.4,1,1,32.02,23.03,26.51,0,76.47
1486,2024-09-08,23:15:39,2024,9,8,23,Sunday,Matale,Sigiriya,7.9575,80.7603,0,1,28.82,26.2,27.18,0,86.92
1487,2024-09-08,21:12:48,2024,9,8,21,Sunday,Kalutara,Kalutara,6.5854,79.9607,0,1,28.82,26.2,27.18,0,86.92
1488,2024-09-08,15:25:14,2024,9,8,15,Sunday,Gampaha,Dompe,7.0167,80.05,0,1,29.54,26.7,27.76,0,84.44
1489,2024-09-07,17:08:17,2024,9,7,17,Saturday,Kurunegala,Galgamuwa,8.0167,80.2833,4,1,29.45,26.69,27.79,0,85.33
1490,2024-09-07,11:24:21,2024,9,7,11,Saturday,Matale,Hasalaka,7.35,80.8833,1,1,32.68,26.17,28.83,0,76.75
1491,2024-09-07,09:06:23,2024,9,7,9,Saturday,Kurunegala,Galgamuwa,8.0167,80.2833,1,1,31.4,25.56,27.67,0,81.77
1492,2024-09-05,21:08:20,2024,9,5,21,Thursday,Monaragala,Bibila,6.7667,81.2167,0,1,31.6,23.07,26.26,0,76.52
1493,2024-09-05,18:30:40,2024,9,5,18,Thursday,Anuradhapura,Kahatagasdigiliya,8.4667,80.5833,0,0,32.86,25.96,28.66,0,77.29
1494,2024-09-05,11:06:13,2024,9,5,11,Thursday,Jaffna,Paranthan,9.4333,80.4167,1,1,31.2,28.31,29.51,0,78.44
1495,2024-09-05,09:50:19,2024,9,5,9,Thursday,Matara,Palmulla,6.1167,80.55,0,1,28.83,27.8,28.27,0,84.61
1496,2024-09-04,21:59:50,2024,9,4,21,Wednesday,Anuradhapura,Medawachchiya,8.5333,80.5,2,1,31.46,24.46,27.42,0,80.25
1497,2024-09-04,10:15:53,2024,9,4,10,Wednesday,Monaragala,Bibila,6.7667,81.2167,1,1,31.49,22.33,25.96,0,76.9
1498,2024-09-04,07:32:56,2024,9,4,7,Wednesday,Monaragala,Bibila,6.7667,81.2167,1,1,31.49,22.33,25.96,0,76.9
1500,2024-09-03,08:39:12,2024,9,3,8,Tuesday,Batticaloa,Chenkalady,7.7833,81.6,1,1,31.1,24.45,27.0,0,76.8
1499,2024-09-03,11:01:38,2024,9,3,11,Tuesday,Kilinochchi,Pallai,9.4667,80.4167,0,1,29.98,22.9,25.44,0,80.65
1501,2024-09-02,13:07:30,2024,9,2,13,Monday,Jaffna,Point Pedro,9.8167,80.2333,0,2,28.95,26.05,27.19,0,85.48
1502,2024-09-01,21:22:46,2024,9,1,21,Sunday,Ratnapura,Kahawatta,6.6,80.5333,0,2,28.25,26.07,27.09,0,84.46
1504,2024-08-31,19:59:42,2024,8,31,19,Saturday,Ratnapura,Nivithigala,6.6167,80.4667,2,1,28.27,25.25,26.69,0,85.42
1503,2024-09-01,17:18:12,2024,9,1,17,Sunday,Polonnaruwa,Hingurakgoda,8.05,80.95,0,1,30.19,24.27,26.51,0,81.84
1506,2024-08-31,12:28:39,2024,8,31,12,Saturday,Matara,Matara,5.9485,80.5353,0,2,29.46,26.36,27.68,0,81.37
1505,2024-08-31,20:00:01,2024,8,31,20,Saturday,Mullaitivu,Oddusuddan,9.15,80.6333,1,1,28.88,25.87,27.18,0,84.04
1507,2024-08-30,20:14:32,2024,8,30,20,Friday,Puttalam,Dankotuwa,7.2833,79.9,1,1,30.59,24.79,26.78,0,82.58
1508,2024-08-30,11:21:25,2024,8,30,11,Friday,Kegalle,Molagoda,7.2167,80.4,0,2,29.21,26.06,27.6,0,83.8
1509,2024-08-29,22:07:07,2024,8,29,22,Thursday,Colombo,Moratuwa,6.773,79.8816,0,1,28.76,25.82,27.11,0,86.19
1510,2024-08-29,20:54:16,2024,8,29,20,Thursday,Galle,Karapitiya,6.0667,80.2167,0,1,29.32,23.92,25.92,0,84.41
1511,2024-08-29,08:10:40,2024,8,29,8,Thursday,Anuradhapura,Kahatagasdigiliya,8.4667,80.5833,2,1,29.23,26.48,27.63,0,83.66
1512,2024-08-28,14:48:59,2024,8,28,14,Wednesday,Polonnaruwa,Aralaganwila,7.85,81.1,0,1,28.63,25.38,26.86,0,86.19
1513,2024-08-28,10:23:11,2024,8,28,10,Wednesday,Matara,Palmulla,6.1167,80.55,1,1,30.06,28.06,28.93,0,80.16
1514,2024-08-28,08:05:42,2024,8,28,8,Wednesday,Kegalle,Aranayaka,7.15,80.4333,0,0,30.15,27.47,28.56,0,80.32
1515,2024-08-28,07:50:25,2024,8,28,7,Wednesday,Gampaha,Katunayake,7.1697,79.8844,0,1,28.63,25.38,26.86,0,86.19
1516,2024-08-27,11:59:31,2024,8,27,11,Tuesday,Mannar,Mannar,8.9779,79.912,0,1,30.41,27.97,29.04,0,78.8
1517,2024-08-26,08:27:01,2024,8,26,8,Monday,Colombo,Colombo,6.9271,79.8612,0,0,29.37,25.63,27.15,0,83.15
1518,2024-08-25,07:08:26,2024,8,25,7,Sunday,Kegalle,Kitulgala,6.9833,80.4167,1,1,30.81,27.92,29.12,0,78.39
1519,2024-08-24,21:26:54,2024,8,24,21,Saturday,Kalutara,Horana,6.7156,80.0644,1,1,28.34,25.69,26.86,0,87.93
1520,2024-08-24,08:10:12,2024,8,24,8,Saturday,Colombo,Kottawa,6.8412,79.9653,1,1,28.31,24.95,26.5,0,87.37
1521,2024-08-23,16:14:51,2024,8,23,16,Friday,Kandy,Kadugannawa,7.25,80.5167,1,1,30.05,25.07,27.14,0,82.36
1522,2024-08-23,07:25:29,2024,8,23,7,Friday,Galle,Bentota,6.4167,79.9958,0,1,28.73,25.7,26.91,0,84.24
1523,2024-08-22,16:57:03,2024,8,22,16,Thursday,Badulla,Badulla,6.9934,81.055,0,1,29.26,21.66,24.69,0,79.81
1524,2024-08-22,10:36:11,2024,8,22,10,Thursday,Colombo,Colombo,6.9271,79.8612,71,1,27.83,24.58,26.06,0,84.78
1525,2024-08-21,17:48:04,2024,8,21,17,Wednesday,Galle,Baddegama,6.1667,80.1833,0,2,28.35,27.24,27.65,0,80.6
1526,2024-08-21,13:19:04,2024,8,21,13,Wednesday,Ratnapura,Kuruwita,6.7833,80.3667,0,2,30.02,26.36,27.9,0,79.92
1527,2024-08-19,19:47:14,2024,8,19,19,Monday,Colombo,Ja-Ela,7.0744,79.8919,1,2,28.08,25.57,26.73,0,90.74
1528,2024-08-19,15:05:31,2024,8,19,15,Monday,Vavuniya,Chettikulam,8.8,80.45,1,2,28.08,25.57,26.73,0,90.74
1529,2024-08-19,07:36:58,2024,8,19,7,Monday,Matale,Hasalaka,7.35,80.8833,1,2,28.18,26.31,27.16,0,88.74
1530,2024-08-18,20:43:37,2024,8,18,20,Sunday,Polonnaruwa,Medirigiriya,8.15,80.9667,1,1,30.19,23.86,26.25,0,86.3
1531,2024-08-16,19:34:16,2024,8,16,19,Friday,Vavuniya,Puliyankulam,8.8833,80.4667,0,2,29.03,26.39,27.47,0,88.64
1532,2024-08-16,12:11:05,2024,8,16,12,Friday,Colombo,Colombo,6.9271,79.8612,0,2,29.03,26.39,27.47,0,88.64
1533,2024-08-16,07:03:15,2024,8,16,7,Friday,Matale,Matale,7.4675,80.6234,2,2,31.22,23.87,26.91,0,85.2
1534,2024-08-15,14:34:25,2024,8,15,14,Thursday,Puttalam,Norochcholai,8.1,79.7333,3,1,28.39,25.39,26.91,0,88.01
1535,2024-08-15,12:44:47,2024,8,15,12,Thursday,Kegalle,Warakapola,7.2167,80.2,0,1,34.97,24.64,28.8,0,75.1
1536,2024-08-14,12:34:29,2024,8,14,12,Wednesday,Colombo,Colombo,6.9271,79.8612,0,2,28.26,24.99,26.33,0,88.21
1537,2024-08-14,09:35:38,2024,8,14,9,Wednesday,Nuwara Eliya,Kotagala,6.95,80.5833,0,1,27.6,20.78,23.38,0,89.64
1538,2024-08-14,08:12:48,2024,8,14,8,Wednesday,Matara,Kamburupitiya,6.0833,80.5667,5,1,30.76,25.61,27.7,0,82.75
1539,2024-08-13,20:44:28,2024,8,13,20,Tuesday,Matale,Dambulla,7.8675,80.6522,0,2,31.49,24.24,26.48,0,85.06
1540,2024-08-13,09:41:24,2024,8,13,9,Tuesday,Batticaloa,Batticaloa,7.7102,81.6924,3,2,29.71,25.88,27.01,0,89.26
1541,2024-08-12,16:44:01,2024,8,12,16,Monday,Kegalle,Rambukkana,7.3167,80.4,2,2,28.48,25.8,26.8,0,88.61
1542,2024-08-12,16:15:31,2024,8,12,16,Monday,Gampaha,Kelaniya,6.9553,79.9219,3,2,28.48,25.8,26.8,0,88.61
1543,2024-08-11,17:18:49,2024,8,11,17,Sunday,Kegalle,Dehiowita,6.9833,80.25,0,2,29.73,25.68,27.34,0,82.82
1544,2024-08-10,17:54:01,2024,8,10,17,Saturday,Gampaha,Kelaniya,6.9553,79.9219,2,1,26.92,21.27,23.34,0,86.88
1545,2024-08-10,07:57:16,2024,8,10,7,Saturday,Kalutara,Aluthgama,6.4333,79.9958,1,1,28.68,26.15,27.12,0,83.18
1546,2024-08-09,13:03:35,2024,8,9,13,Friday,Mannar,Nanattan,8.9833,79.9667,1,1,30.5,28.02,29.11,0,77.38
1547,2024-08-09,06:58:53,2024,8,9,6,Friday,Galle,Bentota,6.4167,79.9958,1,1,28.91,25.16,26.88,0,82.89
1548,2024-08-08,16:15:17,2024,8,8,16,Thursday,Kurunegala,Ibbagamuwa,7.5,80.4,0,1,30.72,26.22,28.01,0,78.03
1549,2024-08-07,13:27:18,2024,8,7,13,Wednesday,Vavuniya,Nedunkeni,8.9167,80.4667,1,1,29.26,23.07,25.54,0,84.45
1550,2024-08-07,10:42:43,2024,8,7,10,Wednesday,Kalutara,Panadura,6.7133,79.9025,1,1,28.56,25.96,27.12,0,84.68
1551,2024-08-04,19:41:19,2024,8,4,19,Sunday,Badulla,Badulla,6.9934,81.055,0,1,33.68,22.58,27.3,0,74.36
1552,2024-08-04,11:53:41,2024,8,4,11,Sunday,Hambantota,Tissamaharama,6.2833,81.2833,0,1,30.99,27.87,29.41,0,75.5
1553,2024-08-03,17:46:18,2024,8,3,17,Saturday,Colombo,Colombo,6.9271,79.8612,1,1,28.16,25.18,26.5,0,85.65
1555,2024-08-03,08:14:26,2024,8,3,8,Saturday,Ratnapura,Ratnapura,6.6828,80.3992,1,1,28.93,22.7,25.18,0,85.92
1554,2024-08-03,16:12:17,2024,8,3,16,Saturday,Monaragala,Wellawaya,6.7333,81.1,0,1,32.26,22.28,26.49,0,71.75
1557,2024-08-02,14:53:07,2024,8,2,14,Friday,Jaffna,Delft,9.5,79.6833,0,1,31.7,28.4,29.84,0,75.29
1556,2024-08-03,08:01:59,2024,8,3,8,Saturday,Matara,Dickwella,5.9667,80.6833,2,1,29.46,26.28,27.55,0,83.4
1559,2024-08-02,10:42:58,2024,8,2,10,Friday,Colombo,Seeduwa,7.1258,79.8831,0,1,26.2,20.87,23.12,0,88.33
1558,2024-08-02,14:32:37,2024,8,2,14,Friday,Kalutara,Horana,6.7156,80.0644,1,1,28.45,25.68,27.07,0,85.78
1561,2024-08-01,11:21:23,2024,8,1,11,Thursday,Ampara,Maha Oya,7.5,81.3833,1,1,33.14,25.31,28.08,0,77.15
1560,2024-08-01,14:19:49,2024,8,1,14,Thursday,Kilinochchi,Ariyalkulam,9.3667,80.4,1,1,28.98,25.77,27.21,0,86.69
1563,2024-07-31,07:12:48,2024,7,31,7,Wednesday,Colombo,Kelaniya,6.9553,79.9219,1,1,29.92,26.13,27.62,0,84.73
1562,2024-08-01,09:02:48,2024,8,1,9,Thursday,Jaffna,Delft,9.5,79.6833,1,1,30.11,28.38,29.04,0,81.3
1564,2024-07-30,17:04:40,2024,7,30,17,Tuesday,Galle,Yakkalamulla,6.1167,80.25,1,1,32.72,23.09,27.1,0,74.38
1565,2024-07-30,16:25:31,2024,7,30,16,Tuesday,Colombo,Nugegoda,6.8649,79.8997,0,1,32.26,21.6,25.8,0,70.28
1567,2024-07-29,17:15:15,2024,7,29,17,Monday,Galle,Nagoda,6.1333,80.1833,1,2,29.57,25.5,27.34,0,84.69
1566,2024-07-30,11:04:50,2024,7,30,11,Tuesday,Kurunegala,Bamunakotuwa,7.5,80.2833,4,1,33.07,25.98,28.92,0,71.55
1569,2024-07-28,09:59:08,2024,7,28,9,Sunday,Jaffna,Chavakachcheri,9.65,80.1667,1,2,28.8,26.22,27.32,0,89.29
1568,2024-07-28,16:41:42,2024,7,28,16,Sunday,Monaragala,Siyambalanduwa,6.9,81.5333,0,1,26.29,22.1,23.66,0,89.71
1571,2024-07-27,08:25:04,2024,7,27,8,Saturday,Gampaha,Nittambuwa,7.1417,80.0944,1,1,28.67,26.09,27.13,0,88.52
1570,2024-07-28,07:34:41,2024,7,28,7,Sunday,Gampaha,Gampaha,7.0917,79.9997,0,0,31.93,28.6,30.06,0,71.91
1573,2024-07-26,15:32:00,2024,7,26,15,Friday,Galle,Wakwella,6.1,80.1667,2,1,29.03,26.52,27.62,0,87.06
1572,2024-07-27,07:29:26,2024,7,27,7,Saturday,Kandy,Katugastota,7.3167,80.6167,1,0,30.87,24.48,26.71,0,81.6
1574,2024-07-25,14:03:24,2024,7,25,14,Thursday,Hambantota,Hambantota,6.1246,81.1185,0,1,31.84,23.29,26.36,0,68.3
1575,2024-07-24,11:18:54,2024,7,24,11,Wednesday,Hambantota,Sooriyawewa,6.3167,81.0,1,1,34.71,22.81,27.69,0,69.72
1577,2024-07-22,11:50:24,2024,7,22,11,Monday,Colombo,Homagama,6.8408,80.0024,0,0,36.39,25.44,29.68,0,68.03
1576,2024-07-22,17:17:13,2024,7,22,17,Monday,Colombo,Maharagama,6.848,79.9265,0,1,28.44,21.41,23.92,0,84.51
1579,2024-07-20,16:40:38,2024,7,20,16,Saturday,Colombo,Pannipitiya,6.8463,79.9418,0,0,33.66,25.66,28.6,0,75.38
1578,2024-07-21,16:21:55,2024,7,21,16,Sunday,Galle,Baddegama,6.1667,80.1833,0,1,29.07,27.94,28.42,0,86.58
1580,2024-07-20,15:25:33,2024,7,20,15,Saturday,Monaragala,Buttala,6.75,81.2333,0,0,31.1,26.44,28.18,0,83.36
1581,2024-07-20,10:29:50,2024,7,20,10,Saturday,Galle,Galle,6.0535,80.221,1,1,29.0,27.85,28.43,0,87.67
1582,2024-07-20,08:11:26,2024,7,20,8,Saturday,Trincomalee,Muttur,8.45,81.2667,0,0,34.18,27.19,29.91,0,72.21
1584,2024-07-19,18:46:47,2024,7,19,18,Friday,Trincomalee,Muttur,8.45,81.2667,0,0,33.88,26.76,29.68,0,71.24
1583,2024-07-19,21:23:54,2024,7,19,21,Friday,Trincomalee,Muttur,8.45,81.2667,0,0,33.88,26.76,29.68,0,71.24
1585,2024-07-18,18:39:47,2024,7,18,18,Thursday,Kandy,Galagedara,7.3667,80.5333,0,1,28.81,26.55,27.35,0,85.66
1586,2024-07-18,07:50:42,2024,7,18,7,Thursday,Colombo,Colombo,6.9271,79.8612,0,1,28.02,25.35,26.43,0,88.52
1587,2024-07-17,08:54:38,2024,7,17,8,Wednesday,Matara,Akuressa,6.1,80.4833,1,1,28.99,24.01,26.04,0,82.57
1588,2024-07-17,08:16:01,2024,7,17,8,Wednesday,Colombo,Moratuwa,6.773,79.8816,0,1,30.64,28.53,29.41,0,75.85
1589,2024-07-15,22:31:52,2024,7,15,22,Monday,Colombo,Dehiwala,6.8511,79.8636,0,2,28.91,25.93,27.14,0,85.93
1590,2024-07-15,14:13:49,2024,7,15,14,Monday,Polonnaruwa,Dimbulagala,7.9667,81.0,0,2,28.91,25.93,27.14,0,85.93
1591,2024-07-15,11:48:48,2024,7,15,11,Monday,Matara,Kamburupitiya,6.0833,80.5667,1,2,28.91,25.93,27.14,0,85.93
1592,2024-07-14,12:56:10,2024,7,14,12,Sunday,Anuradhapura,Horowpothana,8.55,80.8333,0,1,34.51,24.93,28.83,0,69.35
1593,2024-07-13,18:52:40,2024,7,13,18,Saturday,Kegalle,Hemmathagama,7.2,80.5,0,1,30.88,24.88,27.13,0,80.06
1594,2024-07-13,15:46:05,2024,7,13,15,Saturday,Colombo,Piliyandala,6.8011,79.9231,0,1,27.61,25.39,26.6,0,88.04
1595,2024-07-13,15:03:55,2024,7,13,15,Saturday,Puttalam,Karuwalagaswewa,8.15,79.95,0,1,29.71,26.52,27.68,0,81.42
1597,2024-07-11,15:23:46,2024,7,11,15,Thursday,Kegalle,Mawanella,7.25,80.45,1,1,29.7,26.84,28.03,0,83.84
1596,2024-07-11,18:07:58,2024,7,11,18,Thursday,Colombo,Colombo,6.9271,79.8612,0,1,29.02,25.96,27.25,0,85.92
1599,2024-07-11,06:52:46,2024,7,11,6,Thursday,Matara,Hakmana,6.0667,80.6167,0,1,27.52,21.7,23.92,0,88.35
1598,2024-07-11,12:58:59,2024,7,11,12,Thursday,Polonnaruwa,Hingurakgoda,8.05,80.95,1,1,30.41,28.48,29.31,0,74.76
1600,2024-07-10,15:04:06,2024,7,10,15,Wednesday,Colombo,Colombo,6.9271,79.8612,0,1,29.2,25.44,27.11,0,84.72
1601,2024-07-10,09:29:08,2024,7,10,9,Wednesday,Ratnapura,Ayagama,6.6167,80.3167,1,1,33.74,26.5,29.38,0,73.0
1602,2024-07-09,07:37:00,2024,7,9,7,Tuesday,Hambantota,Meellawa,6.1833,81.05,0,1,30.08,25.72,27.57,0,81.02
1603,2024-07-07,11:26:20,2024,7,7,11,Sunday,Ratnapura,Godakawela,6.5,80.55,1,1,31.16,28.36,29.4,0,76.73
1604,2024-07-06,18:20:46,2024,7,6,18,Saturday,Kalutara,Matugama,6.5219,80.1164,0,1,28.91,24.79,26.76,0,82.67
1605,2024-07-06,09:33:44,2024,7,6,9,Saturday,Jaffna,Delft,9.5,79.6833,0,1,30.82,21.22,25.19,0,77.09
1606,2024-07-05,13:28:28,2024,7,5,13,Friday,Matara,Dickwella,5.9667,80.6833,4,2,31.2,22.42,25.66,0,80.38
1607,2024-07-04,21:49:03,2024,7,4,21,Thursday,Colombo,Colombo,6.9271,79.8612,2,2,29.16,25.67,27.13,0,82.85
1608,2024-07-04,20:34:51,2024,7,4,20,Thursday,Gampaha,Divulapitiya,7.2219,79.9581,2,1,29.96,26.15,27.74,0,82.33
1609,2024-07-04,15:22:47,2024,7,4,15,Thursday,Kalutara,Millaniya,6.6833,80.0333,1,2,29.16,25.67,27.13,0,82.85
1611,2024-07-04,09:44:33,2024,7,4,9,Thursday,Gampaha,Ragama,7.0286,79.9197,1,1,29.96,26.15,27.74,0,82.33
1610,2024-07-04,13:55:59,2024,7,4,13,Thursday,Badulla,Welimada,6.9,80.9,0,2,28.26,23.1,25.25,0,86.96
1612,2024-07-03,21:50:25,2024,7,3,21,Wednesday,Kurunegala,Melsiripura,7.6167,80.5,0,1,27.01,21.59,23.63,0,89.47
1614,2024-07-03,12:50:36,2024,7,3,12,Wednesday,Anuradhapura,Palugaswewa,8.5,80.7833,2,1,27.01,21.59,23.63,0,89.47
1613,2024-07-03,17:49:20,2024,7,3,17,Wednesday,Kalutara,Panadura,6.7133,79.9025,1,1,28.76,26.47,27.44,0,89.72
1616,2024-07-01,11:03:16,2024,7,1,11,Monday,Vavuniya,Vavuniya,8.7514,80.4971,1,1,32.54,26.46,28.91,0,75.71
1615,2024-07-01,12:43:34,2024,7,1,12,Monday,Polonnaruwa,Medirigiriya,8.15,80.9667,1,1,30.03,28.25,28.9,0,77.54
1617,2024-07-01,07:32:13,2024,7,1,7,Monday,Ratnapura,Kiriella,6.75,80.3667,5,1,29.32,25.94,27.5,0,84.32
1618,2024-06-29,23:23:31,2024,6,29,23,Saturday,Trincomalee,Kinniya,8.5,81.1833,1,1,28.39,25.77,26.93,0,88.92
1619,2024-06-29,16:35:30,2024,6,29,16,Saturday,Puttalam,Karuwalagaswewa,8.15,79.95,0,1,30.46,26.55,28.08,0,83.4
1620,2024-06-29,12:15:00,2024,6,29,12,Saturday,Puttalam,Karuwalagaswewa,8.15,79.95,0,1,30.46,26.55,28.08,0,83.4
1621,2024-06-29,09:26:27,2024,6,29,9,Saturday,Ampara,Ampara,7.2975,81.682,0,1,32.41,27.17,29.65,0,73.69
1622,2024-06-27,20:11:58,2024,6,27,20,Thursday,Kalutara,Ingiriya,6.7428,80.1647,1,2,28.62,25.73,26.91,0,89.65
1623,2024-06-27,11:26:14,2024,6,27,11,Thursday,Colombo,Colombo,6.9271,79.8612,7,2,28.62,25.73,26.91,0,89.65
1624,2024-06-26,15:50:52,2024,6,26,15,Wednesday,Kegalle,Dehiowita,6.9833,80.25,0,2,27.73,25.37,26.53,0,86.49
1625,2024-06-26,11:15:48,2024,6,26,11,Wednesday,Gampaha,Dompe,7.0167,80.05,3,1,32.89,26.79,28.89,0,67.12
1626,2024-06-26,06:41:48,2024,6,26,6,Wednesday,Hambantota,Lunugamvehera,6.3167,81.2167,3,1,30.65,28.1,29.24,0,70.47
1627,2024-06-25,18:18:56,2024,6,25,18,Tuesday,Jaffna,Kopay,9.7,80.0333,1,1,29.16,25.67,27.29,0,85.94
1628,2024-06-25,16:26:05,2024,6,25,16,Tuesday,Kurunegala,Melsiripura,7.6167,80.5,0,1,29.16,25.67,27.29,0,85.94
1629,2024-06-24,10:51:52,2024,6,24,10,Monday,Hambantota,Angunakolapelessa,6.1833,80.9167,0,1,31.21,28.28,29.71,0,72.24
1630,2024-06-23,11:13:00,2024,6,23,11,Sunday,Kurunegala,Bamunakotuwa,7.5,80.2833,0,1,28.85,26.18,27.32,0,84.39
1631,2024-06-23,11:14:55,2024,6,23,11,Sunday,Nuwara Eliya,Ginigathhena,6.9833,80.4667,0,1,26.63,21.7,23.53,0,87.66
1632,2024-06-22,16:21:40,2024,6,22,16,Saturday,Gampaha,Minuwangoda,7.1667,79.95,2,1,30.44,23.76,26.19,0,79.76
1633,2024-06-22,09:41:09,2024,6,22,9,Saturday,Gampaha,Veyangoda,7.1542,80.0583,2,2,29.46,26.26,27.49,0,82.09
1635,2024-06-21,12:29:17,2024,6,21,12,Friday,Monaragala,Bibila,6.7667,81.2167,0,1,30.27,22.37,25.43,0,77.27
1634,2024-06-21,14:53:31,2024,6,21,14,Friday,Puttalam,Kalpitiya,8.2333,79.7667,0,1,31.16,26.64,28.56,0,79.02
1637,2024-06-20,11:59:51,2024,6,20,11,Thursday,Anuradhapura,Palugaswewa,8.5,80.7833,0,1,32.51,25.32,28.08,0,78.95
1636,2024-06-20,19:42:20,2024,6,20,19,Thursday,Badulla,Mahiyanganaya,7.3333,81.0,0,1,31.01,22.98,26.04,0,80.12
1639,2024-06-19,15:33:46,2024,6,19,15,Wednesday,Puttalam,Karuwalagaswewa,8.15,79.95,0,1,28.55,26.34,27.2,0,88.26
1638,2024-06-20,07:14:12,2024,6,20,7,Thursday,Kandy,Digana,7.2833,80.75,0,1,29.22,27.2,28.02,0,84.04
1640,2024-06-19,11:11:09,2024,6,19,11,Wednesday,Matara,Malimbada,6.0167,80.5167,0,1,26.12,22.14,23.64,0,90.34
1641,2024-06-16,18:37:29,2024,6,16,18,Sunday,Colombo,Kesbewa,6.7959,79.9383,1,1,31.09,24.45,26.92,0,82.5
1642,2024-06-15,23:01:31,2024,6,15,23,Saturday,Kalutara,Ingiriya,6.7428,80.1647,0,1,26.8,22.35,23.9,0,90.07
1643,2024-06-13,17:18:13,2024,6,13,17,Thursday,Kegalle,Ruwanwella,7.05,80.25,0,1,26.85,21.61,23.8,0,90.2
1644,2024-06-13,07:41:12,2024,6,13,7,Thursday,Kalutara,Matugama,6.5219,80.1164,0,1,29.22,27.6,28.28,0,87.12
1645,2024-06-12,16:20:50,2024,6,12,16,Wednesday,Monaragala,Bibila,6.7667,81.2167,3,1,29.75,23.15,25.65,0,83.71
1646,2024-06-12,10:19:43,2024,6,12,10,Wednesday,Colombo,Kottawa,6.8412,79.9653,0,1,28.94,26.3,27.33,0,86.62
1647,2024-06-11,15:20:27,2024,6,11,15,Tuesday,Gampaha,Attanagalla,7.1125,80.0056,0,1,26.37,22.07,23.72,0,90.43
1648,2024-06-11,11:01:30,2024,6,11,11,Tuesday,Gampaha,Peliyagoda,6.9556,79.8864,0,1,28.96,26.4,27.45,0,87.54
1649,2024-06-11,09:43:46,2024,6,11,9,Tuesday,Matale,Naula,7.7,80.65,2,0,30.12,24.48,26.56,0,83.91
1650,2024-06-09,18:53:24,2024,6,9,18,Sunday,Matale,Sigiriya,7.9575,80.7603,0,2,28.56,26.49,27.24,0,88.51
1651,2024-06-09,12:37:59,2024,6,9,12,Sunday,Colombo,Colombo,6.9271,79.8612,0,2,28.56,26.49,27.24,0,88.51
1652,2024-06-09,12:29:41,2024,6,9,12,Sunday,Kegalle,Warakapola,7.2167,80.2,0,1,25.9,22.34,23.58,0,91.32
1653,2024-06-08,15:29:37,2024,6,8,15,Saturday,Colombo,Mount Lavinia,6.8389,79.8636,1,1,31.08,23.91,26.77,0,80.74
1654,2024-06-08,07:05:52,2024,6,8,7,Saturday,Kurunegala,Mahawa,7.8,80.3167,2,1,29.27,26.21,27.43,0,85.75
1655,2024-06-07,12:41:06,2024,6,7,12,Friday,Jaffna,Paranthan,9.4333,80.4167,0,1,26.46,22.01,23.73,0,90.48
1656,2024-06-07,11:12:41,2024,6,7,11,Friday,Gampaha,Mirigama,7.2417,80.1236,0,1,26.46,22.01,23.73,0,90.48
1657,2024-06-06,12:46:34,2024,6,6,12,Thursday,Colombo,Kelaniya,6.9553,79.9219,1,1,29.21,25.96,27.39,0,87.28
1658,2024-06-05,15:34:35,2024,6,5,15,Wednesday,Galle,Neluwa,6.35,80.3833,0,1,30.83,28.39,29.55,0,80.42
1659,2024-06-02,13:58:02,2024,6,2,13,Sunday,Nuwara Eliya,Dimbula,6.9333,80.6,0,2,29.25,23.42,25.77,0,84.49
1660,2024-06-02,13:33:10,2024,6,2,13,Sunday,Kalutara,Panadura,6.7133,79.9025,1,3,28.31,26.0,27.15,0,88.65
1661,2024-05-31,12:45:26,2024,5,31,12,Friday,Kegalle,Kegalle,7.2513,80.3464,0,2,28.8,26.4,27.46,0,89.54
1662,2024-05-29,21:24:26,2024,5,29,21,Wednesday,Badulla,Passara,6.9333,81.15,1,1,30.54,24.34,26.68,0,80.86
1663,2024-05-29,14:58:59,2024,5,29,14,Wednesday,Badulla,Haputale,6.7667,80.95,1,1,29.12,24.74,26.37,0,87.98
1664,2024-05-29,08:13:57,2024,5,29,8,Wednesday,Kalutara,Beruwala,6.4789,79.9828,3,1,29.32,26.95,27.86,0,87.98
1665,2024-05-28,10:22:46,2024,5,28,10,Tuesday,Gampaha,Veyangoda,7.1542,80.0583,1,2,29.39,26.34,27.6,0,85.1
1667,2024-05-23,16:06:01,2024,5,23,16,Thursday,Puttalam,Chilaw,7.5758,79.7953,1,2,29.89,27.54,28.22,0,85.01
1666,2024-05-26,10:42:39,2024,5,26,10,Sunday,Kurunegala,Galgamuwa,8.0167,80.2833,13,1,30.65,27.53,28.65,0,83.94
1669,2024-05-22,18:02:43,2024,5,22,18,Wednesday,Nuwara Eliya,Talawakele,6.9333,80.65,0,2,25.91,23.03,24.09,0,90.54
1668,2024-05-23,07:30:36,2024,5,23,7,Thursday,Nuwara Eliya,Maskeliya,6.8333,80.5667,0,2,26.58,23.11,24.35,0,90.54
1670,2024-05-22,11:17:37,2024,5,22,11,Wednesday,Kurunegala,Kuliyapitiya,7.4708,80.04,0,2,29.42,27.66,28.33,0,84.87
1671,2024-05-21,13:27:03,2024,5,21,13,Tuesday,Matale,Laggala,7.5667,80.8,0,1,30.62,26.65,28.55,0,82.48
1672,2024-05-21,12:31:03,2024,5,21,12,Tuesday,Kurunegala,Kuliyapitiya,7.4708,80.04,0,1,31.39,27.04,29.01,0,80.95
1673,2024-05-21,08:43:25,2024,5,21,8,Tuesday,Nuwara Eliya,Ambewela,6.8667,80.8167,0,1,31.15,22.78,26.4,0,82.0
1674,2024-05-20,16:30:26,2024,5,20,16,Monday,Jaffna,Jaffna,9.6615,80.0255,0,2,30.36,28.52,29.47,0,80.16
1675,2024-05-20,07:36:00,2024,5,20,7,Monday,Colombo,Ja-Ela,7.0744,79.8919,0,2,30.45,26.32,28.02,0,85.52
1676,2024-05-18,19:17:11,2024,5,18,19,Saturday,Galle,Udugama,6.2833,80.3667,0,3,29.1,26.44,27.64,0,87.33
1677,2024-05-18,07:10:50,2024,5,18,7,Saturday,Colombo,Dehiwala,6.8511,79.8636,0,3,29.1,26.44,27.64,0,87.33
1678,2024-05-17,07:02:09,2024,5,17,7,Friday,Kurunegala,Ridigama,7.5,80.4667,0,2,28.41,23.73,25.76,0,89.91
1679,2024-05-15,22:41:38,2024,5,15,22,Wednesday,Badulla,Diyatalawa,6.8167,80.9667,0,2,30.39,24.35,26.5,0,82.41
1680,2024-05-14,20:07:14,2024,5,14,20,Tuesday,Jaffna,Jaffna,9.6615,80.0255,0,2,31.65,29.23,30.38,0,73.37
1681,2024-05-13,18:44:04,2024,5,13,18,Monday,Matara,Matara,5.9485,80.5353,1,2,30.93,27.32,28.98,0,79.81
1682,2024-05-12,19:43:05,2024,5,12,19,Sunday,Matale,Dambulla,7.8675,80.6522,1,2,35.18,25.1,29.49,0,74.68
1683,2024-05-11,18:48:35,2024,5,11,18,Saturday,Ratnapura,Ratnapura,6.6828,80.3992,0,2,30.86,23.96,26.85,0,85.38
1684,2024-05-11,16:16:31,2024,5,11,16,Saturday,Matale,Sigiriya,7.9575,80.7603,0,2,29.14,22.1,25.09,0,83.26
1686,2024-05-11,08:27:49,2024,5,11,8,Saturday,Badulla,Badulla,6.9934,81.055,0,2,31.42,24.1,27.12,0,79.64
1685,2024-05-11,11:31:44,2024,5,11,11,Saturday,Matale,Dambulla,7.8675,80.6522,0,2,34.54,24.35,29.16,0,70.31
1687,2024-05-08,07:08:20,2024,5,8,7,Wednesday,Gampaha,Biyagama,6.95,79.9833,0,2,31.25,27.69,29.06,0,83.49
1688,2024-05-07,16:48:08,2024,5,7,16,Tuesday,Kandy,Galagedara,7.3667,80.5333,0,2,30.6,27.75,28.92,0,86.95
1689,2024-05-06,09:38:00,2024,5,6,9,Monday,Matara,Matara,5.9485,80.5353,0,2,31.76,28.68,29.94,0,81.08
1690,2024-05-03,14:56:18,2024,5,3,14,Friday,Ampara,Ampara,7.2975,81.682,0,1,33.19,28.45,30.71,0,79.1
1692,2024-04-29,12:07:55,2024,4,29,12,Monday,Colombo,Colombo,6.9271,79.8612,0,2,30.85,27.32,28.86,0,83.97
1691,2024-05-01,18:18:57,2024,5,1,18,Wednesday,Jaffna,Jaffna,9.6615,80.0255,1,1,33.27,29.83,31.5,0,75.8
1693,2024-04-26,09:24:32,2024,4,26,9,Friday,Kurunegala,Galgamuwa,8.0167,80.2833,0,0,36.87,27.06,31.41,0,61.14
1694,2024-04-24,17:07:05,2024,4,24,17,Wednesday,Colombo,Colombo,6.9271,79.8612,0,2,30.89,26.93,28.67,0,82.8
1695,2024-04-24,14:02:43,2024,4,24,14,Wednesday,Badulla,Diyatalawa,6.8167,80.9667,0,1,34.66,23.68,28.41,0,73.72
1696,2024-04-23,21:37:23,2024,4,23,21,Tuesday,Badulla,Diyatalawa,6.8167,80.9667,0,1,33.92,24.15,28.1,0,75.95
1697,2024-04-23,11:14:26,2024,4,23,11,Tuesday,Matara,Matara,5.9485,80.5353,0,2,31.04,27.16,28.82,0,81.98
1698,2024-04-22,23:19:23,2024,4,22,23,Monday,Matara,Matara,5.9485,80.5353,0,1,30.55,27.84,28.88,0,84.05
1699,2024-04-22,20:09:52,2024,4,22,20,Monday,Matara,Matara,5.9485,80.5353,0,1,30.55,27.84,28.88,0,84.05
1700,2024-04-22,19:52:52,2024,4,22,19,Monday,Trincomalee,Kantale,8.35,81.0,1,1,33.43,27.75,30.33,0,73.73
1701,2024-04-22,18:16:18,2024,4,22,18,Monday,Badulla,Diyatalawa,6.8167,80.9667,0,1,33.98,23.46,28.12,0,72.96
1702,2024-04-22,08:55:11,2024,4,22,8,Monday,Badulla,Diyatalawa,6.8167,80.9667,0,1,33.98,23.46,28.12,0,72.96
1704,2024-04-22,07:09:32,2024,4,22,7,Monday,Matara,Matara,5.9485,80.5353,0,1,30.55,27.84,28.88,0,84.05
1703,2024-04-22,07:54:24,2024,4,22,7,Monday,Jaffna,Jaffna,9.6615,80.0255,0,1,33.3,29.41,31.38,0,69.92
1705,2024-04-21,16:39:14,2024,4,21,16,Sunday,Galle,Elpitiya,6.2833,80.1667,0,1,29.45,29.07,29.33,0,84.14
1706,2024-04-21,15:38:02,2024,4,21,15,Sunday,Badulla,Diyatalawa,6.8167,80.9667,7,1,34.09,23.97,27.96,0,74.53
1707,2024-04-21,11:38:54,2024,4,21,11,Sunday,Ampara,Kalmunai,7.4167,81.8333,3,1,30.51,28.91,29.6,0,81.85
1708,2024-04-20,16:56:10,2024,4,20,16,Saturday,Galle,Batapola,6.2,80.1167,0,1,37.1,26.08,30.75,0,71.51
1709,2024-04-17,21:43:31,2024,4,17,21,Wednesday,Nuwara Eliya,Norwood,6.85,80.6167,0,1,29.29,28.3,28.91,0,82.71
1711,2024-04-15,20:20:48,2024,4,15,20,Monday,Ampara,Maha Oya,7.5,81.3833,23,2,29.54,28.55,29.26,0,82.45
1710,2024-04-16,08:09:15,2024,4,16,8,Tuesday,Badulla,Bandarawela,6.8325,80.9886,0,1,30.71,23.47,26.31,0,84.3
1712,2024-04-15,10:06:04,2024,4,15,10,Monday,Colombo,Ratmalana,6.8181,79.8867,10,2,29.54,28.55,29.26,0,82.45
1714,2024-04-13,17:53:06,2024,4,13,17,Saturday,Badulla,Bandarawela,6.8325,80.9886,0,2,31.32,21.66,25.98,0,82.49
1713,2024-04-14,15:43:03,2024,4,14,15,Sunday,Badulla,Badulla,6.9934,81.055,2,1,30.09,22.95,26.0,0,86.58
1715,2024-04-13,07:28:41,2024,4,13,7,Saturday,Trincomalee,Nilaveli,8.6833,81.1833,0,2,29.29,27.9,28.63,0,80.29
1716,2024-04-12,16:11:29,2024,4,12,16,Friday,Monaragala,Wellawaya,6.7333,81.1,0,2,29.64,22.78,25.55,0,86.29
1717,2024-04-10,11:42:38,2024,4,10,11,Wednesday,Mullaitivu,Mullaitivu,9.267,80.8144,2,0,31.84,28.11,29.8,0,74.62
1718,2024-04-09,14:39:02,2024,4,9,14,Tuesday,Monaragala,Medagama,6.75,81.15,0,1,30.63,20.31,24.67,0,77.03
1719,2024-04-09,10:14:11,2024,4,9,10,Tuesday,Colombo,Mulleriyawa,6.9333,79.9333,0,1,34.02,26.0,29.65,0,69.1
1720,2024-04-09,07:20:20,2024,4,9,7,Tuesday,Kurunegala,Bamunakotuwa,7.5,80.2833,1,1,34.02,26.0,29.65,0,69.1
1721,2024-04-08,15:59:14,2024,4,8,15,Monday,Monaragala,Siyambalanduwa,6.9,81.5333,1,1,37.42,26.17,30.68,0,67.54
1723,2024-04-06,07:30:57,2024,4,6,7,Saturday,Gampaha,Nittambuwa,7.1417,80.0944,1,1,31.22,27.5,28.92,0,82.06
1722,2024-04-07,16:56:27,2024,4,7,16,Sunday,Batticaloa,Eravur,7.7667,81.6,1,0,32.64,28.4,30.05,0,74.8
1724,2024-04-04,18:11:44,2024,4,4,18,Thursday,Kurunegala,Dambadeniya,7.3667,80.1333,35,1,30.16,29.44,29.74,0,82.81
1725,2024-04-03,19:25:51,2024,4,3,19,Wednesday,Ratnapura,Ratnapura,6.6828,80.3992,0,2,31.66,23.9,26.98,0,84.87
1726,2024-04-02,07:23:12,2024,4,2,7,Tuesday,Colombo,Boralesgamuwa,6.8394,79.9024,1,2,31.0,21.76,25.61,0,80.33
1727,2024-04-01,17:31:07,2024,4,1,17,Monday,Kalutara,Wadduwa,6.6667,79.925,1,1,34.93,22.15,28.1,0,71.51
1728,2024-03-31,14:50:54,2024,3,31,14,Sunday,Ratnapura,Embilipitiya,6.3417,80.85,1,1,32.17,23.08,26.97,0,82.29
1729,2024-03-31,07:07:06,2024,3,31,7,Sunday,Gampaha,Ragama,7.0286,79.9197,2,1,31.4,26.03,28.54,0,76.58
1730,2024-03-30,14:07:18,2024,3,30,14,Saturday,Ampara,Kalmunai,7.4167,81.8333,0,1,30.79,27.67,29.02,0,76.34
1732,2024-03-29,07:42:01,2024,3,29,7,Friday,Monaragala,Buttala,6.75,81.2333,0,2,29.61,28.37,28.99,0,84.07
1731,2024-03-29,21:31:47,2024,3,29,21,Friday,Kandy,Pilimathalawa,7.2167,80.5667,0,2,29.61,28.37,28.99,0,84.07
1733,2024-03-28,21:45:49,2024,3,28,21,Thursday,Kurunegala,Alawwa,7.3,80.2333,4,1,35.47,24.37,29.71,0,69.99
1734,2024-03-28,18:07:52,2024,3,28,18,Thursday,Nuwara Eliya,Hatton,6.8917,80.5958,0,1,30.92,19.76,24.79,0,80.45
1735,2024-03-27,17:25:43,2024,3,27,17,Wednesday,Kurunegala,Alawwa,7.3,80.2333,4,1,30.73,25.85,27.99,0,78.97
1736,2024-03-27,15:17:20,2024,3,27,15,Wednesday,Matale,Hasalaka,7.35,80.8833,0,1,30.0,29.55,29.74,0,82.02
1738,2024-03-27,08:59:11,2024,3,27,8,Wednesday,Kurunegala,Pannala,7.3167,79.9333,0,1,32.1,25.88,28.57,0,73.2
1737,2024-03-27,12:29:17,2024,3,27,12,Wednesday,Jaffna,Kopay,9.7,80.0333,0,1,30.81,22.6,25.94,0,84.35
1739,2024-03-26,07:39:44,2024,3,26,7,Tuesday,Colombo,Kottawa,6.8412,79.9653,1,1,32.2,24.17,28.33,0,71.84
1740,2024-03-25,19:12:18,2024,3,25,19,Monday,Ampara,Ampara,7.2975,81.682,0,1,30.37,27.4,28.66,0,77.66
1741,2024-03-24,10:21:32,2024,3,24,10,Sunday,Colombo,Wattala,6.9897,79.8919,0,1,29.44,28.64,29.08,0,79.88
1742,2024-03-23,20:19:54,2024,3,23,20,Saturday,Matale,Naula,7.7,80.65,0,1,29.49,28.12,28.77,0,78.78
1744,2024-03-23,11:14:36,2024,3,23,11,Saturday,Puttalam,Kalpitiya,8.2333,79.7667,0,1,29.49,28.12,28.77,0,78.78
1745,2024-03-22,12:07:05,2024,3,22,12,Friday,Anuradhapura,Kekirawa,8.0333,80.6,1,2,33.3,24.84,27.88,0,81.74
1743,2024-03-23,18:07:46,2024,3,23,18,Saturday,Kandy,Kandy,7.2906,80.6337,0,1,31.65,23.21,26.46,0,83.79
1746,2024-03-20,11:50:20,2024,3,20,11,Wednesday,Matale,Wilgamuwa,7.5667,80.8333,1,1,34.72,20.69,27.19,0,73.96
1747,2024-03-17,19:51:29,2024,3,17,19,Sunday,Anuradhapura,Rajanganaya,8.15,80.2167,0,1,30.38,29.3,29.94,0,80.3
1749,2024-03-14,17:40:49,2024,3,14,17,Thursday,Batticaloa,Batticaloa,7.7102,81.6924,0,0,30.27,26.57,28.13,0,73.9
1748,2024-03-17,08:23:23,2024,3,17,8,Sunday,Kandy,Peradeniya,7.26,80.6,1,0,31.7,17.36,24.23,0,75.94
1751,2024-03-11,22:37:34,2024,3,11,22,Monday,Ratnapura,Balangoda,6.65,80.7,0,0,30.87,19.5,24.9,0,80.65
1750,2024-03-12,17:37:23,2024,3,12,17,Tuesday,Gampaha,Gampaha,7.0917,79.9997,0,2,29.66,28.79,29.15,0,83.87
1752,2024-03-11,08:45:39,2024,3,11,8,Monday,Jaffna,Kayts,9.7,79.85,1,0,33.11,23.12,27.49,0,75.22
1753,2024-03-10,14:40:23,2024,3,10,14,Sunday,Batticaloa,Chenkalady,7.7833,81.6,3,0,31.88,20.09,25.37,0,80.69
1754,2024-03-09,20:34:43,2024,3,9,20,Saturday,Monaragala,Medagama,6.75,81.15,3,0,32.05,19.48,25.25,0,80.46
1755,2024-03-09,06:34:48,2024,3,9,6,Saturday,Anuradhapura,Padaviya,8.8,80.7667,3,0,32.05,19.48,25.25,0,80.46
1756,2024-03-07,20:08:40,2024,3,7,20,Thursday,Batticaloa,Valaichchenai,7.9167,81.5333,0,1,29.0,27.93,28.36,0,82.61
1757,2024-03-07,17:56:06,2024,3,7,17,Thursday,Galle,Udugama,6.2833,80.3667,3,0,29.58,20.0,24.09,0,81.4
1758,2024-03-07,13:12:39,2024,3,7,13,Thursday,Anuradhapura,Medawachchiya,8.5333,80.5,0,0,29.22,21.03,24.6,0,85.0
1759,2024-03-06,15:54:18,2024,3,6,15,Wednesday,Ratnapura,Ratnapura,6.6828,80.3992,0,1,29.71,23.18,25.5,0,87.25
1760,2024-03-06,09:05:21,2024,3,6,9,Wednesday,Hambantota,Waligatta,6.2,81.0333,3,0,30.27,20.52,24.75,0,84.32
1761,2024-03-05,15:57:35,2024,3,5,15,Tuesday,Kilinochchi,Pallai,9.4667,80.4167,1,0,30.97,19.66,24.93,0,83.82
1762,2024-03-05,07:30:52,2024,3,5,7,Tuesday,Trincomalee,Muttur,8.45,81.2667,7,2,29.26,28.95,29.08,0,81.86
1763,2024-03-04,07:12:34,2024,3,4,7,Monday,Anuradhapura,Padaviya,8.8,80.7667,0,2,29.31,28.86,29.07,0,79.6
1764,2024-03-03,22:07:33,2024,3,3,22,Sunday,Matale,Ukuwela,7.4667,80.65,0,0,30.05,19.66,24.45,0,85.17
1765,2024-03-03,12:03:01,2024,3,3,12,Sunday,Colombo,Boralesgamuwa,6.8394,79.9024,0,1,29.28,28.77,28.94,0,78.66
1766,2024-03-03,07:05:41,2024,3,3,7,Sunday,Mullaitivu,Mallavi,9.1167,80.2333,0,0,29.69,26.03,27.61,0,74.92
1767,2024-03-02,11:30:15,2024,3,2,11,Saturday,Jaffna,Chavakachcheri,9.65,80.1667,1,0,29.95,26.25,27.91,0,73.91
1768,2024-03-02,08:55:10,2024,3,2,8,Saturday,Kegalle,Kitulgala,6.9833,80.4167,0,0,28.84,20.34,23.96,0,87.05
1769,2024-03-01,18:23:44,2024,3,1,18,Friday,Jaffna,Chavakachcheri,9.65,80.1667,1,0,29.58,26.63,27.87,0,75.38
1770,2024-03-01,17:00:40,2024,3,1,17,Friday,Kegalle,Kitulgala,6.9833,80.4167,0,0,28.91,20.97,24.27,0,87.23
1771,2024-03-01,07:11:52,2024,3,1,7,Friday,Gampaha,Kelaniya,6.9553,79.9219,1,1,28.49,26.61,27.46,0,81.16
1772,2024-02-29,19:53:45,2024,2,29,19,Thursday,Badulla,Diyatalawa,6.8167,80.9667,0,3,28.74,28.37,28.58,0,83.08
1773,2024-02-29,08:41:06,2024,2,29,8,Thursday,Monaragala,Monaragala,6.8728,81.3505,0,0,28.83,21.17,24.3,0,87.58
1774,2024-02-28,23:29:29,2024,2,28,23,Wednesday,Vavuniya,Chettikulam,8.8,80.45,1,0,31.43,24.25,27.1,0,80.66
1775,2024-02-27,14:02:09,2024,2,27,14,Tuesday,Kalutara,Millaniya,6.6833,80.0333,2,1,30.19,27.55,28.65,0,83.79
1776,2024-02-26,06:58:30,2024,2,26,6,Monday,Anuradhapura,Mihintale,8.35,80.5167,1,1,28.79,21.87,24.83,0,89.86
1777,2024-02-24,16:27:13,2024,2,24,16,Saturday,Mullaitivu,Pudukudiyiruppu,9.2333,80.75,1,1,30.7,22.27,25.85,0,86.58
1778,2024-02-24,11:05:07,2024,2,24,11,Saturday,Kandy,Kundasale,7.2833,80.7,1,1,30.29,25.43,27.75,0,79.65
1779,2024-02-23,18:04:22,2024,2,23,18,Friday,Matale,Rattota,7.5333,80.7,0,1,28.8,27.98,28.32,0,81.42
1780,2024-02-23,10:22:44,2024,2,23,10,Friday,Colombo,Ja-Ela,7.0744,79.8919,0,1,28.8,27.98,28.32,0,81.42
1781,2024-02-22,20:14:05,2024,2,22,20,Thursday,Mullaitivu,Oddusuddan,9.15,80.6333,0,2,28.8,28.24,28.54,0,79.86
1783,2024-02-22,13:21:27,2024,2,22,13,Thursday,Kandy,Kandy,7.2906,80.6337,0,0,30.23,23.13,26.02,0,85.89
1782,2024-02-22,19:42:29,2024,2,22,19,Thursday,Badulla,Kandeketiya,7.05,81.1,0,0,30.23,23.13,26.02,0,85.89
1785,2024-02-22,08:02:36,2024,2,22,8,Thursday,Anuradhapura,Galenbindunuwewa,8.2833,80.6167,0,2,28.8,28.24,28.54,0,79.86
1784,2024-02-22,12:23:19,2024,2,22,12,Thursday,Jaffna,Jaffna,9.6615,80.0255,1,0,29.52,25.7,27.86,0,78.94
1786,2024-02-21,11:56:08,2024,2,21,11,Wednesday,Mannar,Mannar,8.9779,79.912,0,2,29.01,28.35,28.64,0,86.64
1788,2024-02-20,08:17:42,2024,2,20,8,Tuesday,Ratnapura,Pelmadulla,6.6167,80.55,1,1,30.44,21.23,25.61,0,86.94
1787,2024-02-21,09:03:26,2024,2,21,9,Wednesday,Colombo,Battaramulla,6.8989,79.9181,1,1,31.1,25.09,27.56,0,82.21
1789,2024-02-20,07:54:44,2024,2,20,7,Tuesday,Kalutara,Payagala,6.5167,79.9833,3,0,31.34,23.21,26.87,0,84.43
1790,2024-02-19,10:01:11,2024,2,19,10,Monday,Colombo,Piliyandala,6.8011,79.9231,2,1,30.96,23.61,26.94,0,81.11
1792,2024-02-18,19:43:42,2024,2,18,19,Sunday,Nuwara Eliya,Ginigathhena,6.9833,80.4667,0,0,27.51,18.55,22.44,0,87.23
1793,2024-02-18,14:04:38,2024,2,18,14,Sunday,Colombo,Colombo,6.9271,79.8612,0,0,30.77,23.1,26.51,0,80.38
1791,2024-02-18,23:04:48,2024,2,18,23,Sunday,Colombo,Colombo,6.9271,79.8612,0,0,30.77,23.1,26.51,0,80.38
1794,2024-02-18,11:29:31,2024,2,18,11,Sunday,Jaffna,Paranthan,9.4333,80.4167,4,0,28.78,25.71,27.14,0,78.71
1795,2024-02-17,13:32:02,2024,2,17,13,Saturday,Colombo,Kadawatha,7.0,79.95,0,1,30.83,23.91,26.83,0,83.28
1796,2024-02-17,09:16:22,2024,2,17,9,Saturday,Matale,Dambulla,7.8675,80.6522,1,0,29.82,22.79,25.64,0,85.79
1797,2024-02-16,18:41:14,2024,2,16,18,Friday,Nuwara Eliya,Talawakele,6.9333,80.65,0,1,27.17,21.26,23.83,0,92.29
1798,2024-02-15,11:45:06,2024,2,15,11,Thursday,Mullaitivu,Vellankulam,9.2667,80.3167,1,1,28.59,21.67,24.3,0,87.57
1799,2024-02-15,09:04:15,2024,2,15,9,Thursday,Ampara,Pottuvil,6.8667,81.8333,15,1,29.18,24.55,26.37,0,82.71
1800,2024-02-14,21:00:24,2024,2,14,21,Wednesday,Trincomalee,Kantale,8.35,81.0,2,0,28.72,26.64,27.45,0,77.58
1801,2024-02-13,07:53:36,2024,2,13,7,Tuesday,Hambantota,Tangalle,6.0242,80.7944,0,1,28.78,26.82,27.65,0,83.38
1803,2024-02-12,17:20:03,2024,2,12,17,Monday,Colombo,Colombo,6.9271,79.8612,1,1,30.59,23.06,26.38,0,83.38
1802,2024-02-13,07:09:02,2024,2,13,7,Tuesday,Ratnapura,Kalawana,6.5167,80.4,0,1,29.64,22.94,25.74,0,88.68
1805,2024-02-12,15:52:48,2024,2,12,15,Monday,Anuradhapura,Medawachchiya,8.5333,80.5,0,0,28.47,25.83,27.0,0,76.17
1806,2024-02-12,11:13:56,2024,2,12,11,Monday,Nuwara Eliya,Norwood,6.85,80.6167,1,0,28.47,25.83,27.0,0,76.17
1804,2024-02-12,16:49:08,2024,2,12,16,Monday,Matale,Naula,7.7,80.65,1,1,29.43,22.04,25.2,0,87.32
1807,2024-02-12,07:41:59,2024,2,12,7,Monday,Ampara,Thirukkovil,6.8333,81.8,0,0,28.96,28.62,28.82,0,82.05
1808,2024-02-11,23:21:33,2024,2,11,23,Sunday,Ratnapura,Ratnapura,6.6828,80.3992,0,0,28.32,19.61,23.53,0,85.1
1809,2024-02-11,23:09:23,2024,2,11,23,Sunday,Matara,Kamburupitiya,6.0833,80.5667,1,0,29.5,22.54,25.55,0,81.06
1810,2024-02-11,15:57:49,2024,2,11,15,Sunday,Mannar,Nanattan,8.9833,79.9667,0,0,29.65,21.88,25.42,0,80.93
1811,2024-02-10,07:52:47,2024,2,10,7,Saturday,Colombo,Colombo,6.9271,79.8612,0,0,30.08,22.37,25.65,0,81.03
1812,2024-02-10,06:58:43,2024,2,10,6,Saturday,Galle,Ambalangoda,6.2354,80.0538,2,1,28.79,26.23,27.39,0,75.86
1813,2024-02-09,10:59:57,2024,2,9,10,Friday,Nuwara Eliya,Ragala,6.9167,80.8,0,0,28.68,25.18,26.81,0,80.77
1814,2024-02-08,22:20:44,2024,2,8,22,Thursday,Mannar,Pallimunai,8.95,79.8833,1,0,28.41,24.7,26.41,0,81.06
1816,2024-02-08,15:51:00,2024,2,8,15,Thursday,Puttalam,Karuwalagaswewa,8.15,79.95,0,1,28.46,27.94,28.12,0,83.82
1817,2024-02-08,09:39:02,2024,2,8,9,Thursday,Kalutara,Millaniya,6.6833,80.0333,0,1,28.46,27.94,28.12,0,83.82
1818,2024-02-08,07:18:29,2024,2,8,7,Thursday,Kurunegala,Alawwa,7.3,80.2333,0,1,28.46,27.94,28.12,0,83.82
1815,2024-02-08,20:22:14,2024,2,8,20,Thursday,Kalutara,Kalutara,6.5854,79.9607,0,1,28.46,27.94,28.12,0,83.82
1819,2024-02-07,20:49:57,2024,2,7,20,Wednesday,Jaffna,Chavakachcheri,9.65,80.1667,1,0,29.56,17.4,23.1,0,83.49
1820,2024-02-07,06:57:53,2024,2,7,6,Wednesday,Badulla,Meegahakiwula,7.0667,81.05,0,1,29.14,28.38,28.9,0,80.82
1821,2024-02-06,11:49:33,2024,2,6,11,Tuesday,Nuwara Eliya,Bogawantalawa,6.8,80.6667,1,0,27.63,18.64,22.75,0,88.52
1822,2024-02-06,10:23:55,2024,2,6,10,Tuesday,Matale,Dambulla,7.8675,80.6522,2,0,28.58,20.64,23.94,0,85.61
1823,2024-02-05,13:30:46,2024,2,5,13,Monday,Kandy,Gampola,7.1647,80.5767,1,1,29.01,21.44,24.69,0,89.87
1824,2024-02-05,11:31:25,2024,2,5,11,Monday,Puttalam,Puttalam,8.0362,79.8283,1,1,30.09,23.67,26.45,0,85.13
1825,2024-02-05,09:04:20,2024,2,5,9,Monday,Ratnapura,Embilipitiya,6.3417,80.85,0,1,29.86,22.21,25.37,0,87.79
1826,2024-02-04,15:54:06,2024,2,4,15,Sunday,Monaragala,Kataragama,6.4167,81.3333,0,2,28.5,26.22,27.24,0,87.54
1827,2024-01-31,17:49:50,2024,1,31,17,Wednesday,Nuwara Eliya,Hatton,6.8917,80.5958,0,2,28.14,19.57,23.21,0,90.2
1828,2024-01-31,09:21:58,2024,1,31,9,Wednesday,Puttalam,Wennappuwa,7.35,79.8333,0,1,28.26,27.75,27.99,0,85.87
1829,2024-01-30,18:55:40,2024,1,30,18,Tuesday,Kurunegala,Mawathagama,7.4167,80.45,2,2,28.67,26.55,27.53,0,83.62
1830,2024-01-30,14:28:49,2024,1,30,14,Tuesday,Kalutara,Horana,6.7156,80.0644,0,2,29.49,24.64,26.8,0,86.38
1831,2024-01-30,12:47:08,2024,1,30,12,Tuesday,Anuradhapura,Mihintale,8.35,80.5167,0,1,29.32,23.63,26.04,0,86.27
1832,2024-01-29,19:26:59,2024,1,29,19,Monday,Jaffna,Chavakachcheri,9.65,80.1667,2,1,28.84,26.1,27.32,0,87.65
1834,2024-01-29,12:48:20,2024,1,29,12,Monday,Hambantota,Okanda,6.65,81.7167,2,1,28.84,26.1,27.32,0,87.65
1833,2024-01-29,13:21:52,2024,1,29,13,Monday,Matale,Pallepola,7.5833,80.6,0,1,28.18,27.54,27.87,0,79.45
1835,2024-01-28,20:41:52,2024,1,28,20,Sunday,Badulla,Ridimaliyadda,7.1667,81.15,1,1,28.9,25.96,27.22,0,86.44
1836,2024-01-28,15:39:08,2024,1,28,15,Sunday,Kurunegala,Giriulla,7.3333,80.1333,0,1,28.32,27.4,27.84,0,73.48
1837,2024-01-28,08:59:29,2024,1,28,8,Sunday,Kurunegala,Bamunakotuwa,7.5,80.2833,0,0,27.86,25.27,26.55,0,76.78
1838,2024-01-28,07:06:29,2024,1,28,7,Sunday,Kurunegala,Melsiripura,7.6167,80.5,1,0,29.03,22.74,25.56,0,84.1
1839,2024-01-27,21:30:02,2024,1,27,21,Saturday,Kurunegala,Pannala,7.3167,79.9333,0,1,28.68,25.1,26.84,0,83.68
1840,2024-01-27,17:57:37,2024,1,27,17,Saturday,Kandy,Kandy,7.2906,80.6337,1,1,27.58,17.8,22.65,0,90.31
1841,2024-01-27,14:04:06,2024,1,27,14,Saturday,Polonnaruwa,Dimbulagala,7.9667,81.0,1,0,29.07,21.06,25.05,0,82.56
1843,2024-01-27,10:18:30,2024,1,27,10,Saturday,Kurunegala,Giriulla,7.3333,80.1333,3,1,27.58,17.8,22.65,0,90.31
1842,2024-01-27,13:47:03,2024,1,27,13,Saturday,Trincomalee,Kinniya,8.5,81.1833,0,0,28.05,27.38,27.71,0,77.67
1844,2024-01-27,07:24:38,2024,1,27,7,Saturday,Anuradhapura,Palugaswewa,8.5,80.7833,1,0,29.07,21.06,25.05,0,82.56
1845,2024-01-26,20:01:00,2024,1,26,20,Friday,Kalutara,Ingiriya,6.7428,80.1647,1,0,29.84,22.13,26.06,0,74.13
1846,2024-01-26,16:08:35,2024,1,26,16,Friday,Anuradhapura,Kahatagasdigiliya,8.4667,80.5833,1,0,27.78,24.73,26.17,0,70.63
1847,2024-01-26,13:52:39,2024,1,26,13,Friday,Trincomalee,Seruwila,8.5,81.3,1,0,28.93,20.97,24.61,0,80.59
1848,2024-01-26,11:32:09,2024,1,26,11,Friday,Gampaha,Katunayake,7.1697,79.8844,1,0,29.37,20.68,24.92,0,79.68
1849,2024-01-26,10:09:40,2024,1,26,10,Friday,Kurunegala,Narammala,7.4167,80.0167,1,0,29.37,20.68,24.92,0,79.68
1850,2024-01-26,08:52:00,2024,1,26,8,Friday,Gampaha,Gampaha,7.0917,79.9997,1,1,28.56,28.02,28.38,0,76.06
1851,2024-01-26,07:27:48,2024,1,26,7,Friday,Colombo,Colombo,6.9271,79.8612,1,0,29.37,20.68,24.92,0,79.68
1852,2024-01-25,15:10:05,2024,1,25,15,Thursday,Hambantota,Okanda,6.65,81.7167,1,0,29.12,20.88,24.55,0,81.1
1854,2024-01-25,13:36:46,2024,1,25,13,Thursday,Polonnaruwa,Polonnaruwa,7.9403,81.0188,1,0,29.12,20.88,24.55,0,81.1
1853,2024-01-25,14:10:00,2024,1,25,14,Thursday,Kurunegala,Wariyapola,7.6333,80.2333,0,0,28.8,27.95,28.37,0,78.37
1855,2024-01-25,12:56:08,2024,1,25,12,Thursday,Gampaha,Katunayake,7.1697,79.8844,1,0,29.28,20.52,24.61,0,74.99
1857,2024-01-25,10:49:11,2024,1,25,10,Thursday,Gampaha,Ragama,7.0286,79.9197,1,0,29.28,20.52,24.61,0,74.99
1858,2024-01-25,09:36:32,2024,1,25,9,Thursday,Kegalle,Ruwanwella,7.05,80.25,2,0,29.12,20.88,24.55,0,81.1
1859,2024-01-25,09:17:22,2024,1,25,9,Thursday,Kurunegala,Ibbagamuwa,7.5,80.4,1,0,28.8,27.95,28.37,0,78.37
1860,2024-01-25,08:55:59,2024,1,25,8,Thursday,Gampaha,Katunayake,7.1697,79.8844,2,0,29.28,20.52,24.61,0,74.99
1856,2024-01-25,11:36:14,2024,1,25,11,Thursday,Gampaha,Katunayake,7.1697,79.8844,1,0,29.28,20.52,24.61,0,74.99
1862,2024-01-25,08:28:47,2024,1,25,8,Thursday,Kurunegala,Polgahawela,7.3333,80.3,0,0,29.12,20.88,24.55,0,81.1
1863,2024-01-25,06:01:18,2024,1,25,6,Thursday,Gampaha,Katunayake,7.1697,79.8844,2,0,29.28,20.52,24.61,0,74.99
1861,2024-01-25,08:51:41,2024,1,25,8,Thursday,Polonnaruwa,Medirigiriya,8.15,80.9667,0,0,28.07,24.95,26.33,0,74.34
1864,2024-01-24,10:22:53,2024,1,24,10,Wednesday,Anuradhapura,Padaviya,8.8,80.7667,1,0,27.92,24.6,26.15,0,74.97
1865,2024-01-23,23:27:56,2024,1,23,23,Tuesday,Matara,Deniyaya,6.3417,80.55,1,0,27.18,18.74,22.26,0,89.62
1866,2024-01-23,09:28:34,2024,1,23,9,Tuesday,Anuradhapura,Horowpothana,8.55,80.8333,0,0,27.7,24.79,26.18,0,77.55
1867,2024-01-22,17:54:25,2024,1,22,17,Monday,Gampaha,Peliyagoda,6.9556,79.8864,0,0,30.32,23.84,26.65,0,82.92
1868,2024-01-21,17:37:59,2024,1,21,17,Sunday,Ratnapura,Pelmadulla,6.6167,80.55,1,1,29.92,20.57,24.88,0,86.27
1869,2024-01-20,07:08:57,2024,1,20,7,Saturday,Polonnaruwa,Aralaganwila,7.85,81.1,1,1,28.56,25.01,26.39,0,85.91
1871,2024-01-19,07:06:33,2024,1,19,7,Friday,Kurunegala,Wariyapola,7.6333,80.2333,1,2,29.31,24.78,26.9,0,82.76
1870,2024-01-19,13:14:01,2024,1,19,13,Friday,Polonnaruwa,Hingurakgoda,8.05,80.95,0,1,28.11,27.53,27.77,0,78.95
1872,2024-01-18,12:07:55,2024,1,18,12,Thursday,Kurunegala,Bamunakotuwa,7.5,80.2833,1,2,29.91,22.92,26.09,0,87.47
1873,2024-01-17,17:51:50,2024,1,17,17,Wednesday,Monaragala,Thanamalwila,6.4333,81.0333,0,1,29.03,21.34,25.18,0,83.92
1874,2024-01-14,13:01:52,2024,1,14,13,Sunday,Colombo,Seeduwa,7.1258,79.8831,12,1,27.64,27.12,27.36,0,82.77
1875,2024-01-13,19:17:49,2024,1,13,19,Saturday,Ratnapura,Kahawatta,6.6,80.5333,0,0,28.04,23.73,25.5,0,84.66
1877,2024-01-12,18:27:08,2024,1,12,18,Friday,Galle,Ambalangoda,6.2354,80.0538,0,1,27.68,27.26,27.46,0,80.97
1876,2024-01-13,10:38:04,2024,1,13,10,Saturday,Kegalle,Hemmathagama,7.2,80.5,1,0,28.88,22.49,25.2,0,84.54
1878,2024-01-11,10:56:10,2024,1,11,10,Thursday,Kandy,Kadugannawa,7.25,80.5167,0,1,27.81,26.33,27.02,0,83.61
1879,2024-01-09,10:56:35,2024,1,9,10,Tuesday,Kegalle,Dehiowita,6.9833,80.25,1,2,27.45,26.26,26.8,0,85.09
1880,2024-01-08,15:13:25,2024,1,8,15,Monday,Kalutara,Matugama,6.5219,80.1164,1,3,27.9,25.04,26.34,0,84.09
1881,2024-01-07,15:16:13,2024,1,7,15,Sunday,Ratnapura,Nivithigala,6.6167,80.4667,1,3,27.96,25.89,26.85,0,78.73
1882,2024-01-06,07:26:18,2024,1,6,7,Saturday,Kurunegala,Bamunakotuwa,7.5,80.2833,1,2,28.89,22.2,25.01,0,91.72
1883,2024-01-05,21:22:54,2024,1,5,21,Friday,Puttalam,Mundalama,8.1167,79.8333,3,1,28.22,27.89,28.01,0,80.13
1884,2024-01-05,08:23:28,2024,1,5,8,Friday,Gampaha,Negombo,7.2083,79.8358,1,2,30.22,24.61,27.24,0,84.53
1885,2024-01-04,13:48:04,2024,1,4,13,Thursday,Gampaha,Peliyagoda,6.9556,79.8864,1,1,29.6,24.34,27.0,0,82.91
1886,2024-01-04,11:12:48,2024,1,4,11,Thursday,Colombo,Mulleriyawa,6.9333,79.9333,2,2,28.36,26.84,27.58,0,83.81
1887,2024-01-02,17:43:58,2024,1,2,17,Tuesday,Puttalam,Chilaw,7.5758,79.7953,1,2,28.57,27.96,28.34,0,84.27
1888,2023-12-31,11:14:42,2023,12,31,11,Sunday,Nuwara Eliya,Maskeliya,6.8333,80.5667,4,3,30.2,24.64,27.08,0,85.13
1889,2023-12-30,18:49:18,2023,12,30,18,Saturday,Kalutara,Horana,6.7156,80.0644,2,2,29.54,25.33,27.12,0,84.85
1890,2023-12-29,20:32:51,2023,12,29,20,Friday,Kurunegala,Wariyapola,7.6333,80.2333,0,2,27.65,27.04,27.34,0,87.54
1891,2023-12-29,14:31:00,2023,12,29,14,Friday,Galle,Wakwella,6.1,80.1667,0,2,29.09,25.03,26.6,0,89.61
1892,2023-12-27,14:05:30,2023,12,27,14,Wednesday,Kandy,Kandy,7.2906,80.6337,0,3,28.73,22.54,25.08,0,93.06
1894,2023-12-27,09:27:30,2023,12,27,9,Wednesday,Galle,Neluwa,6.35,80.3833,1,3,28.73,22.54,25.08,0,93.06
1893,2023-12-27,12:51:31,2023,12,27,12,Wednesday,Kegalle,Molagoda,7.2167,80.4,0,2,29.53,24.44,26.59,0,89.24
1895,2023-12-26,15:30:00,2023,12,26,15,Tuesday,Gampaha,Peliyagoda,6.9556,79.8864,1,1,29.84,23.2,26.13,0,86.27
1896,2023-12-26,06:46:33,2023,12,26,6,Tuesday,Jaffna,Delft,9.5,79.6833,0,1,27.88,27.27,27.58,0,81.39
1897,2023-12-25,15:28:39,2023,12,25,15,Monday,Matale,Wilgamuwa,7.5667,80.8333,1,1,26.78,21.26,23.48,0,92.14
1898,2023-12-25,07:07:59,2023,12,25,7,Monday,Ratnapura,Kalawana,6.5167,80.4,0,1,27.47,27.07,27.27,0,81.51
1899,2023-12-24,18:46:18,2023,12,24,18,Sunday,Galle,Batapola,6.2,80.1167,0,1,27.65,26.87,27.2,0,80.01
1900,2023-12-24,17:59:51,2023,12,24,17,Sunday,Kegalle,Kitulgala,6.9833,80.4167,0,1,28.43,26.75,27.47,0,83.4
1902,2023-12-24,10:06:26,2023,12,24,10,Sunday,Batticaloa,Batticaloa,7.7102,81.6924,1,1,27.65,26.87,27.2,0,80.01
1901,2023-12-24,11:26:01,2023,12,24,11,Sunday,Batticaloa,Kattankudy,7.6833,81.7333,0,1,29.3,22.95,25.55,0,90.86
1903,2023-12-23,19:05:23,2023,12,23,19,Saturday,Hambantota,Lunugamvehera,6.3167,81.2167,0,1,27.81,26.97,27.44,0,85.35
1904,2023-12-23,14:51:01,2023,12,23,14,Saturday,Ampara,Damana,7.3,81.7,1,1,28.5,21.98,24.78,0,87.83
1905,2023-12-22,11:16:33,2023,12,22,11,Friday,Ampara,Akkaraipattu,7.2167,81.85,1,1,28.27,24.45,26.02,0,88.68
1906,2023-12-20,13:25:25,2023,12,20,13,Wednesday,Vavuniya,Nedunkeni,8.9167,80.4667,1,2,29.36,24.5,26.76,0,87.96
1907,2023-12-19,22:06:21,2023,12,19,22,Tuesday,Galle,Elpitiya,6.2833,80.1667,1,2,27.74,21.62,24.46,0,92.51
1908,2023-12-19,09:52:06,2023,12,19,9,Tuesday,Matara,Palmulla,6.1167,80.55,1,2,27.74,21.62,24.46,0,92.51
1910,2023-12-17,20:39:36,2023,12,17,20,Sunday,Puttalam,Kalpitiya,8.2333,79.7667,1,2,29.73,24.89,26.97,0,86.4
1909,2023-12-18,16:31:01,2023,12,18,16,Monday,Colombo,Dehiwala,6.8511,79.8636,0,1,27.75,27.09,27.37,0,84.01
1912,2023-12-15,18:20:10,2023,12,15,18,Friday,Ratnapura,Ratnapura,6.6828,80.3992,0,1,27.84,27.11,27.4,0,81.94
1911,2023-12-17,11:25:48,2023,12,17,11,Sunday,Galle,Ambalangoda,6.2354,80.0538,1,3,28.55,26.72,27.78,0,86.65
1913,2023-12-14,15:05:28,2023,12,14,15,Thursday,Jaffna,Point Pedro,9.8167,80.2333,1,3,27.86,26.53,27.18,0,83.17
1914,2023-12-14,12:33:07,2023,12,14,12,Thursday,Colombo,Maharagama,6.848,79.9265,16,1,27.98,27.37,27.73,0,78.15
1915,2023-12-13,07:28:39,2023,12,13,7,Wednesday,Polonnaruwa,Welikanda,7.8833,81.1,1,2,27.13,21.64,24.02,0,94.72
1916,2023-12-11,13:06:07,2023,12,11,13,Monday,Galle,Karapitiya,6.0667,80.2167,2,2,28.94,27.1,27.87,0,80.1
1917,2023-12-11,07:19:43,2023,12,11,7,Monday,Ratnapura,Godakawela,6.5,80.55,1,2,28.94,27.1,27.87,0,80.1
1918,2023-12-10,21:53:46,2023,12,10,21,Sunday,Matara,Deniyaya,6.3417,80.55,1,2,29.99,24.73,27.23,0,83.61
1919,2023-12-10,14:10:20,2023,12,10,14,Sunday,Kurunegala,Mahawa,7.8,80.3167,8,1,27.86,27.05,27.48,0,84.22
1921,2023-12-08,09:56:06,2023,12,8,9,Friday,Puttalam,Anamaduwa,7.8667,79.9833,0,3,26.92,21.34,23.57,0,92.77
1920,2023-12-08,22:54:25,2023,12,8,22,Friday,Anuradhapura,Medawachchiya,8.5333,80.5,0,3,28.49,24.76,26.18,0,93.69
1923,2023-12-06,13:51:12,2023,12,6,13,Wednesday,Galle,Nagoda,6.1333,80.1833,0,2,27.16,26.45,26.96,0,85.43
1922,2023-12-06,15:54:55,2023,12,6,15,Wednesday,Colombo,Piliyandala,6.8011,79.9231,3,2,28.39,25.07,26.75,0,89.81
1924,2023-12-06,10:23:43,2023,12,6,10,Wednesday,Matale,Matale,7.4675,80.6234,1,1,29.23,25.51,27.04,0,90.39
1925,2023-12-05,19:52:47,2023,12,5,19,Tuesday,Hambantota,Ambalantota,6.1167,81.0167,0,2,28.73,27.09,27.91,0,87.45
1927,2023-12-04,07:01:55,2023,12,4,7,Monday,Kurunegala,Polgahawela,7.3333,80.3,1,2,27.37,23.17,24.92,0,92.88
1926,2023-12-05,07:24:13,2023,12,5,7,Tuesday,Colombo,Boralesgamuwa,6.8394,79.9024,1,1,29.05,24.03,26.33,0,93.2
1928,2023-12-03,14:43:29,2023,12,3,14,Sunday,Matale,Dambulla,7.8675,80.6522,0,2,26.58,24.75,25.39,0,95.19
1929,2023-12-02,18:35:49,2023,12,2,18,Saturday,Jaffna,Jaffna,9.6615,80.0255,1,2,27.89,27.11,27.44,0,88.99
1930,2023-12-01,16:30:38,2023,12,1,16,Friday,Gampaha,Hendala,6.9833,79.8833,2,3,27.72,26.4,27.13,0,89.49
1931,2023-12-01,10:31:54,2023,12,1,10,Friday,Gampaha,Veyangoda,7.1542,80.0583,1,2,27.0,24.59,25.82,0,88.81
1932,2023-11-30,12:23:31,2023,11,30,12,Thursday,Colombo,Meegoda,6.8434,80.0093,1,3,27.58,26.41,27.02,0,88.4
1933,2023-11-29,07:31:56,2023,11,29,7,Wednesday,Matara,Malimbada,6.0167,80.5167,11,2,27.56,26.34,26.96,0,84.17
1935,2023-11-28,12:50:10,2023,11,28,12,Tuesday,Colombo,Kottawa,6.8412,79.9653,1,2,29.82,25.18,27.19,0,81.7
1934,2023-11-29,07:01:07,2023,11,29,7,Wednesday,Jaffna,Paranthan,9.4333,80.4167,0,3,28.15,24.54,26.18,0,87.84
1936,2023-11-28,08:10:31,2023,11,28,8,Tuesday,Galle,Yakkalamulla,6.1167,80.25,1,1,28.8,23.14,25.62,0,91.13
1937,2023-11-26,14:20:57,2023,11,26,14,Sunday,Gampaha,Veyangoda,7.1542,80.0583,1,1,30.67,23.86,27.22,0,78.89
1938,2023-11-24,15:31:28,2023,11,24,15,Friday,Gampaha,Negombo,7.2083,79.8358,0,1,27.88,27.02,27.39,0,83.16
1939,2023-11-24,11:48:18,2023,11,24,11,Friday,Matale,Galewela,7.75,80.5667,1,1,28.98,21.47,24.78,0,90.49
1940,2023-11-23,17:51:16,2023,11,23,17,Thursday,Hambantota,Waligatta,6.2,81.0333,0,2,27.94,25.8,26.96,0,84.55
1941,2023-11-20,17:39:58,2023,11,20,17,Monday,Matara,Kamburupitiya,6.0833,80.5667,0,1,28.58,26.69,27.6,0,79.89
1942,2023-11-18,16:46:20,2023,11,18,16,Saturday,Nuwara Eliya,Hatton,6.8917,80.5958,0,3,26.37,21.84,23.64,0,92.13
1944,2023-11-17,07:05:44,2023,11,17,7,Friday,Kalutara,Wadduwa,6.6667,79.925,0,2,28.29,26.06,26.99,0,87.89
1943,2023-11-17,18:34:34,2023,11,17,18,Friday,Kalutara,Beruwala,6.4789,79.9828,0,2,28.29,26.06,26.99,0,87.89
1946,2023-11-16,11:03:50,2023,11,16,11,Thursday,Colombo,Homagama,6.8408,80.0024,0,1,28.09,25.67,26.69,0,86.74
1945,2023-11-16,18:47:47,2023,11,16,18,Thursday,Puttalam,Puttalam,8.0362,79.8283,1,1,28.83,25.6,27.13,0,87.33
1948,2023-11-15,17:10:16,2023,11,15,17,Wednesday,Matara,Palmulla,6.1167,80.55,38,1,27.38,26.74,26.96,0,85.6
1947,2023-11-15,18:06:55,2023,11,15,18,Wednesday,Hambantota,Tangalle,6.0242,80.7944,0,2,28.31,25.31,26.49,0,88.62
1949,2023-11-15,10:51:05,2023,11,15,10,Wednesday,Vavuniya,Omanthei,8.8333,80.5,1,2,28.53,25.44,26.81,0,88.14
1950,2023-11-14,11:58:28,2023,11,14,11,Tuesday,Colombo,Seeduwa,7.1258,79.8831,1,2,26.22,22.98,24.26,0,95.25
1951,2023-11-12,22:40:38,2023,11,12,22,Sunday,Matara,Hakmana,6.0667,80.6167,0,2,29.15,27.96,28.45,0,81.08
1952,2023-11-11,12:17:54,2023,11,11,12,Saturday,Puttalam,Norochcholai,8.1,79.7333,0,2,29.25,27.43,28.47,0,84.59
1953,2023-11-10,22:27:12,2023,11,10,22,Friday,Gampaha,Gampaha,7.0917,79.9997,0,3,29.07,24.44,26.78,0,82.3
1955,2023-11-10,13:25:30,2023,11,10,13,Friday,Gampaha,Biyagama,6.95,79.9833,0,1,27.37,26.7,27.06,0,80.51
1954,2023-11-10,16:18:38,2023,11,10,16,Friday,Hambantota,Hambantota,6.1246,81.1185,0,1,27.37,26.7,27.06,0,80.51
1956,2023-11-09,20:03:29,2023,11,9,20,Thursday,Matara,Dickwella,5.9667,80.6833,0,1,27.1,26.53,26.86,0,80.87
1957,2023-11-09,12:07:46,2023,11,9,12,Thursday,Colombo,Homagama,6.8408,80.0024,1,3,28.9,22.96,25.68,0,87.43
1958,2023-11-08,23:01:24,2023,11,8,23,Wednesday,Colombo,Kelaniya,6.9553,79.9219,0,1,27.38,26.67,27.01,0,81.07
1959,2023-11-08,08:43:44,2023,11,8,8,Wednesday,Galle,Nagoda,6.1333,80.1833,0,3,28.51,25.23,26.71,0,88.58
1960,2023-11-06,13:24:18,2023,11,6,13,Monday,Gampaha,Nittambuwa,7.1417,80.0944,1,2,28.94,23.79,25.85,0,89.72
1961,2023-11-05,07:38:48,2023,11,5,7,Sunday,Badulla,Hali Ela,6.9667,81.0167,0,1,27.6,27.11,27.34,0,81.07
1962,2023-11-01,16:53:13,2023,11,1,16,Wednesday,Gampaha,Dompe,7.0167,80.05,0,1,27.62,27.06,27.34,0,81.87
1963,2023-11-01,15:30:40,2023,11,1,15,Wednesday,Kalutara,Aluthgama,6.4333,79.9958,0,2,30.03,27.46,28.66,0,77.89
1964,2023-10-30,22:15:56,2023,10,30,22,Monday,Colombo,Nugegoda,6.8649,79.8997,0,3,28.16,24.37,26.0,0,88.16
1965,2023-10-30,15:31:20,2023,10,30,15,Monday,Kegalle,Mawanella,7.25,80.45,1,2,30.07,21.81,25.34,0,86.83
1966,2023-10-30,07:55:27,2023,10,30,7,Monday,Hambantota,Okanda,6.65,81.7167,12,1,27.38,27.02,27.2,0,84.1
1967,2023-10-30,06:36:52,2023,10,30,6,Monday,Ratnapura,Kiriella,6.75,80.3667,9,1,27.38,27.02,27.2,0,84.1
1968,2023-10-29,14:25:17,2023,10,29,14,Sunday,Puttalam,Madampe,7.5,79.8167,0,3,27.58,24.74,25.77,0,89.39
1969,2023-10-29,11:42:23,2023,10,29,11,Sunday,Puttalam,Dankotuwa,7.2833,79.9,1,3,27.58,24.74,25.77,0,89.39
1970,2023-10-29,09:15:34,2023,10,29,9,Sunday,Gampaha,Minuwangoda,7.1667,79.95,32,1,27.33,27.03,27.19,0,82.61
1971,2023-10-29,09:05:21,2023,10,29,9,Sunday,Puttalam,Chilaw,7.5758,79.7953,1,2,28.91,24.72,26.46,0,85.63
1973,2023-10-28,18:54:39,2023,10,28,18,Saturday,Anuradhapura,Thambuttegama,8.15,80.3167,32,1,27.36,26.82,27.03,0,83.29
1972,2023-10-28,20:21:33,2023,10,28,20,Saturday,Kalutara,Matugama,6.5219,80.1164,1,1,27.36,26.82,27.03,0,83.29
1974,2023-10-28,11:52:10,2023,10,28,11,Saturday,Kandy,Galagedara,7.3667,80.5333,1,3,27.93,25.16,26.3,0,89.41
1975,2023-10-27,09:15:18,2023,10,27,9,Friday,Ampara,Samanthurai,7.3667,81.8167,2,1,27.09,26.42,26.74,0,85.11
1976,2023-10-26,13:05:23,2023,10,26,13,Thursday,Monaragala,Siyambalanduwa,6.9,81.5333,1,1,28.71,22.22,24.78,0,86.04
1977,2023-10-25,22:58:51,2023,10,25,22,Wednesday,Matale,Sigiriya,7.9575,80.7603,150,1,27.11,26.43,26.73,0,83.31
1979,2023-10-25,15:23:48,2023,10,25,15,Wednesday,Kalutara,Beruwala,6.4789,79.9828,2,1,27.11,26.43,26.73,0,83.31
1978,2023-10-25,19:41:51,2023,10,25,19,Wednesday,Gampaha,Mirigama,7.2417,80.1236,1,2,28.78,25.15,26.82,0,79.53
1980,2023-10-25,12:42:30,2023,10,25,12,Wednesday,Badulla,Welimada,6.9,80.9,0,2,29.66,25.78,27.48,0,78.12
1982,2023-10-24,18:47:17,2023,10,24,18,Tuesday,Badulla,Badulla,6.9934,81.055,0,2,28.63,21.5,24.84,0,86.16
1981,2023-10-25,11:54:55,2023,10,25,11,Wednesday,Colombo,Wattala,6.9897,79.8919,0,2,30.64,23.66,26.46,0,83.64
1983,2023-10-24,06:43:23,2023,10,24,6,Tuesday,Ampara,Samanthurai,7.3667,81.8167,17,1,26.68,26.28,26.42,0,84.41
1984,2023-10-23,21:38:39,2023,10,23,21,Monday,Nuwara Eliya,Ginigathhena,6.9833,80.4667,15,1,26.63,26.14,26.34,0,85.96
1985,2023-10-22,11:53:55,2023,10,22,11,Sunday,Anuradhapura,Anuradhapura,8.3114,80.4037,1,2,29.52,22.92,26.16,0,86.54
1986,2023-10-21,14:54:18,2023,10,21,14,Saturday,Ampara,Pottuvil,6.8667,81.8333,2,3,28.76,26.23,27.23,0,86.01
1987,2023-10-20,16:50:52,2023,10,20,16,Friday,Gampaha,Veyangoda,7.1542,80.0583,1,2,26.82,19.25,22.76,0,89.95
1988,2023-10-20,15:55:58,2023,10,20,15,Friday,Colombo,Battaramulla,6.8989,79.9181,1,3,30.69,24.25,27.06,0,81.38
1989,2023-10-20,13:28:46,2023,10,20,13,Friday,Badulla,Meegahakiwula,7.0667,81.05,0,3,28.91,21.69,24.87,0,87.89
1990,2023-10-20,10:15:48,2023,10,20,10,Friday,Kegalle,Mawanella,7.25,80.45,1,2,29.33,21.36,24.87,0,87.19
1991,2023-10-19,22:07:39,2023,10,19,22,Thursday,Jaffna,Chavakachcheri,9.65,80.1667,0,1,26.62,26.34,26.5,0,85.39
1992,2023-10-19,17:48:33,2023,10,19,17,Thursday,Colombo,Nugegoda,6.8649,79.8997,0,2,26.84,23.94,25.27,0,87.62
1993,2023-10-19,14:07:32,2023,10,19,14,Thursday,Kurunegala,Narammala,7.4167,80.0167,1,2,27.32,22.11,24.18,0,90.56
1994,2023-10-18,18:15:58,2023,10,18,18,Wednesday,Matale,Wilgamuwa,7.5667,80.8333,0,2,30.23,23.91,26.33,0,88.5
1995,2023-10-17,19:41:44,2023,10,17,19,Tuesday,Badulla,Ella,6.8667,81.05,0,2,28.66,21.54,24.95,0,89.01
1996,2023-10-16,11:10:15,2023,10,16,11,Monday,Kandy,Kadugannawa,7.25,80.5167,1,2,29.34,27.07,28.18,0,80.29
1997,2023-10-16,09:01:24,2023,10,16,9,Monday,Badulla,Mahiyanganaya,7.3333,81.0,1,2,27.7,21.87,24.51,0,88.76
1998,2023-10-15,19:46:39,2023,10,15,19,Sunday,Nuwara Eliya,Ragala,6.9167,80.8,12,1,26.49,26.29,26.39,0,84.6
1999,2023-10-15,11:11:15,2023,10,15,11,Sunday,Gampaha,Divulapitiya,7.2219,79.9581,12,1,26.49,26.29,26.39,0,84.6
2000,2023-10-15,09:32:18,2023,10,15,9,Sunday,Matale,Laggala,7.5667,80.8,1,2,27.92,22.03,24.52,0,91.21
2001,2023-10-13,10:58:26,2023,10,13,10,Friday,Matara,Matara,5.9485,80.5353,1,2,28.4,25.6,26.89,0,82.71
2003,2023-10-11,18:46:49,2023,10,11,18,Wednesday,Trincomalee,Kinniya,8.5,81.1833,1,2,30.18,24.01,26.44,0,86.44
2002,2023-10-12,16:46:20,2023,10,12,16,Thursday,Colombo,Moratuwa,6.773,79.8816,0,1,26.47,26.21,26.33,0,83.73
2004,2023-10-11,15:13:20,2023,10,11,15,Wednesday,Gampaha,Gampaha,7.0917,79.9997,1,2,29.1,23.09,25.51,0,86.86
2005,2023-10-11,11:37:22,2023,10,11,11,Wednesday,Kalutara,Bandaragama,6.7139,79.9889,1,2,28.24,24.79,26.4,0,88.66
2006,2023-10-11,09:46:48,2023,10,11,9,Wednesday,Nuwara Eliya,Bogawantalawa,6.8,80.6667,1,2,30.18,24.01,26.44,0,86.44
2007,2023-10-10,09:13:07,2023,10,10,9,Tuesday,Galle,Karapitiya,6.0667,80.2167,1,3,28.86,23.56,25.74,0,87.12
2009,2023-10-09,08:35:51,2023,10,9,8,Monday,Ratnapura,Ayagama,6.6167,80.3167,2,1,29.29,26.51,27.76,0,85.3
2008,2023-10-09,19:35:05,2023,10,9,19,Monday,Gampaha,Peliyagoda,6.9556,79.8864,1,2,28.38,27.1,27.72,0,85.14
2010,2023-10-08,16:07:05,2023,10,8,16,Sunday,Galle,Bentota,6.4167,79.9958,0,3,27.83,22.97,24.74,0,92.67
2011,2023-10-08,09:21:10,2023,10,8,9,Sunday,Colombo,Colombo,6.9271,79.8612,0,2,28.74,25.18,26.76,0,88.94
2012,2023-10-07,22:05:25,2023,10,7,22,Saturday,Polonnaruwa,Polonnaruwa,7.9403,81.0188,0,1,32.1,25.15,28.14,0,81.81
2014,2023-10-07,14:34:27,2023,10,7,14,Saturday,Monaragala,Buttala,6.75,81.2333,0,1,26.31,25.94,26.08,0,84.98
2015,2023-10-07,07:39:14,2023,10,7,7,Saturday,Kalutara,Dodangoda,6.55,80.0167,18,1,26.31,25.94,26.08,0,84.98
2013,2023-10-07,21:29:18,2023,10,7,21,Saturday,Galle,Ambalangoda,6.2354,80.0538,1733,1,26.31,25.94,26.08,0,84.98
2016,2023-10-06,18:09:58,2023,10,6,18,Friday,Matale,Matale,7.4675,80.6234,0,3,26.66,21.2,23.26,0,92.03
2017,2023-10-06,17:55:50,2023,10,6,17,Friday,Badulla,Haputale,6.7667,80.95,5,3,27.99,25.43,26.44,0,88.8
2019,2023-10-06,15:37:40,2023,10,6,15,Friday,Colombo,Mulleriyawa,6.9333,79.9333,1,3,27.99,25.43,26.44,0,88.8
2018,2023-10-06,16:50:32,2023,10,6,16,Friday,Kegalle,Aranayaka,7.15,80.4333,1,3,27.99,25.43,26.44,0,88.8
2020,2023-10-06,12:19:55,2023,10,6,12,Friday,Gampaha,Negombo,7.2083,79.8358,1,3,29.55,22.21,25.23,0,89.36
2021,2023-10-06,08:55:18,2023,10,6,8,Friday,Badulla,Kandeketiya,7.05,81.1,0,2,29.38,22.99,25.61,0,87.55
2023,2023-10-06,07:29:50,2023,10,6,7,Friday,Kalutara,Payagala,6.5167,79.9833,5,3,27.99,25.43,26.44,0,88.8
2024,2023-10-06,07:01:54,2023,10,6,7,Friday,Monaragala,Kataragama,6.4167,81.3333,1,3,27.99,25.43,26.44,0,88.8
2022,2023-10-06,08:37:06,2023,10,6,8,Friday,Jaffna,Vadamarachchi,9.75,80.2,0,2,29.38,22.99,25.61,0,87.55
2025,2023-10-05,18:56:17,2023,10,5,18,Thursday,Colombo,Colombo,6.9271,79.8612,0,2,27.42,25.25,26.18,0,88.83
2026,2023-10-05,16:00:01,2023,10,5,16,Thursday,Badulla,Diyatalawa,6.8167,80.9667,0,1,26.03,25.71,25.87,0,84.56
2028,2023-10-05,08:44:42,2023,10,5,8,Thursday,Colombo,Mulleriyawa,6.9333,79.9333,0,2,27.42,25.25,26.18,0,88.83
2027,2023-10-05,10:58:45,2023,10,5,10,Thursday,Colombo,Mount Lavinia,6.8389,79.8636,1,2,27.42,25.25,26.18,0,88.83
2029,2023-10-04,10:28:44,2023,10,4,10,Wednesday,Monaragala,Siyambalanduwa,6.9,81.5333,1,1,34.62,25.18,28.97,0,72.47
2030,2023-10-04,10:05:56,2023,10,4,10,Wednesday,Badulla,Ridimaliyadda,7.1667,81.15,21,0,25.95,25.34,25.62,0,81.13
2031,2023-10-04,08:50:49,2023,10,4,8,Wednesday,Puttalam,Anamaduwa,7.8667,79.9833,0,0,25.95,25.34,25.62,0,81.13
2033,2023-10-03,23:12:36,2023,10,3,23,Tuesday,Kandy,Peradeniya,7.26,80.6,0,1,26.12,25.72,25.93,0,79.3
2032,2023-10-04,07:39:50,2023,10,4,7,Wednesday,Kalutara,Beruwala,6.4789,79.9828,0,2,27.57,25.28,26.37,0,86.59
2034,2023-10-03,15:24:15,2023,10,3,15,Tuesday,Matale,Pallepola,7.5833,80.6,0,1,32.61,24.64,28.09,0,77.85
2035,2023-10-03,12:13:19,2023,10,3,12,Tuesday,Ampara,Samanthurai,7.3667,81.8167,3,2,29.76,26.01,27.39,0,82.48
2036,2023-10-02,22:48:21,2023,10,2,22,Monday,Trincomalee,Nilaveli,8.6833,81.1833,2,1,26.23,25.71,25.99,0,82.12
2037,2023-10-02,16:10:20,2023,10,2,16,Monday,Puttalam,Wennappuwa,7.35,79.8333,0,2,29.92,25.84,27.49,0,81.97
2038,2023-10-02,07:31:10,2023,10,2,7,Monday,Puttalam,Puttalam,8.0362,79.8283,0,2,29.92,25.84,27.49,0,81.97
2039,2023-10-01,11:53:38,2023,10,1,11,Sunday,Hambantota,Angunakolapelessa,6.1833,80.9167,9,1,26.21,25.86,26.05,0,81.14
2040,2023-10-01,09:49:02,2023,10,1,9,Sunday,Kegalle,Rambukkana,7.3167,80.4,1,3,28.18,24.88,26.21,0,86.35
2041,2023-09-30,11:05:05,2023,9,30,11,Saturday,Colombo,Battaramulla,6.8989,79.9181,6,0,26.33,25.89,26.05,0,79.05
2043,2023-09-29,23:15:10,2023,9,29,23,Friday,Ampara,Kalmunai,7.4167,81.8333,1,1,26.32,25.65,26.01,0,79.27
2042,2023-09-29,23:28:54,2023,9,29,23,Friday,Vavuniya,Omanthei,8.8333,80.5,0,3,28.38,25.37,26.67,0,87.67
2045,2023-09-29,07:26:31,2023,9,29,7,Friday,Trincomalee,Seruwila,8.5,81.3,5,1,26.32,25.65,26.01,0,79.27
2044,2023-09-29,10:30:42,2023,9,29,10,Friday,Nuwara Eliya,Hatton,6.8917,80.5958,0,3,25.94,20.65,22.85,0,90.92
2046,2023-09-28,15:59:56,2023,9,28,15,Thursday,Matale,Rattota,7.5333,80.7,1,3,28.29,26.76,27.54,0,82.15
2047,2023-09-28,13:54:40,2023,9,28,13,Thursday,Ratnapura,Kahawatta,6.6,80.5333,60,1,26.19,25.8,26.0,0,83.02
2048,2023-09-28,12:11:31,2023,9,28,12,Thursday,Colombo,Ja-Ela,7.0744,79.8919,3,2,28.56,22.89,24.88,0,85.07
2050,2023-09-27,14:42:19,2023,9,27,14,Wednesday,Jaffna,Vadamarachchi,9.75,80.2,0,1,26.32,26.05,26.21,0,82.52
2049,2023-09-27,20:38:24,2023,9,27,20,Wednesday,Kurunegala,Alawwa,7.3,80.2333,1,2,28.87,26.05,27.07,0,84.76
2052,2023-09-26,08:38:31,2023,9,26,8,Tuesday,Badulla,Welimada,6.9,80.9,2,2,28.6,25.98,27.0,0,86.03
2051,2023-09-26,16:23:22,2023,9,26,16,Tuesday,Ampara,Damana,7.3,81.7,1,1,26.33,26.05,26.24,0,81.7
2053,2023-09-25,18:21:48,2023,9,25,18,Monday,Anuradhapura,Mihintale,8.35,80.5167,5,0,26.42,26.01,26.26,0,80.25
2054,2023-09-25,12:45:38,2023,9,25,12,Monday,Kilinochchi,Pallai,9.4667,80.4167,0,0,26.42,26.01,26.26,0,80.25
2055,2023-09-25,09:36:36,2023,9,25,9,Monday,Kandy,Pilimathalawa,7.2167,80.5667,0,2,30.23,23.49,26.12,0,83.46
2056,2023-09-24,12:48:27,2023,9,24,12,Sunday,Galle,Baddegama,6.1667,80.1833,1,2,29.38,22.33,25.33,0,85.27
2057,2023-09-24,10:14:39,2023,9,24,10,Sunday,Matale,Galewela,7.75,80.5667,2,1,30.07,23.45,25.99,0,83.48
2058,2023-09-23,09:37:04,2023,9,23,9,Saturday,Vavuniya,Puliyankulam,8.8833,80.4667,0,1,26.15,25.9,26.04,0,81.66
2059,2023-09-23,07:27:31,2023,9,23,7,Saturday,Nuwara Eliya,Maskeliya,6.8333,80.5667,0,2,28.83,25.59,26.92,0,87.27
2060,2023-09-22,12:30:05,2023,9,22,12,Friday,Batticaloa,Kattankudy,7.6833,81.7333,1652,1,25.97,25.62,25.82,0,84.47
2061,2023-09-22,07:43:50,2023,9,22,7,Friday,Colombo,Ratmalana,6.8181,79.8867,3,2,28.39,24.81,26.49,0,86.3
2062,2023-09-21,15:37:19,2023,9,21,15,Thursday,Trincomalee,Kantale,8.35,81.0,0,1,26.08,25.71,25.87,0,85.67
2063,2023-09-20,07:29:29,2023,9,20,7,Wednesday,Matara,Akuressa,6.1,80.4833,0,1,25.83,25.56,25.7,0,84.64
2064,2023-09-19,20:52:18,2023,9,19,20,Tuesday,Badulla,Meegahakiwula,7.0667,81.05,8,1,25.94,25.65,25.78,0,81.83
2065,2023-09-19,17:17:35,2023,9,19,17,Tuesday,Nuwara Eliya,Norwood,6.85,80.6167,1,3,29.8,21.49,24.99,0,85.36
2066,2023-09-19,16:45:32,2023,9,19,16,Tuesday,Jaffna,Nelliady,9.7833,80.0833,24,1,25.94,25.65,25.78,0,81.83
2067,2023-09-19,11:17:44,2023,9,19,11,Tuesday,Kandy,Gampola,7.1647,80.5767,17,1,25.94,25.65,25.78,0,81.83
2069,2023-09-18,13:42:23,2023,9,18,13,Monday,Anuradhapura,Anuradhapura,8.3114,80.4037,0,1,31.88,24.23,27.02,0,78.78
2068,2023-09-18,13:54:00,2023,9,18,13,Monday,Matara,Matara,5.9485,80.5353,1,3,28.46,26.13,27.18,0,83.84
2071,2023-09-17,09:56:24,2023,9,17,9,Sunday,Badulla,Hali Ela,6.9667,81.0167,0,3,27.63,22.53,24.66,0,89.4
2070,2023-09-17,21:49:01,2023,9,17,21,Sunday,Ampara,Akkaraipattu,7.2167,81.85,1,2,29.33,27.31,28.27,0,81.59
2072,2023-09-16,07:24:08,2023,9,16,7,Saturday,Mullaitivu,Pudukudiyiruppu,9.2333,80.75,1,1,29.39,24.7,26.9,0,84.6
2073,2023-09-15,16:25:06,2023,9,15,16,Friday,Kalutara,Wadduwa,6.6667,79.925,6,1,25.46,25.17,25.3,0,80.35
2074,2023-09-15,16:02:36,2023,9,15,16,Friday,Batticaloa,Chenkalady,7.7833,81.6,0,1,25.46,25.17,25.3,0,80.35
2075,2023-09-15,14:32:10,2023,9,15,14,Friday,Kurunegala,Dambadeniya,7.3667,80.1333,0,2,27.11,20.3,22.9,0,86.83
2077,2023-09-15,08:25:01,2023,9,15,8,Friday,Kurunegala,Ridigama,7.5,80.4667,0,1,25.46,25.17,25.3,0,80.35
2076,2023-09-15,14:00:54,2023,9,15,14,Friday,Kegalle,Kegalle,7.2513,80.3464,0,2,28.92,24.91,26.59,0,82.34
2079,2023-09-13,13:59:56,2023,9,13,13,Wednesday,Gampaha,Katunayake,7.1697,79.8844,6,2,28.63,25.4,26.77,0,86.5
2078,2023-09-13,16:36:26,2023,9,13,16,Wednesday,Polonnaruwa,Hingurakgoda,8.05,80.95,11,1,25.07,24.74,24.94,0,82.38
2080,2023-09-11,10:22:49,2023,9,11,10,Monday,Anuradhapura,Horowpothana,8.55,80.8333,0,1,25.25,24.99,25.11,0,84.37
2081,2023-09-10,17:49:00,2023,9,10,17,Sunday,Gampaha,Attanagalla,7.1125,80.0056,6,1,25.34,24.86,25.14,0,82.57
2083,2023-09-09,11:40:53,2023,9,9,11,Saturday,Jaffna,Kayts,9.7,79.85,1,1,32.59,26.33,28.99,0,76.76
2082,2023-09-10,09:19:54,2023,9,10,9,Sunday,Batticaloa,Eravur,7.7667,81.6,0,1,30.8,22.21,25.53,0,80.95
2085,2023-09-08,12:05:48,2023,9,8,12,Friday,Gampaha,Hendala,6.9833,79.8833,2,1,25.13,24.77,24.99,0,84.77
2084,2023-09-09,07:33:34,2023,9,9,7,Saturday,Kalutara,Dodangoda,6.55,80.0167,0,2,28.69,27.47,27.9,0,84.24
2086,2023-09-08,10:10:56,2023,9,8,10,Friday,Trincomalee,Trincomalee,8.5874,81.2152,0,1,33.57,26.08,29.17,0,73.14
2087,2023-09-06,10:41:17,2023,9,6,10,Wednesday,Mullaitivu,Oddusuddan,9.15,80.6333,2,1,30.83,27.86,28.99,0,76.91
2088,2023-09-04,22:15:32,2023,9,4,22,Monday,Nuwara Eliya,Ambewela,6.8667,80.8167,3,1,25.46,25.07,25.25,0,82.22
2090,2023-09-04,16:15:45,2023,9,4,16,Monday,Polonnaruwa,Welikanda,7.8833,81.1,1,3,28.64,25.93,27.14,0,81.93
2089,2023-09-04,18:52:24,2023,9,4,18,Monday,Jaffna,Chavakachcheri,9.65,80.1667,1,3,28.64,25.93,27.14,0,81.93
2091,2023-09-04,14:18:32,2023,9,4,14,Monday,Gampaha,Kelaniya,6.9553,79.9219,1,2,28.59,25.25,26.77,0,82.56
2092,2023-09-03,20:32:27,2023,9,3,20,Sunday,Ratnapura,Embilipitiya,6.3417,80.85,1,3,26.84,23.05,24.69,0,90.63
2094,2023-09-03,12:38:46,2023,9,3,12,Sunday,Kegalle,Mawanella,7.25,80.45,0,2,29.25,23.5,25.6,0,82.81
2093,2023-09-03,20:17:20,2023,9,3,20,Sunday,Trincomalee,Nilaveli,8.6833,81.1833,1,3,25.17,21.05,22.81,0,90.52
2095,2023-09-03,11:05:38,2023,9,3,11,Sunday,Kurunegala,Galgamuwa,8.0167,80.2833,1,3,27.56,25.9,26.7,0,85.98
2096,2023-09-02,16:43:13,2023,9,2,16,Saturday,Hambantota,Ambalantota,6.1167,81.0167,0,2,32.95,26.49,29.11,0,75.41
2098,2023-09-02,09:32:44,2023,9,2,9,Saturday,Puttalam,Madampe,7.5,79.8167,2,1,31.27,26.47,28.21,0,77.65
2099,2023-09-02,07:54:29,2023,9,2,7,Saturday,Gampaha,Minuwangoda,7.1667,79.95,6,3,28.44,25.52,26.74,0,86.85
2097,2023-09-02,11:38:10,2023,9,2,11,Saturday,Gampaha,Minuwangoda,7.1667,79.95,2,3,28.44,25.52,26.74,0,86.85
2100,2023-09-01,12:25:16,2023,9,1,12,Friday,Galle,Galle,6.0535,80.221,0,2,28.46,27.45,27.81,0,83.76
2102,2023-08-31,11:47:46,2023,8,31,11,Thursday,Nuwara Eliya,Talawakele,6.9333,80.65,63,1,25.39,24.81,25.13,0,82.73
2101,2023-08-31,18:26:06,2023,8,31,18,Thursday,Jaffna,Point Pedro,9.8167,80.2333,0,1,25.39,24.81,25.13,0,82.73
2103,2023-08-31,11:10:49,2023,8,31,11,Thursday,Polonnaruwa,Dimbulagala,7.9667,81.0,0,2,31.85,23.09,26.34,0,78.73
2104,2023-08-31,07:40:20,2023,8,31,7,Thursday,Vavuniya,Puliyankulam,8.8833,80.4667,0,3,30.45,22.32,25.54,0,82.54
2105,2023-08-30,13:02:41,2023,8,30,13,Wednesday,Kalutara,Wadduwa,6.6667,79.925,0,2,27.31,25.86,26.43,0,88.45
2106,2023-08-30,11:30:43,2023,8,30,11,Wednesday,Matale,Ukuwela,7.4667,80.65,1,1,30.47,27.48,28.85,0,77.54
2107,2023-08-29,21:47:53,2023,8,29,21,Tuesday,Matale,Hasalaka,7.35,80.8833,1,2,30.67,24.07,26.58,0,80.37
2108,2023-08-28,23:13:07,2023,8,28,23,Monday,Matara,Matara,5.9485,80.5353,1,1,29.86,27.18,28.23,0,81.2
2109,2023-08-28,17:20:25,2023,8,28,17,Monday,Anuradhapura,Kahatagasdigiliya,8.4667,80.5833,7,1,24.89,24.39,24.69,0,82.94
2110,2023-08-28,09:46:37,2023,8,28,9,Monday,Gampaha,Katunayake,7.1697,79.8844,0,2,29.47,26.49,27.65,0,84.16
2111,2023-08-27,19:26:38,2023,8,27,19,Sunday,Nuwara Eliya,Kotagala,6.95,80.5833,0,1,28.18,20.79,23.78,0,86.9
2112,2023-08-26,21:21:47,2023,8,26,21,Saturday,Kalutara,Dodangoda,6.55,80.0167,0,1,29.41,26.02,27.37,0,83.9
2114,2023-08-26,08:30:58,2023,8,26,8,Saturday,Anuradhapura,Anuradhapura,8.3114,80.4037,1,0,35.71,25.93,29.72,0,66.2
2113,2023-08-26,13:51:18,2023,8,26,13,Saturday,Trincomalee,Trincomalee,8.5874,81.2152,1,0,34.16,27.26,30.4,0,67.5
2115,2023-08-25,08:24:39,2023,8,25,8,Friday,Gampaha,Negombo,7.2083,79.8358,0,1,29.52,25.43,27.17,0,83.72
2116,2023-08-24,11:08:09,2023,8,24,11,Thursday,Kalutara,Ingiriya,6.7428,80.1647,1,1,29.72,25.68,27.29,0,83.19
2117,2023-08-22,20:43:58,2023,8,22,20,Tuesday,Trincomalee,Trincomalee,8.5874,81.2152,0,1,34.21,27.13,30.26,0,68.71
2118,2023-08-22,07:39:20,2023,8,22,7,Tuesday,Matale,Naula,7.7,80.65,1,1,29.72,25.73,27.39,0,83.57
2120,2023-08-21,09:53:50,2023,8,21,9,Monday,Nuwara Eliya,Kotagala,6.95,80.5833,0,0,29.03,20.46,24.19,0,84.83
2119,2023-08-21,15:08:56,2023,8,21,15,Monday,Anuradhapura,Anuradhapura,8.3114,80.4037,2,1,36.77,25.64,30.48,0,62.64
2121,2023-08-20,22:30:49,2023,8,20,22,Sunday,Kurunegala,Dambadeniya,7.3667,80.1333,1,1,28.75,27.6,27.98,0,82.92
2122,2023-08-20,11:08:41,2023,8,20,11,Sunday,Jaffna,Jaffna,9.6615,80.0255,1,0,31.54,27.77,29.36,0,74.08
2123,2023-08-17,08:50:25,2023,8,17,8,Thursday,Matara,Weligama,5.975,80.4297,0,1,29.14,26.42,27.49,0,82.46
2124,2023-08-16,17:16:26,2023,8,16,17,Wednesday,Galle,Neluwa,6.35,80.3833,1,0,36.5,23.5,28.95,0,66.38
2126,2023-08-15,21:12:33,2023,8,15,21,Tuesday,Colombo,Dehiwala,6.8511,79.8636,1,1,29.21,25.12,26.78,0,79.97
2125,2023-08-16,10:08:19,2023,8,16,10,Wednesday,Trincomalee,Muttur,8.45,81.2667,1,1,29.32,24.88,26.77,0,81.32
2128,2023-08-15,09:46:44,2023,8,15,9,Tuesday,Jaffna,Kopay,9.7,80.0333,1,0,30.54,28.01,28.94,0,75.95
2127,2023-08-15,13:26:31,2023,8,15,13,Tuesday,Kurunegala,Mawathagama,7.4167,80.45,3,0,35.27,26.34,29.86,0,64.81
2129,2023-08-15,06:56:38,2023,8,15,6,Tuesday,Monaragala,Thanamalwila,6.4333,81.0333,3,0,35.27,26.34,29.86,0,64.81
2131,2023-08-14,10:02:26,2023,8,14,10,Monday,Colombo,Colombo,6.9271,79.8612,0,1,29.71,25.84,27.46,0,79.92
2130,2023-08-14,18:55:42,2023,8,14,18,Monday,Jaffna,Kopay,9.7,80.0333,1,1,30.95,28.28,29.41,0,76.45
2132,2023-08-13,12:14:57,2023,8,13,12,Sunday,Puttalam,Norochcholai,8.1,79.7333,0,1,31.72,22.76,26.26,0,76.64
2133,2023-08-12,18:16:10,2023,8,12,18,Saturday,Kandy,Kundasale,7.2833,80.7,0,1,31.61,22.4,26.08,0,79.4
2135,2023-08-09,06:36:55,2023,8,9,6,Wednesday,Gampaha,Mirigama,7.2417,80.1236,0,1,28.3,25.3,26.52,0,87.53
2134,2023-08-09,19:22:54,2023,8,9,19,Wednesday,Gampaha,Mirigama,7.2417,80.1236,0,1,28.3,25.3,26.52,0,87.53
2136,2023-08-08,15:58:35,2023,8,8,15,Tuesday,Ratnapura,Embilipitiya,6.3417,80.85,1,1,27.86,23.95,25.34,0,89.59
2137,2023-08-08,15:06:50,2023,8,8,15,Tuesday,Anuradhapura,Galenbindunuwewa,8.2833,80.6167,1,1,30.91,28.68,29.63,0,78.67
2138,2023-08-07,15:57:11,2023,8,7,15,Monday,Kurunegala,Narammala,7.4167,80.0167,1,1,32.45,26.56,28.8,0,76.63
2139,2023-08-07,09:49:40,2023,8,7,9,Monday,Kalutara,Horana,6.7156,80.0644,0,1,29.21,25.42,26.96,0,86.71
2140,2023-08-04,06:37:15,2023,8,4,6,Friday,Anuradhapura,Thambuttegama,8.15,80.3167,4,1,31.84,26.11,28.44,0,77.81
2141,2023-08-03,23:21:19,2023,8,3,23,Thursday,Jaffna,Chavakachcheri,9.65,80.1667,0,0,31.44,28.32,29.6,0,74.96
2142,2023-08-03,14:13:23,2023,8,3,14,Thursday,Matara,Weligama,5.975,80.4297,1,1,28.88,26.74,27.6,0,86.61
2143,2023-08-02,20:18:31,2023,8,2,20,Wednesday,Monaragala,Monaragala,6.8728,81.3505,0,0,31.11,22.04,25.56,0,77.36
2144,2023-08-02,12:09:56,2023,8,2,12,Wednesday,Puttalam,Madampe,7.5,79.8167,1,0,28.46,24.79,26.41,0,89.64
2145,2023-08-02,07:45:44,2023,8,2,7,Wednesday,Mullaitivu,Mullaitivu,9.267,80.8144,1,0,30.52,27.74,29.14,0,77.7
2146,2023-07-31,13:51:57,2023,7,31,13,Monday,Hambantota,Tissamaharama,6.2833,81.2833,1,0,34.32,26.62,29.88,0,68.36
2147,2023-07-30,07:51:19,2023,7,30,7,Sunday,Ratnapura,Godakawela,6.5,80.55,0,1,29.54,23.57,25.64,0,86.29
2148,2023-07-29,20:34:01,2023,7,29,20,Saturday,Hambantota,Tissamaharama,6.2833,81.2833,2,1,30.28,24.49,26.64,0,84.2
2150,2023-07-28,12:33:02,2023,7,28,12,Friday,Badulla,Hali Ela,6.9667,81.0167,0,0,28.94,25.07,26.78,0,86.29
2149,2023-07-28,14:53:10,2023,7,28,14,Friday,Kalutara,Aluthgama,6.4333,79.9958,1,1,28.51,25.86,27.03,0,87.25
2151,2023-07-28,09:45:40,2023,7,28,9,Friday,Nuwara Eliya,Dimbula,6.9333,80.6,1,1,29.09,26.33,27.4,0,86.09
2152,2023-07-28,09:36:01,2023,7,28,9,Friday,Colombo,Meegoda,6.8434,80.0093,1,0,28.94,25.07,26.78,0,86.29
2153,2023-07-28,09:13:37,2023,7,28,9,Friday,Puttalam,Madampe,7.5,79.8167,2,0,30.8,25.68,27.7,0,80.62
2154,2023-07-27,12:43:13,2023,7,27,12,Thursday,Matara,Hakmana,6.0667,80.6167,0,1,28.31,26.3,27.14,0,87.5
2155,2023-07-27,11:13:51,2023,7,27,11,Thursday,Matale,Dambulla,7.8675,80.6522,1,1,34.15,24.64,28.43,0,72.67
2156,2023-07-24,10:50:42,2023,7,24,10,Monday,Monaragala,Thanamalwila,6.4333,81.0333,1,1,29.39,24.29,26.09,0,86.75
2157,2023-07-22,13:56:16,2023,7,22,13,Saturday,Matara,Akuressa,6.1,80.4833,3,1,28.9,26.11,27.19,0,85.24
2158,2023-07-22,12:57:36,2023,7,22,12,Saturday,Badulla,Bandarawela,6.8325,80.9886,0,0,29.67,22.19,24.83,0,77.69
2159,2023-07-20,15:17:41,2023,7,20,15,Thursday,Colombo,Colombo,6.9271,79.8612,0,1,28.15,25.7,26.81,0,88.16
2160,2023-07-20,09:05:32,2023,7,20,9,Thursday,Ratnapura,Balangoda,6.65,80.7,0,1,27.64,23.87,25.22,0,89.64
2162,2023-07-16,20:35:30,2023,7,16,20,Sunday,Matara,Akuressa,6.1,80.4833,1,1,28.65,26.7,27.51,0,88.45
2161,2023-07-17,14:34:19,2023,7,17,14,Monday,Colombo,Moratuwa,6.773,79.8816,0,1,28.54,25.83,26.96,0,89.05
2163,2023-07-15,11:40:38,2023,7,15,11,Saturday,Jaffna,Kopay,9.7,80.0333,0,1,30.25,22.22,25.53,0,83.08
2164,2023-07-14,15:42:24,2023,7,14,15,Friday,Kurunegala,Kuliyapitiya,7.4708,80.04,0,1,30.08,25.11,27.31,0,81.66
2165,2023-07-12,11:28:20,2023,7,12,11,Wednesday,Kalutara,Panadura,6.7133,79.9025,1,1,28.71,25.95,27.08,0,88.63
2166,2023-07-11,16:21:55,2023,7,11,16,Tuesday,Kegalle,Dehiowita,6.9833,80.25,0,1,26.65,21.16,23.12,0,89.6
2167,2023-07-10,20:14:34,2023,7,10,20,Monday,Puttalam,Mundalama,8.1167,79.8333,10,1,32.76,25.99,28.85,0,73.14
2168,2023-07-10,17:04:50,2023,7,10,17,Monday,Nuwara Eliya,Ginigathhena,6.9833,80.4667,11,1,32.76,25.99,28.85,0,73.14
2170,2023-07-10,09:08:06,2023,7,10,9,Monday,Mannar,Pallimunai,8.95,79.8833,10,1,32.76,25.99,28.85,0,73.14
2169,2023-07-10,15:01:50,2023,7,10,15,Monday,Kegalle,Molagoda,7.2167,80.4,0,1,26.43,20.79,22.98,0,90.4
2171,2023-07-10,06:37:05,2023,7,10,6,Monday,Mullaitivu,Vellankulam,9.2667,80.3167,2,1,30.1,26.11,27.71,0,81.49
2172,2023-07-09,23:27:08,2023,7,9,23,Sunday,Ratnapura,Kuruwita,6.7833,80.3667,10,1,33.49,25.15,29.35,0,69.98
2173,2023-07-09,21:08:33,2023,7,9,21,Sunday,Batticaloa,Valaichchenai,7.9167,81.5333,10,1,33.49,25.15,29.35,0,69.98
2175,2023-07-09,15:58:13,2023,7,9,15,Sunday,Ratnapura,Kalawana,6.5167,80.4,0,1,29.84,22.6,25.6,0,86.6
2174,2023-07-09,16:39:09,2023,7,9,16,Sunday,Ratnapura,Kalawana,6.5167,80.4,0,1,29.84,22.6,25.6,0,86.6
2176,2023-07-07,22:06:17,2023,7,7,22,Friday,Kurunegala,Kurunegala,7.4863,80.3647,2,1,30.12,22.71,25.44,0,83.21
2177,2023-07-05,20:30:18,2023,7,5,20,Wednesday,Kalutara,Kalutara,6.5854,79.9607,0,2,27.51,25.74,26.48,0,87.23
2178,2023-07-03,20:10:09,2023,7,3,20,Monday,Mannar,Mannar,8.9779,79.912,2,1,29.94,26.15,27.98,0,77.75
2180,2023-07-03,12:41:57,2023,7,3,12,Monday,Mannar,Mannar,8.9779,79.912,0,1,29.94,26.15,27.98,0,77.75
2179,2023-07-03,15:51:41,2023,7,3,15,Monday,Colombo,Ja-Ela,7.0744,79.8919,2,1,30.32,25.23,27.57,0,77.21
2181,2023-07-02,10:02:51,2023,7,2,10,Sunday,Jaffna,Nelliady,9.7833,80.0833,1,1,27.92,22.3,24.46,0,84.97
2183,2023-06-29,14:48:36,2023,6,29,14,Thursday,Kurunegala,Giriulla,7.3333,80.1333,1,2,27.83,25.65,26.54,0,88.07
2182,2023-06-29,18:31:37,2023,6,29,18,Thursday,Kurunegala,Polgahawela,7.3333,80.3,2,1,30.97,28.19,29.28,0,78.24
2185,2023-06-26,14:31:36,2023,6,26,14,Monday,Mullaitivu,Mallavi,9.1167,80.2333,1,0,32.66,26.3,28.66,0,75.53
2184,2023-06-29,12:19:17,2023,6,29,12,Thursday,Puttalam,Mundalama,8.1167,79.8333,0,1,30.02,26.07,27.61,0,81.59
2186,2023-06-26,10:17:42,2023,6,26,10,Monday,Hambantota,Hambantota,6.1246,81.1185,1,1,28.78,26.97,27.72,0,82.51
2187,2023-06-25,23:33:07,2023,6,25,23,Sunday,Mullaitivu,Mallavi,9.1167,80.2333,1,1,32.13,26.59,28.55,0,78.5
2188,2023-06-24,09:36:31,2023,6,24,9,Saturday,Badulla,Ridimaliyadda,7.1667,81.15,1,1,29.38,22.24,25.13,0,83.64
2189,2023-06-22,11:05:17,2023,6,22,11,Thursday,Jaffna,Delft,9.5,79.6833,1,1,29.5,22.34,25.23,0,84.96
2190,2023-06-22,10:35:55,2023,6,22,10,Thursday,Kalutara,Bandaragama,6.7139,79.9889,1,1,29.15,26.53,27.77,0,86.1
2191,2023-06-21,15:15:31,2023,6,21,15,Wednesday,Ampara,Samanthurai,7.3667,81.8167,0,1,31.58,27.5,29.14,0,82.31
2193,2023-06-20,06:44:54,2023,6,20,6,Tuesday,Gampaha,Nittambuwa,7.1417,80.0944,0,1,29.08,26.04,27.21,0,86.11
2192,2023-06-21,09:33:32,2023,6,21,9,Wednesday,Gampaha,Nittambuwa,7.1417,80.0944,0,1,29.07,26.21,27.35,0,85.37
2194,2023-06-19,16:22:57,2023,6,19,16,Monday,Colombo,Moratuwa,6.773,79.8816,0,1,28.46,25.72,26.98,0,88.23
2195,2023-06-19,07:28:49,2023,6,19,7,Monday,Galle,Ambalangoda,6.2354,80.0538,1,1,28.66,27.56,28.11,0,85.92
2196,2023-06-18,18:37:22,2023,6,18,18,Sunday,Ratnapura,Kahawatta,6.6,80.5333,1,1,28.36,23.75,25.39,0,87.87
2197,2023-06-17,16:28:50,2023,6,17,16,Saturday,Colombo,Colombo,6.9271,79.8612,0,1,28.31,26.25,27.09,0,87.36
2198,2023-06-17,15:04:18,2023,6,17,15,Saturday,Kurunegala,Kurunegala,7.4863,80.3647,1,1,28.73,24.23,25.77,0,85.78
2199,2023-06-16,13:45:49,2023,6,16,13,Friday,Jaffna,Point Pedro,9.8167,80.2333,2,1,32.59,27.09,29.28,0,78.54
2200,2023-06-16,10:35:30,2023,6,16,10,Friday,Gampaha,Dompe,7.0167,80.05,2,1,29.21,26.7,27.71,0,85.8
2201,2023-06-16,09:38:49,2023,6,16,9,Friday,Badulla,Diyatalawa,6.8167,80.9667,0,1,29.45,22.82,25.49,0,85.71
2202,2023-06-16,09:08:57,2023,6,16,9,Friday,Colombo,Pannipitiya,6.8463,79.9418,15,1,26.21,25.61,25.96,0,84.23
2203,2023-06-15,14:17:49,2023,6,15,14,Thursday,Colombo,Colombo,6.9271,79.8612,0,1,28.61,25.94,27.26,0,90.56
2204,2023-06-14,15:34:25,2023,6,14,15,Wednesday,Kurunegala,Wariyapola,7.6333,80.2333,3,1,25.6,24.79,25.26,0,86.42
2205,2023-06-13,09:53:40,2023,6,13,9,Tuesday,Anuradhapura,Thambuttegama,8.15,80.3167,1,2,28.68,27.23,27.79,0,88.24
2207,2023-06-12,18:03:08,2023,6,12,18,Monday,Polonnaruwa,Medirigiriya,8.15,80.9667,0,1,29.38,28.29,28.78,0,84.0
2206,2023-06-12,19:47:54,2023,6,12,19,Monday,Ratnapura,Balangoda,6.65,80.7,0,1,29.79,24.65,26.48,0,86.23
2208,2023-06-12,12:40:36,2023,6,12,12,Monday,Hambantota,Meellawa,6.1833,81.05,8,1,29.79,24.65,26.48,0,86.23
2210,2023-06-12,09:41:29,2023,6,12,9,Monday,Kurunegala,Alawwa,7.3,80.2333,3,1,29.79,24.65,26.48,0,86.23
2211,2023-06-12,08:45:10,2023,6,12,8,Monday,Colombo,Kesbewa,6.7959,79.9383,10,0,25.72,24.79,25.26,0,82.0
2209,2023-06-12,10:07:31,2023,6,12,10,Monday,Galle,Ambalangoda,6.2354,80.0538,3,2,29.52,27.41,28.16,0,86.13
2212,2023-06-11,08:43:17,2023,6,11,8,Sunday,Polonnaruwa,Dimbulagala,7.9667,81.0,0,1,29.74,22.91,25.6,0,85.69
2213,2023-06-10,22:16:32,2023,6,10,22,Saturday,Nuwara Eliya,Hatton,6.8917,80.5958,0,1,26.21,22.21,23.7,0,90.34
2214,2023-06-10,17:33:14,2023,6,10,17,Saturday,Trincomalee,Kinniya,8.5,81.1833,1,1,28.81,27.1,27.8,0,86.11
2215,2023-06-10,16:10:26,2023,6,10,16,Saturday,Kegalle,Aranayaka,7.15,80.4333,0,0,26.15,25.82,25.97,0,77.01
2217,2023-06-10,14:06:07,2023,6,10,14,Saturday,Matara,Akuressa,6.1,80.4833,0,0,26.15,25.82,25.97,0,77.01
2216,2023-06-10,15:42:07,2023,6,10,15,Saturday,Ampara,Pottuvil,6.8667,81.8333,1,2,28.71,27.06,27.73,0,86.1
2218,2023-06-10,08:40:19,2023,6,10,8,Saturday,Vavuniya,Chettikulam,8.8,80.45,1,1,30.0,24.44,26.5,0,84.05
2219,2023-06-09,12:44:54,2023,6,9,12,Friday,Anuradhapura,Padaviya,8.8,80.7667,1,1,30.42,25.42,27.46,0,83.64
2220,2023-06-09,07:42:07,2023,6,9,7,Friday,Galle,Yakkalamulla,6.1167,80.25,0,1,29.12,26.53,27.58,0,86.49
2221,2023-06-09,07:32:12,2023,6,9,7,Friday,Puttalam,Dankotuwa,7.2833,79.9,2,1,29.12,26.53,27.58,0,86.49
2222,2023-06-08,22:36:33,2023,6,8,22,Thursday,Anuradhapura,Rajanganaya,8.15,80.2167,1,2,29.13,26.32,27.48,0,84.12
2223,2023-06-08,19:47:26,2023,6,8,19,Thursday,Ratnapura,Kuruwita,6.7833,80.3667,1,2,29.13,26.32,27.48,0,84.12
2224,2023-06-08,09:55:04,2023,6,8,9,Thursday,Anuradhapura,Palugaswewa,8.5,80.7833,1,2,29.11,26.87,27.76,0,82.97
2225,2023-06-07,11:11:23,2023,6,7,11,Wednesday,Galle,Hikkaduwa,6.14,80.1,1,1,29.07,28.04,28.49,0,81.86
2226,2023-06-07,10:13:18,2023,6,7,10,Wednesday,Galle,Bentota,6.4167,79.9958,1,1,29.59,22.78,25.49,0,83.97
2227,2023-06-07,07:27:47,2023,6,7,7,Wednesday,Badulla,Mahiyanganaya,7.3333,81.0,1,1,29.59,22.78,25.49,0,83.97
2228,2023-06-06,15:09:12,2023,6,6,15,Tuesday,Matara,Dickwella,5.9667,80.6833,2,1,30.56,25.6,27.55,0,83.65
2229,2023-06-06,09:51:45,2023,6,6,9,Tuesday,Galle,Hikkaduwa,6.14,80.1,1,1,28.84,28.1,28.44,0,84.68
2230,2023-06-06,09:15:00,2023,6,6,9,Tuesday,Jaffna,Paranthan,9.4333,80.4167,1,1,30.56,25.6,27.55,0,83.65
2231,2023-06-05,08:50:16,2023,6,5,8,Monday,Anuradhapura,Medawachchiya,8.5333,80.5,1,1,32.25,25.64,28.39,0,81.42
2232,2023-06-04,14:05:42,2023,6,4,14,Sunday,Hambantota,Waligatta,6.2,81.0333,288,1,25.99,25.52,25.82,0,89.53
2234,2023-06-04,08:06:48,2023,6,4,8,Sunday,Galle,Baddegama,6.1667,80.1833,0,1,25.99,25.52,25.82,0,89.53
2233,2023-06-04,10:14:41,2023,6,4,10,Sunday,Ratnapura,Pelmadulla,6.6167,80.55,1,1,28.61,23.58,25.62,0,88.15
2235,2023-06-03,20:08:58,2023,6,3,20,Saturday,Nuwara Eliya,Ginigathhena,6.9833,80.4667,0,1,25.85,25.55,25.7,0,89.05
2236,2023-06-03,14:19:46,2023,6,3,14,Saturday,Gampaha,Hendala,6.9833,79.8833,2,0,30.69,27.48,28.58,0,80.7
2238,2023-06-03,10:48:34,2023,6,3,10,Saturday,Ampara,Thirukkovil,6.8333,81.8,300,1,25.85,25.55,25.7,0,89.05
2239,2023-06-03,08:53:26,2023,6,3,8,Saturday,Kalutara,Kalutara,6.5854,79.9607,233,1,25.85,25.55,25.7,0,89.05
2237,2023-06-03,10:48:55,2023,6,3,10,Saturday,Colombo,Boralesgamuwa,6.8394,79.9024,1,1,28.62,26.7,27.52,0,86.02
2240,2023-06-02,22:29:21,2023,6,2,22,Friday,Hambantota,Ambalantota,6.1167,81.0167,207,1,26.26,25.64,26.02,0,86.72
2241,2023-06-02,20:38:53,2023,6,2,20,Friday,Hambantota,Meellawa,6.1833,81.05,0,1,26.26,25.64,26.02,0,86.72
2242,2023-06-01,21:12:52,2023,6,1,21,Thursday,Badulla,Hali Ela,6.9667,81.0167,0,2,30.67,20.64,25.37,0,83.65
2243,2023-06-01,14:19:56,2023,6,1,14,Thursday,Kegalle,Rambukkana,7.3167,80.4,0,2,29.36,28.08,28.72,0,83.09
2245,2023-05-31,09:06:37,2023,5,31,9,Wednesday,Matara,Deniyaya,6.3417,80.55,1,2,29.12,25.76,27.51,0,83.57
2244,2023-06-01,10:25:56,2023,6,1,10,Thursday,Kandy,Peradeniya,7.26,80.6,2,1,30.64,22.11,26.03,0,84.96
2247,2023-05-28,13:52:27,2023,5,28,13,Sunday,Kandy,Gampola,7.1647,80.5767,1,1,30.21,26.84,28.3,0,84.27
2246,2023-05-28,14:09:21,2023,5,28,14,Sunday,Gampaha,Ragama,7.0286,79.9197,2,1,31.2,29.06,30.0,0,79.88
2248,2023-05-27,14:08:18,2023,5,27,14,Saturday,Matara,Palmulla,6.1167,80.55,2,1,27.36,26.25,26.92,0,87.24
2249,2023-05-26,18:04:06,2023,5,26,18,Friday,Ratnapura,Kalawana,6.5167,80.4,0,0,30.44,23.44,26.28,0,86.95
2250,2023-05-25,11:52:51,2023,5,25,11,Thursday,Kegalle,Kitulgala,6.9833,80.4167,1,1,28.99,25.91,27.35,0,88.62
2251,2023-05-24,08:17:28,2023,5,24,8,Wednesday,Mannar,Mannar,8.9779,79.912,1,0,30.51,27.32,28.64,0,83.75
2252,2023-05-23,22:12:56,2023,5,23,22,Tuesday,Badulla,Haputale,6.7667,80.95,0,1,30.38,22.13,25.74,0,84.41
2253,2023-05-22,14:00:42,2023,5,22,14,Monday,Kegalle,Ruwanwella,7.05,80.25,1,0,27.85,27.57,27.75,0,79.09
2254,2023-05-20,20:24:57,2023,5,20,20,Saturday,Polonnaruwa,Polonnaruwa,7.9403,81.0188,1,1,30.1,23.47,26.17,0,87.4
2255,2023-05-19,19:30:19,2023,5,19,19,Friday,Kegalle,Hemmathagama,7.2,80.5,1,2,28.34,28.04,28.16,0,84.1
2256,2023-05-18,20:56:06,2023,5,18,20,Thursday,Ratnapura,Ayagama,6.6167,80.3167,1,2,28.65,28.16,28.39,0,84.26
2257,2023-05-18,06:58:30,2023,5,18,6,Thursday,Gampaha,Peliyagoda,6.9556,79.8864,1,2,30.2,26.26,27.9,0,83.58
2258,2023-05-17,12:22:48,2023,5,17,12,Wednesday,Hambantota,Tangalle,6.0242,80.7944,1,0,30.62,25.26,27.5,0,88.55
2259,2023-05-17,11:28:33,2023,5,17,11,Wednesday,Kandy,Kandy,7.2906,80.6337,2,1,30.95,23.72,26.85,0,85.84
2261,2023-05-17,07:58:44,2023,5,17,7,Wednesday,Colombo,Battaramulla,6.8989,79.9181,1,0,30.62,25.26,27.5,0,88.55
2260,2023-05-17,10:40:24,2023,5,17,10,Wednesday,Galle,Wakwella,6.1,80.1667,0,2,29.02,28.17,28.72,0,81.4
2262,2023-05-17,06:41:20,2023,5,17,6,Wednesday,Ratnapura,Embilipitiya,6.3417,80.85,1,1,30.2,23.62,26.36,0,88.67
2263,2023-05-15,06:55:24,2023,5,15,6,Monday,Kegalle,Warakapola,7.2167,80.2,2,1,29.59,24.94,26.63,0,90.75
2264,2023-05-14,09:45:34,2023,5,14,9,Sunday,Puttalam,Puttalam,8.0362,79.8283,1,1,30.7,27.64,28.85,0,82.19
2265,2023-05-14,08:34:19,2023,5,14,8,Sunday,Badulla,Badulla,6.9934,81.055,0,1,30.78,23.77,26.4,0,84.56
2266,2023-05-13,13:43:28,2023,5,13,13,Saturday,Hambantota,Hambantota,6.1246,81.1185,2,1,28.18,24.3,25.91,0,90.44
2267,2023-05-13,08:07:37,2023,5,13,8,Saturday,Kandy,Digana,7.2833,80.75,1,1,29.29,27.67,28.42,0,86.46
2268,2023-05-12,15:07:52,2023,5,12,15,Friday,Colombo,Colombo,6.9271,79.8612,0,2,29.71,26.44,27.91,0,84.32
2269,2023-05-11,08:14:35,2023,5,11,8,Thursday,Kandy,Katugastota,7.3167,80.6167,0,1,28.39,23.42,25.5,0,87.8
2270,2023-05-09,06:37:33,2023,5,9,6,Tuesday,Ratnapura,Embilipitiya,6.3417,80.85,1,2,28.94,22.82,25.2,0,87.31
2271,2023-05-08,11:50:47,2023,5,8,11,Monday,Colombo,Maharagama,6.848,79.9265,0,2,29.02,25.9,27.23,0,82.46
2272,2023-05-08,08:10:12,2023,5,8,8,Monday,Kegalle,Warakapola,7.2167,80.2,1,1,27.3,22.57,24.67,0,89.8
2273,2023-05-07,19:26:51,2023,5,7,19,Sunday,Badulla,Haputale,6.7667,80.95,0,2,29.58,21.52,24.92,0,85.56
2274,2023-05-07,18:13:08,2023,5,7,18,Sunday,Jaffna,Kopay,9.7,80.0333,0,3,28.21,27.15,27.66,0,84.23
2275,2023-05-07,17:50:39,2023,5,7,17,Sunday,Polonnaruwa,Dimbulagala,7.9667,81.0,1,2,29.58,21.52,24.92,0,85.56
2276,2023-05-07,16:44:20,2023,5,7,16,Sunday,Kegalle,Kegalle,7.2513,80.3464,0,2,29.64,25.78,27.24,0,81.2
2277,2023-05-07,08:54:06,2023,5,7,8,Sunday,Kalutara,Panadura,6.7133,79.9025,0,2,29.61,26.35,27.77,0,80.29
2278,2023-05-07,07:30:33,2023,5,7,7,Sunday,Hambantota,Tangalle,6.0242,80.7944,1,1,29.84,27.08,28.35,0,81.79
2279,2023-05-05,22:09:38,2023,5,5,22,Friday,Kalutara,Millaniya,6.6833,80.0333,1,3,29.52,26.84,27.92,0,81.32
2281,2023-05-05,08:54:33,2023,5,5,8,Friday,Gampaha,Negombo,7.2083,79.8358,0,3,25.94,21.97,23.85,0,90.67
2280,2023-05-05,10:16:30,2023,5,5,10,Friday,Colombo,Homagama,6.8408,80.0024,0,3,27.07,25.47,26.13,0,85.17
2282,2023-05-03,11:21:29,2023,5,3,11,Wednesday,Kurunegala,Wariyapola,7.6333,80.2333,0,2,28.89,23.53,25.68,0,89.5
2283,2023-05-02,17:46:44,2023,5,2,17,Tuesday,Colombo,Ja-Ela,7.0744,79.8919,1,2,29.84,26.35,28.08,0,82.97
2284,2023-05-02,14:41:27,2023,5,2,14,Tuesday,Hambantota,Angunakolapelessa,6.1833,80.9167,2,2,29.46,28.22,28.95,0,81.92
2285,2023-05-01,23:07:20,2023,5,1,23,Monday,Mannar,Mannar,8.9779,79.912,2,3,29.59,28.47,28.85,0,83.36
2286,2023-05-01,10:22:52,2023,5,1,10,Monday,Kurunegala,Pannala,7.3167,79.9333,2,3,28.59,26.28,27.44,0,89.12
2288,2023-04-30,14:03:22,2023,4,30,14,Sunday,Colombo,Seeduwa,7.1258,79.8831,11,1,28.01,27.21,27.73,0,75.07
2287,2023-05-01,09:32:36,2023,5,1,9,Monday,Galle,Karapitiya,6.0667,80.2167,1,3,29.23,26.52,27.67,0,84.9
2289,2023-04-30,13:59:25,2023,4,30,13,Sunday,Colombo,Ratmalana,6.8181,79.8867,0,1,28.01,27.21,27.73,0,75.07
2290,2023-04-30,12:27:59,2023,4,30,12,Sunday,Galle,Udugama,6.2833,80.3667,0,2,29.18,20.93,24.52,0,85.16
2291,2023-04-28,23:17:11,2023,4,28,23,Friday,Colombo,Colombo,6.9271,79.8612,0,2,31.46,25.46,28.0,0,78.0
2293,2023-04-25,17:34:31,2023,4,25,17,Tuesday,Anuradhapura,Galnewa,8.15,80.4,0,1,28.01,27.65,27.88,0,84.16
2292,2023-04-26,07:41:02,2023,4,26,7,Wednesday,Kurunegala,Mawathagama,7.4167,80.45,3,2,30.53,23.17,26.18,0,78.39
2295,2023-04-23,09:17:04,2023,4,23,9,Sunday,Gampaha,Peliyagoda,6.9556,79.8864,0,2,27.89,22.35,24.69,0,88.79
2294,2023-04-24,19:18:33,2023,4,24,19,Monday,Badulla,Meegahakiwula,7.0667,81.05,1,2,30.37,24.4,26.96,0,85.59
2297,2023-04-19,12:29:55,2023,4,19,12,Wednesday,Kurunegala,Mahawa,7.8,80.3167,1,0,32.38,21.95,26.87,0,76.42
2296,2023-04-20,09:51:12,2023,4,20,9,Thursday,Colombo,Pannipitiya,6.8463,79.9418,1,1,32.16,28.84,30.48,0,75.61
2298,2023-04-18,14:33:00,2023,4,18,14,Tuesday,Colombo,Meegoda,6.8434,80.0093,1,1,31.34,25.76,28.41,0,77.79
2299,2023-04-18,08:25:28,2023,4,18,8,Tuesday,Hambantota,Tissamaharama,6.2833,81.2833,2,0,31.36,27.56,29.2,0,75.29
2300,2023-04-17,23:22:45,2023,4,17,23,Monday,Kalutara,Aluthgama,6.4333,79.9958,1,1,33.09,22.48,27.5,0,75.67
2301,2023-04-17,17:45:33,2023,4,17,17,Monday,Kalutara,Kalutara,6.5854,79.9607,0,1,30.7,21.51,25.55,0,81.06
2302,2023-04-17,09:44:50,2023,4,17,9,Monday,Matara,Hakmana,6.0667,80.6167,0,1,29.79,27.79,28.72,0,77.35
2303,2023-04-16,18:26:06,2023,4,16,18,Sunday,Gampaha,Biyagama,6.95,79.9833,0,1,29.9,22.31,26.02,0,77.06
2304,2023-04-16,07:53:02,2023,4,16,7,Sunday,Colombo,Kadawatha,7.0,79.95,2,1,32.3,24.08,28.44,0,72.66
2305,2023-04-15,21:00:13,2023,4,15,21,Saturday,Anuradhapura,Mihintale,8.35,80.5167,2,1,32.65,24.65,28.49,0,78.89
2306,2023-04-15,20:55:53,2023,4,15,20,Saturday,Ratnapura,Embilipitiya,6.3417,80.85,0,2,31.01,22.8,26.47,0,83.59
2307,2023-04-15,18:59:59,2023,4,15,18,Saturday,Kurunegala,Dambadeniya,7.3667,80.1333,0,1,28.36,27.83,28.11,0,78.59
2308,2023-04-15,14:00:31,2023,4,15,14,Saturday,Mannar,Murunkan,8.8333,80.05,12,1,28.36,27.83,28.11,0,78.59
2310,2023-04-15,07:38:09,2023,4,15,7,Saturday,Puttalam,Wennappuwa,7.35,79.8333,0,1,28.36,27.83,28.11,0,78.59
2309,2023-04-15,11:31:23,2023,4,15,11,Saturday,Colombo,Colombo,6.9271,79.8612,0,2,30.32,26.03,27.99,0,81.86
2311,2023-04-13,19:39:47,2023,4,13,19,Thursday,Galle,Hikkaduwa,6.14,80.1,1,1,30.07,27.68,28.95,0,78.83
2312,2023-04-12,11:10:40,2023,4,12,11,Wednesday,Gampaha,Attanagalla,7.1125,80.0056,6,0,31.84,21.12,26.07,0,82.27
2313,2023-04-11,07:38:08,2023,4,11,7,Tuesday,Kandy,Katugastota,7.3167,80.6167,1,1,31.76,23.24,26.83,0,81.97
2314,2023-04-11,07:20:56,2023,4,11,7,Tuesday,Anuradhapura,Rajanganaya,8.15,80.2167,0,1,28.43,27.74,28.21,0,82.67
2315,2023-04-10,17:27:04,2023,4,10,17,Monday,Colombo,Moratuwa,6.773,79.8816,1,1,31.61,24.83,28.1,0,74.02
2316,2023-04-10,07:37:41,2023,4,10,7,Monday,Kalutara,Payagala,6.5167,79.9833,0,1,28.23,27.0,27.87,0,82.57
2317,2023-04-09,18:03:58,2023,4,9,18,Sunday,Colombo,Mulleriyawa,6.9333,79.9333,0,2,28.41,26.81,27.37,0,83.32
2318,2023-04-09,15:06:21,2023,4,9,15,Sunday,Kandy,Gampola,7.1647,80.5767,25,2,28.41,26.81,27.37,0,83.32
2319,2023-04-09,13:05:21,2023,4,9,13,Sunday,Colombo,Ratmalana,6.8181,79.8867,1,1,31.71,24.86,28.28,0,71.46
2320,2023-04-08,18:40:23,2023,4,8,18,Saturday,Gampaha,Mirigama,7.2417,80.1236,0,2,30.76,25.32,27.85,0,75.23
2321,2023-04-08,09:21:59,2023,4,8,9,Saturday,Colombo,Homagama,6.8408,80.0024,1,1,31.43,21.85,26.17,0,83.93
2322,2023-04-07,17:48:55,2023,4,7,17,Friday,Kurunegala,Galgamuwa,8.0167,80.2833,0,1,31.11,24.64,27.33,0,79.48
2323,2023-04-07,14:31:40,2023,4,7,14,Friday,Colombo,Nugegoda,6.8649,79.8997,0,0,30.54,26.5,28.28,0,75.26
2324,2023-04-06,17:23:13,2023,4,6,17,Thursday,Kandy,Peradeniya,7.26,80.6,13,1,28.47,28.35,28.42,0,80.34
2325,2023-04-05,08:37:07,2023,4,5,8,Wednesday,Monaragala,Wellawaya,6.7333,81.1,3,1,28.63,22.4,25.12,0,86.23
2326,2023-04-04,08:41:13,2023,4,4,8,Tuesday,Matale,Ukuwela,7.4667,80.65,2,1,30.33,27.18,28.82,0,75.45
2327,2023-04-01,13:08:13,2023,4,1,13,Saturday,Ratnapura,Kahawatta,6.6,80.5333,1,2,29.9,20.9,24.98,0,83.36
2328,2023-03-27,13:36:36,2023,3,27,13,Monday,Kalutara,Beruwala,6.4789,79.9828,0,1,29.13,27.17,28.15,0,80.63
2329,2023-03-25,14:17:21,2023,3,25,14,Saturday,Matale,Hasalaka,7.35,80.8833,1,1,30.86,22.55,26.41,0,80.84
2330,2023-03-24,17:02:27,2023,3,24,17,Friday,Gampaha,Veyangoda,7.1542,80.0583,1,2,27.85,27.08,27.45,0,80.4
2331,2023-03-23,11:30:39,2023,3,23,11,Thursday,Matara,Weligama,5.975,80.4297,0,2,28.87,26.32,27.49,0,79.46
2332,2023-03-21,10:01:04,2023,3,21,10,Tuesday,Puttalam,Chilaw,7.5758,79.7953,1,1,30.99,22.14,26.15,0,82.8
2333,2023-03-20,12:16:34,2023,3,20,12,Monday,Badulla,Passara,6.9333,81.15,1,1,28.1,22.26,24.54,0,89.88
2334,2023-03-19,15:17:32,2023,3,19,15,Sunday,Galle,Batapola,6.2,80.1167,19,1,28.45,27.74,28.08,0,81.18
2335,2023-03-19,13:15:34,2023,3,19,13,Sunday,Polonnaruwa,Aralaganwila,7.85,81.1,0,1,28.45,27.74,28.08,0,81.18
2336,2023-03-18,13:16:33,2023,3,18,13,Saturday,Puttalam,Karuwalagaswewa,8.15,79.95,57,2,28.26,27.8,28.05,0,82.61
2337,2023-03-17,22:32:24,2023,3,17,22,Friday,Matara,Kamburupitiya,6.0833,80.5667,0,1,28.46,27.97,28.26,0,82.48
2339,2023-03-17,07:13:30,2023,3,17,7,Friday,Kurunegala,Melsiripura,7.6167,80.5,21,1,28.46,27.97,28.26,0,82.48
2338,2023-03-17,19:53:26,2023,3,17,19,Friday,Colombo,Colombo,6.9271,79.8612,0,1,29.7,24.44,27.07,0,76.28
2340,2023-03-16,16:48:58,2023,3,16,16,Thursday,Batticaloa,Batticaloa,7.7102,81.6924,2,2,29.02,26.93,27.92,0,81.7
2341,2023-03-16,15:08:51,2023,3,16,15,Thursday,Colombo,Colombo,6.9271,79.8612,0,2,29.81,25.37,27.46,0,81.2
2342,2023-03-13,16:15:32,2023,3,13,16,Monday,Matale,Rattota,7.5333,80.7,0,1,28.35,28.01,28.21,0,82.15
2343,2023-03-12,08:59:12,2023,3,12,8,Sunday,Galle,Hikkaduwa,6.14,80.1,1,2,29.96,26.96,28.43,0,77.56
2345,2023-03-07,14:52:40,2023,3,7,14,Tuesday,Kegalle,Mawanella,7.25,80.45,1,1,28.99,21.61,24.32,0,87.9
2344,2023-03-11,15:10:44,2023,3,11,15,Saturday,Galle,Wakwella,6.1,80.1667,0,2,28.86,26.63,27.73,0,78.69
2347,2023-03-03,21:40:05,2023,3,3,21,Friday,Kandy,Galagedara,7.3667,80.5333,1,1,29.46,21.31,24.57,0,83.02
2346,2023-03-06,13:40:45,2023,3,6,13,Monday,Ratnapura,Godakawela,6.5,80.55,0,1,27.86,20.79,23.74,0,90.64
2348,2023-03-03,10:35:25,2023,3,3,10,Friday,Matara,Malimbada,6.0167,80.5167,0,1,30.53,22.68,26.31,0,76.85
2350,2023-03-02,08:56:41,2023,3,2,8,Thursday,Colombo,Mount Lavinia,6.8389,79.8636,43,1,28.33,27.43,27.95,0,84.62
2349,2023-03-02,17:28:50,2023,3,2,17,Thursday,Badulla,Ridimaliyadda,7.1667,81.15,0,1,28.33,27.43,27.95,0,84.62
2351,2023-02-27,22:16:06,2023,2,27,22,Monday,Colombo,Battaramulla,6.8989,79.9181,0,1,29.72,20.21,25.12,0,76.96
2353,2023-02-27,16:15:00,2023,2,27,16,Monday,Matale,Sigiriya,7.9575,80.7603,1,1,28.98,19.41,24.01,0,83.92
2352,2023-02-27,17:54:37,2023,2,27,17,Monday,Colombo,Kesbewa,6.7959,79.9383,1,1,28.98,19.41,24.01,0,83.92
2354,2023-02-26,15:34:07,2023,2,26,15,Sunday,Kalutara,Matugama,6.5219,80.1164,28,1,28.38,27.94,28.21,0,81.08
2355,2023-02-24,09:47:19,2023,2,24,9,Friday,Colombo,Kottawa,6.8412,79.9653,1,2,30.19,21.89,26.12,0,78.1
2357,2023-02-20,17:49:18,2023,2,20,17,Monday,Gampaha,Kelaniya,6.9553,79.9219,0,2,29.54,23.38,26.05,0,84.06
2356,2023-02-23,16:16:42,2023,2,23,16,Thursday,Monaragala,Bibila,6.7667,81.2167,2,2,27.17,26.13,26.51,0,85.52
2358,2023-02-20,12:21:34,2023,2,20,12,Monday,Kalutara,Millaniya,6.6833,80.0333,0,0,28.1,25.16,26.49,0,80.22
2359,2023-02-20,10:05:31,2023,2,20,10,Monday,Matale,Naula,7.7,80.65,3,2,26.52,19.14,22.06,0,90.75
2360,2023-02-20,08:52:35,2023,2,20,8,Monday,Colombo,Kelaniya,6.9553,79.9219,1,2,28.05,20.95,23.82,0,89.58
2361,2023-02-19,22:22:05,2023,2,19,22,Sunday,Puttalam,Kalpitiya,8.2333,79.7667,2,2,26.88,19.25,22.29,0,90.04
2362,2023-02-19,13:56:34,2023,2,19,13,Sunday,Vavuniya,Omanthei,8.8333,80.5,0,2,27.93,26.28,26.95,0,85.57
2363,2023-02-17,13:15:24,2023,2,17,13,Friday,Matale,Dambulla,7.8675,80.6522,0,1,28.39,18.98,23.25,0,86.73
2364,2023-02-16,16:26:03,2023,2,16,16,Thursday,Nuwara Eliya,Ginigathhena,6.9833,80.4667,0,0,25.86,13.72,19.2,0,86.21
2365,2023-02-16,08:09:46,2023,2,16,8,Thursday,Matale,Laggala,7.5667,80.8,1,0,27.61,17.42,22.17,0,84.45
2366,2023-02-15,16:20:51,2023,2,15,16,Wednesday,Ratnapura,Godakawela,6.5,80.55,2,0,26.99,15.82,20.72,0,85.1
2367,2023-02-15,09:52:47,2023,2,15,9,Wednesday,Kalutara,Aluthgama,6.4333,79.9958,0,0,26.08,14.57,19.22,0,83.61
2368,2023-02-15,07:01:27,2023,2,15,7,Wednesday,Kegalle,Rambukkana,7.3167,80.4,0,0,26.99,15.82,20.72,0,85.1
2369,2023-02-14,12:51:56,2023,2,14,12,Tuesday,Matale,Matale,7.4675,80.6234,1,1,28.59,24.15,26.13,0,80.88
2370,2023-02-13,15:53:06,2023,2,13,15,Monday,Ampara,Maha Oya,7.5,81.3833,0,0,26.94,24.46,25.62,0,79.12
2371,2023-02-12,16:33:30,2023,2,12,16,Sunday,Nuwara Eliya,Ginigathhena,6.9833,80.4667,1,0,27.53,24.16,25.67,0,72.45
2372,2023-02-10,16:37:53,2023,2,10,16,Friday,Kalutara,Horana,6.7156,80.0644,1,1,28.7,23.73,26.18,0,81.22
2373,2023-02-10,08:20:27,2023,2,10,8,Friday,Ampara,Samanthurai,7.3667,81.8167,0,1,28.07,27.56,27.82,0,85.65
2374,2023-02-09,22:15:59,2023,2,9,22,Thursday,Matale,Laggala,7.5667,80.8,1,0,29.01,20.89,24.36,0,87.55
2376,2023-02-09,07:27:46,2023,2,9,7,Thursday,Batticaloa,Batticaloa,7.7102,81.6924,0,1,27.99,27.49,27.76,0,83.45
2375,2023-02-09,11:08:27,2023,2,9,11,Thursday,Monaragala,Kataragama,6.4167,81.3333,1,1,27.99,27.49,27.76,0,83.45
2377,2023-02-08,11:43:57,2023,2,8,11,Wednesday,Kurunegala,Kurunegala,7.4863,80.3647,1,1,27.54,26.59,26.94,0,83.54
2378,2023-02-08,09:40:50,2023,2,8,9,Wednesday,Colombo,Colombo,6.9271,79.8612,0,1,27.54,26.59,26.94,0,83.54
2379,2023-02-06,18:09:22,2023,2,6,18,Monday,Colombo,Seeduwa,7.1258,79.8831,0,1,27.77,26.48,27.18,0,78.15
2380,2023-02-04,17:00:22,2023,2,4,17,Saturday,Gampaha,Hendala,6.9833,79.8833,0,2,28.21,26.57,27.22,0,83.64
2381,2023-02-04,08:14:04,2023,2,4,8,Saturday,Anuradhapura,Anuradhapura,8.3114,80.4037,0,2,28.21,26.57,27.22,0,83.64
2382,2023-02-02,11:05:34,2023,2,2,11,Thursday,Monaragala,Thanamalwila,6.4333,81.0333,7,1,27.82,27.37,27.57,0,84.03
2383,2023-02-01,16:43:11,2023,2,1,16,Wednesday,Badulla,Hali Ela,6.9667,81.0167,2,1,27.96,26.98,27.69,0,79.1
2385,2023-01-31,08:16:29,2023,1,31,8,Tuesday,Badulla,Badulla,6.9934,81.055,0,1,26.96,26.44,26.67,0,73.35
2384,2023-01-31,10:34:50,2023,1,31,10,Tuesday,Colombo,Dehiwala,6.8511,79.8636,1,1,26.96,26.44,26.67,0,73.35
2386,2023-01-29,13:16:21,2023,1,29,13,Sunday,Matale,Pallepola,7.5833,80.6,0,1,27.77,27.16,27.51,0,80.0
2388,2023-01-23,09:43:27,2023,1,23,9,Monday,Nuwara Eliya,Hatton,6.8917,80.5958,0,1,27.74,26.99,27.34,0,84.14
2387,2023-01-23,13:45:22,2023,1,23,13,Monday,Ampara,Pottuvil,6.8667,81.8333,11,1,27.74,26.99,27.34,0,84.14
2389,2023-01-22,15:03:06,2023,1,22,15,Sunday,Colombo,Wattala,6.9897,79.8919,7,1,27.46,27.06,27.26,0,86.79
2390,2023-01-22,10:14:30,2023,1,22,10,Sunday,Kandy,Pilimathalawa,7.2167,80.5667,7,1,27.46,27.06,27.26,0,86.79
2391,2023-01-22,10:04:51,2023,1,22,10,Sunday,Matara,Weligama,5.975,80.4297,1,1,27.46,27.06,27.26,0,86.79
2392,2023-01-21,19:38:36,2023,1,21,19,Saturday,Badulla,Ella,6.8667,81.05,7,1,27.46,26.89,27.14,0,86.09
2393,2023-01-21,18:47:53,2023,1,21,18,Saturday,Galle,Udugama,6.2833,80.3667,7,1,27.46,26.89,27.14,0,86.09
2394,2023-01-21,10:33:05,2023,1,21,10,Saturday,Badulla,Kandeketiya,7.05,81.1,0,1,27.46,26.89,27.14,0,86.09
2395,2023-01-21,10:23:30,2023,1,21,10,Saturday,Gampaha,Mirigama,7.2417,80.1236,1,1,27.46,26.89,27.14,0,86.09
2396,2023-01-21,08:25:22,2023,1,21,8,Saturday,Kandy,Katugastota,7.3167,80.6167,7,1,27.46,26.89,27.14,0,86.09
2397,2023-01-20,22:36:01,2023,1,20,22,Friday,Kandy,Digana,7.2833,80.75,7,1,27.31,27.02,27.14,0,83.89
2398,2023-01-20,19:40:25,2023,1,20,19,Friday,Kalutara,Horana,6.7156,80.0644,7,1,27.31,27.02,27.14,0,83.89
2399,2023-01-18,14:30:15,2023,1,18,14,Wednesday,Jaffna,Kayts,9.7,79.85,17,1,27.09,26.36,26.79,0,83.3
2401,2023-01-17,06:58:36,2023,1,17,6,Tuesday,Matara,Weligama,5.975,80.4297,1,2,27.2,26.48,26.91,0,86.1
2400,2023-01-17,17:48:19,2023,1,17,17,Tuesday,Kilinochchi,Kilinochchi,9.3961,80.3981,0,2,27.2,26.48,26.91,0,86.1
2402,2023-01-16,10:53:33,2023,1,16,10,Monday,Nuwara Eliya,Ragala,6.9167,80.8,1,2,27.2,26.52,26.79,0,83.78
2403,2023-01-15,15:28:10,2023,1,15,15,Sunday,Vavuniya,Nedunkeni,8.9167,80.4667,40,1,27.01,26.68,26.8,0,82.76
2404,2023-01-15,11:46:31,2023,1,15,11,Sunday,Galle,Elpitiya,6.2833,80.1667,40,1,27.01,26.68,26.8,0,82.76
2406,2023-01-14,10:26:47,2023,1,14,10,Saturday,Kalutara,Ingiriya,6.7428,80.1647,1,1,27.1,26.34,26.75,0,83.75
2405,2023-01-14,14:51:56,2023,1,14,14,Saturday,Trincomalee,Kinniya,8.5,81.1833,1,1,27.1,26.34,26.75,0,83.75
2407,2023-01-13,09:57:25,2023,1,13,9,Friday,Colombo,Moratuwa,6.773,79.8816,0,1,27.25,26.89,27.06,0,80.96
2408,2023-01-10,10:26:06,2023,1,10,10,Tuesday,Colombo,Ja-Ela,7.0744,79.8919,2,1,27.32,25.98,26.78,0,78.25
2409,2023-01-09,09:28:27,2023,1,9,9,Monday,Vavuniya,Nedunkeni,8.9167,80.4667,40,1,26.92,26.28,26.49,0,85.4
2411,2023-01-08,14:32:03,2023,1,8,14,Sunday,Anuradhapura,Mihintale,8.35,80.5167,17,1,27.06,26.69,26.89,0,84.0
2410,2023-01-08,20:42:36,2023,1,8,20,Sunday,Monaragala,Kataragama,6.4167,81.3333,0,1,27.06,26.69,26.89,0,84.0
2412,2023-01-06,20:14:29,2023,1,6,20,Friday,Badulla,Ella,6.8667,81.05,1,1,27.07,26.15,26.49,0,81.5
2413,2023-01-05,07:50:46,2023,1,5,7,Thursday,Jaffna,Nelliady,9.7833,80.0833,1,2,27.02,26.25,26.52,0,81.91
2414,2023-01-04,18:41:25,2023,1,4,18,Wednesday,Kandy,Katugastota,7.3167,80.6167,0,1,27.14,26.54,26.98,0,76.6
2415,2023-01-04,16:14:04,2023,1,4,16,Wednesday,Mannar,Mannar,8.9779,79.912,1,1,27.14,26.54,26.98,0,76.6
2417,2023-01-01,16:16:34,2023,1,1,16,Sunday,Kegalle,Kegalle,7.2513,80.3464,0,1,27.23,26.85,27.08,0,81.55
2418,2023-01-01,13:27:52,2023,1,1,13,Sunday,Colombo,Colombo,6.9271,79.8612,0,1,27.23,26.85,27.08,0,81.55
2419,2023-01-01,12:46:16,2023,1,1,12,Sunday,Galle,Baddegama,6.1667,80.1833,0,1,27.23,26.85,27.08,0,81.55
2416,2023-01-03,10:14:50,2023,1,3,10,Tuesday,Monaragala,Medagama,6.75,81.15,2,2,26.71,26.19,26.51,0,80.89
2420,2022-12-06,12:45:50,2022,12,6,12,Tuesday,Badulla,Welimada,6.9,80.9,1,1,27.13,26.64,26.91,0,87.24
2421,2022-12-06,10:49:12,2022,12,6,10,Tuesday,Anuradhapura,Horowpothana,8.55,80.8333,8,1,27.13,26.64,26.91,0,87.24
2423,2022-12-04,06:48:04,2022,12,4,6,Sunday,Nuwara Eliya,Maskeliya,6.8333,80.5667,191,1,26.56,25.63,26.11,0,88.14
2422,2022-12-04,15:13:47,2022,12,4,15,Sunday,Ratnapura,Nivithigala,6.6167,80.4667,1,1,26.56,25.63,26.11,0,88.14
2425,2022-12-01,15:19:25,2022,12,1,15,Thursday,Jaffna,Delft,9.5,79.6833,1,1,26.94,26.63,26.81,0,84.81
2426,2022-12-01,13:26:19,2022,12,1,13,Thursday,Hambantota,Ambalantota,6.1167,81.0167,2,1,26.94,26.63,26.81,0,84.81
2427,2022-12-01,10:50:17,2022,12,1,10,Thursday,Mullaitivu,Pudukudiyiruppu,9.2333,80.75,343,1,26.94,26.63,26.81,0,84.81
2424,2022-12-02,13:34:41,2022,12,2,13,Friday,Polonnaruwa,Welikanda,7.8833,81.1,1,2,26.84,25.72,26.32,0,86.9
2428,2022-11-30,18:26:12,2022,11,30,18,Wednesday,Anuradhapura,Kahatagasdigiliya,8.4667,80.5833,1,1,26.94,26.13,26.5,0,86.32
2430,2022-11-29,08:29:57,2022,11,29,8,Tuesday,Trincomalee,Nilaveli,8.6833,81.1833,0,1,26.58,26.07,26.26,0,85.63
2429,2022-11-29,20:44:03,2022,11,29,20,Tuesday,Colombo,Colombo,6.9271,79.8612,0,1,26.58,26.07,26.26,0,85.63
2431,2022-11-25,07:27:04,2022,11,25,7,Friday,Matale,Matale,7.4675,80.6234,3,1,26.8,26.55,26.7,0,83.11
2432,2022-11-25,06:58:36,2022,11,25,6,Friday,Batticaloa,Valaichchenai,7.9167,81.5333,1,1,26.8,26.55,26.7,0,83.11
2433,2022-11-24,09:13:16,2022,11,24,9,Thursday,Badulla,Meegahakiwula,7.0667,81.05,0,1,26.58,26.09,26.32,0,84.12
2435,2022-11-21,14:29:22,2022,11,21,14,Monday,Matara,Weligama,5.975,80.4297,0,1,26.1,25.75,25.91,0,84.46
2436,2022-11-21,08:07:16,2022,11,21,8,Monday,Matale,Wilgamuwa,7.5667,80.8333,0,1,26.1,25.75,25.91,0,84.46
2434,2022-11-21,22:06:13,2022,11,21,22,Monday,Badulla,Diyatalawa,6.8167,80.9667,0,1,26.1,25.75,25.91,0,84.46
2437,2022-11-19,08:41:21,2022,11,19,8,Saturday,Jaffna,Vadamarachchi,9.75,80.2,2,1,26.29,25.97,26.08,0,83.12
2439,2022-11-18,10:11:47,2022,11,18,10,Friday,Batticaloa,Eravur,7.7667,81.6,0,1,26.3,25.91,26.1,0,82.53
2440,2022-11-18,09:00:57,2022,11,18,9,Friday,Kurunegala,Galgamuwa,8.0167,80.2833,3,1,26.3,25.91,26.1,0,82.53
2438,2022-11-18,15:07:50,2022,11,18,15,Friday,Polonnaruwa,Dimbulagala,7.9667,81.0,20,1,26.3,25.91,26.1,0,82.53
2441,2022-11-17,17:32:50,2022,11,17,17,Thursday,Mannar,Murunkan,8.8333,80.05,0,1,26.15,25.75,25.98,0,82.42
2443,2022-11-16,11:11:08,2022,11,16,11,Wednesday,Kalutara,Matugama,6.5219,80.1164,1,1,26.31,25.85,26.07,0,82.06
2442,2022-11-16,16:30:52,2022,11,16,16,Wednesday,Kalutara,Matugama,6.5219,80.1164,2,1,26.31,25.85,26.07,0,82.06
2445,2022-11-13,07:16:43,2022,11,13,7,Sunday,Kalutara,Dodangoda,6.55,80.0167,0,1,26.62,26.26,26.41,0,82.79
2444,2022-11-15,06:25:55,2022,11,15,6,Tuesday,Colombo,Dehiwala,6.8511,79.8636,1,1,26.49,26.25,26.39,0,81.37
2446,2022-11-12,18:04:31,2022,11,12,18,Saturday,Hambantota,Sooriyawewa,6.3167,81.0,1,1,26.65,26.39,26.53,0,82.99
2447,2022-11-12,13:01:00,2022,11,12,13,Saturday,Hambantota,Tangalle,6.0242,80.7944,1,1,26.65,26.39,26.53,0,82.99
2449,2022-11-05,13:07:31,2022,11,5,13,Saturday,Matale,Rattota,7.5333,80.7,1,1,26.98,26.21,26.67,0,83.76
2450,2022-11-05,11:32:54,2022,11,5,11,Saturday,Gampaha,Divulapitiya,7.2219,79.9581,1,1,26.98,26.21,26.67,0,83.76
2451,2022-11-05,06:30:35,2022,11,5,6,Saturday,Kandy,Kundasale,7.2833,80.7,3,1,26.98,26.21,26.67,0,83.76
2448,2022-11-05,13:38:15,2022,11,5,13,Saturday,Anuradhapura,Medawachchiya,8.5333,80.5,1,1,26.98,26.21,26.67,0,83.76
2452,2022-11-04,18:32:48,2022,11,4,18,Friday,Kurunegala,Dambadeniya,7.3667,80.1333,0,1,27.06,26.52,26.82,0,82.27
2453,2022-11-02,10:15:11,2022,11,2,10,Wednesday,Monaragala,Medagama,6.75,81.15,0,1,26.9,26.59,26.77,0,83.19
2454,2022-11-01,11:23:28,2022,11,1,11,Tuesday,Anuradhapura,Padaviya,8.8,80.7667,1,1,26.96,26.71,26.84,0,80.17
2455,2022-10-31,16:43:55,2022,10,31,16,Monday,Badulla,Badulla,6.9934,81.055,1,1,26.9,26.4,26.59,0,83.06
2457,2022-10-30,11:04:22,2022,10,30,11,Sunday,Kegalle,Warakapola,7.2167,80.2,151,1,26.67,26.31,26.55,0,85.43
2458,2022-10-30,10:25:06,2022,10,30,10,Sunday,Batticaloa,Valaichchenai,7.9167,81.5333,151,1,26.67,26.31,26.55,0,85.43
2459,2022-10-30,09:16:54,2022,10,30,9,Sunday,Colombo,Meegoda,6.8434,80.0093,151,1,26.67,26.31,26.55,0,85.43
2456,2022-10-30,21:46:38,2022,10,30,21,Sunday,Polonnaruwa,Polonnaruwa,7.9403,81.0188,91,1,26.67,26.31,26.55,0,85.43
2460,2022-10-25,12:52:52,2022,10,25,12,Tuesday,Nuwara Eliya,Ragala,6.9167,80.8,0,1,26.92,26.32,26.57,0,82.63
2461,2022-10-25,10:16:50,2022,10,25,10,Tuesday,Kurunegala,Kuliyapitiya,7.4708,80.04,1,1,26.92,26.32,26.57,0,82.63
2462,2022-10-22,12:37:04,2022,10,22,12,Saturday,Ratnapura,Kahawatta,6.6,80.5333,0,1,26.33,25.8,26.05,0,82.34
2464,2022-10-22,08:21:58,2022,10,22,8,Saturday,Kilinochchi,Pallai,9.4667,80.4167,1,1,26.33,25.8,26.05,0,82.34
2463,2022-10-22,09:39:32,2022,10,22,9,Saturday,Polonnaruwa,Welikanda,7.8833,81.1,1,1,26.33,25.8,26.05,0,82.34
2465,2022-10-21,11:19:29,2022,10,21,11,Friday,Kurunegala,Alawwa,7.3,80.2333,2,1,26.25,25.84,26.08,0,82.94
2466,2022-10-17,19:48:45,2022,10,17,19,Monday,Ratnapura,Kiriella,6.75,80.3667,3,1,26.29,25.95,26.06,0,82.73
2467,2022-10-17,12:58:46,2022,10,17,12,Monday,Mannar,Murunkan,8.8333,80.05,3,1,26.29,25.95,26.06,0,82.73
2468,2022-10-15,15:02:42,2022,10,15,15,Saturday,Ampara,Maha Oya,7.5,81.3833,0,1,26.36,26.09,26.25,0,79.56
2469,2022-10-15,10:54:48,2022,10,15,10,Saturday,Nuwara Eliya,Ambewela,6.8667,80.8167,28,1,26.36,26.09,26.25,0,79.56
2470,2022-10-14,14:31:52,2022,10,14,14,Friday,Gampaha,Ragama,7.0286,79.9197,8,1,26.33,25.96,26.15,0,81.44
2472,2022-10-13,14:09:48,2022,10,13,14,Thursday,Polonnaruwa,Medirigiriya,8.15,80.9667,0,1,26.38,25.91,26.14,0,80.4
2471,2022-10-13,19:16:32,2022,10,13,19,Thursday,Puttalam,Karuwalagaswewa,8.15,79.95,0,1,26.38,25.91,26.14,0,80.4
2473,2022-10-10,10:13:27,2022,10,10,10,Monday,Puttalam,Anamaduwa,7.8667,79.9833,0,1,26.55,25.86,26.27,0,77.37
2474,2022-10-10,07:38:49,2022,10,10,7,Monday,Kurunegala,Pannala,7.3167,79.9333,1,1,26.55,25.86,26.27,0,77.37
2476,2022-10-03,09:34:51,2022,10,3,9,Monday,Nuwara Eliya,Hatton,6.8917,80.5958,0,1,26.23,25.51,25.68,0,82.56
2475,2022-10-08,14:58:02,2022,10,8,14,Saturday,Matara,Weligama,5.975,80.4297,0,0,25.96,25.53,25.76,0,72.25
2478,2022-09-28,22:13:58,2022,9,28,22,Wednesday,Badulla,Mahiyanganaya,7.3333,81.0,0,1,25.5,25.17,25.36,0,81.59
2477,2022-10-02,09:55:04,2022,10,2,9,Sunday,Gampaha,Nittambuwa,7.1417,80.0944,26,0,26.46,25.45,25.97,0,74.07
2479,2022-09-28,07:12:47,2022,9,28,7,Wednesday,Gampaha,Dompe,7.0167,80.05,0,1,25.5,25.17,25.36,0,81.59
2481,2022-09-26,17:08:25,2022,9,26,17,Monday,Kalutara,Horana,6.7156,80.0644,0,1,25.47,25.03,25.26,0,80.67
2482,2022-09-26,13:53:50,2022,9,26,13,Monday,Kandy,Kadugannawa,7.25,80.5167,6,1,25.47,25.03,25.26,0,80.67
2480,2022-09-27,10:05:05,2022,9,27,10,Tuesday,Jaffna,Point Pedro,9.8167,80.2333,2,1,25.5,25.18,25.36,0,80.08
2483,2022-09-25,13:52:51,2022,9,25,13,Sunday,Matale,Dambulla,7.8675,80.6522,0,1,25.27,25.01,25.13,0,82.28
2484,2022-09-24,12:41:16,2022,9,24,12,Saturday,Nuwara Eliya,Talawakele,6.9333,80.65,0,1,25.63,25.33,25.51,0,80.79
2485,2022-09-18,23:33:22,2022,9,18,23,Sunday,Batticaloa,Eravur,7.7667,81.6,27,0,25.72,25.39,25.55,0,77.5
2486,2022-09-15,11:02:46,2022,9,15,11,Thursday,Ratnapura,Ratnapura,6.6828,80.3992,0,1,25.13,24.85,24.99,0,83.58
2488,2022-09-12,13:47:47,2022,9,12,13,Monday,Nuwara Eliya,Kotagala,6.95,80.5833,1,1,25.22,25.02,25.11,0,79.2
2487,2022-09-13,10:08:45,2022,9,13,10,Tuesday,Puttalam,Wennappuwa,7.35,79.8333,1,0,25.26,25.07,25.16,0,78.48
2489,2022-09-12,13:35:26,2022,9,12,13,Monday,Hambantota,Ambalantota,6.1167,81.0167,0,1,25.22,25.02,25.11,0,79.2
2491,2022-09-10,17:34:21,2022,9,10,17,Saturday,Kurunegala,Ibbagamuwa,7.5,80.4,0,1,25.06,24.8,24.9,0,77.52
2492,2022-09-10,10:15:35,2022,9,10,10,Saturday,Ratnapura,Kuruwita,6.7833,80.3667,3,1,25.06,24.8,24.9,0,77.52
2490,2022-09-10,19:18:45,2022,9,10,19,Saturday,Galle,Neluwa,6.35,80.3833,0,1,25.06,24.8,24.9,0,77.52
2494,2022-09-07,18:39:59,2022,9,7,18,Wednesday,Colombo,Colombo,6.9271,79.8612,0,1,25.06,24.52,24.78,0,82.13
2493,2022-09-09,14:43:06,2022,9,9,14,Friday,Badulla,Bandarawela,6.8325,80.9886,0,1,25.52,24.87,25.12,0,76.83
2495,2022-09-05,13:42:00,2022,9,5,13,Monday,Kalutara,Aluthgama,6.4333,79.9958,0,1,24.81,24.54,24.69,0,84.06
2496,2022-09-05,11:24:43,2022,9,5,11,Monday,Monaragala,Bibila,6.7667,81.2167,1,1,24.81,24.54,24.69,0,84.06
2497,2022-09-04,10:18:47,2022,9,4,10,Sunday,Colombo,Maharagama,6.848,79.9265,1,1,24.72,24.24,24.56,0,83.29
2498,2022-09-01,18:29:35,2022,9,1,18,Thursday,Kegalle,Mawanella,7.25,80.45,0,1,24.39,23.83,24.1,0,82.78
2500,2022-08-27,17:37:18,2022,8,27,17,Saturday,Colombo,Pannipitiya,6.8463,79.9418,0,1,24.36,23.88,24.15,0,81.44
2499,2022-08-28,09:37:48,2022,8,28,9,Sunday,Kurunegala,Galgamuwa,8.0167,80.2833,1,1,23.89,23.68,23.78,0,81.21
2501,2022-08-27,12:54:54,2022,8,27,12,Saturday,Batticaloa,Chenkalady,7.7833,81.6,1600,1,24.36,23.88,24.15,0,81.44
2502,2022-08-23,17:47:13,2022,8,23,17,Tuesday,Colombo,Colombo,6.9271,79.8612,0,1,23.78,23.09,23.48,0,86.96
2503,2022-08-21,07:59:41,2022,8,21,7,Sunday,Puttalam,Chilaw,7.5758,79.7953,32,1,24.22,22.74,23.29,0,81.58
2504,2022-08-20,21:14:42,2022,8,20,21,Saturday,Mannar,Nanattan,8.9833,79.9667,16,0,23.13,22.69,22.96,0,86.15
2505,2022-08-20,11:39:46,2022,8,20,11,Saturday,Trincomalee,Muttur,8.45,81.2667,3,0,23.13,22.69,22.96,0,86.15
2506,2022-08-16,15:34:21,2022,8,16,15,Tuesday,Kurunegala,Ridigama,7.5,80.4667,20,1,23.38,23.08,23.26,0,76.07
2507,2022-08-15,18:10:21,2022,8,15,18,Monday,Colombo,Kadawatha,7.0,79.95,0,0,23.89,23.19,23.43,0,79.91
2508,2022-08-15,13:48:50,2022,8,15,13,Monday,Colombo,Piliyandala,6.8011,79.9231,1,0,23.89,23.19,23.43,0,79.91
2509,2022-08-15,12:06:15,2022,8,15,12,Monday,Hambantota,Okanda,6.65,81.7167,0,0,23.89,23.19,23.43,0,79.91
2510,2022-08-14,14:13:20,2022,8,14,14,Sunday,Ratnapura,Balangoda,6.65,80.7,0,0,24.36,23.93,24.02,0,78.46
2511,2022-08-14,09:38:34,2022,8,14,9,Sunday,Nuwara Eliya,Norwood,6.85,80.6167,1,0,24.36,23.93,24.02,0,78.46
2512,2022-08-13,10:59:45,2022,8,13,10,Saturday,Mannar,Murunkan,8.8333,80.05,0,1,24.93,24.45,24.65,0,78.69
2513,2022-08-12,12:52:55,2022,8,12,12,Friday,Colombo,Colombo,6.9271,79.8612,0,1,25.16,24.35,24.74,0,77.54
2514,2022-08-11,16:27:42,2022,8,11,16,Thursday,Batticaloa,Kattankudy,7.6833,81.7333,1,1,24.68,23.95,24.37,0,80.96
2515,2022-08-10,14:36:07,2022,8,10,14,Wednesday,Ampara,Kalmunai,7.4167,81.8333,0,1,24.68,24.47,24.57,0,75.47
2516,2022-08-09,17:20:57,2022,8,9,17,Tuesday,Kegalle,Aranayaka,7.15,80.4333,1,0,24.81,24.37,24.55,0,75.5
2518,2022-08-09,11:52:12,2022,8,9,11,Tuesday,Colombo,Colombo,6.9271,79.8612,0,0,24.81,24.37,24.55,0,75.5
2517,2022-08-09,13:35:46,2022,8,9,13,Tuesday,Vavuniya,Omanthei,8.8333,80.5,0,0,24.81,24.37,24.55,0,75.5
2519,2022-08-06,14:16:37,2022,8,6,14,Saturday,Jaffna,Kopay,9.7,80.0333,1,0,24.24,23.53,23.92,0,73.42
2520,2022-08-04,19:59:48,2022,8,4,19,Thursday,Monaragala,Buttala,6.75,81.2333,1,0,23.63,23.03,23.32,0,77.97
2521,2022-08-03,15:41:58,2022,8,3,15,Wednesday,Colombo,Colombo,6.9271,79.8612,0,0,23.09,22.49,22.78,0,79.14
2522,2022-08-03,11:06:23,2022,8,3,11,Wednesday,Colombo,Colombo,6.9271,79.8612,0,0,23.09,22.49,22.78,0,79.14
2524,2022-08-01,11:20:29,2022,8,1,11,Monday,Hambantota,Tangalle,6.0242,80.7944,3,0,23.33,23.01,23.21,0,78.54
2523,2022-08-01,18:00:28,2022,8,1,18,Monday,Galle,Galle,6.0535,80.221,0,0,23.33,23.01,23.21,0,78.54
2525,2022-07-31,20:12:04,2022,7,31,20,Sunday,Anuradhapura,Galnewa,8.15,80.4,1,0,23.86,23.32,23.59,0,76.58
2527,2022-07-31,19:14:01,2022,7,31,19,Sunday,Ratnapura,Pelmadulla,6.6167,80.55,0,0,23.86,23.32,23.59,0,76.58
2528,2022-07-31,16:12:50,2022,7,31,16,Sunday,Colombo,Colombo,6.9271,79.8612,0,0,23.86,23.32,23.59,0,76.58
2529,2022-07-31,13:37:48,2022,7,31,13,Sunday,Kegalle,Hemmathagama,7.2,80.5,1,0,23.86,23.32,23.59,0,76.58
2526,2022-07-31,19:17:33,2022,7,31,19,Sunday,Galle,Karapitiya,6.0667,80.2167,0,0,23.86,23.32,23.59,0,76.58
2531,2022-07-27,11:18:04,2022,7,27,11,Wednesday,Trincomalee,Kantale,8.35,81.0,0,1,24.72,24.44,24.56,0,76.99
2530,2022-07-29,10:53:17,2022,7,29,10,Friday,Ratnapura,Ratnapura,6.6828,80.3992,1,1,24.02,23.64,23.84,0,75.2
2532,2022-07-25,17:22:37,2022,7,25,17,Monday,Hambantota,Lunugamvehera,6.3167,81.2167,30,0,24.56,24.19,24.38,0,73.01
2533,2022-07-24,11:30:46,2022,7,24,11,Sunday,Monaragala,Siyambalanduwa,6.9,81.5333,1,0,24.71,24.39,24.55,0,74.48
2534,2022-07-24,07:15:16,2022,7,24,7,Sunday,Matara,Deniyaya,6.3417,80.55,1,0,24.71,24.39,24.55,0,74.48
2535,2022-07-23,18:59:09,2022,7,23,18,Saturday,Ratnapura,Nivithigala,6.6167,80.4667,1,0,24.85,24.48,24.69,0,77.86
2537,2022-07-18,16:21:53,2022,7,18,16,Monday,Colombo,Colombo,6.9271,79.8612,0,0,23.91,23.31,23.69,0,77.93
2538,2022-07-18,13:38:02,2022,7,18,13,Monday,Galle,Udugama,6.2833,80.3667,0,0,23.91,23.31,23.69,0,77.93
2539,2022-07-18,11:44:51,2022,7,18,11,Monday,Kurunegala,Polgahawela,7.3333,80.3,2,0,23.91,23.31,23.69,0,77.93
2536,2022-07-18,19:31:43,2022,7,18,19,Monday,Galle,Nagoda,6.1333,80.1833,2,0,23.91,23.31,23.69,0,77.93
2540,2022-07-17,18:25:03,2022,7,17,18,Sunday,Monaragala,Buttala,6.75,81.2333,2,0,23.53,23.03,23.31,0,80.67
2542,2022-07-16,06:54:09,2022,7,16,6,Saturday,Trincomalee,Muttur,8.45,81.2667,1,0,23.47,23.24,23.28,0,82.33
2541,2022-07-16,17:11:43,2022,7,16,17,Saturday,Trincomalee,Seruwila,8.5,81.3,0,0,23.47,23.24,23.28,0,82.33
2543,2022-07-11,19:51:31,2022,7,11,19,Monday,Kandy,Gampola,7.1647,80.5767,2,1,24.01,23.48,23.81,0,80.59
2544,2022-07-08,22:10:43,2022,7,8,22,Friday,Colombo,Colombo,6.9271,79.8612,0,0,25.04,24.42,24.7,0,82.43
2545,2022-07-08,19:13:14,2022,7,8,19,Friday,Badulla,Haputale,6.7667,80.95,1,0,25.04,24.42,24.7,0,82.43
2546,2022-07-05,21:10:42,2022,7,5,21,Tuesday,Anuradhapura,Rajanganaya,8.15,80.2167,0,1,25.55,25.3,25.46,0,78.12
2547,2022-07-02,22:51:24,2022,7,2,22,Saturday,Puttalam,Anamaduwa,7.8667,79.9833,0,1,25.68,25.1,25.41,0,75.48
2549,2022-07-02,20:03:45,2022,7,2,20,Saturday,Matara,Weligama,5.975,80.4297,0,1,25.68,25.1,25.41,0,75.48
2548,2022-07-02,21:52:27,2022,7,2,21,Saturday,Kegalle,Dehiowita,6.9833,80.25,1,1,25.68,25.1,25.41,0,75.48
2550,2022-07-01,17:02:27,2022,7,1,17,Friday,Kurunegala,Wariyapola,7.6333,80.2333,0,1,25.24,24.99,25.16,0,78.41
2551,2022-07-01,14:44:59,2022,7,1,14,Friday,Galle,Neluwa,6.35,80.3833,3,25.24,24.99,25.16,0,78.41
2552,2022-06-29,18:28:18,2022,6,29,18,Wednesday,Colombo,Colombo,6.9271,79.8612,0,1,25.95,25.27,25.64,0,80.48
2553,2022-06-29,13:08:59,2022,6,29,13,Wednesday,Puttalam,Wennappuwa,7.35,79.8333,1,1,25.95,25.27,25.64,0,80.48
2554,2022-06-28,07:45:34,2022,6,28,7,Tuesday,Jaffna,Jaffna,9.6615,80.0255,0,1,25.98,25.5,25.77,0,78.86
2555,2022-06-27,13:04:24,2022,6,27,13,Monday,Galle,Batapola,6.2,80.1167,2,1,25.84,24.87,25.41,0,81.77
2556,2022-06-27,11:04:44,2022,6,27,11,Monday,Colombo,Colombo,6.9271,79.8612,0,1,25.84,24.87,25.41,0,81.77
2557,2022-06-26,17:49:49,2022,6,26,17,Sunday,Puttalam,Madampe,7.5,79.8167,0,1,25.36,24.85,25.05,0,81.54
2558,2022-06-20,09:11:46,2022,6,20,9,Monday,Matara,Palmulla,6.1167,80.55,2,1,25.55,25.22,25.4,0,82.09
2559,2022-06-19,15:23:47,2022,6,19,15,Sunday,Hambantota,Tissamaharama,6.2833,81.2833,96,1,25.63,25.04,25.41,0,78.71
2560,2022-06-19,10:59:36,2022,6,19,10,Sunday,Puttalam,Mundalama,8.1167,79.8333,96,1,25.63,25.04,25.41,0,78.71
2561,2022-06-18,21:16:16,2022,6,18,21,Saturday,Gampaha,Minuwangoda,7.1667,79.95,0,1,25.27,25.05,25.16,0,78.1
2562,2022-06-18,10:03:40,2022,6,18,10,Saturday,Hambantota,Ambalantota,6.1167,81.0167,1,1,25.27,25.05,25.16,0,78.1
2564,2022-06-16,17:50:39,2022,6,16,17,Thursday,Galle,Elpitiya,6.2833,80.1667,0,1,25.8,25.43,25.61,0,76.51
2565,2022-06-16,17:48:21,2022,6,16,17,Thursday,Ampara,Thirukkovil,6.8333,81.8,1,1,25.8,25.43,25.61,0,76.51
2563,2022-06-17,22:26:45,2022,6,17,22,Friday,Galle,Ambalangoda,6.2354,80.0538,0,1,25.46,25.2,25.37,0,78.86
2566,2022-06-15,17:39:05,2022,6,15,17,Wednesday,Matara,Weligama,5.975,80.4297,0,1,26.26,25.91,26.11,0,78.78
2567,2022-06-14,09:59:49,2022,6,14,9,Tuesday,Anuradhapura,Galenbindunuwewa,8.2833,80.6167,0,2,26.41,25.91,26.15,0,83.6
2569,2022-06-12,11:26:52,2022,6,12,11,Sunday,Ratnapura,Godakawela,6.5,80.55,0,1,26.7,25.65,26.24,0,76.55
2570,2022-06-12,11:01:28,2022,6,12,11,Sunday,Anuradhapura,Anuradhapura,8.3114,80.4037,3,1,26.7,25.65,26.24,0,76.55
2568,2022-06-13,08:45:22,2022,6,13,8,Monday,Colombo,Kadawatha,7.0,79.95,1,1,26.77,26.48,26.6,0,79.11
2571,2022-06-11,16:14:26,2022,6,11,16,Saturday,Puttalam,Kalpitiya,8.2333,79.7667,1,0,26.23,25.81,26.12,0,78.96
2572,2022-06-11,15:22:29,2022,6,11,15,Saturday,Kegalle,Rambukkana,7.3167,80.4,8,0,26.23,25.81,26.12,0,78.96
2574,2022-06-05,08:33:32,2022,6,5,8,Sunday,Colombo,Ratmalana,6.8181,79.8867,12,1,26.7,25.78,26.32,0,82.37
2573,2022-06-10,15:09:56,2022,6,10,15,Friday,Kurunegala,Narammala,7.4167,80.0167,2,0,26.47,26.26,26.34,0,78.32
2575,2022-06-04,12:10:44,2022,6,4,12,Saturday,Badulla,Mahiyanganaya,7.3333,81.0,4,1,26.67,26.11,26.4,0,83.65
2576,2022-06-04,10:45:22,2022,6,4,10,Saturday,Jaffna,Paranthan,9.4333,80.4167,2,1,26.67,26.11,26.4,0,83.65
2577,2022-06-03,17:22:42,2022,6,3,17,Friday,Colombo,Boralesgamuwa,6.8394,79.9024,1,1,26.82,26.41,26.63,0,81.56
2579,2022-06-02,08:26:26,2022,6,2,8,Thursday,Nuwara Eliya,Bogawantalawa,6.8,80.6667,2,1,26.77,26.24,26.59,0,82.97
2580,2022-06-02,08:23:33,2022,6,2,8,Thursday,Galle,Nagoda,6.1333,80.1833,2,1,26.77,26.24,26.59,0,82.97
2578,2022-06-02,16:24:08,2022,6,2,16,Thursday,Kurunegala,Alawwa,7.3,80.2333,2,1,26.77,26.24,26.59,0,82.97
2581,2022-06-01,14:49:17,2022,6,1,14,Wednesday,Galle,Ambalangoda,6.2354,80.0538,1,1,26.93,26.51,26.78,0,81.62
2583,2022-06-01,08:47:14,2022,6,1,8,Wednesday,Colombo,Mulleriyawa,6.9333,79.9333,0,1,26.93,26.51,26.78,0,81.62
2582,2022-06-01,11:26:16,2022,6,1,11,Wednesday,Galle,Ambalangoda,6.2354,80.0538,1,1,26.93,26.51,26.78,0,81.62
2585,2022-05-28,18:10:56,2022,5,28,18,Saturday,Kegalle,Kitulgala,6.9833,80.4167,1,0,27.13,26.84,27.01,0,79.1
2584,2022-05-30,13:04:10,2022,5,30,13,Monday,Monaragala,Bibila,6.7667,81.2167,2,0,26.99,26.59,26.81,0,76.38
2586,2022-05-28,10:28:53,2022,5,28,10,Saturday,Kurunegala,Mahawa,7.8,80.3167,2,0,27.13,26.84,27.01,0,79.1
2587,2022-05-28,07:08:10,2022,5,28,7,Saturday,Mannar,Pallimunai,8.95,79.8833,0,0,27.13,26.84,27.01,0,79.1
2589,2022-05-26,15:02:23,2022,5,26,15,Thursday,Matale,Wilgamuwa,7.5667,80.8333,0,1,26.99,26.59,26.8,0,78.97
2588,2022-05-26,15:55:50,2022,5,26,15,Thursday,Colombo,Colombo,6.9271,79.8612,0,1,26.99,26.59,26.8,0,78.97
2590,2022-05-25,10:31:39,2022,5,25,10,Wednesday,Hambantota,Hambantota,6.1246,81.1185,4,1,26.83,26.3,26.49,0,79.94
2591,2022-05-23,17:10:37,2022,5,23,17,Monday,Galle,Ambalangoda,6.2354,80.0538,1,1,26.91,26.67,26.82,0,78.87
2592,2022-05-22,09:34:00,2022,5,22,9,Sunday,Nuwara Eliya,Dimbula,6.9333,80.6,0,1,27.09,26.85,26.96,0,77.89
2593,2022-05-21,20:09:58,2022,5,21,20,Saturday,Anuradhapura,Thambuttegama,8.15,80.3167,0,2,27.4,27.07,27.32,0,79.35
2594,2022-05-21,16:15:43,2022,5,21,16,Saturday,Polonnaruwa,Aralaganwila,7.85,81.1,0,2,27.4,27.07,27.32,0,79.35
2595,2022-05-21,10:44:37,2022,5,21,10,Saturday,Gampaha,Divulapitiya,7.2219,79.9581,1,2,27.4,27.07,27.32,0,79.35
2596,2022-05-19,12:27:04,2022,5,19,12,Thursday,Colombo,Nugegoda,6.8649,79.8997,0,1,27.86,27.43,27.66,0,80.29
2597,2022-05-18,09:08:57,2022,5,18,9,Wednesday,Gampaha,Negombo,7.2083,79.8358,3,1,28.03,27.57,27.85,0,78.45
2598,2022-05-17,11:30:18,2022,5,17,11,Tuesday,Gampaha,Peliyagoda,6.9556,79.8864,1,1,28.09,27.59,27.88,0,77.01
2599,2022-05-16,07:58:01,2022,5,16,7,Monday,Polonnaruwa,Hingurakgoda,8.05,80.95,11,0,28.09,27.82,27.93,0,75.48
2601,2022-05-13,09:37:35,2022,5,13,9,Friday,Monaragala,Siyambalanduwa,6.9,81.5333,2,1,28.02,27.68,27.86,0,81.76
2600,2022-05-15,06:28:36,2022,5,15,6,Sunday,Colombo,Seeduwa,7.1258,79.8831,1,1,28.03,27.44,27.82,0,80.86
2603,2022-05-06,17:09:10,2022,5,6,17,Friday,Colombo,Colombo,6.9271,79.8612,0,3,27.86,27.21,27.57,0,85.55
2604,2022-05-06,09:03:56,2022,5,6,9,Friday,Hambantota,Meellawa,6.1833,81.05,1,3,27.86,27.21,27.57,0,85.55
2602,2022-05-07,10:16:31,2022,5,7,10,Saturday,Gampaha,Minuwangoda,7.1667,79.95,0,1,28.28,27.23,27.69,0,84.3
2605,2022-05-05,23:10:50,2022,5,5,23,Thursday,Kilinochchi,Ariyalkulam,9.3667,80.4,0,1,28.0,26.94,27.69,0,82.47
2607,2022-05-03,10:09:00,2022,5,3,10,Tuesday,Gampaha,Biyagama,6.95,79.9833,3,1,27.72,26.91,27.45,0,82.14
2606,2022-05-03,18:19:51,2022,5,3,18,Tuesday,Colombo,Wattala,6.9897,79.8919,2,1,27.72,26.91,27.45,0,82.14
2608,2022-05-02,16:05:55,2022,5,2,16,Monday,Galle,Yakkalamulla,6.1167,80.25,1,1,27.69,26.87,27.27,0,83.85
2609,2022-05-02,07:14:28,2022,5,2,7,Monday,Matara,Hakmana,6.0667,80.6167,1,1,27.69,26.87,27.27,0,83.85
2610,2022-05-01,22:03:21,2022,5,1,22,Sunday,Kegalle,Kegalle,7.2513,80.3464,1,1,27.65,27.37,27.52,0,84.4
2611,2022-05-01,10:25:58,2022,5,1,10,Sunday,Colombo,Pannipitiya,6.8463,79.9418,3,1,27.65,27.37,27.52,0,84.4
2612,2022-04-30,22:31:57,2022,4,30,22,Saturday,Kurunegala,Dambadeniya,7.3667,80.1333,0,1,27.95,27.74,27.85,0,81.67
2613,2022-04-30,11:06:02,2022,4,30,11,Saturday,Vavuniya,Puliyankulam,8.8833,80.4667,2,1,27.95,27.74,27.85,0,81.67
2614,2022-04-27,20:19:58,2022,4,27,20,Wednesday,Kilinochchi,Ariyalkulam,9.3667,80.4,11,2,27.61,26.3,27.05,0,85.26
2615,2022-04-26,16:26:25,2022,4,26,16,Tuesday,Kurunegala,Ridigama,7.5,80.4667,20,2,27.69,27.0,27.45,0,86.22
2616,2022-04-25,12:52:25,2022,4,25,12,Monday,Galle,Udugama,6.2833,80.3667,2,2,27.65,27.19,27.41,0,85.32
2617,2022-04-22,14:25:59,2022,4,22,14,Friday,Kandy,Katugastota,7.3167,80.6167,0,1,27.86,27.0,27.37,0,84.88
2619,2022-04-22,09:59:16,2022,4,22,9,Friday,Kurunegala,Alawwa,7.3,80.2333,0,1,27.86,27.0,27.37,0,84.88
2618,2022-04-22,13:39:46,2022,4,22,13,Friday,Colombo,Battaramulla,6.8989,79.9181,1,1,27.86,27.0,27.37,0,84.88
2620,2022-04-20,10:19:05,2022,4,20,10,Wednesday,Kandy,Pilimathalawa,7.2167,80.5667,1,1,28.08,27.53,27.83,0,81.33
2622,2022-04-18,07:05:26,2022,4,18,7,Monday,Colombo,Moratuwa,6.773,79.8816,4,2,28.14,27.8,27.99,0,80.51
2621,2022-04-18,08:02:27,2022,4,18,8,Monday,Kalutara,Millaniya,6.6833,80.0333,0,2,28.14,27.8,27.99,0,80.51
2624,2022-04-16,16:10:57,2022,4,16,16,Saturday,Mullaitivu,Vellankulam,9.2667,80.3167,2,1,28.17,27.61,27.9,0,82.78
2623,2022-04-17,10:19:28,2022,4,17,10,Sunday,Matale,Dambulla,7.8675,80.6522,2,1,28.17,27.59,27.88,0,82.43
2625,2022-04-14,12:52:01,2022,4,14,12,Thursday,Colombo,Colombo,6.9271,79.8612,0,1,27.72,26.78,27.21,0,82.71
2626,2022-04-10,22:22:48,2022,4,10,22,Sunday,Kalutara,Ingiriya,6.7428,80.1647,2,1,28.42,27.81,28.17,0,82.86
2627,2022-04-10,14:20:52,2022,4,10,14,Sunday,Kegalle,Ruwanwella,7.05,80.25,1,1,28.42,27.81,28.17,0,82.86
2628,2022-04-07,14:33:48,2022,4,7,14,Thursday,Monaragala,Thanamalwila,6.4333,81.0333,3,2,28.88,28.08,28.42,0,85.61
2629,2022-04-05,14:23:53,2022,4,5,14,Tuesday,Colombo,Kelaniya,6.9553,79.9219,2,1,28.37,27.47,27.88,0,80.09
2631,2022-03-31,19:53:39,2022,3,31,19,Thursday,Mullaitivu,Mallavi,9.1167,80.2333,0,1,28.75,28.33,28.52,0,81.21
2630,2022-04-02,06:53:30,2022,4,2,6,Saturday,Kalutara,Matugama,6.5219,80.1164,0,1,27.46,27.14,27.33,0,79.06
2632,2022-03-31,12:29:42,2022,3,31,12,Thursday,Matale,Wilgamuwa,7.5667,80.8333,0,1,28.75,28.33,28.52,0,81.21
2634,2022-03-29,10:11:11,2022,3,29,10,Tuesday,Puttalam,Madampe,7.5,79.8167,7,1,28.12,27.61,27.81,0,85.28
2633,2022-03-29,14:27:28,2022,3,29,14,Tuesday,Colombo,Colombo,6.9271,79.8612,0,1,28.12,27.61,27.81,0,85.28
2636,2022-03-21,08:36:13,2022,3,21,8,Monday,Kegalle,Mawanella,7.25,80.45,7,1,28.62,27.61,28.07,0,81.79
2637,2022-03-21,07:34:03,2022,3,21,7,Monday,Colombo,Boralesgamuwa,6.8394,79.9024,1,1,28.62,27.61,28.07,0,81.79
2635,2022-03-21,14:21:31,2022,3,21,14,Monday,Ampara,Akkaraipattu,7.2167,81.85,133,1,28.62,27.61,28.07,0,81.79
2638,2022-03-20,19:32:34,2022,3,20,19,Sunday,Gampaha,Attanagalla,7.1125,80.0056,1,1,28.7,27.87,28.3,0,76.81
2639,2022-03-18,08:24:08,2022,3,18,8,Friday,Colombo,Ja-Ela,7.0744,79.8919,0,1,28.12,27.49,27.84,0,82.81
2641,2022-03-12,10:59:37,2022,3,12,10,Saturday,Kegalle,Rambukkana,7.3167,80.4,2,2,28.24,27.39,27.77,0,80.31
2640,2022-03-16,18:18:06,2022,3,16,18,Wednesday,Kalutara,Wadduwa,6.6667,79.925,0,1,28.21,27.34,27.8,0,82.5
2642,2022-03-10,17:05:19,2022,3,10,17,Thursday,Colombo,Colombo,6.9271,79.8612,0,2,27.84,26.75,27.22,0,79.91
2643,2022-03-07,20:04:17,2022,3,7,20,Monday,Colombo,Colombo,6.9271,79.8612,0,1,28.57,28.0,28.22,0,81.06
2644,2022-03-07,07:44:59,2022,3,7,7,Monday,Anuradhapura,Galnewa,8.15,80.4,15,1,28.57,28.0,28.22,0,81.06
2645,2022-03-06,10:11:23,2022,3,6,10,Sunday,Colombo,Meegoda,6.8434,80.0093,2,1,28.55,27.97,28.25,0,77.97
2647,2022-03-04,07:27:11,2022,3,4,7,Friday,Kalutara,Aluthgama,6.4333,79.9958,1,1,28.57,27.98,28.32,0,75.4
2646,2022-03-04,10:06:14,2022,3,4,10,Friday,Hambantota,Okanda,6.65,81.7167,1,1,28.57,27.98,28.32,0,75.4
2648,2022-02-28,10:28:44,2022,2,28,10,Monday,Kegalle,Molagoda,7.2167,80.4,457,1,28.27,27.34,27.74,0,80.27
2649,2022-02-28,07:18:17,2022,2,28,7,Monday,Gampaha,Gampaha,7.0917,79.9997,1,1,28.27,27.34,27.74,0,80.27
2651,2022-02-27,07:19:24,2022,2,27,7,Sunday,Colombo,Seeduwa,7.1258,79.8831,1,1,28.35,27.82,28.1,0,84.2
2650,2022-02-27,19:25:38,2022,2,27,19,Sunday,Galle,Nagoda,6.1333,80.1833,1,1,28.35,27.82,28.1,0,84.2
2653,2022-02-26,17:41:34,2022,2,26,17,Saturday,Galle,Galle,6.0535,80.221,0,1,28.25,27.25,27.81,0,85.42
2652,2022-02-26,22:00:44,2022,2,26,22,Saturday,Ratnapura,Pelmadulla,6.6167,80.55,1,1,28.25,27.25,27.81,0,85.42
2655,2022-02-25,10:41:38,2022,2,25,10,Friday,Kalutara,Dodangoda,6.55,80.0167,1,1,27.84,27.47,27.67,0,83.76
2654,2022-02-25,14:12:35,2022,2,25,14,Friday,Kalutara,Bandaragama,6.7139,79.9889,0,1,27.84,27.47,27.67,0,83.76
2656,2022-02-23,11:17:39,2022,2,23,11,Wednesday,Ratnapura,Balangoda,6.65,80.7,0,1,27.98,27.64,27.84,0,83.3
2658,2022-02-22,10:09:30,2022,2,22,10,Tuesday,Colombo,Maharagama,6.848,79.9265,0,1,27.8,26.98,27.38,0,83.71
2659,2022-02-22,08:02:51,2022,2,22,8,Tuesday,Puttalam,Norochcholai,8.1,79.7333,2,1,27.8,26.98,27.38,0,83.71
2657,2022-02-22,18:32:49,2022,2,22,18,Tuesday,Hambantota,Hambantota,6.1246,81.1185,1,1,27.8,26.98,27.38,0,83.71
2661,2022-02-20,14:40:15,2022,2,20,14,Sunday,Ampara,Damana,7.3,81.7,9,1,27.46,27.05,27.32,0,82.8
2660,2022-02-21,15:02:39,2022,2,21,15,Monday,Colombo,Colombo,6.9271,79.8612,0,1,27.52,26.85,27.29,0,81.39
2662,2022-02-20,07:57:16,2022,2,20,7,Sunday,Kalutara,Kalutara,6.5854,79.9607,4,1,27.46,27.05,27.32,0,82.8
2664,2022-02-19,11:54:22,2022,2,19,11,Saturday,Colombo,Colombo,6.9271,79.8612,5,1,27.48,27.3,27.35,0,82.97
2663,2022-02-19,12:34:01,2022,2,19,12,Saturday,Hambantota,Tangalle,6.0242,80.7944,1,1,27.48,27.3,27.35,0,82.97
2665,2022-02-18,19:10:00,2022,2,18,19,Friday,Matale,Ukuwela,7.4667,80.65,13,0,27.62,26.93,27.28,0,79.89
2667,2022-02-18,14:48:05,2022,2,18,14,Friday,Matale,Laggala,7.5667,80.8,1,0,27.62,26.93,27.28,0,79.89
2668,2022-02-18,07:17:54,2022,2,18,7,Friday,Badulla,Welimada,6.9,80.9,2,0,27.62,26.93,27.28,0,79.89
2666,2022-02-18,18:54:46,2022,2,18,18,Friday,Colombo,Colombo,6.9271,79.8612,0,0,27.62,26.93,27.28,0,79.89
2669,2022-02-17,10:04:37,2022,2,17,10,Thursday,Kalutara,Payagala,6.5167,79.9833,0,1,27.28,26.98,27.12,0,83.55
2670,2022-02-17,08:36:33,2022,2,17,8,Thursday,Trincomalee,Nilaveli,8.6833,81.1833,1,1,27.28,26.98,27.12,0,83.55
2671,2022-02-16,16:41:03,2022,2,16,16,Wednesday,Nuwara Eliya,Talawakele,6.9333,80.65,1,1,27.5,27.26,27.4,0,84.05
2672,2022-02-15,08:55:02,2022,2,15,8,Tuesday,Colombo,Seeduwa,7.1258,79.8831,2,1,27.55,27.15,27.34,0,85.95
2673,2022-02-12,20:31:47,2022,2,12,20,Saturday,Gampaha,Ragama,7.0286,79.9197,3,1,27.76,27.41,27.62,0,82.96
2674,2022-02-12,11:27:17,2022,2,12,11,Saturday,Kegalle,Warakapola,7.2167,80.2,0,1,27.76,27.41,27.62,0,82.96
2675,2022-02-11,15:23:33,2022,2,11,15,Friday,Hambantota,Angunakolapelessa,6.1833,80.9167,1,1,27.91,27.06,27.48,0,81.99
2676,2022-02-11,08:40:51,2022,2,11,8,Friday,Monaragala,Monaragala,6.8728,81.3505,3,1,27.91,27.06,27.48,0,81.99
2677,2022-02-10,10:09:02,2022,2,10,10,Thursday,Matale,Naula,7.7,80.65,0,0,27.52,27.23,27.41,0,79.57
2678,2022-02-10,08:41:23,2022,2,10,8,Thursday,Kurunegala,Pannala,7.3167,79.9333,5,0,27.52,27.23,27.41,0,79.57
2680,2022-02-06,18:02:47,2022,2,6,18,Sunday,Kalutara,Beruwala,6.4789,79.9828,1,0,27.11,26.77,26.93,0,81.33
2679,2022-02-07,17:32:22,2022,2,7,17,Monday,Nuwara Eliya,Bogawantalawa,6.8,80.6667,0,0,27.11,26.61,26.87,0,79.85
2681,2022-02-06,10:24:14,2022,2,6,10,Sunday,Matale,Pallepola,7.5833,80.6,2,0,27.11,26.77,26.93,0,81.33
2682,2022-02-06,07:59:01,2022,2,6,7,Sunday,Puttalam,Chilaw,7.5758,79.7953,6,0,27.11,26.77,26.93,0,81.33
2683,2022-02-06,06:12:19,2022,2,6,6,Sunday,Monaragala,Buttala,6.75,81.2333,1,0,27.11,26.77,26.93,0,81.33
2684,2022-02-05,22:03:03,2022,2,5,22,Saturday,Matara,Kamburupitiya,6.0833,80.5667,0,1,27.33,26.81,27.11,0,82.8
2685,2022-02-05,16:58:39,2022,2,5,16,Saturday,Kandy,Kundasale,7.2833,80.7,0,1,27.33,26.81,27.11,0,82.8
2686,2022-02-05,16:05:04,2022,2,5,16,Saturday,Polonnaruwa,Welikanda,7.8833,81.1,0,1,27.33,26.81,27.11,0,82.8
2687,2022-02-05,06:44:42,2022,2,5,6,Saturday,Kandy,Kadugannawa,7.25,80.5167,0,1,27.33,26.81,27.11,0,82.8
2688,2022-02-04,16:14:43,2022,2,4,16,Friday,Hambantota,Tangalle,6.0242,80.7944,0,1,27.25,26.89,27.13,0,83.48
2689,2022-02-03,08:29:34,2022,2,3,8,Thursday,Colombo,Colombo,6.9271,79.8612,0,1,27.53,27.16,27.36,0,81.95
2690,2022-02-02,20:35:17,2022,2,2,20,Wednesday,Hambantota,Lunugamvehera,6.3167,81.2167,1,1,27.55,27.02,27.34,0,83.96
2691,2022-02-02,17:39:56,2022,2,2,17,Wednesday,Kalutara,Wadduwa,6.6667,79.925,0,1,27.55,27.02,27.34,0,83.96
2696,2022-02-02,14:30:21,2022,2,2,14,Wednesday,Kandy,Galagedara,7.3667,80.5333,1,1,27.55,27.02,27.34,0,83.96
2697,2022-02-02,08:51:24,2022,2,2,8,Wednesday,Batticaloa,Batticaloa,7.7102,81.6924,9,1,27.55,27.02,27.34,0,83.96
2695,2026-09-10,15:49:28,2026,9,10,15,Thursday,Gampaha,Veyangoda,7.1542,80.0583,4,1,24.7,24.19,24.47,0,86.18
2699,2022-02-01,12:20:10,2022,2,1,12,Tuesday,Matara,Akuressa,6.1,80.4833,4,1,27.66,26.92,27.31,0,81.11
2700,2022-02-01,10:29:26,2022,2,1,10,Tuesday,Kurunegala,Melsiripura,7.6167,80.5,0,1,27.66,26.92,27.31,0,81.11
2701,2022-02-01,06:40:39,2022,2,1,6,Tuesday,Vavuniya,Chettikulam,8.8,80.45,5,1,27.66,26.92,27.31,0,81.11
2698,2022-02-01,21:28:44,2022,2,1,21,Tuesday,Colombo,Ja-Ela,7.0744,79.8919,4,1,27.66,26.92,27.31,0,81.11
2702,2022-01-31,07:58:26,2022,1,31,7,Monday,Colombo,Kesbewa,6.7959,79.9383,9,1,27.22,26.72,26.95,0,81.28
2704,2022-01-30,09:15:17,2022,1,30,9,Sunday,Badulla,Badulla,6.9934,81.055,6,1,27.44,26.81,27.05,0,83.33
2703,2022-01-30,22:10:47,2022,1,30,22,Sunday,Colombo,Mount Lavinia,6.8389,79.8636,0,1,27.44,26.81,27.05,0,83.33
2706,2022-01-29,10:02:36,2022,1,29,10,Saturday,Ratnapura,Ratnapura,6.6828,80.3992,3,0,27.67,27.23,27.47,0,80.67
2705,2022-01-29,14:35:26,2022,1,29,14,Saturday,Colombo,Kadawatha,7.0,79.95,15,0,27.67,27.23,27.47,0,80.67
2707,2022-01-29,08:24:58,2022,1,29,8,Saturday,Colombo,Kadawatha,7.0,79.95,2,0,27.67,27.23,27.47,0,80.67
2708,2022-01-29,07:53:24,2022,1,29,7,Saturday,Colombo,Kadawatha,7.0,79.95,2,0,27.67,27.23,27.47,0,80.67
2709,2022-01-28,08:30:28,2022,1,28,8,Friday,Trincomalee,Nilaveli,8.6833,81.1833,4,1,27.55,26.95,27.3,0,81.35
2710,2022-01-27,10:01:12,2022,1,27,10,Thursday,Matale,Rattota,7.5333,80.7,3,1,27.89,27.35,27.69,0,79.88
2711,2022-01-26,15:10:22,2022,1,26,15,Wednesday,Colombo,Piliyandala,6.8011,79.9231,7,1,28.13,27.03,27.67,0,77.79
2712,2022-01-26,08:42:08,2022,1,26,8,Wednesday,Badulla,Ella,6.8667,81.05,4,1,28.13,27.03,27.67,0,77.79
2713,2022-01-25,15:08:19,2022,1,25,15,Tuesday,Puttalam,Dankotuwa,7.2833,79.9,1,1,27.44,27.05,27.3,0,77.52
2715,2022-01-25,08:05:02,2022,1,25,8,Tuesday,Badulla,Badulla,6.9934,81.055,7,1,27.44,27.05,27.3,0,77.52
2714,2022-01-25,14:50:27,2022,1,25,14,Tuesday,Ampara,Maha Oya,7.5,81.3833,0,1,27.44,27.05,27.3,0,77.52
2716,2022-01-24,21:37:54,2022,1,24,21,Monday,Anuradhapura,Anuradhapura,8.3114,80.4037,0,1,27.76,26.96,27.42,0,82.16
2718,2022-01-24,07:33:19,2022,1,24,7,Monday,Ampara,Akkaraipattu,7.2167,81.85,3,1,27.76,26.96,27.42,0,82.16
2717,2022-01-24,17:28:54,2022,1,24,17,Monday,Kegalle,Mawanella,7.25,80.45,0,1,27.76,26.96,27.42,0,82.16
2719,2022-01-23,18:00:51,2022,1,23,18,Sunday,Polonnaruwa,Medirigiriya,8.15,80.9667,0,1,27.36,27.08,27.16,0,84.74
2720,2022-01-22,09:31:25,2022,1,22,9,Saturday,Jaffna,Chavakachcheri,9.65,80.1667,4,1,27.69,27.23,27.42,0,78.46
2721,2022-01-21,11:13:09,2022,1,21,11,Friday,Colombo,Kottawa,6.8412,79.9653,0,1,27.94,27.16,27.61,0,73.44
2722,2022-01-21,10:33:53,2022,1,21,10,Friday,Colombo,Kottawa,6.8412,79.9653,0,1,27.94,27.16,27.61,0,73.44
2723,2022-01-21,09:57:57,2022,1,21,9,Friday,Colombo,Colombo,6.9271,79.8612,0,1,27.94,27.16,27.61,0,73.44
2724,2022-01-21,07:22:52,2022,1,21,7,Friday,Anuradhapura,Horowpothana,8.55,80.8333,3,1,27.94,27.16,27.61,0,73.44
2725,2022-01-11,09:03:02,2022,1,11,9,Tuesday,Jaffna,Paranthan,9.4333,80.4167,3,2,27.51,26.16,26.61,0,87.75
2726,2022-01-10,16:22:22,2022,1,10,16,Monday,Colombo,Colombo,6.9271,79.8612,0,2,27.69,27.01,27.38,0,83.55
2728,2022-01-10,10:17:16,2022,1,10,10,Monday,Galle,Baddegama,6.1667,80.1833,0,2,27.69,27.01,27.38,0,83.55
2727,2022-01-10,10:18:44,2022,1,10,10,Monday,Puttalam,Chilaw,7.5758,79.7953,2,2,27.69,27.01,27.38,0,83.55
2729,2022-01-09,11:31:56,2022,1,9,11,Sunday,Gampaha,Nittambuwa,7.1417,80.0944,5,1,27.35,26.73,26.96,0,85.29
2730,2022-01-07,22:15:17,2022,1,7,22,Friday,Kilinochchi,Pallai,9.4667,80.4167,0,1,27.29,26.69,26.93,0,85.59
2731,2022-01-07,07:21:00,2022,1,7,7,Friday,Galle,Hikkaduwa,6.14,80.1,4,1,27.29,26.69,26.93,0,85.59
2732,2022-01-05,21:34:53,2022,1,5,21,Wednesday,Galle,Ambalangoda,6.2354,80.0538,0,1,27.55,27.15,27.35,0,82.94
2734,2022-01-05,13:26:58,2022,1,5,13,Wednesday,Colombo,Colombo,6.9271,79.8612,0,1,27.55,27.15,27.35,0,82.94
2735,2022-01-05,10:30:33,2022,1,5,10,Wednesday,Jaffna,Vadamarachchi,9.75,80.2,1,1,27.55,27.15,27.35,0,82.94
2733,2022-01-05,16:28:30,2022,1,5,16,Wednesday,Kalutara,Millaniya,6.6833,80.0333,1,1,27.55,27.15,27.35,0,82.94
2737,2022-01-03,07:34:23,2022,1,3,7,Monday,Ratnapura,Nivithigala,6.6167,80.4667,12,1,27.67,27.13,27.38,0,81.53
2736,2022-01-03,13:22:58,2022,1,3,13,Monday,Gampaha,Kelaniya,6.9553,79.9219,33,1,27.67,27.13,27.38,0,81.53
2738,2022-01-02,17:28:48,2022,1,2,17,Sunday,Matara,Dickwella,5.9667,80.6833,5,1,27.33,26.81,27.14,0,83.1
2739,2022-01-02,14:47:30,2022,1,2,14,Sunday,Colombo,Piliyandala,6.8011,79.9231,18,1,27.33,26.81,27.14,0,83.1
2740,2022-01-02,11:54:50,2022,1,2,11,Sunday,Monaragala,Siyambalanduwa,6.9,81.5333,3,1,27.33,26.81,27.14,0,83.1
2741,2022-01-02,09:03:03,2022,1,2,9,Sunday,Mannar,Murunkan,8.8333,80.05,2,1,27.33,26.81,27.14,0,83.1
2742,2022-01-02,06:34:38,2022,1,2,6,Sunday,Colombo,Homagama,6.8408,80.0024,3,1,27.33,26.81,27.14,0,83.1
2743,2022-01-01,19:22:12,2022,1,1,19,Saturday,Mullaitivu,Oddusuddan,9.15,80.6333,0,1,27.12,26.8,26.94,0,84.32
2744,2022-01-01,19:15:23,2022,1,1,19,Saturday,Batticaloa,Chenkalady,7.7833,81.6,1,1,27.12,26.8,26.94,0,84.32
2745,2022-01-01,17:59:29,2022,1,1,17,Saturday,Nuwara Eliya,Ragala,6.9167,80.8,1,1,27.12,26.8,26.94,0,84.32
2746,2022-01-01,13:39:25,2022,1,1,13,Saturday,Badulla,Diyatalawa,6.8167,80.9667,1,1,27.12,26.8,26.94,0,84.32
2747,2022-01-01,13:24:13,2022,1,1,13,Saturday,Trincomalee,Muttur,8.45,81.2667,6,1,27.12,26.8,26.94,0,84.32
2749,2021-12-29,19:29:49,2021,12,29,19,Wednesday,Colombo,Piliyandala,6.8011,79.9231,1,1,29.42,21.22,25.27,0,82.43
2748,2021-12-31,21:42:37,2021,12,31,21,Friday,Trincomalee,Trincomalee,8.5874,81.2152,0,2,28.56,25.84,27.09,0,83.78
2750,2021-12-29,16:56:02,2021,12,29,16,Wednesday,Kurunegala,Galgamuwa,8.0167,80.2833,2,1,29.4,21.83,25.52,0,81.93
2751,2021-12-28,07:23:41,2021,12,28,7,Tuesday,Mannar,Mannar,8.9779,79.912,1,1,27.94,24.73,26.16,0,75.83
2753,2021-12-26,16:40:51,2021,12,26,16,Sunday,Mullaitivu,Oddusuddan,9.15,80.6333,0,0,28.81,20.46,24.54,0,77.83
2752,2021-12-27,09:40:58,2021,12,27,9,Monday,Matara,Matara,5.9485,80.5353,0,0,28.6,23.35,25.98,0,76.26
2754,2021-12-26,15:09:48,2021,12,26,15,Sunday,Nuwara Eliya,Nuwara Eliya,6.9497,80.7891,1,0,25.12,14.46,19.44,0,87.75
2755,2021-12-26,10:08:02,2021,12,26,10,Sunday,Gampaha,Dompe,7.0167,80.05,0,0,28.75,20.25,24.27,0,82.41
2757,2021-12-25,12:58:30,2021,12,25,12,Saturday,Mannar,Pallimunai,8.95,79.8833,1,0,26.56,16.75,21.16,0,85.93
2756,2021-12-25,15:05:48,2021,12,25,15,Saturday,Galle,Hikkaduwa,6.14,80.1,0,0,27.95,25.07,26.73,0,69.14
2758,2021-12-22,14:11:44,2021,12,22,14,Wednesday,Kalutara,Beruwala,6.4789,79.9828,0,1,29.36,24.83,26.88,0,81.05
2759,2022-01-18,09:05:11,2022,1,18,9,Tuesday,Kurunegala,Bamunakotuwa,7.5,80.2833,2,1,29.8,24.2,26.57,0,82.02
2760,2022-01-17,14:29:38,2022,1,17,14,Monday,Badulla,Ridimaliyadda,7.1667,81.15,0,1,25.99,19.27,21.95,0,89.78
2761,2022-01-16,19:56:55,2022,1,16,19,Sunday,Ampara,Ampara,7.2975,81.682,0,2,28.6,26.35,27.32,0,82.45
2762,2022-01-16,09:56:08,2022,1,16,9,Sunday,Kegalle,Rambukkana,7.3167,80.4,0,1,28.34,21.45,24.21,0,90.06
2763,2022-01-13,09:27:35,2022,1,13,9,Thursday,Monaragala,Wellawaya,6.7333,81.1,0,1,27.92,24.07,25.58,0,89.96
2765,2021-12-22,08:59:15,2021,12,22,8,Wednesday,Matara,Matara,5.9485,80.5353,2,1,29.14,25.5,27.14,0,81.42
2764,2022-01-11,15:24:42,2022,1,11,15,Tuesday,Colombo,Colombo,6.9271,79.8612,0,1,29.73,23.02,26.15,0,84.39
2766,2021-12-21,19:49:53,2021,12,21,19,Tuesday,Anuradhapura,Kekirawa,8.0333,80.6,0,1,29.14,21.43,24.44,0,89.44
2767,2021-12-21,11:32:31,2021,12,21,11,Tuesday,Jaffna,Jaffna,9.6615,80.0255,0,0,27.8,25.57,26.54,0,73.8
2768,2021-12-19,15:07:20,2021,12,19,15,Sunday,Galle,Galle,6.0535,80.221,1,3,28.99,26.46,27.64,0,81.21
2769,2021-12-19,07:25:42,2021,12,19,7,Sunday,Ampara,Ampara,7.2975,81.682,0,1,27.77,26.17,26.82,0,79.96
2770,2021-12-17,18:19:29,2021,12,17,18,Friday,Colombo,Colombo,6.9271,79.8612,0,1,28.63,23.85,25.89,0,83.92
2771,2021-12-16,10:40:23,2021,12,16,10,Thursday,Jaffna,Jaffna,9.6615,80.0255,0,2,28.03,26.47,27.13,0,83.57
2773,2021-12-14,19:41:15,2021,12,14,19,Tuesday,Colombo,Colombo,6.9271,79.8612,0,1,27.81,23.88,25.68,0,87.75
2772,2021-12-15,07:17:50,2021,12,15,7,Wednesday,Colombo,Colombo,6.9271,79.8612,0,1,27.47,24.14,25.59,0,88.39
2774,2021-12-14,08:49:11,2021,12,14,8,Tuesday,Colombo,Colombo,6.9271,79.8612,0,1,27.81,23.88,25.68,0,87.75
2775,2021-12-13,09:03:43,2021,12,13,9,Monday,Anuradhapura,Horowpothana,8.55,80.8333,0,2,28.13,24.5,25.97,0,88.45
2776,2021-12-12,12:47:56,2021,12,12,12,Sunday,Vavuniya,Vavuniya,8.7514,80.4971,0,2,28.96,24.8,26.48,0,86.63
2778,2021-12-10,16:52:15,2021,12,10,16,Friday,Jaffna,Jaffna,9.6615,80.0255,0,1,29.05,26.77,27.7,0,78.87
2777,2021-12-10,17:01:12,2021,12,10,17,Friday,Badulla,Haputale,6.7667,80.95,0,1,29.41,23.1,26.13,0,83.95
2780,2021-12-05,07:08:26,2021,12,5,7,Sunday,Jaffna,Jaffna,9.6615,80.0255,1,1,29.16,26.94,28.01,0,76.46
2779,2021-12-09,11:04:04,2021,12,9,11,Thursday,Nuwara Eliya,Nuwara Eliya,6.9497,80.7891,0,1,25.48,19.08,22.21,0,89.93
2781,2021-12-02,18:38:47,2021,12,2,18,Thursday,Mullaitivu,Pudukudiyiruppu,9.2333,80.75,0,2,28.58,24.9,26.59,0,84.73
2782,2021-12-02,15:18:54,2021,12,2,15,Thursday,Kandy,Gampola,7.1647,80.5767,0,2,28.58,24.9,26.59,0,84.73
2783,2021-11-27,06:30:30,2021,11,27,6,Saturday,Kandy,Kandy,7.2906,80.6337,1,3,28.34,21.97,24.83,0,89.25
2784,2021-11-26,17:30:18,2021,11,26,17,Friday,Polonnaruwa,Polonnaruwa,7.9403,81.0188,0,1,28.48,24.21,25.99,0,87.79
2785,2021-11-24,10:46:19,2021,11,24,10,Wednesday,Jaffna,Kayts,9.7,79.85,0,3,27.55,23.98,25.63,0,89.95
2786,2021-11-24,10:26:20,2021,11,24,10,Wednesday,Batticaloa,Batticaloa,7.7102,81.6924,2,3,28.01,26.2,27.0,0,89.73
2787,2021-11-22,11:01:15,2021,11,22,11,Monday,Ratnapura,Pelmadulla,6.6167,80.55,8,1,28.8,19.71,24.11,0,84.8
2788,2021-11-17,17:41:31,2021,11,17,17,Wednesday,Matara,Matara,5.9485,80.5353,0,2,28.37,25.99,26.98,0,86.97
2789,2021-11-16,07:25:20,2021,11,16,7,Tuesday,Jaffna,Jaffna,9.6615,80.0255,1,1,28.18,26.92,27.46,0,86.49
2790,2021-11-15,19:29:48,2021,11,15,19,Monday,Jaffna,Jaffna,9.6615,80.0255,0,1,28.44,27.02,27.62,0,86.51
2791,2021-11-11,14:48:54,2021,11,11,14,Thursday,Colombo,Colombo,6.9271,79.8612,0,2,27.11,24.48,25.82,0,88.14
2793,2021-11-09,16:03:49,2021,11,9,16,Tuesday,Kurunegala,Kurunegala,7.4863,80.3647,0,3,25.05,21.49,22.9,0,94.24
2794,2021-11-09,10:36:03,2021,11,9,10,Tuesday,Colombo,Colombo,6.9271,79.8612,0,3,25.77,24.1,24.84,0,89.67
2795,2021-11-08,17:00:46,2021,11,8,17,Monday,Colombo,Colombo,6.9271,79.8612,2,3,26.9,24.72,25.63,0,85.64
2796,2021-11-05,17:16:10,2021,11,5,17,Friday,Vavuniya,Vavuniya,8.7514,80.4971,1,2,28.29,24.67,26.06,0,89.8
2797,2021-11-04,19:44:59,2021,11,4,19,Thursday,Colombo,Colombo,6.9271,79.8612,1,2,27.45,24.02,25.61,0,88.88
2798,2021-11-04,12:30:36,2021,11,4,12,Thursday,Colombo,Colombo,6.9271,79.8612,0,2,27.45,24.02,25.61,0,88.88
2799,2021-11-02,11:33:59,2021,11,2,11,Tuesday,Colombo,Colombo,6.9271,79.8612,0,2,29.18,24.11,26.28,0,84.85
2792,2021-11-10,15:49:59,2021,11,10,15,Wednesday,Kandy,Kandy,7.2906,80.6337,0,2,26.33,22.27,23.77,0,93.55
2800,2021-11-02,10:17:16,2021,11,2,10,Tuesday,Monaragala,Wellawaya,6.7333,81.1,0,2,29.67,22.78,25.94,0,83.79
2801,2021-11-02,08:15:27,2021,11,2,8,Tuesday,Gampaha,Gampaha,7.0917,79.9997,0,2,29.18,24.11,26.28,0,84.85
2802,2021-11-02,08:10:27,2021,11,2,8,Tuesday,Badulla,Passara,6.9333,81.15,0,2,28.92,21.03,24.64,0,84.37
2803,2021-11-02,06:23:03,2021,11,2,6,Tuesday,Batticaloa,Batticaloa,7.7102,81.6924,1,2,28.95,26.18,27.5,0,82.84
2804,2021-11-01,12:51:24,2021,11,1,12,Monday,Puttalam,Puttalam,8.0362,79.8283,0,2,28.4,24.67,26.21,0,90.76
2805,2021-10-26,10:49:10,2021,10,26,10,Tuesday,Ratnapura,Ratnapura,6.6828,80.3992,0,3,26.17,22.12,23.89,0,91.49
2806,2021-10-23,17:37:15,2021,10,23,17,Saturday,Trincomalee,Trincomalee,8.5874,81.2152,2,2,31.06,25.85,28.36,0,74.67
2807,2021-10-18,12:11:05,2021,10,18,12,Monday,Vavuniya,Vavuniya,8.7514,80.4971,1,0,31.22,25.46,27.61,0,82.24
2808,2021-10-18,10:45:44,2021,10,18,10,Monday,Galle,Galle,6.0535,80.221,2,1,28.41,27.37,27.87,0,85.17
2809,2021-10-17,12:20:56,2021,10,17,12,Sunday,Jaffna,Jaffna,9.6615,80.0255,1,1,29.53,27.51,28.43,0,83.6
2811,2021-10-13,09:59:02,2021,10,13,9,Wednesday,Badulla,Badulla,6.9934,81.055,2,1,29.59,21.23,24.57,0,84.55
2810,2021-10-16,18:52:32,2021,10,16,18,Saturday,Anuradhapura,Horowpothana,8.55,80.8333,1,2,30.88,24.57,26.94,0,84.5
2812,2021-09-21,08:13:31,2021,9,21,8,Tuesday,Polonnaruwa,Polonnaruwa,7.9403,81.0188,0,1,32.9,25.31,28.45,0,76.71
2813,2021-09-19,07:05:09,2021,9,19,7,Sunday,Hambantota,Tissamaharama,6.2833,81.2833,2,2,29.9,24.02,26.49,0,87.62
2814,2021-09-16,07:46:51,2021,9,16,7,Thursday,Mullaitivu,Mullaitivu,9.267,80.8144,0,1,30.0,27.49,28.65,0,79.87
2815,2021-09-02,11:54:47,2021,9,2,11,Thursday,Galle,Galle,6.0535,80.221,2,2,28.02,27.13,27.49,0,84.13
2816,2021-08-31,17:01:33,2021,8,31,17,Tuesday,Matara,Matara,5.9485,80.5353,0,1,28.47,26.06,27.02,0,87.22
2817,2021-08-12,11:39:45,2021,8,12,11,Thursday,Jaffna,Jaffna,9.6615,80.0255,0,2,29.43,27.5,28.41,0,76.9
2819,2021-08-08,15:30:07,2021,8,8,15,Sunday,Ampara,Damana,7.3,81.7,0,1,30.94,26.26,28.08,0,79.99
2818,2021-08-10,07:47:25,2021,8,10,7,Tuesday,Colombo,Colombo,6.9271,79.8612,0,1,27.64,24.76,25.93,0,86.71
2820,2021-08-04,19:55:32,2021,8,4,19,Wednesday,Nuwara Eliya,Nuwara Eliya,6.9497,80.7891,0,1,26.22,20.69,22.88,0,90.45
2821,2021-08-04,16:27:45,2021,8,4,16,Wednesday,Colombo,Colombo,6.9271,79.8612,0,1,28.13,25.12,26.4,0,88.82
2822,2021-08-03,10:47:51,2021,8,3,10,Tuesday,Ampara,Damana,7.3,81.7,0,1,31.35,26.19,28.25,0,75.61
2823,2021-08-02,20:48:01,2021,8,2,20,Monday,Gampaha,Negombo,7.2083,79.8358,0,1,27.91,25.21,26.28,0,88.21
2824,2021-08-02,12:59:12,2021,8,2,12,Monday,Colombo,Colombo,6.9271,79.8612,0,1,27.91,25.21,26.28,0,88.21
2826,2021-08-01,13:28:15,2021,8,1,13,Sunday,Batticaloa,Valaichchenai,7.9167,81.5333,0,1,27.55,25.14,26.15,0,89.13
2827,2021-08-01,07:32:37,2021,8,1,7,Sunday,Badulla,Hali Ela,6.9667,81.0167,0,1,27.55,25.14,26.15,0,89.13
2825,2021-08-01,14:10:15,2021,8,1,14,Sunday,Batticaloa,Eravur,7.7667,81.6,0,1,27.55,25.14,26.15,0,89.13
2828,2021-07-31,21:40:23,2021,7,31,21,Saturday,Kalutara,Dodangoda,6.55,80.0167,0,1,27.85,25.22,26.24,0,88.27
2829,2021-07-31,19:15:18,2021,7,31,19,Saturday,Nuwara Eliya,Hatton,6.8917,80.5958,0,1,25.77,21.0,22.71,0,91.45
2830,2021-07-31,06:25:28,2021,7,31,6,Saturday,Nuwara Eliya,Nuwara Eliya,6.9497,80.7891,0,1,25.77,21.0,22.71,0,91.45
2831,2021-07-28,13:04:19,2021,7,28,13,Wednesday,Anuradhapura,Anuradhapura,8.3114,80.4037,1,1,32.56,24.77,27.86,0,77.79
2832,2021-07-26,16:08:26,2021,7,26,16,Monday,Kandy,Kandy,7.2906,80.6337,0,2,28.35,22.61,24.94,0,87.35
2833,2021-07-22,18:58:04,2021,7,22,18,Thursday,Colombo,Colombo,6.9271,79.8612,0,1,27.48,25.78,26.53,0,90.43
2834,2021-07-18,13:02:55,2021,7,18,13,Sunday,Galle,Galle,6.0535,80.221,0,1,27.99,27.33,27.65,0,86.3
2835,2021-07-18,08:26:06,2021,7,18,8,Sunday,Anuradhapura,Kekirawa,8.0333,80.6,0,2,28.72,24.62,26.12,0,89.16
2836,2021-07-17,12:05:31,2021,7,17,12,Saturday,Kurunegala,Kurunegala,7.4863,80.3647,1,1,29.3,23.02,25.62,0,87.34
2837,2021-07-10,16:15:54,2021,7,10,16,Saturday,Colombo,Colombo,6.9271,79.8612,0,3,26.76,25.38,25.89,0,88.99
2838,2021-07-10,13:36:59,2021,7,10,13,Saturday,Mullaitivu,Vellankulam,9.2667,80.3167,0,3,26.76,25.38,25.89,0,88.99
2839,2021-07-04,15:14:42,2021,7,4,15,Sunday,Galle,Galle,6.0535,80.221,0,1,28.3,27.43,27.81,0,85.63
2840,2021-06-30,20:17:50,2021,6,30,20,Wednesday,Polonnaruwa,Polonnaruwa,7.9403,81.0188,0,1,32.74,25.18,28.6,0,78.21
2841,2021-06-29,14:36:52,2021,6,29,14,Tuesday,Polonnaruwa,Polonnaruwa,7.9403,81.0188,0,1,33.89,24.17,28.78,0,73.06
2842,2021-06-25,17:37:52,2021,6,25,17,Friday,Batticaloa,Batticaloa,7.7102,81.6924,2,1,31.59,26.58,28.75,0,76.85
2843,2021-06-25,11:59:09,2021,6,25,11,Friday,Matara,Matara,5.9485,80.5353,0,1,28.91,26.84,27.58,0,84.25
2844,2021-06-21,13:59:26,2021,6,21,13,Monday,Kalutara,Kalutara,6.5854,79.9607,0,1,28.44,26.12,27.09,0,86.11
2846,2021-06-11,17:46:29,2021,6,11,17,Friday,Kandy,Kandy,7.2906,80.6337,1,1,29.51,22.82,25.34,0,86.16
2845,2021-06-12,18:25:12,2021,6,12,18,Saturday,Colombo,Colombo,6.9271,79.8612,0,1,28.87,25.4,27.05,0,85.14
2847,2021-06-07,18:05:15,2021,6,7,18,Monday,Colombo,Colombo,6.9271,79.8612,0,1,28.07,25.67,26.8,0,88.31
2848,2021-06-06,09:27:36,2021,6,6,9,Sunday,Gampaha,Gampaha,7.0917,79.9997,1,1,28.68,25.59,26.9,0,86.14
2849,2021-06-06,06:59:29,2021,6,6,6,Sunday,Kurunegala,Kurunegala,7.4863,80.3647,1,1,29.06,22.88,25.37,0,88.5
2850,2021-06-01,17:15:48,2021,6,1,17,Tuesday,Colombo,Colombo,6.9271,79.8612,0,1,29.01,26.0,27.22,0,85.64
2851,2021-05-31,09:17:37,2021,5,31,9,Monday,Nuwara Eliya,Hatton,6.8917,80.5958,0,1,25.97,22.03,23.46,0,92.46
2852,2021-05-29,22:29:06,2021,5,29,22,Saturday,Matara,Matara,5.9485,80.5353,0,2,29.1,27.08,27.85,0,87.19
2853,2021-05-25,18:45:17,2021,5,25,18,Tuesday,Kurunegala,Kurunegala,7.4863,80.3647,0,3,26.46,23.62,25.1,0,89.88
2854,2021-05-24,12:43:41,2021,5,24,12,Monday,Puttalam,Puttalam,8.0362,79.8283,0,2,29.86,27.24,28.14,0,87.65
2855,2021-05-23,20:26:28,2021,5,23,20,Sunday,Puttalam,Puttalam,8.0362,79.8283,0,2,29.82,27.27,28.34,0,87.18
2856,2021-05-22,10:38:49,2021,5,22,10,Saturday,Trincomalee,Trincomalee,8.5874,81.2152,1,1,31.36,27.0,28.74,0,83.58
2857,2021-05-21,12:05:12,2021,5,21,12,Friday,Nuwara Eliya,Nuwara Eliya,6.9497,80.7891,0,2,27.05,20.94,23.47,0,89.01
2858,2021-05-20,10:23:40,2021,5,20,10,Thursday,Matara,Matara,5.9485,80.5353,0,2,29.09,27.27,28.01,0,84.02
2859,2021-05-13,13:19:30,2021,5,13,13,Thursday,Colombo,Colombo,6.9271,79.8612,0,3,28.86,26.37,27.33,0,88.36
2860,2021-05-08,07:52:39,2021,5,8,7,Saturday,Ampara,Ampara,7.2975,81.682,0,1,29.56,27.41,28.47,0,78.94
2861,2021-05-02,10:18:35,2021,5,2,10,Sunday,Nuwara Eliya,Hatton,6.8917,80.5958,0,2,28.3,21.02,23.91,0,87.19
2862,2021-05-02,10:02:54,2021,5,2,10,Sunday,Matara,Matara,5.9485,80.5353,1,1,30.02,26.97,28.22,0,78.88
2863,2021-04-27,14:46:44,2021,4,27,14,Tuesday,Kurunegala,Bamunakotuwa,7.5,80.2833,0,1,29.73,26.1,27.63,0,85.27
2864,2021-04-26,11:02:15,2021,4,26,11,Monday,Jaffna,Jaffna,9.6615,80.0255,0,2,31.33,28.47,30.03,0,73.45
2865,2021-04-25,16:44:21,2021,4,25,16,Sunday,Matara,Matara,5.9485,80.5353,0,1,30.43,26.73,28.34,0,79.75
2867,2021-04-20,17:16:04,2021,4,20,17,Tuesday,Polonnaruwa,Welikanda,7.8833,81.1,0,1,29.71,25.79,27.55,0,83.58
2866,2021-04-22,08:43:37,2021,4,22,8,Thursday,Vavuniya,Vavuniya,8.7514,80.4971,0,1,34.9,25.72,29.77,0,72.08
2868,2021-04-20,14:46:00,2021,4,20,14,Tuesday,Colombo,Colombo,6.9271,79.8612,0,1,29.71,25.79,27.55,0,83.58
2869,2021-04-19,22:52:38,2021,4,19,22,Monday,Colombo,Colombo,6.9271,79.8612,0,1,29.07,25.78,27.2,0,85.88
2871,2021-04-19,11:15:48,2021,4,19,11,Monday,Colombo,Colombo,6.9271,79.8612,1,1,29.07,25.78,27.2,0,85.88
2870,2021-04-19,17:27:35,2021,4,19,17,Monday,Nuwara Eliya,Nuwara Eliya,6.9497,80.7891,0,1,26.93,20.76,23.22,0,90.29
2872,2021-04-17,17:16:57,2021,4,17,17,Saturday,Kandy,Kandy,7.2906,80.6337,1,1,29.94,22.12,25.83,0,85.91
2873,2021-04-16,19:50:25,2021,4,16,19,Friday,Kandy,Kandy,7.2906,80.6337,0,2,29.44,22.23,25.34,0,86.71
2874,2021-04-15,09:09:58,2021,4,15,9,Thursday,Colombo,Colombo,6.9271,79.8612,0,3,27.3,25.58,26.31,0,86.01
2875,2021-04-14,12:33:09,2021,4,14,12,Wednesday,Matara,Matara,5.9485,80.5353,0,2,29.61,26.4,27.89,0,77.65
2876,2021-04-11,06:59:11,2021,4,11,6,Sunday,Nuwara Eliya,Nuwara Eliya,6.9497,80.7891,1,2,28.51,20.67,23.59,0,87.82
2877,2021-04-07,06:19:35,2021,4,7,6,Wednesday,Nuwara Eliya,Nuwara Eliya,6.9497,80.7891,0,1,29.01,18.68,23.3,0,81.6
2879,2021-04-05,22:37:34,2021,4,5,22,Monday,Nuwara Eliya,Nuwara Eliya,6.9497,80.7891,0,0,29.07,19.31,23.96,0,80.88
2878,2021-04-06,07:37:01,2021,4,6,7,Tuesday,Badulla,Passara,6.9333,81.15,0,0,28.99,21.43,24.68,0,85.26
2881,2021-04-05,09:06:12,2021,4,5,9,Monday,Monaragala,Wellawaya,6.7333,81.1,1,0,31.69,23.28,27.26,0,80.29
2880,2021-04-05,09:18:00,2021,4,5,9,Monday,Matara,Matara,5.9485,80.5353,1,1,30.67,26.05,28.15,0,81.44
2882,2021-04-04,21:47:16,2021,4,4,21,Sunday,Matara,Matara,5.9485,80.5353,1,0,30.1,26.48,27.97,0,81.76
2883,2021-04-04,14:08:50,2021,4,4,14,Sunday,Colombo,Colombo,6.9271,79.8612,2,1,29.85,25.16,27.19,0,81.76
2884,2021-04-01,13:09:52,2021,4,1,13,Thursday,Nuwara Eliya,Nuwara Eliya,6.9497,80.7891,3,0,27.91,20.05,23.42,0,88.24
2885,2021-03-29,16:16:57,2021,3,29,16,Monday,Kilinochchi,Kilinochchi,9.3961,80.3981,0,1,31.08,25.9,28.64,0,72.07
2886,2021-03-28,14:07:22,2021,3,28,14,Sunday,Gampaha,Gampaha,7.0917,79.9997,0,3,30.57,24.19,26.92,0,77.36
2887,2021-03-27,17:29:38,2021,3,27,17,Saturday,Anuradhapura,Anuradhapura,8.3114,80.4037,2,1,31.53,22.42,26.51,0,82.77
2888,2021-03-27,06:50:18,2021,3,27,6,Saturday,Kilinochchi,Kilinochchi,9.3961,80.3981,0,1,29.91,27.0,28.33,0,79.48
2890,2021-03-26,07:56:06,2021,3,26,7,Friday,Badulla,Passara,6.9333,81.15,14,1,27.95,20.01,23.67,0,86.1
2889,2021-03-26,10:49:08,2021,3,26,10,Friday,Badulla,Passara,6.9333,81.15,14,1,27.95,20.01,23.67,0,86.1
2891,2021-03-25,16:05:17,2021,3,25,16,Thursday,Monaragala,Wellawaya,6.7333,81.1,1,1,27.54,22.87,24.76,0,84.62
2892,2021-03-24,18:45:48,2021,3,24,18,Wednesday,Kalutara,Panadura,6.7133,79.9025,0,2,28.64,25.35,26.65,0,85.35
2893,2021-03-24,17:44:36,2021,3,24,17,Wednesday,Gampaha,Negombo,7.2083,79.8358,0,2,29.09,25.25,26.92,0,83.04
2894,2021-03-24,08:50:19,2021,3,24,8,Wednesday,Badulla,Badulla,6.9934,81.055,14,2,26.59,21.69,23.68,0,91.3
2896,2021-03-23,11:17:58,2021,3,23,11,Tuesday,Nuwara Eliya,Nuwara Eliya,6.9497,80.7891,1,1,27.66,19.79,23.31,0,85.69
2895,2021-03-23,13:22:48,2021,3,23,13,Tuesday,Badulla,Passara,6.9333,81.15,14,1,27.7,21.69,24.21,0,89.84
2897,2021-03-23,09:11:29,2021,3,23,9,Tuesday,Badulla,Passara,6.9333,81.15,0,1,27.7,21.69,24.21,0,89.84
2899,2021-03-22,19:19:43,2021,3,22,19,Monday,Monaragala,Bibila,6.7667,81.2167,0,1,28.86,21.74,24.6,0,86.34
2898,2021-03-23,07:43:13,2021,3,23,7,Tuesday,Colombo,Colombo,6.9271,79.8612,0,1,30.67,24.76,27.52,0,78.58
2900,2021-03-22,14:35:09,2021,3,22,14,Monday,Badulla,Passara,6.9333,81.15,5,1,28.86,21.74,24.6,0,86.34
2901,2021-03-22,13:29:49,2021,3,22,13,Monday,Badulla,Passara,6.9333,81.15,30,1,28.86,21.74,24.6,0,86.34
2902,2021-03-21,19:19:13,2021,3,21,19,Sunday,Badulla,Passara,6.9333,81.15,0,1,28.98,20.65,24.49,0,83.3
2904,2021-03-21,15:39:51,2021,3,21,15,Sunday,Badulla,Passara,6.9333,81.15,14,1,28.98,20.65,24.49,0,83.3
2905,2021-03-21,15:20:19,2021,3,21,15,Sunday,Badulla,Passara,6.9333,81.15,0,1,28.98,20.65,24.49,0,83.3
2903,2021-03-21,17:07:42,2021,3,21,17,Sunday,Badulla,Passara,6.9333,81.15,0,1,28.98,20.65,24.49,0,83.3
2907,2021-03-21,06:58:43,2021,3,21,6,Sunday,Badulla,Passara,6.9333,81.15,1,1,28.98,20.65,24.49,0,83.3
2906,2021-03-21,08:20:17,2021,3,21,8,Sunday,Badulla,Badulla,6.9934,81.055,14,1,28.98,20.65,24.49,0,83.3
2908,2021-03-21,06:24:05,2021,3,21,6,Sunday,Colombo,Ratmalana,6.8181,79.8867,0,2,30.06,24.09,26.94,0,74.84
2909,2021-03-20,20:14:27,2021,3,20,20,Saturday,Badulla,Badulla,6.9934,81.055,14,1,28.82,18.84,23.65,0,79.03
2910,2021-03-20,18:43:13,2021,3,20,18,Saturday,Badulla,Passara,6.9333,81.15,1,1,28.82,18.84,23.65,0,79.03
2911,2021-03-20,15:37:40,2021,3,20,15,Saturday,Badulla,Passara,6.9333,81.15,13,1,28.82,18.84,23.65,0,79.03
2912,2021-03-20,13:49:22,2021,3,20,13,Saturday,Badulla,Badulla,6.9934,81.055,0,1,28.82,18.84,23.65,0,79.03
2913,2021-03-20,12:32:22,2021,3,20,12,Saturday,Badulla,Badulla,6.9934,81.055,0,1,28.82,18.84,23.65,0,79.03
2915,2021-03-20,10:31:59,2021,3,20,10,Saturday,Ampara,Ampara,7.2975,81.682,1,1,29.18,25.68,27.28,0,69.21
2914,2021-03-20,11:04:23,2021,3,20,11,Saturday,Matara,Akuressa,6.1,80.4833,0,1,27.85,24.96,26.27,0,80.49
2916,2021-03-20,09:32:29,2021,3,20,9,Saturday,Badulla,Badulla,6.9934,81.055,14,1,28.82,18.84,23.65,0,79.03
2917,2021-03-19,08:17:07,2021,3,19,8,Friday,Colombo,Colombo,6.9271,79.8612,0,2,27.81,24.67,25.94,0,83.03
2918,2021-03-19,07:17:31,2021,3,19,7,Friday,Gampaha,Gampaha,7.0917,79.9997,0,2,27.81,24.67,25.94,0,83.03
2919,2021-03-18,19:24:37,2021,3,18,19,Thursday,Colombo,Colombo,6.9271,79.8612,0,2,30.08,24.2,26.97,0,77.22
2920,2021-03-16,12:27:25,2021,3,16,12,Tuesday,Monaragala,Wellawaya,6.7333,81.1,0,1,29.77,22.42,25.69,0,85.82
2921,2021-03-14,17:48:31,2021,3,14,17,Sunday,Ratnapura,Pelmadulla,6.6167,80.55,1,1,29.31,21.22,24.84,0,85.42
2922,2021-03-14,17:26:05,2021,3,14,17,Sunday,Mannar,Mannar,8.9779,79.912,2,0,30.27,25.4,27.42,0,78.63
2923,2021-03-12,09:28:27,2021,3,12,9,Friday,Anuradhapura,Horowpothana,8.55,80.8333,0,0,30.17,21.98,25.56,0,83.52
2925,2021-03-11,09:10:55,2021,3,11,9,Thursday,Polonnaruwa,Polonnaruwa,7.9403,81.0188,0,1,28.54,23.98,25.9,0,86.92
2924,2021-03-11,10:41:58,2021,3,11,10,Thursday,Kilinochchi,Kilinochchi,9.3961,80.3981,1,1,28.56,26.4,27.33,0,80.75
2927,2021-03-09,17:23:49,2021,3,9,17,Tuesday,Colombo,Ratmalana,6.8181,79.8867,0,1,31.37,23.61,27.48,0,72.67
2926,2021-03-10,19:11:28,2021,3,10,19,Wednesday,Badulla,Badulla,6.9934,81.055,0,2,26.26,20.43,23.07,0,92.69
2928,2021-03-09,10:26:30,2021,3,9,10,Tuesday,Vavuniya,Chettikulam,8.8,80.45,1,1,30.04,22.25,25.73,0,86.42
2929,2021-03-09,06:31:25,2021,3,9,6,Tuesday,Mullaitivu,Mullaitivu,9.267,80.8144,0,1,28.93,26.34,27.54,0,80.15
2931,2021-03-08,12:51:06,2021,3,8,12,Monday,Kegalle,Warakapola,7.2167,80.2,1,2,28.43,26.79,27.68,0,84.12
2930,2021-03-08,19:54:29,2021,3,8,19,Monday,Colombo,Colombo,6.9271,79.8612,0,2,30.28,24.84,27.42,0,78.65
2932,2021-03-08,11:02:25,2021,3,8,11,Monday,Mullaitivu,Mallavi,9.1167,80.2333,0,2,30.28,24.84,27.42,0,78.65
2933,2021-03-08,09:56:46,2021,3,8,9,Monday,Monaragala,Buttala,6.75,81.2333,1,2,26.69,21.63,23.74,0,93.49
2934,2021-03-07,15:15:48,2021,3,7,15,Sunday,Matale,Sigiriya,7.9575,80.7603,1,2,29.58,24.59,27.11,0,78.96
2935,2021-03-07,11:43:48,2021,3,7,11,Sunday,Monaragala,Wellawaya,6.7333,81.1,1,2,28.51,23.46,25.59,0,90.06
2936,2021-03-06,13:28:46,2021,3,6,13,Saturday,Puttalam,Mundalama,8.1167,79.8333,4,2,30.08,24.2,27.21,0,76.66
2937,2021-03-06,10:39:40,2021,3,6,10,Saturday,Badulla,Badulla,6.9934,81.055,0,3,26.35,21.0,23.34,0,92.84
2939,2021-03-04,20:15:15,2021,3,4,20,Thursday,Colombo,Maharagama,6.848,79.9265,0,0,30.74,21.87,26.33,0,69.7
2938,2021-03-06,07:34:17,2021,3,6,7,Saturday,Colombo,Colombo,6.9271,79.8612,1,2,30.08,24.2,27.21,0,76.66
2941,2021-03-04,11:24:39,2021,3,4,11,Thursday,Kalutara,Ingiriya,6.7428,80.1647,0,0,30.74,21.87,26.33,0,69.7
2940,2021-03-04,15:05:44,2021,3,4,15,Thursday,Colombo,Colombo,6.9271,79.8612,0,0,30.74,21.87,26.33,0,69.7
2942,2021-02-28,11:26:48,2021,2,28,11,Sunday,Kurunegala,Wariyapola,7.6333,80.2333,2,0,31.58,21.66,26.35,0,71.57
2943,2021-02-22,16:24:15,2021,2,22,16,Monday,Monaragala,Bibila,6.7667,81.2167,0,2,27.65,20.92,23.69,0,91.22
2944,2021-02-21,06:58:58,2021,2,21,6,Sunday,Jaffna,Jaffna,9.6615,80.0255,1,1,28.12,25.99,26.96,0,81.92
2945,2021-02-19,10:22:55,2021,2,19,10,Friday,Batticaloa,Kattankudy,7.6833,81.7333,0,1,29.53,22.64,26.16,0,83.55
2946,2021-02-18,13:17:57,2021,2,18,13,Thursday,Polonnaruwa,Medirigiriya,8.15,80.9667,0,0,29.41,22.8,25.74,0,78.93
2947,2021-02-17,18:06:41,2021,2,17,18,Wednesday,Kurunegala,Mahawa,7.8,80.3167,0,0,29.85,22.02,25.54,0,81.47
2948,2021-02-16,10:14:45,2021,2,16,10,Tuesday,Nuwara Eliya,Ginigathhena,6.9833,80.4667,1,0,25.99,18.76,21.81,0,87.17
2949,2021-02-15,10:01:52,2021,2,15,10,Monday,Badulla,Badulla,6.9934,81.055,1,1,28.53,20.23,23.7,0,89.04
2950,2021-02-14,10:35:08,2021,2,14,10,Sunday,Colombo,Colombo,6.9271,79.8612,0,1,29.65,22.95,26.13,0,82.39
2951,2021-02-11,20:44:42,2021,2,11,20,Thursday,Batticaloa,Batticaloa,7.7102,81.6924,0,0,27.09,24.55,25.76,0,74.3
2952,2021-02-08,11:58:15,2021,2,8,11,Monday,Badulla,Badulla,6.9934,81.055,0,2,27.01,21.27,23.45,0,91.86
2953,2021-02-06,16:22:20,2021,2,6,16,Saturday,Trincomalee,Kantale,8.35,81.0,1,1,27.54,24.78,25.99,0,83.83
2954,2021-02-04,10:39:20,2021,2,4,10,Thursday,Matale,Naula,7.7,80.65,1,1,29.37,24.74,26.68,0,79.42
2955,2021-01-31,13:40:28,2021,1,31,13,Sunday,Anuradhapura,Galenbindunuwewa,8.2833,80.6167,2,2,25.85,18.07,21.49,0,89.12
2956,2021-01-31,12:33:51,2021,1,31,12,Sunday,Colombo,Colombo,6.9271,79.8612,0,2,29.0,23.27,25.77,0,81.62
2957,2021-01-29,15:18:57,2021,1,29,15,Friday,Batticaloa,Batticaloa,7.7102,81.6924,0,2,27.45,25.89,26.66,0,89.02
2958,2021-01-28,17:04:12,2021,1,28,17,Thursday,Jaffna,Jaffna,9.6615,80.0255,1,0,27.82,25.68,26.65,0,71.19
2960,2021-01-23,19:58:47,2021,1,23,19,Saturday,Trincomalee,Trincomalee,8.5874,81.2152,0,0,27.53,24.76,25.93,0,79.84
2959,2021-01-28,16:26:03,2021,1,28,16,Thursday,Colombo,Colombo,6.9271,79.8612,0,0,29.01,21.58,25.18,0,80.43
2961,2021-01-22,20:34:02,2021,1,22,20,Friday,Colombo,Colombo,6.9271,79.8612,0,1,29.97,23.84,26.65,0,80.61
2962,2021-01-06,19:50:08,2021,1,6,19,Wednesday,Ratnapura,Ratnapura,6.6828,80.3992,0,1,28.59,21.14,24.53,0,87.86
2963,2021-01-05,14:22:14,2021,1,5,14,Tuesday,Ratnapura,Balangoda,6.65,80.7,1,1,28.17,20.85,24.1,0,88.22
2964,2021-01-05,10:33:24,2021,1,5,10,Tuesday,Anuradhapura,Horowpothana,8.55,80.8333,0,2,27.95,25.83,26.87,0,81.68
2965,2021-01-04,06:41:52,2021,1,4,6,Monday,Jaffna,Jaffna,9.6615,80.0255,0,2,27.81,26.03,26.74,0,86.05
2966,2021-01-01,17:37:52,2021,1,1,17,Friday,Colombo,Colombo,6.9271,79.8612,0,2,28.63,23.27,25.5,0,82.71
2967,2021-01-01,13:15:25,2021,1,1,13,Friday,Colombo,Colombo,6.9271,79.8612,0,2,28.63,23.27,25.5,0,82.71
2968,2021-01-01,13:03:22,2021,1,1,13,Friday,Nuwara Eliya,Hatton,6.8917,80.5958,0,2,25.64,18.69,21.46,0,89.68
2969,2020-12-31,09:25:57,2020,12,31,9,Thursday,Galle,Galle,6.0535,80.221,0,2,28.24,26.48,27.24,0,85.47
2970,2020-12-30,11:43:20,2020,12,30,11,Wednesday,Kalutara,Kalutara,6.5854,79.9607,0,1,29.33,23.48,26.48,0,81.56
2971,2020-12-28,17:38:19,2020,12,28,17,Monday,Ratnapura,Kahawatta,6.6,80.5333,1,2,28.21,25.9,26.97,0,83.89
2972,2020-12-27,10:02:10,2020,12,27,10,Sunday,Kandy,Galagedara,7.3667,80.5333,6,2,27.58,21.12,23.8,0,92.5
2973,2020-12-26,14:24:50,2020,12,26,14,Saturday,Galle,Hikkaduwa,6.14,80.1,0,1,28.48,25.44,27.07,0,77.1
2974,2020-12-25,11:06:45,2020,12,25,11,Friday,Monaragala,Wellawaya,6.7333,81.1,0,1,28.16,21.87,24.48,0,87.14
2975,2020-12-21,23:09:28,2020,12,21,23,Monday,Colombo,Piliyandala,6.8011,79.9231,1,2,28.11,23.93,25.61,0,88.44
2976,2020-12-20,06:55:59,2020,12,20,6,Sunday,Mullaitivu,Mullaitivu,9.267,80.8144,0,1,27.31,26.12,26.6,0,79.32
2977,2020-12-19,18:15:46,2020,12,19,18,Saturday,Mullaitivu,Mullaitivu,9.267,80.8144,0,3,27.22,25.21,26.36,0,85.09
2978,2020-12-18,12:40:15,2020,12,18,12,Friday,Colombo,Colombo,6.9271,79.8612,0,2,28.63,23.87,25.96,0,82.25
2979,2020-12-16,07:41:32,2020,12,16,7,Wednesday,Anuradhapura,Anuradhapura,8.3114,80.4037,8,1,29.01,22.11,25.04,0,88.16
2980,2020-12-15,06:39:57,2020,12,15,6,Tuesday,Colombo,Colombo,6.9271,79.8612,2,2,29.08,22.26,25.63,0,81.22
2981,2020-12-09,15:28:10,2020,12,9,15,Wednesday,Jaffna,Jaffna,9.6615,80.0255,1,1,27.55,26.03,26.77,0,84.22
2983,2020-12-09,12:32:38,2020,12,9,12,Wednesday,Colombo,Moratuwa,6.773,79.8816,2,1,26.82,25.86,26.36,0,85.91
2982,2020-12-09,13:10:39,2020,12,9,13,Wednesday,Colombo,Dehiwala,6.8511,79.8636,0,1,26.82,25.86,26.36,0,85.91
2985,2020-12-08,10:23:57,2020,12,8,10,Tuesday,Monaragala,Medagama,6.75,81.15,2,1,26.46,26.11,26.27,0,85.11
2984,2020-12-08,13:20:26,2020,12,8,13,Tuesday,Nuwara Eliya,Norwood,6.85,80.6167,0,1,26.46,26.11,26.27,0,85.11
2986,2020-12-07,19:52:15,2020,12,7,19,Monday,Kurunegala,Narammala,7.4167,80.0167,2,1,26.41,25.96,26.14,0,86.37
2987,2020-12-07,16:09:21,2020,12,7,16,Monday,Ratnapura,Embilipitiya,6.3417,80.85,2,1,26.41,25.96,26.14,0,86.37
2988,2020-12-06,13:36:29,2020,12,6,13,Sunday,Nuwara Eliya,Dimbula,6.9333,80.6,0,1,26.42,25.94,26.14,0,85.63
2989,2020-12-05,13:18:44,2020,12,5,13,Saturday,Kurunegala,Kuliyapitiya,7.4708,80.04,2,1,26.4,26.05,26.26,0,84.85
2990,2020-12-05,10:42:16,2020,12,5,10,Saturday,Gampaha,Katunayake,7.1697,79.8844,2,1,26.4,26.05,26.26,0,84.85
2991,2020-12-04,10:57:17,2020,12,4,10,Friday,Ampara,Thirukkovil,6.8333,81.8,0,1,26.88,26.25,26.67,0,81.01
2992,2020-12-01,09:07:31,2020,12,1,9,Tuesday,Kurunegala,Mawathagama,7.4167,80.45,7,2,26.3,25.86,26.11,0,87.9
2993,2020-11-27,11:29:40,2020,11,27,11,Friday,Badulla,Hali Ela,6.9667,81.0167,0,1,26.33,25.95,26.18,0,83.09
2994,2020-11-26,18:08:46,2020,11,26,18,Thursday,Kurunegala,Mahawa,7.8,80.3167,0,1,26.12,25.93,26.03,0,84.79
2995,2020-11-19,08:09:20,2020,11,19,8,Thursday,Kandy,Peradeniya,7.26,80.6,0,1,26.77,26.23,26.55,0,83.35
2996,2020-11-18,19:45:11,2020,11,18,19,Wednesday,Kegalle,Rambukkana,7.3167,80.4,0,2,26.86,26.51,26.7,0,84.16
2998,2020-11-17,12:41:06,2020,11,17,12,Tuesday,Colombo,Colombo,6.9271,79.8612,0,1,27.14,26.35,26.76,0,83.48
2999,2020-11-17,12:11:13,2020,11,17,12,Tuesday,Colombo,Nugegoda,6.8649,79.8997,2,1,27.14,26.35,26.76,0,83.48
2997,2020-11-17,13:07:55,2020,11,17,13,Tuesday,Polonnaruwa,Aralaganwila,7.85,81.1,0,1,27.14,26.35,26.76,0,83.48
3001,2020-11-16,13:19:19,2020,11,16,13,Monday,Kurunegala,Polgahawela,7.3333,80.3,0,1,26.91,26.32,26.6,0,85.14
3000,2020-11-16,17:26:45,2020,11,16,17,Monday,Ratnapura,Kalawana,6.5167,80.4,0,1,26.91,26.32,26.6,0,85.14
3003,2020-11-13,09:25:35,2020,11,13,9,Friday,Matale,Matale,7.4675,80.6234,1,1,27.07,26.55,26.88,0,84.87
3002,2020-11-15,13:20:53,2020,11,15,13,Sunday,Colombo,Mulleriyawa,6.9333,79.9333,0,1,27.11,26.76,26.95,0,82.64
3005,2020-11-09,09:40:21,2020,11,9,9,Monday,Kurunegala,Ibbagamuwa,7.5,80.4,1,1,26.56,26.29,26.43,0,85.15
3004,2020-11-11,09:02:29,2020,11,11,9,Wednesday,Gampaha,Katunayake,7.1697,79.8844,0,1,26.85,26.57,26.71,0,82.37
3006,2020-11-07,11:48:40,2020,11,7,11,Saturday,Kandy,Katugastota,7.3167,80.6167,0,2,26.83,26.47,26.68,0,84.07
3007,2020-11-05,07:19:42,2020,11,5,7,Thursday,Anuradhapura,Mihintale,8.35,80.5167,1,1,26.84,26.59,26.7,0,80.98
3008,2020-11-03,07:50:10,2020,11,3,7,Tuesday,Trincomalee,Trincomalee,8.5874,81.2152,1,1,26.41,26.15,26.26,0,83.68
3009,2020-11-01,08:27:27,2020,11,1,8,Sunday,Kegalle,Mawanella,7.25,80.45,23,1,25.93,25.64,25.81,0,87.54
3010,2020-10-29,12:43:30,2020,10,29,12,Thursday,Kurunegala,Mawathagama,7.4167,80.45,3,1,26.29,25.69,26.01,0,78.31
3011,2020-10-28,06:50:35,2020,10,28,6,Wednesday,Anuradhapura,Kahatagasdigiliya,8.4667,80.5833,1,1,26.06,25.64,25.87,0,81.2
3012,2020-10-26,11:03:02,2020,10,26,11,Monday,Vavuniya,Vavuniya,8.7514,80.4971,0,1,26.03,25.4,25.72,0,84.12
3013,2020-10-23,13:58:13,2020,10,23,13,Friday,Kurunegala,Mahawa,7.8,80.3167,0,1,25.94,25.63,25.84,0,83.38
3014,2020-10-21,10:44:14,2020,10,21,10,Wednesday,Colombo,Colombo,6.9271,79.8612,0,1,26.11,25.73,25.94,0,82.38
3015,2020-10-21,10:28:17,2020,10,21,10,Wednesday,Colombo,Colombo,6.9271,79.8612,0,1,26.11,25.73,25.94,0,82.38
3016,2020-10-19,18:23:41,2020,10,19,18,Monday,Kegalle,Warakapola,7.2167,80.2,0,1,26.06,25.6,25.88,0,80.76
3017,2020-10-17,11:31:43,2020,10,17,11,Saturday,Ratnapura,Kahawatta,6.6,80.5333,1,1,25.48,24.8,25.15,0,79.32
3018,2020-10-16,09:31:15,2020,10,16,9,Friday,Kurunegala,Melsiripura,7.6167,80.5,0,1,25.3,25.11,25.21,0,81.23
3020,2020-10-15,10:11:06,2020,10,15,10,Thursday,Badulla,Haputale,6.7667,80.95,1,1,25.5,25.38,25.44,0,81.71
3021,2020-10-15,08:55:39,2020,10,15,8,Thursday,Kalutara,Panadura,6.7133,79.9025,0,1,25.5,25.38,25.44,0,81.71
3019,2020-10-15,14:00:12,2020,10,15,14,Thursday,Kalutara,Panadura,6.7133,79.9025,0,1,25.5,25.38,25.44,0,81.71
3022,2020-10-12,10:53:42,2020,10,12,10,Monday,Colombo,Colombo,6.9271,79.8612,0,1,25.75,25.33,25.54,0,82.08
3023,2020-10-11,10:36:36,2020,10,11,10,Sunday,Kegalle,Molagoda,7.2167,80.4,20,1,25.66,25.24,25.48,0,80.39
3024,2020-10-10,19:38:33,2020,10,10,19,Saturday,Colombo,Colombo,6.9271,79.8612,0,1,25.45,24.87,25.2,0,81.57
3025,2020-10-10,07:16:26,2020,10,10,7,Saturday,Trincomalee,Kinniya,8.5,81.1833,1,1,25.45,24.87,25.2,0,81.57
3026,2020-10-05,11:27:25,2020,10,5,11,Monday,Colombo,Colombo,6.9271,79.8612,0,1,25.63,25.21,25.44,0,81.72
3027,2020-10-05,10:17:23,2020,10,5,10,Monday,Colombo,Colombo,6.9271,79.8612,0,1,25.63,25.21,25.44,0,81.72
3028,2020-10-03,11:11:29,2020,10,3,11,Saturday,Anuradhapura,Kekirawa,8.0333,80.6,0,1,25.49,25.03,25.26,0,77.12
3029,2020-10-02,13:00:20,2020,10,2,13,Friday,Nuwara Eliya,Hatton,6.8917,80.5958,0,1,25.15,24.75,25.01,0,78.01
3030,2020-09-29,12:08:28,2020,9,29,12,Tuesday,Colombo,Colombo,6.9271,79.8612,0,1,24.98,24.65,24.82,0,82.39
3031,2020-09-28,14:43:06,2020,9,28,14,Monday,Ratnapura,Kiriella,6.75,80.3667,4,1,25.03,24.74,24.9,0,80.09
3032,2020-09-27,11:46:22,2020,9,27,11,Sunday,Puttalam,Chilaw,7.5758,79.7953,2,1,24.96,24.71,24.84,0,79.05
3033,2020-09-26,07:06:58,2020,9,26,7,Saturday,Kalutara,Horana,6.7156,80.0644,22,1,24.99,24.07,24.6,0,80.88
3034,2020-09-24,12:59:00,2020,9,24,12,Thursday,Anuradhapura,Palugaswewa,8.5,80.7833,25,0,24.04,23.8,23.93,0,82.35
3035,2020-09-24,08:47:58,2020,9,24,8,Thursday,Gampaha,Katunayake,7.1697,79.8844,0,0,24.04,23.8,23.93,0,82.35
3036,2020-09-17,14:22:49,2020,9,17,14,Thursday,Colombo,Colombo,6.9271,79.8612,0,1,24.06,23.81,23.93,0,76.16
3037,2020-09-17,12:06:59,2020,9,17,12,Thursday,Nuwara Eliya,Ragala,6.9167,80.8,1,1,24.06,23.81,23.93,0,76.16
3038,2020-09-16,09:54:21,2020,9,16,9,Wednesday,Puttalam,Karuwalagaswewa,8.15,79.95,3,1,24.72,24.13,24.54,0,79.93
3039,2020-09-14,09:11:53,2020,9,14,9,Monday,Gampaha,Nittambuwa,7.1417,80.0944,1,1,25.22,24.94,25.12,0,79.79
3040,2020-09-13,18:23:21,2020,9,13,18,Sunday,Kegalle,Aranayaka,7.15,80.4333,0,1,25.39,24.84,25.14,0,82.08
3041,2020-09-13,10:46:15,2020,9,13,10,Sunday,Colombo,Colombo,6.9271,79.8612,0,1,25.39,24.84,25.14,0,82.08
3042,2020-09-11,14:25:25,2020,9,11,14,Friday,Badulla,Welimada,6.9,80.9,0,0,25.15,24.73,24.94,0,78.32
3043,2020-09-10,14:44:14,2020,9,10,14,Thursday,Ampara,Damana,7.3,81.7,0,0,25.08,24.49,24.82,0,78.49
3044,2020-09-09,14:11:16,2020,9,9,14,Wednesday,Kilinochchi,Ariyalkulam,9.3667,80.4,1,0,24.76,23.76,24.26,0,82.52
3045,2020-09-07,11:00:46,2020,9,7,11,Monday,Galle,Karapitiya,6.0667,80.2167,0,1,24.08,23.71,23.9,0,81.64
3046,2020-09-07,07:18:51,2020,9,7,7,Monday,Mullaitivu,Oddusuddan,9.15,80.6333,1,1,24.08,23.71,23.9,0,81.64
3047,2020-09-06,08:09:32,2020,9,6,8,Sunday,Jaffna,Point Pedro,9.8167,80.2333,0,1,24.17,23.5,23.8,0,81.77
3048,2020-09-05,17:04:57,2020,9,5,17,Saturday,Galle,Baddegama,6.1667,80.1833,0,1,24.01,23.67,23.86,0,85.27
3049,2020-09-04,18:06:47,2020,9,4,18,Friday,Ratnapura,Godakawela,6.5,80.55,0,1,24.46,23.96,24.22,0,80.51
3051,2020-09-04,11:52:43,2020,9,4,11,Friday,Colombo,Dehiwala,6.8511,79.8636,0,1,24.46,23.96,24.22,0,80.51
3050,2020-09-04,14:23:55,2020,9,4,14,Friday,Galle,Batapola,6.2,80.1167,0,1,24.46,23.96,24.22,0,80.51
3052,2020-09-03,09:43:55,2020,9,3,9,Thursday,Colombo,Maharagama,6.848,79.9265,2,1,24.27,23.92,24.08,0,81.8
3054,2020-09-02,16:07:36,2020,9,2,16,Wednesday,Colombo,Colombo,6.9271,79.8612,0,1,24.43,24.11,24.26,0,78.92
3055,2020-09-02,12:54:21,2020,9,2,12,Wednesday,Kurunegala,Bamunakotuwa,7.5,80.2833,4,1,24.43,24.11,24.26,0,78.92
3056,2020-09-02,09:51:17,2020,9,2,9,Wednesday,Ratnapura,Nivithigala,6.6167,80.4667,0,1,24.43,24.11,24.26,0,78.92
3053,2020-09-02,18:23:53,2020,9,2,18,Wednesday,Matara,Deniyaya,6.3417,80.55,1,1,24.43,24.11,24.26,0,78.92
3058,2020-08-30,11:32:36,2020,8,30,11,Sunday,Ratnapura,Kiriella,6.75,80.3667,0,1,24.68,24.01,24.44,0,81.15
3057,2020-08-31,06:58:48,2020,8,31,6,Monday,Anuradhapura,Padaviya,8.8,80.7667,1,1,24.64,24.39,24.54,0,81.27
3059,2020-08-30,06:46:44,2020,8,30,6,Sunday,Puttalam,Madampe,7.5,79.8167,2,1,24.68,24.01,24.44,0,81.15
3060,2020-08-29,09:53:44,2020,8,29,9,Saturday,Puttalam,Kalpitiya,8.2333,79.7667,0,1,24.56,24.11,24.37,0,82.65
3061,2020-08-28,10:39:27,2020,8,28,10,Friday,Colombo,Colombo,6.9271,79.8612,0,1,24.78,24.61,24.7,0,80.91
3062,2020-08-27,20:06:41,2020,8,27,20,Thursday,Colombo,Colombo,6.9271,79.8612,0,1,24.9,24.41,24.65,0,81.43
3063,2020-08-26,21:53:08,2020,8,26,21,Wednesday,Colombo,Kadawatha,7.0,79.95,0,1,24.5,23.48,24.07,0,75.7
3064,2020-08-24,07:56:14,2020,8,24,7,Monday,Kandy,Galagedara,7.3667,80.5333,3,0,23.92,22.7,23.41,0,84.82
3066,2020-08-22,15:02:19,2020,8,22,15,Saturday,Monaragala,Thanamalwila,6.4333,81.0333,0,0,22.74,21.88,22.39,0,84.68
3067,2020-08-22,12:37:47,2020,8,22,12,Saturday,Kurunegala,Alawwa,7.3,80.2333,8,0,22.74,21.88,22.39,0,84.68
3068,2020-08-22,09:46:38,2020,8,22,9,Saturday,Galle,Ambalangoda,6.2354,80.0538,1,0,22.74,21.88,22.39,0,84.68
3069,2020-08-22,08:57:29,2020,8,22,8,Saturday,Nuwara Eliya,Maskeliya,6.8333,80.5667,2,0,22.74,21.88,22.39,0,84.68
3070,2020-08-22,06:19:20,2020,8,22,6,Saturday,Kurunegala,Alawwa,7.3,80.2333,5,0,22.74,21.88,22.39,0,84.68
3065,2020-08-22,20:01:06,2020,8,22,20,Saturday,Anuradhapura,Galnewa,8.15,80.4,9,0,22.74,21.88,22.39,0,84.68
3071,2020-08-21,09:23:12,2020,8,21,9,Friday,Kurunegala,Galgamuwa,8.0167,80.2833,1,1,22.17,22.01,22.1,0,85.07
3073,2020-08-20,12:44:22,2020,8,20,12,Thursday,Trincomalee,Seruwila,8.5,81.3,0,1,22.55,22.17,22.37,0,86.01
3074,2020-08-20,11:21:47,2020,8,20,11,Thursday,Colombo,Colombo,6.9271,79.8612,0,1,22.55,22.17,22.37,0,86.01
3075,2020-08-20,07:09:32,2020,8,20,7,Thursday,Vavuniya,Puliyankulam,8.8833,80.4667,2,1,22.55,22.17,22.37,0,86.01
3072,2020-08-20,14:29:20,2020,8,20,14,Thursday,Colombo,Colombo,6.9271,79.8612,0,1,22.55,22.17,22.37,0,86.01
3076,2020-08-19,13:26:00,2020,8,19,13,Wednesday,Colombo,Colombo,6.9271,79.8612,0,1,22.9,22.63,22.78,0,88.0
3077,2020-08-19,10:22:27,2020,8,19,10,Wednesday,Anuradhapura,Palugaswewa,8.5,80.7833,0,1,22.9,22.63,22.78,0,88.0
3078,2020-08-16,19:12:45,2020,8,16,19,Sunday,Kegalle,Hemmathagama,7.2,80.5,0,0,24.04,23.86,23.95,0,73.55
3079,2020-08-16,11:47:44,2020,8,16,11,Sunday,Ratnapura,Ratnapura,6.6828,80.3992,1,0,24.04,23.86,23.95,0,73.55
3080,2020-08-14,10:36:58,2020,8,14,10,Friday,Galle,Wakwella,6.1,80.1667,0,1,25.08,24.75,24.95,0,80.93
3081,2020-08-13,16:29:28,2020,8,13,16,Thursday,Kurunegala,Galgamuwa,8.0167,80.2833,1,0,25.09,24.85,24.94,0,78.56
3082,2020-08-11,09:47:09,2020,8,11,9,Tuesday,Ampara,Kalmunai,7.4167,81.8333,0,0,25.17,24.7,24.95,0,75.94
3083,2020-08-11,09:22:37,2020,8,11,9,Tuesday,Kurunegala,Ridigama,7.5,80.4667,3,0,25.17,24.7,24.95,0,75.94
3084,2020-08-10,07:33:11,2020,8,10,7,Monday,Ampara,Samanthurai,7.3667,81.8167,0,0,25.31,24.72,25.02,0,73.38
3085,2020-08-10,07:09:25,2020,8,10,7,Monday,Ratnapura,Kahawatta,6.6,80.5333,1,0,25.31,24.72,25.02,0,73.38
3086,2020-08-09,17:46:02,2020,8,9,17,Sunday,Polonnaruwa,Aralaganwila,7.85,81.1,1,0,24.9,24.53,24.68,0,76.31
3088,2020-08-08,06:37:08,2020,8,8,6,Saturday,Kurunegala,Alawwa,7.3,80.2333,17,0,25.17,24.65,24.9,0,75.94
3087,2020-08-08,07:14:48,2020,8,8,7,Saturday,Vavuniya,Omanthei,8.8333,80.5,7,0,25.17,24.65,24.9,0,75.94
3089,2020-08-04,08:47:36,2020,8,4,8,Tuesday,Badulla,Kandeketiya,7.05,81.1,2,0,23.85,23.15,23.54,0,75.65
3090,2020-07-29,22:21:48,2020,7,29,22,Wednesday,Kalutara,Wadduwa,6.6667,79.925,0,0,23.75,23.21,23.59,0,76.04
3091,2020-07-28,22:22:19,2020,7,28,22,Tuesday,Polonnaruwa,Polonnaruwa,7.9403,81.0188,3,0,23.8,23.26,23.42,0,80.15
3093,2020-07-28,10:12:30,2020,7,28,10,Tuesday,Colombo,Ratmalana,6.8181,79.8867,3,0,23.8,23.26,23.42,0,80.15
3092,2020-07-28,14:15:08,2020,7,28,14,Tuesday,Colombo,Colombo,6.9271,79.8612,0,0,23.8,23.26,23.42,0,80.15
3094,2020-07-27,13:01:17,2020,7,27,13,Monday,Colombo,Colombo,6.9271,79.8612,0,0,24.18,23.9,24.03,0,74.09
3095,2020-07-23,13:46:22,2020,7,23,13,Thursday,Matara,Palmulla,6.1167,80.55,0,0,25.43,24.99,25.18,0,78.98
3096,2020-07-23,10:11:32,2020,7,23,10,Thursday,Matale,Dambulla,7.8675,80.6522,1,0,25.43,24.99,25.18,0,78.98
3097,2020-07-22,13:36:02,2020,7,22,13,Wednesday,Colombo,Colombo,6.9271,79.8612,0,0,25.21,24.58,24.97,0,78.47
3099,2020-07-22,06:55:32,2020,7,22,6,Wednesday,Puttalam,Anamaduwa,7.8667,79.9833,0,0,25.21,24.58,24.97,0,78.47
3098,2020-07-22,08:48:20,2020,7,22,8,Wednesday,Jaffna,Nelliady,9.7833,80.0833,1,0,25.21,24.58,24.97,0,78.47
3100,2020-07-20,15:09:22,2020,7,20,15,Monday,Colombo,Colombo,6.9271,79.8612,0,0,25.21,24.92,25.1,0,79.16
3102,2020-07-20,08:19:00,2020,7,20,8,Monday,Colombo,Nugegoda,6.8649,79.8997,1,0,25.21,24.92,25.1,0,79.16
3101,2020-07-20,12:53:50,2020,7,20,12,Monday,Colombo,Nugegoda,6.8649,79.8997,1,0,25.21,24.92,25.1,0,79.16
3103,2020-07-19,11:41:23,2020,7,19,11,Sunday,Galle,Nagoda,6.1333,80.1833,0,1,25.32,24.46,24.87,0,79.25
3104,2020-07-16,13:59:12,2020,7,16,13,Thursday,Puttalam,Norochcholai,8.1,79.7333,2,1,24.09,23.87,23.99,0,74.59
3105,2020-07-15,20:52:50,2020,7,15,20,Wednesday,Colombo,Colombo,6.9271,79.8612,0,1,24.54,24.16,24.4,0,74.2
3107,2020-07-15,13:04:27,2020,7,15,13,Wednesday,Matara,Hakmana,6.0667,80.6167,1,1,24.54,24.16,24.4,0,74.2
3108,2020-07-15,07:51:19,2020,7,15,7,Wednesday,Gampaha,Negombo,7.2083,79.8358,1,1,24.54,24.16,24.4,0,74.2
3106,2020-07-15,13:08:53,2020,7,15,13,Wednesday,Colombo,Colombo,6.9271,79.8612,0,1,24.54,24.16,24.4,0,74.2
3109,2020-07-14,19:05:24,2020,7,14,19,Tuesday,Matara,Hakmana,6.0667,80.6167,1,0,24.71,24.41,24.59,0,77.13
3110,2020-07-14,07:32:27,2020,7,14,7,Tuesday,Gampaha,Hendala,6.9833,79.8833,1,0,24.71,24.41,24.59,0,77.13
3111,2020-07-13,11:46:04,2020,7,13,11,Monday,Jaffna,Chavakachcheri,9.65,80.1667,1,0,24.77,23.98,24.37,0,79.37
3112,2020-07-12,16:20:21,2020,7,12,16,Sunday,Colombo,Piliyandala,6.8011,79.9231,3,0,24.78,24.45,24.63,0,74.26
3113,2020-07-10,17:29:27,2020,7,10,17,Friday,Galle,Bentota,6.4167,79.9958,1,0,24.53,24.14,24.35,0,74.58
3115,2020-07-10,15:07:58,2020,7,10,15,Friday,Colombo,Colombo,6.9271,79.8612,0,0,24.53,24.14,24.35,0,74.58
3116,2020-07-10,10:38:38,2020,7,10,10,Friday,Colombo,Boralesgamuwa,6.8394,79.9024,3,0,24.53,24.14,24.35,0,74.58
3117,2020-07-10,09:18:13,2020,7,10,9,Friday,Colombo,Pannipitiya,6.8463,79.9418,1,0,24.53,24.14,24.35,0,74.58
3114,2020-07-10,15:36:00,2020,7,10,15,Friday,Colombo,Colombo,6.9271,79.8612,0,0,24.53,24.14,24.35,0,74.58
3119,2020-07-09,10:46:58,2020,7,9,10,Thursday,Matara,Akuressa,6.1,80.4833,0,0,24.93,24.35,24.62,0,76.38
3120,2020-07-09,09:03:24,2020,7,9,9,Thursday,Colombo,Nugegoda,6.8649,79.8997,0,0,24.93,24.35,24.62,0,76.38
3118,2020-07-09,17:33:47,2020,7,9,17,Thursday,Badulla,Meegahakiwula,7.0667,81.05,0,0,24.93,24.35,24.62,0,76.38
3122,2020-07-06,11:39:33,2020,7,6,11,Monday,Kalutara,Panadura,6.7133,79.9025,1,0,24.29,23.5,23.9,0,80.13
3121,2020-07-06,12:12:36,2020,7,6,12,Monday,Galle,Bentota,6.4167,79.9958,0,0,24.29,23.5,23.9,0,80.13
3123,2020-07-06,10:05:33,2020,7,6,10,Monday,Kalutara,Panadura,6.7133,79.9025,1,0,24.29,23.5,23.9,0,80.13
3124,2020-07-06,08:22:45,2020,7,6,8,Monday,Kalutara,Panadura,6.7133,79.9025,1,0,24.29,23.5,23.9,0,80.13
3125,2020-07-06,07:44:52,2020,7,6,7,Monday,Gampaha,Mirigama,7.2417,80.1236,1,0,24.29,23.5,23.9,0,80.13
3126,2020-07-05,19:09:57,2020,7,5,19,Sunday,Mullaitivu,Mallavi,9.1167,80.2333,1,0,24.25,23.77,24.08,0,78.39
3127,2020-07-05,16:16:07,2020,7,5,16,Sunday,Gampaha,Ragama,7.0286,79.9197,1,0,24.25,23.77,24.08,0,78.39
3128,2020-07-05,08:59:09,2020,7,5,8,Sunday,Hambantota,Hambantota,6.1246,81.1185,1,0,24.25,23.77,24.08,0,78.39
3129,2020-07-01,12:03:13,2020,7,1,12,Wednesday,Colombo,Wattala,6.9897,79.8919,1,0,23.52,22.99,23.25,0,80.8
3131,2020-06-29,16:15:31,2020,6,29,16,Monday,Kurunegala,Dambadeniya,7.3667,80.1333,23,0,23.56,23.12,23.33,0,83.29
3132,2020-06-29,10:31:08,2020,6,29,10,Monday,Matale,Laggala,7.5667,80.8,1,0,23.56,23.12,23.33,0,83.29
3130,2020-06-29,22:49:10,2020,6,29,22,Monday,Hambantota,Lunugamvehera,6.3167,81.2167,1,0,23.56,23.12,23.33,0,83.29
3133,2020-06-28,18:36:59,2020,6,28,18,Sunday,Vavuniya,Vavuniya,8.7514,80.4971,0,1,23.89,23.5,23.76,0,79.37
3134,2020-06-28,16:45:01,2020,6,28,16,Sunday,Galle,Baddegama,6.1667,80.1833,0,1,23.89,23.5,23.76,0,79.37
3135,2020-06-27,08:07:40,2020,6,27,8,Saturday,Gampaha,Minuwangoda,7.1667,79.95,0,1,24.17,23.58,23.98,0,79.94
3136,2020-06-26,07:01:32,2020,6,26,7,Friday,Vavuniya,Vavuniya,8.7514,80.4971,0,1,24.33,23.77,24.16,0,79.74
3137,2020-06-25,14:11:38,2020,6,25,14,Thursday,Hambantota,Angunakolapelessa,6.1833,80.9167,1,1,24.14,23.4,23.76,0,82.19
3139,2020-06-24,11:12:08,2020,6,24,11,Wednesday,Colombo,Colombo,6.9271,79.8612,0,0,23.9,23.58,23.71,0,79.21
3138,2020-06-24,15:00:18,2020,6,24,15,Wednesday,Colombo,Nugegoda,6.8649,79.8997,1,0,23.9,23.58,23.71,0,79.21
3140,2020-06-21,10:29:55,2020,6,21,10,Sunday,Kalutara,Kalutara,6.5854,79.9607,1,0,25.04,24.38,24.82,0,80.96
3141,2020-06-21,07:04:33,2020,6,21,7,Sunday,Anuradhapura,Medawachchiya,8.5333,80.5,2,0,25.04,24.38,24.82,0,80.96
3142,2020-06-20,14:16:13,2020,6,20,14,Saturday,Ratnapura,Kuruwita,6.7833,80.3667,0,0,24.39,23.88,24.15,0,79.78
3143,2020-06-20,08:22:44,2020,6,20,8,Saturday,Gampaha,Gampaha,7.0917,79.9997,0,0,24.39,23.88,24.15,0,79.78
3144,2020-06-19,16:47:33,2020,6,19,16,Friday,Badulla,Hali Ela,6.9667,81.0167,1,0,24.27,23.74,24.03,0,78.96
3145,2020-06-19,12:21:10,2020,6,19,12,Friday,Kalutara,Wadduwa,6.6667,79.925,0,0,24.27,23.74,24.03,0,78.96
3146,2020-06-19,11:54:13,2020,6,19,11,Friday,Colombo,Colombo,6.9271,79.8612,0,0,24.27,23.74,24.03,0,78.96
3148,2020-06-16,09:31:26,2020,6,16,9,Tuesday,Anuradhapura,Rajanganaya,8.15,80.2167,1,1,24.0,23.87,23.93,0,79.97
3149,2020-06-16,08:12:22,2020,6,16,8,Tuesday,Matale,Hasalaka,7.35,80.8833,1,1,24.0,23.87,23.93,0,79.97
3150,2020-06-16,07:05:13,2020,6,16,7,Tuesday,Polonnaruwa,Polonnaruwa,7.9403,81.0188,1,1,24.0,23.87,23.93,0,79.97
3147,2020-06-16,16:24:06,2020,6,16,16,Tuesday,Kalutara,Kalutara,6.5854,79.9607,1,1,24.0,23.87,23.93,0,79.97
3151,2020-06-15,22:51:54,2020,6,15,22,Monday,Kurunegala,Wariyapola,7.6333,80.2333,1,1,24.31,24.06,24.14,0,80.91
3153,2020-06-15,18:07:39,2020,6,15,18,Monday,Matara,Kamburupitiya,6.0833,80.5667,0,1,24.31,24.06,24.14,0,80.91
3154,2020-06-15,15:49:28,2020,6,15,15,Monday,Colombo,Colombo,6.9271,79.8612,1,1,24.31,24.06,24.14,0,80.91
3155,2020-06-15,10:52:58,2020,6,15,10,Monday,Colombo,Colombo,6.9271,79.8612,1,1,24.31,24.06,24.14,0,80.91
3156,2020-06-15,10:08:13,2020,6,15,10,Monday,Kalutara,Aluthgama,6.4333,79.9958,1,1,24.31,24.06,24.14,0,80.91
3157,2020-06-15,07:39:36,2020,6,15,7,Monday,Kalutara,Ingiriya,6.7428,80.1647,0,1,24.31,24.06,24.14,0,80.91
3152,2020-06-15,21:52:37,2020,6,15,21,Monday,Ratnapura,Balangoda,6.65,80.7,1,1,24.31,24.06,24.14,0,80.91
3159,2020-06-14,10:00:41,2020,6,14,10,Sunday,Colombo,Colombo,6.9271,79.8612,1,1,24.96,24.38,24.66,0,81.93
3158,2020-06-14,19:50:43,2020,6,14,19,Sunday,Colombo,Colombo,6.9271,79.8612,1,1,24.96,24.38,24.66,0,81.93
3160,2020-06-14,09:30:33,2020,6,14,9,Sunday,Matara,Dickwella,5.9667,80.6833,10,1,24.96,24.38,24.66,0,81.93
3162,2020-06-13,11:14:37,2020,6,13,11,Saturday,Gampaha,Peliyagoda,6.9556,79.8864,1,1,25.24,24.82,25.07,0,83.23
3161,2020-06-13,12:39:03,2020,6,13,12,Saturday,Colombo,Colombo,6.9271,79.8612,0,1,25.24,24.82,25.07,0,83.23
3164,2020-06-08,22:39:42,2020,6,8,22,Monday,Puttalam,Dankotuwa,7.2833,79.9,0,1,26.03,25.67,25.84,0,85.88
3165,2020-06-08,12:58:01,2020,6,8,12,Monday,Colombo,Colombo,6.9271,79.8612,0,1,26.03,25.67,25.84,0,85.88
3166,2020-06-08,11:45:13,2020,6,8,11,Monday,Monaragala,Kataragama,6.4167,81.3333,0,1,26.03,25.67,25.84,0,85.88
3163,2020-06-11,10:10:54,2020,6,11,10,Thursday,Nuwara Eliya,Kotagala,6.95,80.5833,1,1,25.65,24.43,24.89,0,83.72
3167,2020-06-06,15:09:25,2020,6,6,15,Saturday,Matara,Hakmana,6.0667,80.6167,2,1,26.62,26.33,26.53,0,81.69
3168,2020-06-06,11:01:44,2020,6,6,11,Saturday,Vavuniya,Nedunkeni,8.9167,80.4667,0,1,26.62,26.33,26.53,0,81.69
3169,2020-06-04,12:13:03,2020,6,4,12,Thursday,Puttalam,Chilaw,7.5758,79.7953,0,1,30.02,25.97,27.73,0,83.32
3170,2020-06-03,13:15:15,2020,6,3,13,Wednesday,Trincomalee,Trincomalee,8.5874,81.2152,0,0,29.52,25.24,27.07,0,82.06
3171,2020-06-03,13:02:48,2020,6,3,13,Wednesday,Colombo,Colombo,6.9271,79.8612,0,0,29.52,25.24,27.07,0,82.06
3173,2020-06-02,13:00:06,2020,6,2,13,Tuesday,Matale,Dambulla,7.8675,80.6522,2,1,30.43,24.73,26.88,0,84.43
3172,2020-06-03,09:59:45,2020,6,3,9,Wednesday,Gampaha,Veyangoda,7.1542,80.0583,2,1,31.69,27.9,29.42,0,74.96
3175,2020-06-01,16:17:34,2020,6,1,16,Monday,Kegalle,Ruwanwella,7.05,80.25,0,1,28.97,25.9,27.3,0,85.55
3174,2020-06-02,12:50:30,2020,6,2,12,Tuesday,Matale,Matale,7.4675,80.6234,0,1,29.08,25.73,27.19,0,83.94
3176,2020-06-01,15:39:19,2020,6,1,15,Monday,Gampaha,Divulapitiya,7.2219,79.9581,0,0,27.09,21.39,23.74,0,88.53
3177,2020-05-31,14:56:50,2020,5,31,14,Sunday,Kilinochchi,Kilinochchi,9.3961,80.3981,1,1,32.27,28.01,29.87,0,77.63
3178,2020-05-31,06:50:58,2020,5,31,6,Sunday,Galle,Wakwella,6.1,80.1667,0,1,29.54,26.4,27.54,0,86.18
3179,2020-05-29,20:44:11,2020,5,29,20,Friday,Colombo,Moratuwa,6.773,79.8816,0,2,27.62,26.04,26.64,0,89.37
3181,2020-05-26,20:00:03,2020,5,26,20,Tuesday,Colombo,Homagama,6.8408,80.0024,0,1,29.07,26.44,27.58,0,89.33
3180,2020-05-27,10:27:53,2020,5,27,10,Wednesday,Jaffna,Jaffna,9.6615,80.0255,0,1,31.89,29.17,30.24,0,80.59
3182,2020-05-24,16:46:50,2020,5,24,16,Sunday,Nuwara Eliya,Hatton,6.8917,80.5958,1,1,27.51,21.9,24.15,0,88.99
3183,2020-05-24,10:07:15,2020,5,24,10,Sunday,Kegalle,Ruwanwella,7.05,80.25,1,1,29.54,26.4,27.77,0,86.7
3185,2020-05-21,19:17:58,2020,5,21,19,Thursday,Colombo,Meegoda,6.8434,80.0093,1,2,28.17,26.26,27.12,0,85.29
3184,2020-05-22,18:36:17,2020,5,22,18,Friday,Polonnaruwa,Medirigiriya,8.15,80.9667,1,1,30.84,24.71,27.23,0,85.42
3187,2020-05-18,17:52:40,2020,5,18,17,Monday,Kalutara,Beruwala,6.4789,79.9828,2,3,28.48,27.34,27.98,0,87.03
3186,2020-05-21,07:35:20,2020,5,21,7,Thursday,Puttalam,Puttalam,8.0362,79.8283,0,1,31.18,26.64,28.49,0,77.19
3188,2020-05-09,11:25:54,2020,5,9,11,Saturday,Kegalle,Kegalle,7.2513,80.3464,0,2,28.54,21.71,24.62,0,86.85
3189,2020-05-09,07:00:56,2020,5,9,7,Saturday,Mullaitivu,Mullaitivu,9.267,80.8144,0,2,32.17,28.24,30.14,0,73.84
3190,2020-05-08,09:23:01,2020,5,8,9,Friday,Gampaha,Negombo,7.2083,79.8358,1,2,29.11,26.06,27.42,0,86.43
3191,2020-05-07,10:46:06,2020,5,7,10,Thursday,Kandy,Gampola,7.1647,80.5767,1,3,32.25,24.85,27.85,0,83.21
3192,2020-05-06,09:57:25,2020,5,6,9,Wednesday,Jaffna,Jaffna,9.6615,80.0255,0,1,32.59,29.56,30.87,0,74.01
3193,2020-04-30,17:40:45,2020,4,30,17,Thursday,Jaffna,Jaffna,9.6615,80.0255,0,1,31.59,29.1,30.3,0,72.65
3194,2020-04-30,11:09:24,2020,4,30,11,Thursday,Kalutara,Bandaragama,6.7139,79.9889,1,2,29.33,26.47,27.92,0,81.09
3195,2020-04-28,08:26:31,2020,4,28,8,Tuesday,Galle,Ambalangoda,6.2354,80.0538,0,2,28.93,28.41,28.68,0,81.51
3196,2020-04-24,11:48:01,2020,4,24,11,Friday,Matale,Dambulla,7.8675,80.6522,1,2,31.12,25.23,27.65,0,83.02
3198,2020-04-24,07:55:13,2020,4,24,7,Friday,Matale,Dambulla,7.8675,80.6522,1,2,31.12,25.23,27.65,0,83.02
3199,2020-04-21,10:09:43,2020,4,21,10,Tuesday,Kalutara,Millaniya,6.6833,80.0333,1,1,30.58,21.44,25.39,0,80.01
3197,2020-04-24,11:17:17,2020,4,24,11,Friday,Galle,Baddegama,6.1667,80.1833,0,2,29.07,27.03,27.85,0,83.22
3200,2020-04-15,18:43:43,2020,4,15,18,Wednesday,Trincomalee,Kantale,8.35,81.0,1,1,30.35,20.97,25.03,0,81.05
3201,2020-04-14,12:54:27,2020,4,14,12,Tuesday,Colombo,Colombo,6.9271,79.8612,0,2,31.04,26.28,28.32,0,76.26
3203,2020-04-14,07:50:04,2020,4,14,7,Tuesday,Colombo,Colombo,6.9271,79.8612,0,2,31.04,26.28,28.32,0,76.26
3204,2020-04-13,18:44:07,2020,4,13,18,Monday,Mullaitivu,Mullaitivu,9.267,80.8144,1,1,31.73,27.34,29.39,0,72.42
3202,2020-04-14,10:42:29,2020,4,14,10,Tuesday,Matale,Hasalaka,7.35,80.8833,0,2,30.34,26.51,28.34,0,79.81
3205,2020-04-10,15:18:29,2020,4,10,15,Friday,Gampaha,Negombo,7.2083,79.8358,0,2,31.38,25.43,28.2,0,76.79
3206,2020-04-10,08:54:07,2020,4,10,8,Friday,Mannar,Mannar,8.9779,79.912,2,1,34.58,26.94,30.45,0,66.15
3207,2020-04-06,11:21:06,2020,4,6,11,Monday,Matale,Dambulla,7.8675,80.6522,2,0,37.76,23.33,29.88,0,58.61
3208,2020-03-31,07:18:26,2020,3,31,7,Tuesday,Ratnapura,Kahawatta,6.6,80.5333,1,2,32.42,21.95,26.54,0,77.25
3209,2020-03-21,18:36:56,2020,3,21,18,Saturday,Gampaha,Veyangoda,7.1542,80.0583,1,1,31.09,25.14,27.79,0,74.38
3210,2020-03-20,17:12:16,2020,3,20,17,Friday,Colombo,Colombo,6.9271,79.8612,0,1,30.51,25.9,27.78,0,76.93
3211,2020-03-17,08:46:54,2020,3,17,8,Tuesday,Galle,Baddegama,6.1667,80.1833,1,2,30.51,26.07,27.87,0,81.48
3213,2020-03-13,17:17:34,2020,3,13,17,Friday,Hambantota,Ambalantota,6.1167,81.0167,0,2,28.96,28.39,28.6,0,84.14
3212,2020-03-14,09:21:50,2020,3,14,9,Saturday,Kalutara,Bandaragama,6.7139,79.9889,1,1,30.65,25.05,27.72,0,78.01
3214,2020-03-13,12:10:40,2020,3,13,12,Friday,Polonnaruwa,Dimbulagala,7.9667,81.0,1,0,32.37,23.79,27.32,0,73.05
3215,2020-03-12,16:13:57,2020,3,12,16,Thursday,Colombo,Nugegoda,6.8649,79.8997,0,1,31.93,24.71,27.97,0,71.93
3216,2020-03-12,15:21:19,2020,3,12,15,Thursday,Hambantota,Okanda,6.65,81.7167,0,0,33.37,24.32,28.25,0,68.49
3218,2020-03-12,13:13:49,2020,3,12,13,Thursday,Colombo,Nugegoda,6.8649,79.8997,0,1,31.93,24.71,27.97,0,71.93
3217,2020-03-12,13:21:24,2020,3,12,13,Thursday,Nuwara Eliya,Ginigathhena,6.9833,80.4667,0,1,28.71,28.09,28.44,0,83.75
3219,2020-03-10,20:53:58,2020,3,10,20,Tuesday,Nuwara Eliya,Ambewela,6.8667,80.8167,0,1,29.1,28.58,28.82,0,78.85
3220,2020-03-10,18:06:01,2020,3,10,18,Tuesday,Colombo,Colombo,6.9271,79.8612,0,1,31.84,24.48,27.96,0,72.67
3221,2020-03-10,17:07:19,2020,3,10,17,Tuesday,Nuwara Eliya,Ambewela,6.8667,80.8167,1,1,29.97,26.84,28.36,0,75.56
3223,2020-03-10,07:22:00,2020,3,10,7,Tuesday,Colombo,Nugegoda,6.8649,79.8997,0,1,31.84,24.48,27.96,0,72.67
3222,2020-03-10,12:46:26,2020,3,10,12,Tuesday,Colombo,Nugegoda,6.8649,79.8997,0,1,31.84,24.48,27.96,0,72.67
3224,2020-03-09,11:53:01,2020,3,9,11,Monday,Badulla,Badulla,6.9934,81.055,0,1,30.31,19.87,24.3,0,81.38
3225,2020-03-09,11:16:16,2020,3,9,11,Monday,Colombo,Moratuwa,6.773,79.8816,0,0,35.45,21.65,27.51,0,70.02
3226,2020-03-09,06:31:25,2020,3,9,6,Monday,Hambantota,Lunugamvehera,6.3167,81.2167,6,1,30.17,26.38,28.15,0,74.83
3227,2020-03-08,16:01:50,2020,3,8,16,Sunday,Colombo,Meegoda,6.8434,80.0093,2,0,34.62,24.69,29.04,0,68.86
3228,2020-03-06,12:16:57,2020,3,6,12,Friday,Colombo,Colombo,6.9271,79.8612,0,2,30.4,25.17,27.31,0,82.21
3229,2020-03-06,10:53:48,2020,3,6,10,Friday,Colombo,Kesbewa,6.7959,79.9383,0,1,28.98,28.5,28.79,0,78.99
3230,2020-03-05,17:35:05,2020,3,5,17,Thursday,Ratnapura,Balangoda,6.65,80.7,1,1,29.99,22.07,25.31,0,85.87
3231,2020-03-04,14:21:18,2020,3,4,14,Wednesday,Colombo,Colombo,6.9271,79.8612,0,0,31.45,24.64,27.83,0,72.35
3232,2020-03-03,10:19:43,2020,3,3,10,Tuesday,Jaffna,Jaffna,9.6615,80.0255,1,0,30.29,25.63,27.75,0,67.41
3233,2020-03-02,10:58:23,2020,3,2,10,Monday,Matale,Matale,7.4675,80.6234,0,0,32.17,19.81,25.3,0,75.14
3234,2020-03-02,10:02:57,2020,3,2,10,Monday,Matara,Dickwella,5.9667,80.6833,1,1,29.97,25.67,27.66,0,77.63
3235,2020-02-27,17:07:04,2020,2,27,17,Thursday,Monaragala,Wellawaya,6.7333,81.1,1,0,30.19,21.73,25.43,0,84.9
3236,2020-02-25,17:06:40,2020,2,25,17,Tuesday,Colombo,Colombo,6.9271,79.8612,1,1,31.63,24.36,27.89,0,76.51
3237,2020-02-25,16:05:23,2020,2,25,16,Tuesday,Colombo,Colombo,6.9271,79.8612,1,1,31.63,24.36,27.89,0,76.51
3238,2020-02-25,10:21:54,2020,2,25,10,Tuesday,Monaragala,Wellawaya,6.7333,81.1,1,1,29.94,23.21,25.97,0,85.09
3239,2020-02-24,20:12:50,2020,2,24,20,Monday,Colombo,Colombo,6.9271,79.8612,0,1,31.26,23.49,27.39,0,76.52
3241,2020-02-24,15:14:21,2020,2,24,15,Monday,Colombo,Colombo,6.9271,79.8612,0,1,31.26,23.49,27.39,0,76.52
3240,2020-02-24,19:20:20,2020,2,24,19,Monday,Galle,Udugama,6.2833,80.3667,5,1,29.92,24.54,26.73,0,78.29
3242,2020-02-23,21:10:20,2020,2,23,21,Sunday,Ratnapura,Ayagama,6.6167,80.3167,4,1,30.13,24.27,26.64,0,78.86
3243,2020-02-23,15:06:20,2020,2,23,15,Sunday,Kurunegala,Giriulla,7.3333,80.1333,2,1,28.51,24.35,26.08,0,84.66
3244,2020-02-23,14:05:47,2020,2,23,14,Sunday,Kandy,Pilimathalawa,7.2167,80.5667,0,1,28.51,28.0,28.27,0,81.91
3245,2020-02-23,10:17:12,2020,2,23,10,Sunday,Gampaha,Katunayake,7.1697,79.8844,1,1,31.33,23.61,26.82,0,80.43
3246,2020-02-21,08:50:39,2020,2,21,8,Friday,Matara,Malimbada,6.0167,80.5167,0,1,28.74,28.19,28.41,0,84.17
3247,2020-02-21,08:29:56,2020,2,21,8,Friday,Matale,Dambulla,7.8675,80.6522,2,2,30.72,23.39,26.44,0,85.86
3248,2020-02-20,11:00:29,2020,2,20,11,Thursday,Matale,Rattota,7.5333,80.7,0,1,28.49,27.93,28.26,0,82.85
3249,2020-02-19,19:44:29,2020,2,19,19,Wednesday,Galle,Ambalangoda,6.2354,80.0538,0,1,28.29,27.81,28.06,0,83.6
3251,2020-02-18,07:30:55,2020,2,18,7,Tuesday,Puttalam,Chilaw,7.5758,79.7953,0,0,30.66,20.64,25.27,0,72.7
3250,2020-02-18,13:55:16,2020,2,18,13,Tuesday,Puttalam,Chilaw,7.5758,79.7953,0,0,30.66,20.64,25.27,0,72.7
3252,2020-02-16,13:53:53,2020,2,16,13,Sunday,Batticaloa,Batticaloa,7.7102,81.6924,2,1,28.15,25.78,26.79,0,79.97
3253,2020-02-15,13:56:45,2020,2,15,13,Saturday,Monaragala,Wellawaya,6.7333,81.1,1,1,30.42,22.06,25.77,0,84.94
3254,2020-02-14,13:17:11,2020,2,14,13,Friday,Kandy,Kadugannawa,7.25,80.5167,0,1,28.04,27.42,27.66,0,83.35
3255,2020-02-13,16:50:13,2020,2,13,16,Thursday,Nuwara Eliya,Ragala,6.9167,80.8,0,1,30.57,24.08,26.66,0,81.82
3256,2020-02-12,10:38:21,2020,2,12,10,Wednesday,Colombo,Mulleriyawa,6.9333,79.9333,2,1,27.61,27.25,27.39,0,85.41
3257,2020-02-11,06:47:40,2020,2,11,6,Tuesday,Badulla,Badulla,6.9934,81.055,0,1,27.39,19.5,22.99,0,88.64
3258,2020-02-11,06:37:54,2020,2,11,6,Tuesday,Badulla,Meegahakiwula,7.0667,81.05,0,1,30.42,22.16,25.99,0,79.1
3259,2020-02-10,10:19:21,2020,2,10,10,Monday,Nuwara Eliya,Maskeliya,6.8333,80.5667,1,0,29.21,25.36,27.42,0,72.09
3260,2020-02-08,17:15:01,2020,2,8,17,Saturday,Ratnapura,Pelmadulla,6.6167,80.55,1,0,28.62,26.21,27.44,0,76.24
3261,2020-02-08,15:50:30,2020,2,8,15,Saturday,Kurunegala,Wariyapola,7.6333,80.2333,1,0,30.53,22.11,25.92,0,76.48
3262,2020-02-08,07:47:37,2020,2,8,7,Saturday,Anuradhapura,Thambuttegama,8.15,80.3167,4,0,27.87,16.97,21.96,0,83.64
3263,2020-02-08,07:11:34,2020,2,8,7,Saturday,Badulla,Badulla,6.9934,81.055,0,0,28.21,18.02,22.53,0,85.89
3264,2020-02-07,09:44:07,2020,2,7,9,Friday,Anuradhapura,Horowpothana,8.55,80.8333,1,0,29.28,20.49,24.18,0,81.02
3265,2020-02-06,12:45:08,2020,2,6,12,Thursday,Kurunegala,Kurunegala,7.4863,80.3647,0,1,27.72,27.12,27.38,0,83.25
3266,2020-02-06,07:59:45,2020,2,6,7,Thursday,Trincomalee,Trincomalee,8.5874,81.2152,1,0,28.0,24.99,26.3,0,76.14
3267,2020-02-05,18:48:45,2020,2,5,18,Wednesday,Kandy,Kundasale,7.2833,80.7,1,0,29.01,24.48,26.37,0,77.67
3268,2020-02-03,08:28:45,2020,2,3,8,Monday,Kandy,Digana,7.2833,80.75,0,0,27.79,18.48,22.76,0,86.96
3269,2020-02-03,07:08:31,2020,2,3,7,Monday,Gampaha,Dompe,7.0167,80.05,3,0,29.6,22.7,25.88,0,78.06
3270,2020-02-01,17:46:22,2020,2,1,17,Saturday,Kurunegala,Wariyapola,7.6333,80.2333,1,0,29.54,20.59,24.74,0,81.76
3271,2020-01-31,16:58:22,2020,1,31,16,Friday,Anuradhapura,Kahatagasdigiliya,8.4667,80.5833,1,0,29.79,20.49,24.79,0,83.74
3272,2020-01-29,16:25:09,2020,1,29,16,Wednesday,Colombo,Colombo,6.9271,79.8612,0,1,29.8,21.9,25.84,0,73.47
3273,2020-01-28,14:32:05,2020,1,28,14,Tuesday,Galle,Yakkalamulla,6.1167,80.25,1,1,28.4,26.16,27.19,0,71.91
3274,2020-01-28,09:42:04,2020,1,28,9,Tuesday,Puttalam,Chilaw,7.5758,79.7953,1,0,29.66,21.42,25.14,0,76.92
3276,2020-01-27,06:01:11,2020,1,27,6,Monday,Matale,Wilgamuwa,7.5667,80.8333,0,1,28.4,27.68,27.96,0,85.15
3275,2020-01-27,15:51:41,2020,1,27,15,Monday,Monaragala,Bibila,6.7667,81.2167,0,1,28.4,27.68,27.96,0,85.15
3277,2020-01-26,11:19:46,2020,1,26,11,Sunday,Hambantota,Tangalle,6.0242,80.7944,0,0,26.88,16.96,21.5,0,85.88
3278,2020-01-25,16:04:14,2020,1,25,16,Saturday,Kilinochchi,Kilinochchi,9.3961,80.3981,0,0,27.93,25.62,26.59,0,75.56
3279,2020-01-25,10:56:11,2020,1,25,10,Saturday,Colombo,Mount Lavinia,6.8389,79.8636,0,0,29.74,22.77,25.72,0,82.53
3280,2020-01-24,15:15:49,2020,1,24,15,Friday,Hambantota,Ambalantota,6.1167,81.0167,0,1,29.81,25.39,27.21,0,83.38
3281,2020-01-24,10:15:23,2020,1,24,10,Friday,Nuwara Eliya,Dimbula,6.9333,80.6,2,0,28.6,27.95,28.29,0,78.83
3282,2020-01-22,16:50:48,2020,1,22,16,Wednesday,Badulla,Haputale,6.7667,80.95,0,2,29.14,23.09,25.39,0,90.8
3283,2020-01-22,12:50:26,2020,1,22,12,Wednesday,Monaragala,Bibila,6.7667,81.2167,0,1,27.77,26.17,26.85,0,85.75
3284,2020-01-22,09:19:57,2020,1,22,9,Wednesday,Kurunegala,Narammala,7.4167,80.0167,1,2,28.31,22.58,24.62,0,91.82
3285,2020-01-21,14:34:03,2020,1,21,14,Tuesday,Vavuniya,Vavuniya,8.7514,80.4971,0,1,28.73,24.7,26.33,0,81.4
3286,2020-01-21,09:48:54,2020,1,21,9,Tuesday,Mannar,Mannar,8.9779,79.912,0,1,28.73,24.7,26.33,0,81.4
3288,2020-01-20,11:48:17,2020,1,20,11,Monday,Galle,Ambalangoda,6.2354,80.0538,0,2,29.53,26.29,27.84,0,79.73
3287,2020-01-20,20:07:06,2020,1,20,20,Monday,Ampara,Kalmunai,7.4167,81.8333,6,1,27.88,26.76,27.37,0,84.6
3289,2020-01-20,08:38:15,2020,1,20,8,Monday,Ampara,Ampara,7.2975,81.682,2,1,30.18,23.6,26.5,0,83.29
3290,2020-01-20,07:35:45,2020,1,20,7,Monday,Batticaloa,Kattankudy,7.6833,81.7333,4,1,29.57,25.16,27.22,0,83.27
3291,2020-01-19,21:56:08,2020,1,19,21,Sunday,Ampara,Pottuvil,6.8667,81.8333,4,2,29.3,25.04,27.01,0,84.86
3292,2020-01-18,11:04:58,2020,1,18,11,Saturday,Kurunegala,Narammala,7.4167,80.0167,2,1,28.7,20.57,24.12,0,89.41
3294,2020-01-17,15:57:09,2020,1,17,15,Friday,Kandy,Peradeniya,7.26,80.6,0,1,27.13,18.55,22.42,0,88.25
3293,2020-01-18,07:05:25,2020,1,18,7,Saturday,Ampara,Thirukkovil,6.8333,81.8,0,1,27.11,26.49,26.84,0,86.91
3296,2020-01-17,09:01:14,2020,1,17,9,Friday,Badulla,Kandeketiya,7.05,81.1,1,1,29.89,22.78,26.02,0,86.41
3295,2020-01-17,12:50:05,2020,1,17,12,Friday,Monaragala,Buttala,6.75,81.2333,0,1,27.49,27.02,27.31,0,86.86
3297,2020-01-16,16:05:04,2020,1,16,16,Thursday,Monaragala,Kataragama,6.4167,81.3333,2,1,27.66,27.4,27.59,0,84.91
3298,2020-01-16,14:01:53,2020,1,16,14,Thursday,Kalutara,Horana,6.7156,80.0644,0,1,28.46,22.8,25.28,0,85.27
3299,2020-01-16,10:53:40,2020,1,16,10,Thursday,Ratnapura,Balangoda,6.65,80.7,1,1,29.29,18.33,23.78,0,83.73
3300,2020-01-16,09:35:18,2020,1,16,9,Thursday,Batticaloa,Valaichchenai,7.9167,81.5333,0,1,26.95,15.53,21.36,0,86.72
3301,2020-01-14,09:57:33,2020,1,14,9,Tuesday,Nuwara Eliya,Ginigathhena,6.9833,80.4667,0,0,25.22,15.13,19.62,0,86.03
3303,2020-01-13,10:28:32,2020,1,13,10,Monday,Hambantota,Waligatta,6.2,81.0333,0,0,26.57,17.84,21.62,0,86.43
3302,2020-01-14,08:27:46,2020,1,14,8,Tuesday,Badulla,Ella,6.8667,81.05,1,0,25.22,15.13,19.62,0,86.03
3304,2020-01-13,06:33:59,2020,1,13,6,Monday,Mullaitivu,Mullaitivu,9.267,80.8144,1,0,27.32,25.03,26.13,0,66.87
3305,2020-01-12,13:57:03,2020,1,12,13,Sunday,Ratnapura,Kalawana,6.5167,80.4,2,0,28.74,22.53,25.56,0,82.51
3306,2020-01-11,14:05:34,2020,1,11,14,Saturday,Mullaitivu,Mullaitivu,9.267,80.8144,1,1,27.83,25.64,26.68,0,74.46
3307,2020-01-09,13:05:09,2020,1,9,13,Thursday,Kurunegala,Ibbagamuwa,7.5,80.4,0,2,28.66,27.32,28.13,0,79.21
3308,2020-01-09,10:35:05,2020,1,9,10,Thursday,Kalutara,Wadduwa,6.6667,79.925,1,0,29.31,23.02,26.36,0,76.64
3309,2020-01-08,13:41:55,2020,1,8,13,Wednesday,Trincomalee,Trincomalee,8.5874,81.2152,0,1,28.84,28.08,28.46,0,72.49
3310,2020-01-08,13:38:23,2020,1,8,13,Wednesday,Kalutara,Matugama,6.5219,80.1164,0,1,28.84,28.08,28.46,0,72.49
3311,2020-01-08,09:38:17,2020,1,8,9,Wednesday,Colombo,Dehiwala,6.8511,79.8636,0,1,28.84,28.08,28.46,0,72.49
3313,2020-01-07,16:44:14,2020,1,7,16,Tuesday,Kurunegala,Kurunegala,7.4863,80.3647,0,2,27.82,20.92,23.95,0,90.36
3312,2020-01-07,20:18:53,2020,1,7,20,Tuesday,Puttalam,Puttalam,8.0362,79.8283,0,1,29.73,23.94,26.19,0,86.2
3315,2020-01-06,19:29:30,2020,1,6,19,Monday,Badulla,Haputale,6.7667,80.95,2,1,26.3,18.42,21.99,0,90.28
3314,2020-01-07,08:50:41,2020,1,7,8,Tuesday,Kandy,Digana,7.2833,80.75,1,2,28.78,24.23,26.03,0,85.1
3316,2020-01-06,18:09:47,2020,1,6,18,Monday,Badulla,Welimada,6.9,80.9,12,1,26.99,20.34,23.29,0,92.28
3317,2020-01-06,17:04:28,2020,1,6,17,Monday,Badulla,Mahiyanganaya,7.3333,81.0,0,2,28.07,22.07,24.71,0,90.55
3318,2020-01-06,16:24:15,2020,1,6,16,Monday,Jaffna,Chavakachcheri,9.65,80.1667,1,1,28.46,26.25,27.24,0,84.11
3319,2020-01-06,12:24:16,2020,1,6,12,Monday,Jaffna,Kayts,9.7,79.85,0,1,28.79,28.38,28.61,0,72.28
3320,2020-01-06,11:36:27,2020,1,6,11,Monday,Colombo,Colombo,6.9271,79.8612,0,1,29.8,23.34,26.37,0,82.52
3321,2020-01-06,10:05:59,2020,1,6,10,Monday,Hambantota,Tissamaharama,6.2833,81.2833,1,1,29.4,23.64,26.19,0,86.06
3322,2020-01-05,18:58:56,2020,1,5,18,Sunday,Badulla,Haputale,6.7667,80.95,2,1,27.27,18.39,22.44,0,87.92
3323,2020-01-04,10:40:55,2020,1,4,10,Saturday,Gampaha,Ragama,7.0286,79.9197,1,2,29.69,24.64,27.06,0,82.67
3324,2020-01-04,09:17:04,2020,1,4,9,Saturday,Matale,Dambulla,7.8675,80.6522,0,0,29.65,22.27,25.4,0,89.25
3325,2020-01-04,08:20:38,2020,1,4,8,Saturday,Nuwara Eliya,Hatton,6.8917,80.5958,0,2,27.31,19.24,22.91,0,88.49
3326,2020-01-04,08:14:02,2020,1,4,8,Saturday,Anuradhapura,Thambuttegama,8.15,80.3167,1,0,29.65,22.27,25.4,0,89.25
3327,2020-01-04,07:38:33,2020,1,4,7,Saturday,Badulla,Haputale,6.7667,80.95,0,2,27.31,19.24,22.91,0,88.49
3328,2020-01-04,06:37:59,2020,1,4,6,Saturday,Galle,Galle,6.0535,80.221,0,1,28.93,26.48,27.72,0,81.31
3329,2020-01-03,18:09:08,2020,1,3,18,Friday,Kalutara,Bandaragama,6.7139,79.9889,4,1,29.9,24.81,27.23,0,80.36
3330,2020-01-03,17:35:20,2020,1,3,17,Friday,Gampaha,Ragama,7.0286,79.9197,0,1,30.76,24.66,27.46,0,79.13
3331,2020-01-03,13:02:51,2020,1,3,13,Friday,Ratnapura,Embilipitiya,6.3417,80.85,2,1,29.0,21.69,24.75,0,88.39
3332,2020-01-03,08:13:37,2020,1,3,8,Friday,Galle,Udugama,6.2833,80.3667,1,1,28.94,26.45,27.68,0,82.35
3333,2020-01-02,15:28:51,2020,1,2,15,Thursday,Hambantota,Ambalantota,6.1167,81.0167,2,2,28.78,26.48,27.62,0,83.66
3334,2020-01-02,14:44:55,2020,1,2,14,Thursday,Mullaitivu,Mallavi,9.1167,80.2333,0,1,28.39,26.69,27.74,0,67.65
3335,2020-01-02,10:17:54,2020,1,2,10,Thursday,Kurunegala,Narammala,7.4167,80.0167,1,2,28.89,21.63,24.65,0,91.58
3336,2020-01-02,07:19:22,2020,1,2,7,Thursday,Colombo,Colombo,6.9271,79.8612,0,2,30.78,24.29,27.37,0,81.28
3337,2019-12-31,19:45:25,2019,12,31,19,Tuesday,Kegalle,Warakapola,7.2167,80.2,4,1,26.99,17.7,22.38,0,86.48
3338,2019-12-31,18:49:39,2019,12,31,18,Tuesday,Mannar,Nanattan,8.9833,79.9667,0,1,28.31,27.37,27.77,0,81.89
3340,2019-12-31,12:34:13,2019,12,31,12,Tuesday,Kegalle,Warakapola,7.2167,80.2,4,1,26.99,17.7,22.38,0,86.48
3339,2019-12-31,15:19:49,2019,12,31,15,Tuesday,Matale,Naula,7.7,80.65,0,0,29.91,21.18,25.06,0,89.5
3342,2019-12-31,07:12:01,2019,12,31,7,Tuesday,Kegalle,Warakapola,7.2167,80.2,4,1,26.99,17.7,22.38,0,86.48
3341,2019-12-31,10:13:29,2019,12,31,10,Tuesday,Kandy,Galagedara,7.3667,80.5333,0,1,26.99,17.7,22.38,0,86.48
3343,2019-12-30,09:00:38,2019,12,30,9,Monday,Vavuniya,Vavuniya,8.7514,80.4971,0,0,28.29,24.19,26.0,0,81.67
3344,2019-12-30,08:07:17,2019,12,30,8,Monday,Matale,Ukuwela,7.4667,80.65,3,0,27.64,18.5,22.85,0,88.15
3345,2019-12-29,18:54:35,2019,12,29,18,Sunday,Colombo,Colombo,6.9271,79.8612,0,0,28.8,22.17,25.29,0,79.7
3346,2019-12-29,16:07:48,2019,12,29,16,Sunday,Mullaitivu,Mullaitivu,9.267,80.8144,0,2,28.37,27.25,27.86,0,75.65
3347,2019-12-29,12:38:28,2019,12,29,12,Sunday,Colombo,Kadawatha,7.0,79.95,0,2,28.37,27.25,27.86,0,75.65
3348,2019-12-27,19:40:47,2019,12,27,19,Friday,Gampaha,Nittambuwa,7.1417,80.0944,0,1,28.19,27.36,27.73,0,82.78
3349,2019-12-27,07:38:18,2019,12,27,7,Friday,Ratnapura,Embilipitiya,6.3417,80.85,3,1,28.74,19.17,23.72,0,85.79
3350,2019-12-26,20:50:23,2019,12,26,20,Thursday,Colombo,Colombo,6.9271,79.8612,0,1,29.78,23.5,26.33,0,80.37
3351,2019-12-26,19:23:26,2019,12,26,19,Thursday,Trincomalee,Kinniya,8.5,81.1833,0,1,27.97,27.21,27.62,0,78.64
3353,2019-12-26,11:04:08,2019,12,26,11,Thursday,Colombo,Colombo,6.9271,79.8612,0,1,29.78,23.5,26.33,0,80.37
3352,2019-12-26,18:25:01,2019,12,26,18,Thursday,Mannar,Mannar,8.9779,79.912,1,1,26.47,18.07,21.66,0,88.18
3354,2019-12-24,19:02:46,2019,12,24,19,Tuesday,Colombo,Colombo,6.9271,79.8612,0,1,29.47,24.62,26.62,0,83.52
3356,2019-12-24,13:01:06,2019,12,24,13,Tuesday,Colombo,Colombo,6.9271,79.8612,0,1,29.47,24.62,26.62,0,83.52
3355,2019-12-24,16:03:18,2019,12,24,16,Tuesday,Monaragala,Monaragala,6.8728,81.3505,1,1,27.55,21.55,24.14,0,91.49
3357,2019-12-24,11:32:00,2019,12,24,11,Tuesday,Galle,Neluwa,6.35,80.3833,1,1,27.55,21.55,24.14,0,91.49
3359,2019-12-24,08:59:46,2019,12,24,8,Tuesday,Colombo,Colombo,6.9271,79.8612,0,1,29.47,24.62,26.62,0,83.52
3360,2019-12-24,07:08:25,2019,12,24,7,Tuesday,Colombo,Colombo,6.9271,79.8612,0,1,29.47,24.62,26.62,0,83.52
3358,2019-12-24,10:56:28,2019,12,24,10,Tuesday,Kilinochchi,Pallai,9.4667,80.4167,0,0,27.82,27.26,27.57,0,82.42
3361,2019-12-23,21:55:01,2019,12,23,21,Monday,Matale,Pallepola,7.5833,80.6,4,2,27.67,25.22,26.22,0,90.72
3362,2019-12-23,17:01:29,2019,12,23,17,Monday,Galle,Elpitiya,6.2833,80.1667,0,2,27.43,24.59,25.64,0,89.89
3363,2019-12-23,13:32:47,2019,12,23,13,Monday,Monaragala,Monaragala,6.8728,81.3505,0,1,27.98,27.28,27.58,0,83.07
3364,2019-12-22,15:32:20,2019,12,22,15,Sunday,Kegalle,Molagoda,7.2167,80.4,0,1,27.26,22.83,24.47,0,93.9
3365,2019-12-22,13:02:58,2019,12,22,13,Sunday,Batticaloa,Batticaloa,7.7102,81.6924,1,2,28.31,26.81,27.39,0,85.91
3366,2019-12-22,10:18:39,2019,12,22,10,Sunday,Gampaha,Minuwangoda,7.1667,79.95,1,1,29.23,24.64,26.75,0,87.81
3368,2019-12-21,13:45:16,2019,12,21,13,Saturday,Anuradhapura,Horowpothana,8.55,80.8333,0,1,27.82,27.27,27.58,0,81.0
3367,2019-12-21,19:44:17,2019,12,21,19,Saturday,Colombo,Colombo,6.9271,79.8612,0,2,29.55,24.4,26.64,0,83.87
3369,2019-12-21,12:13:12,2019,12,21,12,Saturday,Matale,Galewela,7.75,80.5667,0,2,28.05,21.57,24.36,0,92.58
3370,2019-12-20,08:10:05,2019,12,20,8,Friday,Kegalle,Dehiowita,6.9833,80.25,0,1,27.57,27.22,27.42,0,81.95
3371,2019-12-19,19:18:53,2019,12,19,19,Thursday,Colombo,Colombo,6.9271,79.8612,0,3,29.06,24.44,26.51,0,87.91
3373,2019-12-19,07:38:01,2019,12,19,7,Thursday,Colombo,Colombo,6.9271,79.8612,0,3,29.06,24.44,26.51,0,87.91
3372,2019-12-19,11:46:02,2019,12,19,11,Thursday,Colombo,Colombo,6.9271,79.8612,0,3,29.06,24.44,26.51,0,87.91
3374,2019-12-18,22:06:52,2019,12,18,22,Wednesday,Colombo,Colombo,6.9271,79.8612,0,2,29.7,24.17,26.64,0,86.49
3375,2019-12-18,19:07:08,2019,12,18,19,Wednesday,Trincomalee,Kantale,8.35,81.0,0,1,27.37,27.08,27.21,0,84.38
3376,2019-12-18,06:58:28,2019,12,18,6,Wednesday,Jaffna,Kopay,9.7,80.0333,1,2,28.2,22.46,24.63,0,92.11
3377,2019-12-17,20:19:35,2019,12,17,20,Tuesday,Colombo,Colombo,6.9271,79.8612,0,2,29.63,23.87,26.31,0,85.46
3378,2019-12-16,19:18:11,2019,12,16,19,Monday,Colombo,Colombo,6.9271,79.8612,0,1,29.68,23.0,26.07,0,82.04
3380,2019-12-16,14:16:52,2019,12,16,14,Monday,Colombo,Colombo,6.9271,79.8612,0,1,29.68,23.0,26.07,0,82.04
3379,2019-12-16,16:05:34,2019,12,16,16,Monday,Jaffna,Vadamarachchi,9.75,80.2,1,1,28.9,24.87,26.61,0,83.34
3381,2019-12-15,18:37:45,2019,12,15,18,Sunday,Colombo,Colombo,6.9271,79.8612,0,1,29.32,23.68,26.15,0,83.79
3382,2019-12-15,16:48:41,2019,12,15,16,Sunday,Monaragala,Thanamalwila,6.4333,81.0333,0,1,28.11,27.49,27.8,0,80.89
3383,2019-12-15,10:18:50,2019,12,15,10,Sunday,Hambantota,Meellawa,6.1833,81.05,1,1,28.04,24.37,25.74,0,87.97
3384,2019-12-14,19:21:31,2019,12,14,19,Saturday,Colombo,Battaramulla,6.8989,79.9181,0,1,29.35,23.99,26.45,0,82.86
3385,2019-12-14,14:52:16,2019,12,14,14,Saturday,Batticaloa,Eravur,7.7667,81.6,0,1,27.64,27.2,27.39,0,83.27
3386,2019-12-14,10:26:49,2019,12,14,10,Saturday,Nuwara Eliya,Bogawantalawa,6.8,80.6667,1,1,27.22,21.18,23.84,0,92.74
3387,2019-12-14,07:01:24,2019,12,14,7,Saturday,Kilinochchi,Kilinochchi,9.3961,80.3981,2,2,28.38,26.46,27.28,0,81.9
3389,2019-12-13,09:27:29,2019,12,13,9,Friday,Colombo,Maharagama,6.848,79.9265,0,2,28.86,25.07,26.65,0,86.98
3388,2019-12-13,19:14:23,2019,12,13,19,Friday,Kalutara,Payagala,6.5167,79.9833,0,1,30.04,24.06,26.92,0,79.38
3390,2019-12-12,10:20:39,2019,12,12,10,Thursday,Jaffna,Jaffna,9.6615,80.0255,1,1,28.17,26.26,27.09,0,84.07
3391,2019-12-12,06:51:14,2019,12,12,6,Thursday,Anuradhapura,Kekirawa,8.0333,80.6,1,1,27.76,22.16,24.61,0,91.7
3393,2019-12-10,15:08:34,2019,12,10,15,Tuesday,Vavuniya,Vavuniya,8.7514,80.4971,1,2,27.7,25.46,26.3,0,85.48
3392,2019-12-10,19:21:38,2019,12,10,19,Tuesday,Kandy,Katugastota,7.3167,80.6167,1,1,27.15,26.75,26.9,0,86.53
3395,2019-12-09,07:15:33,2019,12,9,7,Monday,Ampara,Maha Oya,7.5,81.3833,1,1,27.1,23.96,25.53,0,90.95
3394,2019-12-09,09:27:30,2019,12,9,9,Monday,Ampara,Damana,7.3,81.7,2,1,27.1,23.96,25.53,0,90.95
3396,2019-12-08,10:58:51,2019,12,8,10,Sunday,Trincomalee,Kinniya,8.5,81.1833,1,2,27.99,26.18,26.96,0,80.33
3397,2019-12-07,20:45:27,2019,12,7,20,Saturday,Jaffna,Delft,9.5,79.6833,0,1,26.35,25.88,26.19,0,86.92
3398,2019-12-07,11:49:19,2019,12,7,11,Saturday,Kandy,Peradeniya,7.26,80.6,0,0,27.44,21.72,23.99,0,92.15
3399,2019-12-07,07:22:28,2019,12,7,7,Saturday,Colombo,Ja-Ela,7.0744,79.8919,0,1,29.32,24.27,26.43,0,84.47
3400,2019-12-06,21:01:32,2019,12,6,21,Friday,Nuwara Eliya,Nuwara Eliya,6.9497,80.7891,0,2,25.06,20.03,22.18,0,91.97
3401,2019-12-04,13:04:11,2019,12,4,13,Wednesday,Polonnaruwa,Hingurakgoda,8.05,80.95,191,3,24.69,20.97,22.45,0,91.75
3403,2019-12-02,15:55:38,2019,12,2,15,Monday,Galle,Ambalangoda,6.2354,80.0538,3,3,27.92,26.39,26.97,0,83.98
3402,2019-12-02,16:06:36,2019,12,2,16,Monday,Ampara,Pottuvil,6.8667,81.8333,0,2,27.56,26.67,27.02,0,85.65
3404,2019-12-02,11:52:26,2019,12,2,11,Monday,Anuradhapura,Galenbindunuwewa,8.2833,80.6167,1,2,28.83,25.39,26.83,0,87.02
3406,2019-12-01,11:25:04,2019,12,1,11,Sunday,Kurunegala,Kuliyapitiya,7.4708,80.04,0,2,27.93,27.42,27.71,0,83.21
3405,2019-12-01,15:06:55,2019,12,1,15,Sunday,Hambantota,Waligatta,6.2,81.0333,0,2,27.93,27.42,27.71,0,83.21
3407,2019-11-30,11:18:53,2019,11,30,11,Saturday,Badulla,Meegahakiwula,7.0667,81.05,0,3,26.95,21.85,24.09,0,92.13
3408,2019-11-28,10:59:39,2019,11,28,10,Thursday,Monaragala,Wellawaya,6.7333,81.1,1,3,27.99,24.68,26.07,0,93.58
3409,2019-11-26,14:45:24,2019,11,26,14,Tuesday,Puttalam,Chilaw,7.5758,79.7953,0,1,27.62,27.16,27.36,0,82.74
3410,2019-11-26,10:14:57,2019,11,26,10,Tuesday,Colombo,Piliyandala,6.8011,79.9231,1,2,30.28,24.42,26.96,0,83.74
3411,2019-11-23,10:58:00,2019,11,23,10,Saturday,Monaragala,Buttala,6.75,81.2333,1,3,26.06,22.62,24.14,0,95.65
3413,2019-11-22,11:31:27,2019,11,22,11,Friday,Trincomalee,Nilaveli,8.6833,81.1833,0,2,27.53,23.34,25.06,0,91.56
3412,2019-11-23,10:06:40,2019,11,23,10,Saturday,Monaragala,Monaragala,6.8728,81.3505,0,3,26.06,22.62,24.14,0,95.65
3414,2019-11-20,16:47:48,2019,11,20,16,Wednesday,Mannar,Pallimunai,8.95,79.8833,0,2,27.83,27.07,27.51,0,84.82
3415,2019-11-19,14:05:55,2019,11,19,14,Tuesday,Ampara,Maha Oya,7.5,81.3833,1,2,29.04,23.57,25.74,0,89.44
3417,2019-11-15,17:17:52,2019,11,15,17,Friday,Nuwara Eliya,Nuwara Eliya,6.9497,80.7891,1,2,27.69,19.34,23.21,0,88.99
3416,2019-11-18,14:15:28,2019,11,18,14,Monday,Kurunegala,Giriulla,7.3333,80.1333,1,2,30.18,23.06,26.72,0,84.53
3419,2019-11-14,14:58:58,2019,11,14,14,Thursday,Polonnaruwa,Medirigiriya,8.15,80.9667,2,2,27.32,26.95,27.09,0,80.81
3418,2019-11-14,15:16:05,2019,11,14,15,Thursday,Monaragala,Wellawaya,6.7333,81.1,0,1,29.46,23.01,25.93,0,85.94
3420,2019-11-13,10:16:47,2019,11,13,10,Wednesday,Kurunegala,Pannala,7.3167,79.9333,1,1,30.04,23.47,26.49,0,84.81
3421,2019-11-12,11:40:03,2019,11,12,11,Tuesday,Mannar,Murunkan,8.8333,80.05,0,1,27.92,27.12,27.72,0,79.49
3422,2019-11-10,13:19:44,2019,11,10,13,Sunday,Mullaitivu,Vellankulam,9.2667,80.3167,0,2,27.78,27.29,27.62,0,82.73
3423,2019-11-09,17:16:15,2019,11,9,17,Saturday,Kegalle,Dehiowita,6.9833,80.25,1,2,27.2,25.22,26.07,0,90.8
3424,2019-11-07,14:22:03,2019,11,7,14,Thursday,Mullaitivu,Pudukudiyiruppu,9.2333,80.75,1,1,28.87,26.18,27.48,0,85.13
3425,2019-11-04,07:36:23,2019,11,4,7,Monday,Monaragala,Medagama,6.75,81.15,0,1,27.38,26.41,26.9,0,83.55
3426,2019-11-03,12:38:38,2019,11,3,12,Sunday,Kurunegala,Mawathagama,7.4167,80.45,0,1,27.14,26.69,27.0,0,83.97
3427,2019-11-02,20:19:26,2019,11,2,20,Saturday,Nuwara Eliya,Norwood,6.85,80.6167,0,1,27.26,26.42,26.99,0,82.99
3428,2019-11-02,17:05:55,2019,11,2,17,Saturday,Trincomalee,Muttur,8.45,81.2667,1,2,29.38,24.69,26.75,0,79.46
3429,2019-11-02,16:22:27,2019,11,2,16,Saturday,Kegalle,Kegalle,7.2513,80.3464,1,2,29.38,24.69,26.75,0,79.46
3430,2019-11-02,15:06:01,2019,11,2,15,Saturday,Puttalam,Chilaw,7.5758,79.7953,1,2,28.93,23.62,26.04,0,82.64
3431,2019-11-02,12:51:35,2019,11,2,12,Saturday,Kurunegala,Kurunegala,7.4863,80.3647,2,2,28.02,25.16,26.35,0,85.2
3432,2019-11-01,14:45:22,2019,11,1,14,Friday,Batticaloa,Batticaloa,7.7102,81.6924,1,1,26.92,26.55,26.75,0,81.96
3433,2019-10-29,15:23:43,2019,10,29,15,Tuesday,Vavuniya,Vavuniya,8.7514,80.4971,2,3,29.04,25.91,26.99,0,85.55
3434,2019-10-29,08:13:40,2019,10,29,8,Tuesday,Anuradhapura,Mihintale,8.35,80.5167,1,2,29.1,23.39,25.67,0,88.27
3436,2019-10-28,15:04:05,2019,10,28,15,Monday,Anuradhapura,Mihintale,8.35,80.5167,1,3,28.96,22.35,25.11,0,88.93
3435,2019-10-28,19:12:58,2019,10,28,19,Monday,Anuradhapura,Mihintale,8.35,80.5167,1,3,28.96,22.35,25.11,0,88.93
3437,2019-10-28,10:57:39,2019,10,28,10,Monday,Kurunegala,Polgahawela,7.3333,80.3,1,3,28.9,21.79,24.87,0,89.49
3438,2019-10-27,09:58:54,2019,10,27,9,Sunday,Matale,Galewela,7.75,80.5667,1,3,25.71,21.85,23.35,0,92.13
3440,2019-10-26,07:33:08,2019,10,26,7,Saturday,Anuradhapura,Kekirawa,8.0333,80.6,2,1,26.82,23.82,25.05,0,87.78
3439,2019-10-26,11:08:54,2019,10,26,11,Saturday,Kandy,Kandy,7.2906,80.6337,1,2,26.44,21.22,23.48,0,91.71
3442,2019-10-24,13:08:38,2019,10,24,13,Thursday,Puttalam,Puttalam,8.0362,79.8283,3,2,27.28,25.09,25.96,0,88.63
3441,2019-10-25,09:59:57,2019,10,25,9,Friday,Puttalam,Mundalama,8.1167,79.8333,1,2,26.35,25.69,25.93,0,84.11
3444,2019-10-22,13:39:18,2019,10,22,13,Tuesday,Kurunegala,Ridigama,7.5,80.4667,1,1,27.04,25.12,25.84,0,88.07
3443,2019-10-24,06:36:38,2019,10,24,6,Thursday,Anuradhapura,Rajanganaya,8.15,80.2167,1,2,27.17,23.33,24.89,0,91.75
3445,2019-10-21,13:31:58,2019,10,21,13,Monday,Kilinochchi,Kilinochchi,9.3961,80.3981,1,2,27.88,26.17,26.96,0,86.87
3446,2019-10-21,11:14:59,2019,10,21,11,Monday,Gampaha,Katunayake,7.1697,79.8844,0,1,26.8,26.26,26.51,0,77.72
3447,2019-10-20,15:02:43,2019,10,20,15,Sunday,Kurunegala,Kuliyapitiya,7.4708,80.04,1,3,28.56,24.55,26.5,0,86.14
3448,2019-10-20,09:22:17,2019,10,20,9,Sunday,Vavuniya,Chettikulam,8.8,80.45,2,3,28.56,24.55,26.5,0,86.14
3450,2019-10-18,13:22:31,2019,10,18,13,Friday,Puttalam,Norochcholai,8.1,79.7333,0,1,29.35,25.69,27.43,0,82.21
3449,2019-10-19,16:50:52,2019,10,19,16,Saturday,Trincomalee,Seruwila,8.5,81.3,1,2,28.35,26.92,27.62,0,84.33
3451,2019-10-18,09:46:23,2019,10,18,9,Friday,Matale,Dambulla,7.8675,80.6522,1,2,29.53,23.36,25.92,0,87.58
3452,2019-10-17,12:55:50,2019,10,17,12,Thursday,Ratnapura,Ayagama,6.6167,80.3167,0,0,27.07,26.6,26.83,0,77.81
3453,2019-10-13,19:11:34,2019,10,13,19,Sunday,Colombo,Dehiwala,6.8511,79.8636,1,2,28.7,25.07,26.4,0,85.72
3454,2019-10-13,10:21:18,2019,10,13,10,Sunday,Colombo,Dehiwala,6.8511,79.8636,0,2,28.7,25.07,26.4,0,85.72
3455,2019-10-12,17:57:53,2019,10,12,17,Saturday,Colombo,Kelaniya,6.9553,79.9219,1,1,30.77,23.42,26.56,0,84.03
3456,2019-10-12,16:48:19,2019,10,12,16,Saturday,Kurunegala,Alawwa,7.3,80.2333,0,1,26.5,26.21,26.33,0,80.86
3457,2019-10-11,10:12:40,2019,10,11,10,Friday,Matale,Dambulla,7.8675,80.6522,0,2,28.09,23.31,25.5,0,88.16
3458,2019-10-10,09:57:48,2019,10,10,9,Thursday,Galle,Ambalangoda,6.2354,80.0538,0,1,29.47,26.4,27.62,0,84.05
3460,2019-10-09,12:38:29,2019,10,9,12,Wednesday,Kandy,Gampola,7.1647,80.5767,1,1,27.33,21.28,23.64,0,88.14
3459,2019-10-09,13:22:43,2019,10,9,13,Wednesday,Colombo,Battaramulla,6.8989,79.9181,1,2,27.7,25.37,26.21,0,87.94
3461,2019-10-09,10:55:33,2019,10,9,10,Wednesday,Ratnapura,Ratnapura,6.6828,80.3992,1,2,28.63,25.64,26.76,0,86.1
3462,2019-10-08,16:30:59,2019,10,8,16,Tuesday,Nuwara Eliya,Hatton,6.8917,80.5958,0,2,26.16,20.48,22.94,0,89.18
3463,2019-10-07,17:21:25,2019,10,7,17,Monday,Badulla,Hali Ela,6.9667,81.0167,0,2,28.18,25.0,26.44,0,83.22
3464,2019-10-06,07:50:23,2019,10,6,7,Sunday,Ratnapura,Ayagama,6.6167,80.3167,0,1,26.32,25.91,26.11,0,78.78
3465,2019-10-05,16:52:09,2019,10,5,16,Saturday,Ratnapura,Balangoda,6.65,80.7,1,1,31.97,23.45,27.16,0,80.36
3466,2019-10-05,14:50:53,2019,10,5,14,Saturday,Colombo,Ja-Ela,7.0744,79.8919,1,1,29.29,27.95,28.72,0,78.37
3468,2019-10-04,13:04:30,2019,10,4,13,Friday,Polonnaruwa,Aralaganwila,7.85,81.1,1,2,32.9,24.24,27.9,0,79.21
3467,2019-10-05,11:28:45,2019,10,5,11,Saturday,Galle,Hikkaduwa,6.14,80.1,1,2,27.5,26.5,27.01,0,82.85
3470,2019-10-02,14:50:21,2019,10,2,14,Wednesday,Anuradhapura,Kekirawa,8.0333,80.6,0,1,32.15,23.39,27.04,0,79.67
3469,2019-10-03,09:44:19,2019,10,3,9,Thursday,Galle,Udugama,6.2833,80.3667,1,2,28.3,26.63,27.4,0,84.39
3472,2019-10-01,16:38:40,2019,10,1,16,Tuesday,Kurunegala,Melsiripura,7.6167,80.5,0,2,27.92,24.29,26.0,0,86.44
3471,2019-10-02,13:41:27,2019,10,2,13,Wednesday,Vavuniya,Nedunkeni,8.9167,80.4667,1,1,29.71,26.81,28.1,0,78.84
3473,2019-10-01,10:13:05,2019,10,1,10,Tuesday,Puttalam,Kalpitiya,8.2333,79.7667,1,1,31.74,24.05,27.4,0,78.27
3474,2019-09-29,10:01:35,2019,9,29,10,Sunday,Galle,Ambalangoda,6.2354,80.0538,1,2,27.89,22.11,24.71,0,84.97
3475,2019-09-29,08:06:14,2019,9,29,8,Sunday,Polonnaruwa,Welikanda,7.8833,81.1,0,1,26.41,26.14,26.29,0,82.25
3476,2019-09-28,10:53:15,2019,9,28,10,Saturday,Ratnapura,Kalawana,6.5167,80.4,2,2,29.32,24.71,26.63,0,80.67
3477,2019-09-27,10:36:08,2019,9,27,10,Friday,Colombo,Seeduwa,7.1258,79.8831,1,1,29.76,25.04,27.2,0,78.53
3478,2019-09-26,10:24:36,2019,9,26,10,Thursday,Gampaha,Biyagama,6.95,79.9833,1,1,28.59,24.04,26.13,0,84.47
3480,2019-09-25,14:13:04,2019,9,25,14,Wednesday,Galle,Baddegama,6.1667,80.1833,0,3,26.94,25.23,25.98,0,89.74
3479,2019-09-26,06:29:34,2019,9,26,6,Thursday,Ampara,Akkaraipattu,7.2167,81.85,2,1,28.07,24.49,26.19,0,84.97
3482,2019-09-22,16:27:53,2019,9,22,16,Sunday,Anuradhapura,Galnewa,8.15,80.4,0,1,26.45,25.85,26.13,0,82.22
3481,2019-09-24,08:08:04,2019,9,24,8,Tuesday,Colombo,Homagama,6.8408,80.0024,0,2,29.48,24.84,26.88,0,83.17
3484,2019-09-18,16:27:47,2019,9,18,16,Wednesday,Anuradhapura,Palugaswewa,8.5,80.7833,2,1,34.7,24.48,29.01,0,71.48
3483,2019-09-22,11:21:50,2019,9,22,11,Sunday,Matale,Sigiriya,7.9575,80.7603,1,2,28.21,24.28,25.71,0,89.32
3485,2019-09-18,12:12:24,2019,9,18,12,Wednesday,Vavuniya,Vavuniya,8.7514,80.4971,0,2,30.31,26.92,28.23,0,81.62
3486,2019-09-17,10:59:33,2019,9,17,10,Tuesday,Colombo,Kesbewa,6.7959,79.9383,0,2,27.96,25.74,26.63,0,88.21
3487,2019-09-15,16:47:53,2019,9,15,16,Sunday,Gampaha,Hendala,6.9833,79.8833,0,3,27.59,25.11,26.21,0,88.33
3488,2019-09-15,16:02:24,2019,9,15,16,Sunday,Jaffna,Kopay,9.7,80.0333,0,3,25.94,20.69,22.87,0,90.89
3489,2019-09-14,19:17:58,2019,9,14,19,Saturday,Matara,Kamburupitiya,6.0833,80.5667,0,2,30.08,25.68,27.47,0,80.49
3490,2019-09-14,14:47:39,2019,9,14,14,Saturday,Ampara,Pottuvil,6.8667,81.8333,1,2,29.44,25.75,27.25,0,84.3
3491,2019-09-14,10:43:49,2019,9,14,10,Saturday,Hambantota,Sooriyawewa,6.3167,81.0,1,2,27.22,21.87,24.29,0,89.9
3492,2019-09-14,10:40:59,2019,9,14,10,Saturday,Colombo,Kadawatha,7.0,79.95,1,2,28.11,24.71,26.32,0,85.03
3494,2019-09-12,12:50:16,2019,9,12,12,Thursday,Ratnapura,Kahawatta,6.6,80.5333,1,2,27.85,24.69,26.09,0,86.2
3493,2019-09-12,18:53:57,2019,9,12,18,Thursday,Galle,Ambalangoda,6.2354,80.0538,2,2,27.72,26.26,27.01,0,83.73
3495,2019-09-11,15:59:43,2019,9,11,15,Wednesday,Hambantota,Sooriyawewa,6.3167,81.0,2,3,27.71,23.67,25.18,0,90.42
3496,2019-09-11,09:38:43,2019,9,11,9,Wednesday,Colombo,Homagama,6.8408,80.0024,2,1,26.09,25.66,25.85,0,80.17
3497,2019-09-09,10:56:20,2019,9,9,10,Monday,Badulla,Bandarawela,6.8325,80.9886,2,1,34.51,21.85,27.1,0,68.84
3498,2019-09-08,17:18:53,2019,9,8,17,Sunday,Galle,Yakkalamulla,6.1167,80.25,0,1,30.83,27.92,29.19,0,78.25
3499,2019-09-08,13:10:23,2019,9,8,13,Sunday,Galle,Bentota,6.4167,79.9958,2,1,29.23,25.6,26.96,0,85.31
3500,2019-09-07,16:00:42,2019,9,7,16,Saturday,Kegalle,Rambukkana,7.3167,80.4,1,1,30.69,27.75,29.07,0,79.52
3501,2019-09-07,15:23:33,2019,9,7,15,Saturday,Badulla,Ridimaliyadda,7.1667,81.15,1,1,30.69,27.75,29.07,0,79.52
3502,2019-09-07,11:29:15,2019,9,7,11,Saturday,Galle,Karapitiya,6.0667,80.2167,1,1,33.09,26.21,29.13,0,71.61
3503,2019-09-04,17:24:34,2019,9,4,17,Wednesday,Jaffna,Point Pedro,9.8167,80.2333,0,1,29.5,23.49,25.55,0,81.77
3504,2019-09-03,10:01:17,2019,9,3,10,Tuesday,Kalutara,Panadura,6.7133,79.9025,1,1,28.31,25.88,26.85,0,86.88
3505,2019-09-02,16:59:52,2019,9,2,16,Monday,Hambantota,Sooriyawewa,6.3167,81.0,0,1,28.55,23.12,25.26,0,88.06
3506,2019-09-01,20:27:36,2019,9,1,20,Sunday,Hambantota,Ambalantota,6.1167,81.0167,0,2,28.09,25.57,26.49,0,87.89
3507,2019-09-01,13:10:29,2019,9,1,13,Sunday,Jaffna,Nelliady,9.7833,80.0833,1,1,31.1,24.78,26.98,0,81.47
3508,2019-09-01,10:11:32,2019,9,1,10,Sunday,Colombo,Boralesgamuwa,6.8394,79.9024,1,2,28.09,25.57,26.49,0,87.89
3509,2019-08-31,16:37:33,2019,8,31,16,Saturday,Puttalam,Anamaduwa,7.8667,79.9833,0,1,25.05,24.74,24.89,0,85.02
3511,2019-08-31,14:52:05,2019,8,31,14,Saturday,Matara,Hakmana,6.0667,80.6167,0,1,25.05,24.74,24.89,0,85.02
3510,2019-08-31,15:42:41,2019,8,31,15,Saturday,Galle,Neluwa,6.35,80.3833,0,1,25.05,24.74,24.89,0,85.02
3512,2019-08-30,11:31:34,2019,8,30,11,Friday,Puttalam,Dankotuwa,7.2833,79.9,2,1,28.83,25.42,26.95,0,80.97
3513,2019-08-29,18:50:55,2019,8,29,18,Thursday,Colombo,Dehiwala,6.8511,79.8636,0,3,27.92,25.18,26.32,0,85.04
3514,2019-08-29,11:09:31,2019,8,29,11,Thursday,Monaragala,Monaragala,6.8728,81.3505,1,1,30.76,22.42,25.46,0,75.1
3515,2019-08-29,10:17:22,2019,8,29,10,Thursday,Ampara,Kalmunai,7.4167,81.8333,2,1,32.64,26.81,29.16,0,72.27
3516,2019-08-28,15:42:38,2019,8,28,15,Wednesday,Matale,Galewela,7.75,80.5667,0,1,30.28,23.22,26.03,0,80.29
3517,2019-08-27,18:04:30,2019,8,27,18,Tuesday,Matara,Dickwella,5.9667,80.6833,0,1,30.66,23.57,26.6,0,78.01
3518,2019-08-26,13:58:35,2019,8,26,13,Monday,Colombo,Kottawa,6.8412,79.9653,1,2,27.84,24.34,25.89,0,80.66
3519,2019-08-26,10:56:51,2019,8,26,10,Monday,Puttalam,Chilaw,7.5758,79.7953,1,1,29.08,24.85,26.74,0,76.81
3520,2019-08-26,10:30:28,2019,8,26,10,Monday,Galle,Nagoda,6.1333,80.1833,1,1,31.59,25.09,27.94,0,71.88
3521,2019-08-26,09:22:26,2019,8,26,9,Monday,Anuradhapura,Thambuttegama,8.15,80.3167,8,1,25.25,24.74,24.94,0,79.01
3522,2019-08-25,20:23:24,2019,8,25,20,Sunday,Puttalam,Chilaw,7.5758,79.7953,0,2,29.24,25.41,26.81,0,79.58
3523,2019-08-25,11:40:22,2019,8,25,11,Sunday,Colombo,Seeduwa,7.1258,79.8831,1,2,28.28,24.8,26.09,0,82.01
3524,2019-08-25,08:19:03,2019,8,25,8,Sunday,Anuradhapura,Kekirawa,8.0333,80.6,0,1,30.83,23.99,26.48,0,76.94
3525,2019-08-24,21:20:39,2019,8,24,21,Saturday,Kurunegala,Wariyapola,7.6333,80.2333,0,1,30.28,22.45,25.45,0,78.35
3526,2019-08-24,12:07:15,2019,8,24,12,Saturday,Puttalam,Anamaduwa,7.8667,79.9833,0,1,31.08,25.5,27.59,0,76.04
3527,2019-08-23,09:47:17,2019,8,23,9,Friday,Nuwara Eliya,Talawakele,6.9333,80.65,0,2,28.19,24.97,26.54,0,81.7
3528,2019-08-23,09:30:00,2019,8,23,9,Friday,Colombo,Ja-Ela,7.0744,79.8919,2,2,27.32,24.72,25.94,0,84.51
3529,2019-08-23,08:50:47,2019,8,23,8,Friday,Anuradhapura,Mihintale,8.35,80.5167,0,2,28.54,22.52,25.03,0,80.74
3530,2019-08-21,15:38:52,2019,8,21,15,Wednesday,Anuradhapura,Padaviya,8.8,80.7667,0,1,24.84,24.47,24.64,0,79.51
3531,2019-08-21,12:39:36,2019,8,21,12,Wednesday,Puttalam,Puttalam,8.0362,79.8283,0,1,31.09,26.2,27.99,0,76.32
3532,2019-08-20,13:36:19,2019,8,20,13,Tuesday,Polonnaruwa,Medirigiriya,8.15,80.9667,2,1,32.77,24.56,27.68,0,76.65
3533,2019-08-19,09:05:23,2019,8,19,9,Monday,Matale,Ukuwela,7.4667,80.65,0,1,25.0,24.75,24.87,0,80.53
3534,2019-08-18,14:10:59,2019,8,18,14,Sunday,Anuradhapura,Galnewa,8.15,80.4,1,1,31.61,21.36,25.57,0,75.38
3535,2019-08-18,08:30:56,2019,8,18,8,Sunday,Kurunegala,Dambadeniya,7.3667,80.1333,2,1,33.65,20.66,26.34,0,70.91
3537,2019-08-16,14:16:29,2019,8,16,14,Friday,Jaffna,Delft,9.5,79.6833,0,2,32.06,24.66,27.43,0,76.3
3536,2019-08-17,10:52:11,2019,8,17,10,Saturday,Gampaha,Attanagalla,7.1125,80.0056,1,1,26.87,24.26,25.5,0,82.11
3538,2019-08-16,06:53:08,2019,8,16,6,Friday,Puttalam,Wennappuwa,7.35,79.8333,3,2,32.91,25.77,28.35,0,73.65
3539,2019-08-15,16:59:27,2019,8,15,16,Thursday,Badulla,Hali Ela,6.9667,81.0167,0,1,32.17,22.36,26.35,0,73.46
3540,2019-08-15,14:48:24,2019,8,15,14,Thursday,Gampaha,Nittambuwa,7.1417,80.0944,0,1,28.07,25.26,26.43,0,85.88
3541,2019-08-15,13:40:08,2019,8,15,13,Thursday,Badulla,Ridimaliyadda,7.1667,81.15,1,1,31.05,23.67,26.38,0,77.86
3542,2019-08-15,12:37:21,2019,8,15,12,Thursday,Jaffna,Paranthan,9.4333,80.4167,0,1,34.19,25.89,29.54,0,67.33
3544,2019-08-15,07:11:02,2019,8,15,7,Thursday,Colombo,Battaramulla,6.8989,79.9181,0,1,34.19,25.89,29.54,0,67.33
3543,2019-08-15,09:39:59,2019,8,15,9,Thursday,Kegalle,Dehiowita,6.9833,80.25,2,1,29.44,25.85,27.29,0,81.76
3545,2019-08-14,10:53:55,2019,8,14,10,Wednesday,Ratnapura,Kiriella,6.75,80.3667,1,2,25.62,20.97,22.63,0,88.64
3546,2019-08-13,18:17:54,2019,8,13,18,Tuesday,Monaragala,Buttala,6.75,81.2333,0,2,29.53,22.42,25.03,0,77.08
3547,2019-08-13,11:03:10,2019,8,13,11,Tuesday,Colombo,Seeduwa,7.1258,79.8831,1,2,27.6,25.11,26.05,0,86.58
3548,2019-08-12,14:19:24,2019,8,12,14,Monday,Hambantota,Angunakolapelessa,6.1833,80.9167,1,1,30.16,25.45,27.43,0,76.32
3549,2019-08-11,11:39:44,2019,8,11,11,Sunday,Anuradhapura,Medawachchiya,8.5333,80.5,1,1,32.75,23.82,26.85,0,76.99
3550,2019-08-11,09:27:57,2019,8,11,9,Sunday,Kurunegala,Galgamuwa,8.0167,80.2833,2,1,34.25,24.55,28.18,0,71.93
3551,2019-08-10,13:56:18,2019,8,10,13,Saturday,Mullaitivu,Mullaitivu,9.267,80.8144,1,1,30.72,26.95,28.59,0,76.68
3552,2019-08-09,10:02:32,2019,8,9,10,Friday,Colombo,Moratuwa,6.773,79.8816,0,2,27.18,21.0,23.2,0,85.56
3553,2019-08-08,18:07:50,2019,8,8,18,Thursday,Badulla,Welimada,6.9,80.9,2,2,30.03,22.66,25.48,0,76.97
3554,2019-08-08,11:20:42,2019,8,8,11,Thursday,Hambantota,Tangalle,6.0242,80.7944,1,3,29.61,24.03,26.01,0,78.72
3555,2019-08-07,21:09:06,2019,8,7,21,Wednesday,Gampaha,Nittambuwa,7.1417,80.0944,3,2,29.16,26.27,27.29,0,84.82
3556,2019-08-07,11:16:33,2019,8,7,11,Wednesday,Galle,Hikkaduwa,6.14,80.1,1,1,28.74,27.8,28.28,0,82.76
3557,2019-08-07,07:48:40,2019,8,7,7,Wednesday,Monaragala,Wellawaya,6.7333,81.1,2,1,30.18,25.34,27.02,0,81.95
3558,2019-08-06,11:23:23,2019,8,6,11,Tuesday,Hambantota,Hambantota,6.1246,81.1185,2,1,32.1,28.41,29.87,0,74.97
3559,2019-08-05,16:43:31,2019,8,5,16,Monday,Ratnapura,Godakawela,6.5,80.55,0,1,26.02,21.24,23.13,0,87.86
3560,2019-08-04,19:19:09,2019,8,4,19,Sunday,Kegalle,Kitulgala,6.9833,80.4167,6,1,29.05,26.13,27.36,0,84.71
3562,2019-08-04,12:41:51,2019,8,4,12,Sunday,Colombo,Ratmalana,6.8181,79.8867,6,1,29.05,26.13,27.36,0,84.71
3563,2019-08-04,06:48:18,2019,8,4,6,Sunday,Galle,Batapola,6.2,80.1167,6,1,29.05,26.13,27.36,0,84.71
3561,2019-08-04,14:10:43,2019,8,4,14,Sunday,Ratnapura,Balangoda,6.65,80.7,0,1,30.23,23.64,26.13,0,82.77
3565,2019-08-03,11:01:23,2019,8,3,11,Saturday,Badulla,Bandarawela,6.8325,80.9886,0,1,32.24,23.31,26.65,0,74.35
3564,2019-08-03,13:54:10,2019,8,3,13,Saturday,Kurunegala,Kurunegala,7.4863,80.3647,0,0,32.09,24.12,27.05,0,75.55
3567,2019-07-29,06:33:35,2019,7,29,6,Monday,Anuradhapura,Medawachchiya,8.5333,80.5,3,0,35.96,25.03,29.22,0,64.91
3566,2019-08-02,10:04:43,2019,8,2,10,Friday,Polonnaruwa,Polonnaruwa,7.9403,81.0188,1,1,35.28,26.04,29.84,0,64.54
3568,2019-07-28,16:31:58,2019,7,28,16,Sunday,Anuradhapura,Anuradhapura,8.3114,80.4037,1,0,37.53,25.37,30.07,0,61.55
3569,2019-07-28,13:08:42,2019,7,28,13,Sunday,Colombo,Nugegoda,6.8649,79.8997,0,0,28.25,20.33,23.16,0,83.79
3570,2019-07-28,09:49:52,2019,7,28,9,Sunday,Gampaha,Nittambuwa,7.1417,80.0944,1,0,29.44,24.9,26.6,0,83.26
3571,2019-07-27,17:28:20,2019,7,27,17,Saturday,Polonnaruwa,Dimbulagala,7.9667,81.0,1,1,29.66,25.32,27.11,0,80.32
3572,2019-07-27,14:08:40,2019,7,27,14,Saturday,Kalutara,Kalutara,6.5854,79.9607,1,1,28.26,25.26,26.49,0,85.91
3573,2019-07-27,10:58:45,2019,7,27,10,Saturday,Ratnapura,Kiriella,6.75,80.3667,1,0,27.35,20.27,22.74,0,85.33
3574,2019-07-26,12:43:08,2019,7,26,12,Friday,Colombo,Wattala,6.9897,79.8919,1,1,28.24,25.08,26.41,0,84.77
3575,2019-07-26,11:44:07,2019,7,26,11,Friday,Kilinochchi,Ariyalkulam,9.3667,80.4,2,1,26.18,20.63,22.88,0,87.18
3576,2019-07-24,15:07:40,2019,7,24,15,Wednesday,Hambantota,Sooriyawewa,6.3167,81.0,0,1,30.3,21.96,25.45,0,81.86
3577,2019-07-24,09:40:50,2019,7,24,9,Wednesday,Anuradhapura,Kekirawa,8.0333,80.6,0,1,35.75,24.66,29.11,0,66.45
3578,2019-07-22,09:45:37,2019,7,22,9,Monday,Galle,Galle,6.0535,80.221,1,1,28.33,26.93,27.5,0,82.17
3580,2019-07-20,13:59:34,2019,7,20,13,Saturday,Colombo,Colombo,6.9271,79.8612,0,1,27.84,25.14,26.16,0,85.49
3579,2019-07-21,10:42:46,2019,7,21,10,Sunday,Kalutara,Bandaragama,6.7139,79.9889,1,1,28.16,25.28,26.56,0,83.49
3582,2019-07-19,10:37:05,2019,7,19,10,Friday,Matara,Weligama,5.975,80.4297,2,2,28.51,26.26,27.05,0,82.7
3581,2019-07-20,08:42:00,2019,7,20,8,Saturday,Colombo,Moratuwa,6.773,79.8816,1,1,27.84,25.14,26.16,0,85.49
3583,2019-07-17,12:28:52,2019,7,17,12,Wednesday,Kalutara,Horana,6.7156,80.0644,1,2,28.34,26.28,27.16,0,83.48
3584,2019-07-17,11:22:05,2019,7,17,11,Wednesday,Badulla,Diyatalawa,6.8167,80.9667,0,1,27.12,21.57,23.55,0,85.42
3585,2019-07-17,09:55:07,2019,7,17,9,Wednesday,Anuradhapura,Anuradhapura,8.3114,80.4037,0,1,35.63,26.5,30.28,0,61.79
3586,2019-07-15,13:13:58,2019,7,15,13,Monday,Kalutara,Bandaragama,6.7139,79.9889,0,2,28.17,25.55,26.8,0,86.29
3587,2019-07-15,08:40:14,2019,7,15,8,Monday,Puttalam,Puttalam,8.0362,79.8283,5,1,31.68,26.09,28.29,0,73.57
3588,2019-07-15,08:16:42,2019,7,15,8,Monday,Gampaha,Veyangoda,7.1542,80.0583,2,1,28.45,25.04,26.55,0,84.93
3589,2019-07-14,17:31:53,2019,7,14,17,Sunday,Puttalam,Wennappuwa,7.35,79.8333,0,1,32.35,23.21,26.73,0,76.24
3590,2019-07-14,14:41:50,2019,7,14,14,Sunday,Anuradhapura,Medawachchiya,8.5333,80.5,0,2,28.72,27.29,27.96,0,83.31
3591,2019-07-14,13:52:19,2019,7,14,13,Sunday,Matara,Palmulla,6.1167,80.55,0,1,33.5,24.85,28.28,0,72.95
3592,2019-07-14,13:45:45,2019,7,14,13,Sunday,Kegalle,Mawanella,7.25,80.45,1,1,32.35,23.21,26.73,0,76.24
3593,2019-07-14,11:42:11,2019,7,14,11,Sunday,Anuradhapura,Medawachchiya,8.5333,80.5,0,1,33.5,24.85,28.28,0,72.95
3594,2019-07-14,10:01:11,2019,7,14,10,Sunday,Mullaitivu,Mullaitivu,9.267,80.8144,1,1,31.42,27.98,29.33,0,76.18
3595,2019-07-13,15:02:07,2019,7,13,15,Saturday,Kurunegala,Narammala,7.4167,80.0167,0,2,28.32,26.19,27.07,0,85.98
3596,2019-07-13,09:07:18,2019,7,13,9,Saturday,Ratnapura,Kiriella,6.75,80.3667,1,1,33.06,27.68,30.11,0,70.2
3598,2019-07-11,14:12:25,2019,7,11,14,Thursday,Polonnaruwa,Aralaganwila,7.85,81.1,0,1,32.3,23.31,26.86,0,74.19
3597,2019-07-12,11:42:52,2019,7,12,11,Friday,Colombo,Seeduwa,7.1258,79.8831,1,1,32.14,28.17,30.15,0,70.04
3599,2019-07-11,11:37:32,2019,7,11,11,Thursday,Hambantota,Sooriyawewa,6.3167,81.0,1,1,30.08,23.01,25.7,0,83.23
3600,2019-07-11,10:08:25,2019,7,11,10,Thursday,Kurunegala,Wariyapola,7.6333,80.2333,1,1,30.96,25.99,27.99,0,76.44
3601,2019-07-11,07:12:13,2019,7,11,7,Thursday,Puttalam,Madampe,7.5,79.8167,2,1,34.15,26.57,30.0,0,64.83
3602,2019-07-08,09:22:32,2019,7,8,9,Monday,Vavuniya,Vavuniya,8.7514,80.4971,0,0,32.08,27.6,29.41,0,76.53
3603,2019-07-07,17:42:14,2019,7,7,17,Sunday,Kegalle,Aranayaka,7.15,80.4333,0,1,29.15,26.56,27.56,0,84.45
3604,2019-07-07,10:47:47,2019,7,7,10,Sunday,Puttalam,Wennappuwa,7.35,79.8333,1,0,31.51,26.9,28.5,0,77.76
3605,2019-07-07,08:38:58,2019,7,7,8,Sunday,Ratnapura,Embilipitiya,6.3417,80.85,0,0,29.42,21.71,24.3,0,81.3
3606,2019-07-06,16:36:04,2019,7,6,16,Saturday,Kurunegala,Kuliyapitiya,7.4708,80.04,0,1,30.28,27.0,28.29,0,79.47
3607,2019-07-06,16:24:31,2019,7,6,16,Saturday,Anuradhapura,Thambuttegama,8.15,80.3167,1,0,33.29,25.96,28.77,0,72.28
3608,2019-07-06,12:17:28,2019,7,6,12,Saturday,Badulla,Bandarawela,6.8325,80.9886,0,1,33.14,23.61,27.2,0,72.29
3609,2019-07-06,10:26:59,2019,7,6,10,Saturday,Vavuniya,Omanthei,8.8333,80.5,1,1,30.66,24.29,26.58,0,82.1
3610,2019-07-06,08:05:32,2019,7,6,8,Saturday,Galle,Hikkaduwa,6.14,80.1,1,1,29.08,27.97,28.45,0,82.97
3611,2019-07-05,16:21:48,2019,7,5,16,Friday,Matale,Ukuwela,7.4667,80.65,0,0,31.29,24.82,27.42,0,73.49
3612,2019-07-05,10:27:11,2019,7,5,10,Friday,Kurunegala,Kurunegala,7.4863,80.3647,1,0,31.29,24.82,27.42,0,73.49
3613,2019-07-04,09:21:53,2019,7,4,9,Thursday,Batticaloa,Chenkalady,7.7833,81.6,2,1,30.67,28.51,29.43,0,78.21
3614,2019-07-04,08:11:24,2019,7,4,8,Thursday,Monaragala,Wellawaya,6.7333,81.1,1,1,32.69,25.4,28.17,0,74.98
3615,2019-07-03,18:28:48,2019,7,3,18,Wednesday,Badulla,Hali Ela,6.9667,81.0167,0,1,33.69,24.14,27.76,0,70.01
3616,2019-07-03,14:00:08,2019,7,3,14,Wednesday,Kurunegala,Narammala,7.4167,80.0167,0,1,30.24,26.75,28.17,0,81.41
3617,2019-07-03,10:58:06,2019,7,3,10,Wednesday,Colombo,Kesbewa,6.7959,79.9383,0,0,33.87,27.38,30.1,0,69.16
3618,2019-07-03,10:01:49,2019,7,3,10,Wednesday,Monaragala,Wellawaya,6.7333,81.1,1,1,32.25,25.64,28.15,0,76.39
3619,2019-07-01,14:01:41,2019,7,1,14,Monday,Matara,Malimbada,6.0167,80.5167,0,1,29.25,27.04,27.91,0,84.85
3621,2019-06-30,12:29:03,2019,6,30,12,Sunday,Kurunegala,Narammala,7.4167,80.0167,0,0,31.59,26.92,28.63,0,75.99
3620,2019-07-01,11:19:30,2019,7,1,11,Monday,Kalutara,Kalutara,6.5854,79.9607,0,1,29.17,26.7,27.65,0,85.27
3622,2019-06-30,10:13:18,2019,6,30,10,Sunday,Kurunegala,Giriulla,7.3333,80.1333,2,0,31.59,26.92,28.63,0,75.99
3623,2019-06-30,07:15:32,2019,6,30,7,Sunday,Hambantota,Tissamaharama,6.2833,81.2833,0,0,31.64,25.51,27.99,0,72.61
3624,2019-06-30,07:08:41,2019,6,30,7,Sunday,Puttalam,Karuwalagaswewa,8.15,79.95,3,0,35.28,26.09,29.6,0,66.65
3625,2019-06-29,10:40:38,2019,6,29,10,Saturday,Kalutara,Aluthgama,6.4333,79.9958,2,0,32.18,26.8,28.93,0,71.26
3626,2019-06-27,08:22:06,2019,6,27,8,Thursday,Colombo,Wattala,6.9897,79.8919,1,1,30.06,26.1,27.71,0,81.53
3627,2019-06-26,17:59:04,2019,6,26,17,Wednesday,Galle,Elpitiya,6.2833,80.1667,0,0,30.12,26.85,28.35,0,79.31
3628,2019-06-26,17:24:42,2019,6,26,17,Wednesday,Batticaloa,Eravur,7.7667,81.6,1,1,31.66,28.91,30.31,0,73.63
3629,2019-06-26,07:44:21,2019,6,26,7,Wednesday,Kalutara,Wadduwa,6.6667,79.925,6,1,31.04,28.9,29.82,0,77.6
3630,2019-06-25,19:08:23,2019,6,25,19,Tuesday,Galle,Wakwella,6.1,80.1667,5,1,30.74,29.08,29.85,0,78.77
3631,2019-06-25,18:10:47,2019,6,25,18,Tuesday,Kalutara,Bandaragama,6.7139,79.9889,0,1,29.07,26.96,27.79,0,86.31
3632,2019-06-24,07:27:23,2019,6,24,7,Monday,Trincomalee,Trincomalee,8.5874,81.2152,2,1,34.11,27.87,30.51,0,72.97
3633,2019-06-23,18:00:01,2019,6,23,18,Sunday,Colombo,Maharagama,6.848,79.9265,1,1,29.17,26.24,27.55,0,84.29
3634,2019-06-23,16:01:44,2019,6,23,16,Sunday,Hambantota,Meellawa,6.1833,81.05,1,1,29.17,26.24,27.55,0,84.29
3635,2019-06-22,13:32:50,2019,6,22,13,Saturday,Colombo,Kesbewa,6.7959,79.9383,1,1,29.24,26.51,27.61,0,82.8
3636,2019-06-20,15:57:39,2019,6,20,15,Thursday,Ratnapura,Kalawana,6.5167,80.4,2,1,28.2,25.87,27.08,0,81.62
3637,2019-06-20,12:07:05,2019,6,20,12,Thursday,Nuwara Eliya,Ginigathhena,6.9833,80.4667,0,1,24.77,21.69,23.1,0,84.56
3638,2019-06-20,09:17:31,2019,6,20,9,Thursday,Kandy,Peradeniya,7.26,80.6,1,0,32.59,25.89,28.72,0,68.14
3639,2019-06-19,16:55:54,2019,6,19,16,Wednesday,Gampaha,Katunayake,7.1697,79.8844,5,0,34.47,27.16,30.38,0,68.01
3640,2019-06-19,11:55:52,2019,6,19,11,Wednesday,Badulla,Bandarawela,6.8325,80.9886,0,0,33.07,24.06,27.74,0,68.96
3641,2019-06-19,06:39:28,2019,6,19,6,Wednesday,Polonnaruwa,Welikanda,7.8833,81.1,5,0,34.47,27.16,30.38,0,68.01
3642,2019-06-18,20:00:36,2019,6,18,20,Tuesday,Vavuniya,Puliyankulam,8.8833,80.4667,0,1,29.23,28.32,28.77,0,82.22
3643,2019-06-18,17:02:13,2019,6,18,17,Tuesday,Matale,Galewela,7.75,80.5667,1,0,31.69,25.35,27.75,0,75.92
3644,2019-06-18,13:34:27,2019,6,18,13,Tuesday,Kandy,Kadugannawa,7.25,80.5167,0,0,33.22,24.4,27.84,0,69.5
3645,2019-06-18,12:34:52,2019,6,18,12,Tuesday,Monaragala,Bibila,6.7667,81.2167,0,0,33.22,24.4,27.84,0,69.5
3646,2019-06-17,18:15:34,2019,6,17,18,Monday,Matale,Laggala,7.5667,80.8,1,0,33.84,26.41,29.39,0,72.82
3647,2019-06-17,12:15:42,2019,6,17,12,Monday,Ratnapura,Pelmadulla,6.6167,80.55,0,1,29.14,24.55,26.39,0,83.69
3648,2019-06-17,11:25:43,2019,6,17,11,Monday,Anuradhapura,Kahatagasdigiliya,8.4667,80.5833,1,1,29.35,28.47,28.88,0,81.39
3649,2019-06-16,16:19:34,2019,6,16,16,Sunday,Galle,Bentota,6.4167,79.9958,1,1,29.36,26.79,28.06,0,86.57
3650,2019-06-15,15:12:47,2019,6,15,15,Saturday,Nuwara Eliya,Ginigathhena,6.9833,80.4667,1,1,28.5,20.65,23.96,0,84.49
3652,2019-06-15,10:36:44,2019,6,15,10,Saturday,Gampaha,Kelaniya,6.9553,79.9219,1,1,29.98,25.75,27.62,0,84.71
3651,2019-06-15,13:46:27,2019,6,15,13,Saturday,Hambantota,Hambantota,6.1246,81.1185,0,1,30.4,27.91,28.82,0,79.15
3654,2019-06-14,14:09:56,2019,6,14,14,Friday,Ampara,Pottuvil,6.8667,81.8333,1,1,33.96,27.1,29.85,0,70.48
3653,2019-06-14,20:47:59,2019,6,14,20,Friday,Colombo,Boralesgamuwa,6.8394,79.9024,3,1,28.73,25.77,27.14,0,83.86
3656,2019-06-14,07:08:17,2019,6,14,7,Friday,Gampaha,Ragama,7.0286,79.9197,0,1,27.93,20.57,23.6,0,79.32
3655,2019-06-14,11:12:34,2019,6,14,11,Friday,Ratnapura,Pelmadulla,6.6167,80.55,1,1,27.93,20.57,23.6,0,79.32
3657,2019-06-13,08:01:40,2019,6,13,8,Thursday,Vavuniya,Vavuniya,8.7514,80.4971,1,1,31.2,28.58,29.79,0,77.79
3658,2019-06-11,15:43:27,2019,6,11,15,Tuesday,Galle,Galle,6.0535,80.221,0,1,29.17,28.12,28.55,0,83.79
3659,2019-06-11,09:35:28,2019,6,11,9,Tuesday,Kalutara,Matugama,6.5219,80.1164,0,1,33.93,27.32,29.95,0,71.85
3660,2019-06-10,22:20:49,2019,6,10,22,Monday,Anuradhapura,Kekirawa,8.0333,80.6,3,1,33.25,25.64,28.39,0,76.07
3661,2019-06-10,06:59:44,2019,6,10,6,Monday,Anuradhapura,Kekirawa,8.0333,80.6,3,1,33.25,25.64,28.39,0,76.07
3662,2019-06-09,17:57:32,2019,6,9,17,Sunday,Kalutara,Horana,6.7156,80.0644,1,1,35.55,27.49,30.64,0,68.2
3663,2019-06-09,13:31:36,2019,6,9,13,Sunday,Gampaha,Attanagalla,7.1125,80.0056,2,1,30.86,24.51,27.09,0,79.17
3665,2019-06-08,10:24:26,2019,6,8,10,Saturday,Kandy,Digana,7.2833,80.75,1,1,29.82,26.22,27.71,0,83.62
3666,2019-06-08,09:39:22,2019,6,8,9,Saturday,Anuradhapura,Kekirawa,8.0333,80.6,3,1,35.22,25.4,29.25,0,71.2
3664,2019-06-08,17:26:04,2019,6,8,17,Saturday,Anuradhapura,Kekirawa,8.0333,80.6,3,1,35.22,25.4,29.25,0,71.2
3667,2019-06-07,21:26:52,2019,6,7,21,Friday,Colombo,Colombo,6.9271,79.8612,0,2,28.61,26.66,27.41,0,87.07
3668,2019-06-07,11:34:04,2019,6,7,11,Friday,Colombo,Ja-Ela,7.0744,79.8919,0,2,29.32,24.63,26.35,0,83.21
3669,2019-06-06,16:23:18,2019,6,6,16,Thursday,Badulla,Bandarawela,6.8325,80.9886,0,2,31.63,23.67,26.58,0,81.06
3670,2019-06-06,14:10:58,2019,6,6,14,Thursday,Kandy,Kandy,7.2906,80.6337,0,1,32.12,24.61,27.71,0,76.44
3671,2019-06-06,10:51:31,2019,6,6,10,Thursday,Jaffna,Jaffna,9.6615,80.0255,0,1,31.06,28.74,29.79,0,79.18
3672,2019-06-05,16:02:18,2019,6,5,16,Wednesday,Colombo,Colombo,6.9271,79.8612,8,2,29.3,26.47,27.63,0,84.61
3673,2019-06-04,09:20:46,2019,6,4,9,Tuesday,Badulla,Badulla,6.9934,81.055,2,1,32.09,24.12,27.06,0,74.74
3674,2019-06-03,12:35:28,2019,6,3,12,Monday,Monaragala,Wellawaya,6.7333,81.1,0,2,32.59,25.73,28.28,0,78.28
3675,2019-06-02,17:33:19,2019,6,2,17,Sunday,Monaragala,Monaragala,6.8728,81.3505,1,1,34.56,23.86,28.03,0,67.42
3676,2019-06-02,16:44:48,2019,6,2,16,Sunday,Kegalle,Mawanella,7.25,80.45,0,0,35.75,24.45,28.86,0,66.24
3677,2019-06-02,08:52:04,2019,6,2,8,Sunday,Badulla,Hali Ela,6.9667,81.0167,0,1,34.56,23.86,28.03,0,67.42
3678,2019-06-02,06:56:17,2019,6,2,6,Sunday,Ratnapura,Kuruwita,6.7833,80.3667,2,1,31.44,29.24,30.08,0,77.15
3679,2019-06-01,16:57:16,2019,6,1,16,Saturday,Colombo,Mount Lavinia,6.8389,79.8636,1,0,37.06,26.16,30.49,0,63.06
3680,2019-05-31,15:47:05,2019,5,31,15,Friday,Gampaha,Dompe,7.0167,80.05,0,1,28.98,22.09,24.42,0,80.84
3682,2019-05-31,06:43:12,2019,5,31,6,Friday,Mullaitivu,Oddusuddan,9.15,80.6333,0,0,35.29,27.34,30.54,0,63.53
3681,2019-05-31,07:09:14,2019,5,31,7,Friday,Colombo,Ja-Ela,7.0744,79.8919,0,1,32.15,28.27,29.82,0,70.41
3684,2019-05-30,12:30:03,2019,5,30,12,Thursday,Matale,Laggala,7.5667,80.8,0,1,26.33,25.85,26.17,0,80.35
3683,2019-05-30,16:10:14,2019,5,30,16,Thursday,Badulla,Hali Ela,6.9667,81.0167,0,1,33.85,24.37,27.85,0,71.52
3686,2019-05-29,18:34:49,2019,5,29,18,Wednesday,Ratnapura,Nivithigala,6.6167,80.4667,1,1,32.82,28.05,29.9,0,79.73
3687,2019-05-29,18:21:01,2019,5,29,18,Wednesday,Matale,Ukuwela,7.4667,80.65,2,1,32.82,28.05,29.9,0,79.73
3685,2019-05-30,08:02:47,2019,5,30,8,Thursday,Kalutara,Dodangoda,6.55,80.0167,3,1,32.39,28.15,29.76,0,74.86
3688,2019-05-29,09:28:12,2019,5,29,9,Wednesday,Galle,Ambalangoda,6.2354,80.0538,1,2,29.54,28.38,28.96,0,85.97
3689,2019-05-28,14:20:08,2019,5,28,14,Tuesday,Kalutara,Horana,6.7156,80.0644,1,1,29.44,27.06,28.21,0,87.38
3691,2019-05-28,08:37:13,2019,5,28,8,Tuesday,Matale,Wilgamuwa,7.5667,80.8333,1,0,33.86,27.95,30.4,0,75.61
3690,2019-05-28,11:08:53,2019,5,28,11,Tuesday,Gampaha,Kelaniya,6.9553,79.9219,0,0,37.23,28.0,32.16,0,62.95
3693,2019-05-26,09:37:39,2019,5,26,9,Sunday,Nuwara Eliya,Ambewela,6.8667,80.8167,3,0,32.91,27.16,29.49,0,75.25
3692,2019-05-26,18:44:25,2019,5,26,18,Sunday,Colombo,Colombo,6.9271,79.8612,0,1,30.05,25.87,27.72,0,84.51
3694,2019-05-25,15:22:57,2019,5,25,15,Saturday,Badulla,Haputale,6.7667,80.95,1,0,35.66,26.3,29.97,0,68.81
3695,2019-05-25,14:13:42,2019,5,25,14,Saturday,Kalutara,Millaniya,6.6833,80.0333,0,1,31.53,27.54,29.05,0,76.19
3696,2019-05-24,15:09:30,2019,5,24,15,Friday,Monaragala,Wellawaya,6.7333,81.1,3,1,32.41,25.4,28.01,0,78.53
3697,2019-05-24,10:19:11,2019,5,24,10,Friday,Ratnapura,Godakawela,6.5,80.55,0,1,30.11,23.94,26.16,0,84.93
3698,2019-05-22,16:15:49,2019,5,22,16,Wednesday,Kandy,Peradeniya,7.26,80.6,0,1,36.27,24.6,29.56,0,62.54
3699,2019-05-22,10:50:11,2019,5,22,10,Wednesday,Kandy,Peradeniya,7.26,80.6,0,1,36.27,24.6,29.56,0,62.54
3700,2019-05-21,18:50:05,2019,5,21,18,Tuesday,Mannar,Nanattan,8.9833,79.9667,0,1,35.4,25.53,29.57,0,68.31
3701,2019-05-20,12:31:59,2019,5,20,12,Monday,Kurunegala,Mahawa,7.8,80.3167,0,1,30.16,26.31,27.92,0,82.99
3702,2019-05-20,06:29:21,2019,5,20,6,Monday,Kegalle,Ruwanwella,7.05,80.25,1,1,31.99,28.93,30.43,0,74.41
3703,2019-05-19,13:58:56,2019,5,19,13,Sunday,Badulla,Kandeketiya,7.05,81.1,1,1,29.31,27.89,28.62,0,80.94
3704,2019-05-19,10:48:48,2019,5,19,10,Sunday,Kandy,Katugastota,7.3167,80.6167,1,1,29.59,26.08,27.8,0,82.7
3705,2019-05-18,18:45:27,2019,5,18,18,Saturday,Monaragala,Siyambalanduwa,6.9,81.5333,0,1,31.87,23.87,27.11,0,77.07
3706,2019-05-18,12:56:55,2019,5,18,12,Saturday,Monaragala,Wellawaya,6.7333,81.1,0,1,30.44,25.02,27.41,0,84.33
3707,2019-05-18,11:29:11,2019,5,18,11,Saturday,Kegalle,Kitulgala,6.9833,80.4167,0,1,29.56,26.34,27.76,0,85.57
3709,2019-05-16,11:21:55,2019,5,16,11,Thursday,Badulla,Welimada,6.9,80.9,1,1,32.93,26.05,28.82,0,75.97
3708,2019-05-17,09:56:11,2019,5,17,9,Friday,Monaragala,Wellawaya,6.7333,81.1,0,1,30.92,25.8,27.77,0,82.48
3711,2019-05-13,09:54:06,2019,5,13,9,Monday,Kalutara,Beruwala,6.4789,79.9828,1,1,29.89,21.76,24.89,0,81.0
3710,2019-05-15,14:28:32,2019,5,15,14,Wednesday,Matara,Malimbada,6.0167,80.5167,3,0,36.97,25.89,30.2,0,69.12
3712,2019-05-12,09:57:35,2019,5,12,9,Sunday,Colombo,Kottawa,6.8412,79.9653,2,1,30.04,26.17,27.8,0,84.75
3713,2019-05-11,09:25:37,2019,5,11,9,Saturday,Nuwara Eliya,Ragala,6.9167,80.8,1,1,37.61,24.89,30.19,0,66.61
3714,2019-05-10,10:03:40,2019,5,10,10,Friday,Monaragala,Kataragama,6.4167,81.3333,1,0,39.84,25.23,31.64,0,57.42
3715,2019-05-10,09:41:18,2019,5,10,9,Friday,Polonnaruwa,Polonnaruwa,7.9403,81.0188,0,0,37.54,23.58,29.37,0,62.66
3716,2019-05-07,13:32:06,2019,5,7,13,Tuesday,Ratnapura,Nivithigala,6.6167,80.4667,1,1,30.76,23.22,26.47,0,84.09
3717,2019-05-07,12:57:49,2019,5,7,12,Tuesday,Kalutara,Kalutara,6.5854,79.9607,1,0,36.29,24.33,29.16,0,69.05
3718,2019-05-06,13:38:01,2019,5,6,13,Monday,Kandy,Pilimathalawa,7.2167,80.5667,2,0,32.25,28.39,29.99,0,74.76
3719,2019-05-05,18:14:54,2019,5,5,18,Sunday,Matale,Matale,7.4675,80.6234,0,1,36.22,25.33,29.9,0,64.79
3720,2019-05-05,13:22:59,2019,5,5,13,Sunday,Matara,Weligama,5.975,80.4297,2,2,29.43,27.31,28.11,0,83.99
3721,2019-05-04,16:49:42,2019,5,4,16,Saturday,Matale,Dambulla,7.8675,80.6522,1,1,34.15,25.89,28.96,0,75.03
3722,2019-05-04,11:51:34,2019,5,4,11,Saturday,Badulla,Ridimaliyadda,7.1667,81.15,1,1,33.31,24.06,27.65,0,76.29
3723,2019-05-02,11:31:19,2019,5,2,11,Thursday,Hambantota,Sooriyawewa,6.3167,81.0,1,2,28.79,25.04,26.42,0,90.61
3724,2019-05-01,10:04:22,2019,5,1,10,Wednesday,Galle,Ambalangoda,6.2354,80.0538,2,1,34.46,24.05,29.02,0,69.6
3725,2019-04-28,08:57:33,2019,4,28,8,Sunday,Colombo,Mulleriyawa,6.9333,79.9333,1,2,30.67,25.83,28.06,0,83.6
3726,2019-04-20,10:54:41,2019,4,20,10,Saturday,Matale,Sigiriya,7.9575,80.7603,1,1,33.88,22.92,27.23,0,71.96
3727,2019-04-19,13:04:31,2019,4,19,13,Friday,Ampara,Kalmunai,7.4167,81.8333,2,1,30.28,25.92,27.78,0,81.77
3728,2019-04-19,12:37:17,2019,4,19,12,Friday,Monaragala,Buttala,6.75,81.2333,1,1,30.28,25.92,27.78,0,81.77
3729,2019-04-19,11:14:33,2019,4,19,11,Friday,Kandy,Kandy,7.2906,80.6337,0,1,36.27,23.13,29.13,0,66.03
3730,2019-04-19,10:47:22,2019,4,19,10,Friday,Kilinochchi,Kilinochchi,9.3961,80.3981,0,1,32.6,28.65,30.52,0,70.5
3731,2019-04-18,19:13:12,2019,4,18,19,Thursday,Badulla,Mahiyanganaya,7.3333,81.0,10,1,36.5,24.07,29.41,0,63.93
3733,2019-04-18,15:07:48,2019,4,18,15,Thursday,Badulla,Mahiyanganaya,7.3333,81.0,10,1,36.5,24.07,29.41,0,63.93
3732,2019-04-18,17:16:07,2019,4,18,17,Thursday,Kurunegala,Ibbagamuwa,7.5,80.4,0,1,34.21,22.73,27.51,0,67.92
3734,2019-04-18,13:09:35,2019,4,18,13,Thursday,Galle,Udugama,6.2833,80.3667,0,1,37.98,24.79,30.29,0,66.55
3735,2019-04-18,11:07:02,2019,4,18,11,Thursday,Kalutara,Ingiriya,6.7428,80.1647,1,1,30.75,25.65,27.7,0,82.22
3736,2019-04-17,18:59:54,2019,4,17,18,Wednesday,Badulla,Mahiyanganaya,7.3333,81.0,10,2,34.25,24.45,28.22,0,76.53
3738,2019-04-17,12:33:40,2019,4,17,12,Wednesday,Badulla,Mahiyanganaya,7.3333,81.0,10,2,34.25,24.45,28.22,0,76.53
3739,2019-04-17,05:40:15,2019,4,17,5,Wednesday,Badulla,Mahiyanganaya,7.3333,81.0,10,2,34.25,24.45,28.22,0,76.53
3737,2019-04-17,16:40:51,2019,4,17,16,Wednesday,Badulla,Mahiyanganaya,7.3333,81.0,10,2,34.25,24.45,28.22,0,76.53
3740,2019-04-16,22:20:01,2019,4,16,22,Tuesday,Gampaha,Veyangoda,7.1542,80.0583,1,1,32.82,28.61,30.67,0,63.99
3741,2019-04-16,10:57:58,2019,4,16,10,Tuesday,Trincomalee,Trincomalee,8.5874,81.2152,2,1,33.56,24.59,27.93,0,76.03
3742,2019-04-15,17:59:22,2019,4,15,17,Monday,Kalutara,Ingiriya,6.7428,80.1647,0,1,32.2,26.14,28.74,0,75.48
3743,2019-04-15,14:49:24,2019,4,15,14,Monday,Monaragala,Thanamalwila,6.4333,81.0333,1,1,35.55,22.53,28.29,0,62.88
3744,2019-04-15,13:21:47,2019,4,15,13,Monday,Gampaha,Minuwangoda,7.1667,79.95,0,1,31.3,26.36,28.52,0,78.49
3745,2019-04-15,07:18:36,2019,4,15,7,Monday,Colombo,Colombo,6.9271,79.8612,0,1,32.2,26.14,28.74,0,75.48
3746,2019-04-14,13:58:21,2019,4,14,13,Sunday,Puttalam,Dankotuwa,7.2833,79.9,0,1,33.47,25.7,29.05,0,74.02
3747,2019-04-13,16:40:31,2019,4,13,16,Saturday,Kegalle,Molagoda,7.2167,80.4,0,1,38.22,23.96,29.95,0,62.89
3748,2019-04-13,14:21:43,2019,4,13,14,Saturday,Badulla,Diyatalawa,6.8167,80.9667,1,1,35.43,27.1,30.47,0,67.9
3749,2019-04-13,12:27:15,2019,4,13,12,Saturday,Kurunegala,Pannala,7.3167,79.9333,6,2,39.18,25.15,30.84,0,61.93
3750,2019-04-13,09:19:03,2019,4,13,9,Saturday,Matale,Hasalaka,7.35,80.8833,1,1,35.43,27.1,30.47,0,67.9
3751,2019-04-13,06:58:23,2019,4,13,6,Saturday,Monaragala,Siyambalanduwa,6.9,81.5333,0,1,33.13,21.29,26.12,0,74.24
3753,2019-04-12,15:01:17,2019,4,12,15,Friday,Kalutara,Bandaragama,6.7139,79.9889,1,1,30.52,26.29,28.27,0,78.12
3752,2019-04-12,17:02:05,2019,4,12,17,Friday,Anuradhapura,Kahatagasdigiliya,8.4667,80.5833,1,1,38.97,24.87,30.92,0,62.58
3755,2019-04-12,11:14:15,2019,4,12,11,Friday,Kandy,Galagedara,7.3667,80.5333,1,1,32.55,25.93,28.8,0,74.43
3754,2019-04-12,13:30:10,2019,4,12,13,Friday,Nuwara Eliya,Hatton,6.8917,80.5958,0,1,32.1,20.67,25.74,0,74.69
3756,2019-04-11,16:31:40,2019,4,11,16,Thursday,Nuwara Eliya,Ginigathhena,6.9833,80.4667,1,1,29.45,22.16,25.01,0,79.14
3757,2019-04-11,12:15:06,2019,4,11,12,Thursday,Kalutara,Dodangoda,6.55,80.0167,0,1,30.31,26.6,28.17,0,76.9
3759,2019-04-11,09:50:40,2019,4,11,9,Thursday,Colombo,Seeduwa,7.1258,79.8831,0,1,30.31,26.6,28.17,0,76.9
3758,2019-04-11,10:51:23,2019,4,11,10,Thursday,Trincomalee,Kinniya,8.5,81.1833,0,1,29.45,22.16,25.01,0,79.14
3760,2019-04-10,15:16:32,2019,4,10,15,Wednesday,Monaragala,Monaragala,6.8728,81.3505,1,1,35.76,26.52,30.41,0,67.31
3761,2019-04-10,13:43:46,2019,4,10,13,Wednesday,Badulla,Hali Ela,6.9667,81.0167,1,1,39.48,26.25,31.89,0,56.69
3763,2019-04-09,15:52:08,2019,4,9,15,Tuesday,Polonnaruwa,Hingurakgoda,8.05,80.95,1,1,30.57,26.4,28.16,0,77.76
3762,2019-04-09,16:52:47,2019,4,9,16,Tuesday,Colombo,Meegoda,6.8434,80.0093,0,1,31.5,27.15,28.95,0,75.24
3764,2019-04-09,10:48:19,2019,4,9,10,Tuesday,Gampaha,Hendala,6.9833,79.8833,1,1,30.57,26.4,28.16,0,77.76
3765,2019-04-09,09:06:04,2019,4,9,9,Tuesday,Matale,Matale,7.4675,80.6234,1,0,37.96,24.64,30.54,0,57.29
3766,2019-04-08,18:12:31,2019,4,8,18,Monday,Kegalle,Hemmathagama,7.2,80.5,0,0,34.71,27.34,30.32,0,65.96
3767,2019-04-08,14:16:36,2019,4,8,14,Monday,Galle,Neluwa,6.35,80.3833,0,1,31.91,26.08,28.52,0,75.03
3768,2019-04-07,20:12:04,2019,4,7,20,Sunday,Colombo,Kelaniya,6.9553,79.9219,0,0,32.23,20.97,25.7,0,73.62
3769,2019-04-07,20:07:31,2019,4,7,20,Sunday,Trincomalee,Kantale,8.35,81.0,1,1,31.87,25.8,28.5,0,74.54
3771,2019-04-07,13:40:29,2019,4,7,13,Sunday,Jaffna,Nelliady,9.7833,80.0833,0,1,29.39,27.74,28.56,0,78.43
3770,2019-04-07,15:08:37,2019,4,7,15,Sunday,Kurunegala,Giriulla,7.3333,80.1333,1,1,29.39,27.74,28.56,0,78.43
3772,2019-04-06,09:23:25,2019,4,6,9,Saturday,Batticaloa,Chenkalady,7.7833,81.6,0,0,35.47,26.96,30.83,0,57.51
3773,2019-04-06,07:50:39,2019,4,6,7,Saturday,Anuradhapura,Anuradhapura,8.3114,80.4037,4,0,39.97,24.58,31.55,0,54.8
3774,2019-04-05,10:04:23,2019,4,5,10,Friday,Puttalam,Anamaduwa,7.8667,79.9833,1,0,36.04,26.99,31.05,0,54.08
3775,2019-04-05,08:19:34,2019,4,5,8,Friday,Ampara,Ampara,7.2975,81.682,0,1,32.42,24.82,28.18,0,70.2
3776,2019-04-04,13:18:30,2019,4,4,13,Thursday,Matale,Naula,7.7,80.65,1,0,36.57,23.8,29.48,0,61.29
3777,2019-04-04,11:22:55,2019,4,4,11,Thursday,Hambantota,Tissamaharama,6.2833,81.2833,1,1,32.77,24.33,28.04,0,67.22
3778,2019-04-02,08:14:04,2019,4,2,8,Tuesday,Polonnaruwa,Aralaganwila,7.85,81.1,2,0,36.34,25.56,29.98,0,65.49
3779,2019-04-01,10:00:41,2019,4,1,10,Monday,Kegalle,Warakapola,7.2167,80.2,1,0,37.87,22.04,29.48,0,58.46
3780,2019-04-01,09:22:00,2019,4,1,9,Monday,Ampara,Ampara,7.2975,81.682,0,1,32.53,27.08,29.25,0,72.93
3781,2019-03-31,15:58:10,2019,3,31,15,Sunday,Kalutara,Panadura,6.7133,79.9025,0,1,30.44,25.77,27.74,0,76.94
3782,2019-03-31,12:28:46,2019,3,31,12,Sunday,Kegalle,Molagoda,7.2167,80.4,0,1,35.22,25.61,29.91,0,63.33
3783,2019-03-31,08:37:07,2019,3,31,8,Sunday,Batticaloa,Kattankudy,7.6833,81.7333,0,1,35.22,25.61,29.91,0,63.33
3784,2019-03-30,16:17:36,2019,3,30,16,Saturday,Kurunegala,Wariyapola,7.6333,80.2333,2,1,35.04,25.31,29.68,0,63.74
3785,2019-03-30,15:33:34,2019,3,30,15,Saturday,Kilinochchi,Ariyalkulam,9.3667,80.4,1,0,33.16,26.75,30.17,0,61.04
3786,2019-03-30,07:58:43,2019,3,30,7,Saturday,Kilinochchi,Ariyalkulam,9.3667,80.4,3,0,35.81,22.18,28.45,0,59.64
3787,2019-03-29,12:05:57,2019,3,29,12,Friday,Ampara,Damana,7.3,81.7,1,0,35.56,25.26,29.64,0,60.05
3788,2019-03-28,08:21:28,2019,3,28,8,Thursday,Colombo,Dehiwala,6.8511,79.8636,0,1,32.69,24.69,28.09,0,69.15
3789,2019-03-27,19:46:21,2019,3,27,19,Wednesday,Ampara,Akkaraipattu,7.2167,81.85,1,1,30.36,26.91,28.61,0,67.84
3790,2019-03-26,11:52:20,2019,3,26,11,Tuesday,Jaffna,Kayts,9.7,79.85,0,0,32.69,22.78,27.72,0,65.33
3791,2019-03-25,11:29:45,2019,3,25,11,Monday,Matara,Deniyaya,6.3417,80.55,2,0,30.39,14.88,22.09,0,66.58
3792,2019-03-24,10:24:29,2019,3,24,10,Sunday,Kilinochchi,Pallai,9.4667,80.4167,1,1,30.42,25.3,27.51,0,78.35
3793,2019-03-23,15:45:54,2019,3,23,15,Saturday,Jaffna,Point Pedro,9.8167,80.2333,0,1,31.0,26.17,28.15,0,76.85
3794,2019-03-21,16:39:08,2019,3,21,16,Thursday,Galle,Ambalangoda,6.2354,80.0538,1,1,29.63,26.76,28.12,0,77.8
3795,2019-03-21,14:55:11,2019,3,21,14,Thursday,Nuwara Eliya,Norwood,6.85,80.6167,0,1,36.07,24.37,29.78,0,63.87
3797,2019-03-20,13:40:51,2019,3,20,13,Wednesday,Anuradhapura,Galnewa,8.15,80.4,2,0,35.74,20.7,27.34,0,65.43
3796,2019-03-20,14:15:09,2019,3,20,14,Wednesday,Mullaitivu,Pudukudiyiruppu,9.2333,80.75,1,0,33.37,19.91,26.15,0,72.83
3799,2019-03-19,11:26:03,2019,3,19,11,Tuesday,Anuradhapura,Rajanganaya,8.15,80.2167,0,1,31.11,25.89,28.05,0,75.43
3798,2019-03-19,16:33:51,2019,3,19,16,Tuesday,Galle,Baddegama,6.1667,80.1833,0,1,29.36,19.41,23.6,0,77.99
3800,2019-03-18,06:33:27,2019,3,18,6,Monday,Colombo,Pannipitiya,6.8463,79.9418,4,1,35.57,25.04,29.36,0,68.72
3801,2019-03-17,18:37:56,2019,3,17,18,Sunday,Kalutara,Aluthgama,6.4333,79.9958,1,2,30.47,25.25,27.81,0,76.9
3803,2019-03-17,13:55:28,2019,3,17,13,Sunday,Hambantota,Tissamaharama,6.2833,81.2833,1,1,30.58,23.88,26.7,0,80.05
3802,2019-03-17,17:42:26,2019,3,17,17,Sunday,Polonnaruwa,Hingurakgoda,8.05,80.95,1,0,33.55,25.35,29.01,0,68.33
3804,2019-03-16,13:10:40,2019,3,16,13,Saturday,Anuradhapura,Medawachchiya,8.5333,80.5,0,1,35.98,21.48,27.79,0,66.49
3805,2019-03-16,11:53:41,2019,3,16,11,Saturday,Hambantota,Lunugamvehera,6.3167,81.2167,1,1,32.72,24.15,28.15,0,71.36
3806,2019-03-16,09:19:59,2019,3,16,9,Saturday,Nuwara Eliya,Norwood,6.85,80.6167,0,1,29.81,18.0,23.59,0,79.91
3807,2019-03-15,12:02:03,2019,3,15,12,Friday,Matale,Galewela,7.75,80.5667,0,0,34.18,18.58,25.87,0,70.54
3809,2019-03-15,11:03:36,2019,3,15,11,Friday,Kurunegala,Polgahawela,7.3333,80.3,3,0,35.31,23.06,28.94,0,59.57
3808,2019-03-15,11:25:47,2019,3,15,11,Friday,Kilinochchi,Kilinochchi,9.3961,80.3981,1,0,35.31,23.06,28.94,0,59.57
3811,2019-03-14,16:22:08,2019,3,14,16,Thursday,Puttalam,Anamaduwa,7.8667,79.9833,2,0,35.68,24.19,29.1,0,59.89
3810,2019-03-15,10:54:13,2019,3,15,10,Friday,Kurunegala,Giriulla,7.3333,80.1333,0,0,34.18,18.58,25.87,0,70.54
3812,2019-03-14,07:07:52,2019,3,14,7,Thursday,Vavuniya,Vavuniya,8.7514,80.4971,0,0,34.19,25.27,28.91,0,65.15
3813,2019-03-13,09:01:43,2019,3,13,9,Wednesday,Gampaha,Mirigama,7.2417,80.1236,0,0,28.71,16.91,22.54,0,76.52
3814,2019-03-13,06:36:15,2019,3,13,6,Wednesday,Colombo,Kadawatha,7.0,79.95,1,1,32.38,24.35,27.64,0,69.36
3815,2019-03-09,13:48:12,2019,3,9,13,Saturday,Batticaloa,Batticaloa,7.7102,81.6924,1,2,30.27,26.05,27.66,0,77.92
3816,2019-03-07,18:26:23,2019,3,7,18,Thursday,Kalutara,Dodangoda,6.55,80.0167,2,1,29.76,25.44,27.26,0,83.37
3817,2019-03-07,08:05:27,2019,3,7,8,Thursday,Colombo,Piliyandala,6.8011,79.9231,1,0,31.14,25.1,27.63,0,80.16
3818,2019-03-06,17:15:33,2019,3,6,17,Wednesday,Monaragala,Bibila,6.7667,81.2167,0,0,37.74,23.46,29.8,0,67.93
3819,2019-03-04,10:21:02,2019,3,4,10,Monday,Ratnapura,Pelmadulla,6.6167,80.55,0,2,29.98,21.64,25.0,0,83.58
3820,2019-03-02,16:10:16,2019,3,2,16,Saturday,Kurunegala,Kurunegala,7.4863,80.3647,2,0,32.22,20.51,25.54,0,78.1
3821,2019-03-02,13:48:28,2019,3,2,13,Saturday,Mannar,Murunkan,8.8333,80.05,2,0,28.32,18.31,22.93,0,81.86
3822,2019-03-02,13:01:18,2019,3,2,13,Saturday,Trincomalee,Trincomalee,8.5874,81.2152,1,1,30.32,26.09,27.95,0,73.51
3823,2019-03-02,12:12:53,2019,3,2,12,Saturday,Colombo,Maharagama,6.848,79.9265,1,0,31.42,23.76,27.47,0,72.11
3824,2019-03-01,13:25:24,2019,3,1,13,Friday,Anuradhapura,Medawachchiya,8.5333,80.5,0,0,31.6,22.78,26.15,0,80.63
3825,2019-03-01,12:55:36,2019,3,1,12,Friday,Mullaitivu,Oddusuddan,9.15,80.6333,0,1,29.06,27.02,27.9,0,78.36
3826,2019-03-01,07:58:03,2019,3,1,7,Friday,Jaffna,Paranthan,9.4333,80.4167,0,0,29.76,26.32,27.79,0,78.08
3827,2019-02-28,18:30:54,2019,2,28,18,Thursday,Colombo,Kadawatha,7.0,79.95,1,1,29.04,24.98,26.74,0,80.78
3828,2019-02-27,18:30:04,2019,2,27,18,Wednesday,Kurunegala,Pannala,7.3167,79.9333,1,2,24.19,20.66,22.14,0,91.95
3829,2019-02-27,12:12:07,2019,2,27,12,Wednesday,Nuwara Eliya,Kotagala,6.95,80.5833,0,2,24.19,20.66,22.14,0,91.95
3830,2019-02-27,11:20:03,2019,2,27,11,Wednesday,Gampaha,Divulapitiya,7.2219,79.9581,2,2,27.67,24.96,26.14,0,85.03
3831,2019-02-27,09:14:07,2019,2,27,9,Wednesday,Kegalle,Kegalle,7.2513,80.3464,0,2,27.53,22.9,24.85,0,88.38
3832,2019-02-26,15:41:21,2019,2,26,15,Tuesday,Polonnaruwa,Aralaganwila,7.85,81.1,1,0,33.23,23.88,28.03,0,75.27
3833,2019-02-25,09:13:39,2019,2,25,9,Monday,Mullaitivu,Mallavi,9.1167,80.2333,1,1,30.84,23.09,26.6,0,80.72
3834,2019-02-25,07:12:36,2019,2,25,7,Monday,Nuwara Eliya,Talawakele,6.9333,80.65,1,0,29.76,24.5,27.03,0,73.82
3835,2019-02-23,17:41:03,2019,2,23,17,Saturday,Anuradhapura,Galenbindunuwewa,8.2833,80.6167,1,0,31.22,17.05,23.68,0,75.52
3836,2019-02-23,12:39:05,2019,2,23,12,Saturday,Colombo,Colombo,6.9271,79.8612,0,0,31.28,20.7,26.05,0,68.91
3837,2019-02-23,11:55:50,2019,2,23,11,Saturday,Kandy,Peradeniya,7.26,80.6,0,0,30.52,17.25,23.15,0,77.62
3838,2019-02-23,10:27:04,2019,2,23,10,Saturday,Nuwara Eliya,Kotagala,6.95,80.5833,0,0,28.07,14.56,20.85,0,81.09
3839,2019-02-22,09:50:40,2019,2,22,9,Friday,Mannar,Nanattan,8.9833,79.9667,1,0,30.91,23.84,26.91,0,74.96
3840,2019-02-21,14:24:08,2019,2,21,14,Thursday,Kalutara,Matugama,6.5219,80.1164,2,1,31.21,23.75,27.32,0,75.68
3841,2019-02-21,06:57:17,2019,2,21,6,Thursday,Nuwara Eliya,Bogawantalawa,6.8,80.6667,0,1,30.53,22.72,26.04,0,80.22
3842,2019-02-20,16:27:35,2019,2,20,16,Wednesday,Monaragala,Buttala,6.75,81.2333,1,1,27.92,19.5,23.34,0,86.11
3843,2019-02-20,12:01:22,2019,2,20,12,Wednesday,Monaragala,Wellawaya,6.7333,81.1,0,1,29.46,22.41,25.56,0,82.17
3844,2019-02-19,17:55:49,2019,2,19,17,Tuesday,Jaffna,Vadamarachchi,9.75,80.2,0,1,29.07,20.65,24.26,0,85.89
3845,2019-02-19,16:43:06,2019,2,19,16,Tuesday,Colombo,Maharagama,6.848,79.9265,1,1,31.47,24.14,27.51,0,76.77
3846,2019-02-19,11:28:08,2019,2,19,11,Tuesday,Polonnaruwa,Welikanda,7.8833,81.1,2,1,29.82,25.59,27.48,0,81.29
3847,2019-02-19,09:16:49,2019,2,19,9,Tuesday,Puttalam,Madampe,7.5,79.8167,2,1,28.52,18.8,23.05,0,83.65
3848,2019-02-19,06:26:37,2019,2,19,6,Tuesday,Kandy,Gampola,7.1647,80.5767,0,1,28.52,18.8,23.05,0,83.65
3850,2019-02-18,13:01:43,2019,2,18,13,Monday,Mullaitivu,Mullaitivu,9.267,80.8144,2,1,30.08,26.29,28.03,0,79.24
3849,2019-02-18,18:15:53,2019,2,18,18,Monday,Kandy,Katugastota,7.3167,80.6167,1,0,30.96,22.11,25.99,0,80.01
3852,2019-02-18,08:56:18,2019,2,18,8,Monday,Colombo,Homagama,6.8408,80.0024,4,1,30.38,25.21,27.53,0,79.22
3851,2019-02-18,12:28:52,2019,2,18,12,Monday,Mullaitivu,Vellankulam,9.2667,80.3167,3,1,30.38,25.21,27.53,0,79.22
3853,2019-02-15,18:25:07,2019,2,15,18,Friday,Puttalam,Chilaw,7.5758,79.7953,0,1,30.13,21.66,25.14,0,86.05
3854,2019-02-15,14:28:25,2019,2,15,14,Friday,Ampara,Samanthurai,7.3667,81.8167,1,2,31.01,21.77,25.61,0,84.16
3855,2019-02-14,10:07:15,2019,2,14,10,Thursday,Kalutara,Ingiriya,6.7428,80.1647,1,1,31.1,23.21,27.05,0,80.81
3856,2019-02-13,11:37:00,2019,2,13,11,Wednesday,Colombo,Mulleriyawa,6.9333,79.9333,2,1,31.33,23.59,26.77,0,79.44
3857,2019-02-07,17:01:28,2019,2,7,17,Thursday,Polonnaruwa,Medirigiriya,8.15,80.9667,0,1,28.1,25.94,27.09,0,80.14
3858,2019-02-06,16:53:23,2019,2,6,16,Wednesday,Kandy,Kandy,7.2906,80.6337,1,1,29.22,20.87,24.23,0,85.42
3859,2019-02-05,08:20:43,2019,2,5,8,Tuesday,Puttalam,Madampe,7.5,79.8167,0,2,30.87,24.63,26.93,0,82.55
3860,2019-02-04,10:24:34,2019,2,4,10,Monday,Ratnapura,Ratnapura,6.6828,80.3992,1,2,30.46,21.89,25.28,0,83.36
3861,2019-02-03,09:56:28,2019,2,3,9,Sunday,Anuradhapura,Thambuttegama,8.15,80.3167,0,2,31.15,22.03,25.82,0,82.97
3862,2019-02-02,14:21:59,2019,2,2,14,Saturday,Kurunegala,Bamunakotuwa,7.5,80.2833,1,1,31.31,21.36,25.38,0,80.87
3863,2019-02-02,09:57:54,2019,2,2,9,Saturday,Gampaha,Peliyagoda,6.9556,79.8864,1,0,28.06,25.26,26.39,0,75.85
3864,2019-01-31,11:08:22,2019,1,31,11,Thursday,Batticaloa,Eravur,7.7667,81.6,1,1,28.56,23.6,25.53,0,81.13
3865,2019-01-30,13:55:21,2019,1,30,13,Wednesday,Kalutara,Aluthgama,6.4333,79.9958,2,0,30.06,22.47,26.06,0,77.96
3866,2019-01-29,18:00:06,2019,1,29,18,Tuesday,Kandy,Pilimathalawa,7.2167,80.5667,0,0,28.86,17.64,22.93,0,83.98
3867,2019-01-29,14:59:56,2019,1,29,14,Tuesday,Anuradhapura,Kahatagasdigiliya,8.4667,80.5833,1,0,30.74,19.74,24.63,0,79.67
3868,2019-01-28,12:50:47,2019,1,28,12,Monday,Kalutara,Beruwala,6.4789,79.9828,1,0,28.38,24.35,26.42,0,79.56
3869,2019-01-28,09:12:14,2019,1,28,9,Monday,Kalutara,Bandaragama,6.7139,79.9889,0,0,28.38,24.35,26.42,0,79.56
3870,2019-01-28,08:16:07,2019,1,28,8,Monday,Gampaha,Mirigama,7.2417,80.1236,0,0,28.5,17.73,22.39,0,82.6
3871,2019-01-26,16:33:32,2019,1,26,16,Saturday,Nuwara Eliya,Kotagala,6.95,80.5833,0,1,27.34,19.38,22.81,0,86.67
3872,2019-01-26,08:57:05,2019,1,26,8,Saturday,Matale,Galewela,7.75,80.5667,0,1,29.11,21.24,24.43,0,85.05
3873,2019-01-26,07:54:02,2019,1,26,7,Saturday,Kurunegala,Mahawa,7.8,80.3167,0,1,30.05,25.33,27.29,0,80.71
3875,2019-01-25,09:59:26,2019,1,25,9,Friday,Kurunegala,Alawwa,7.3,80.2333,2,1,30.26,22.63,26.58,0,80.96
3874,2019-01-25,10:39:05,2019,1,25,10,Friday,Monaragala,Medagama,6.75,81.15,0,0,28.25,24.75,26.49,0,82.15
3876,2019-01-25,09:37:37,2019,1,25,9,Friday,Matara,Weligama,5.975,80.4297,0,1,29.68,25.13,27.18,0,80.1
3877,2019-01-24,11:15:30,2019,1,24,11,Thursday,Monaragala,Buttala,6.75,81.2333,2,1,27.59,19.08,23.07,0,88.29
3878,2019-01-23,16:22:16,2019,1,23,16,Wednesday,Kurunegala,Polgahawela,7.3333,80.3,2,0,30.38,20.42,24.7,0,83.07
3879,2019-01-22,14:57:52,2019,1,22,14,Tuesday,Kalutara,Payagala,6.5167,79.9833,6,0,30.13,22.0,25.7,0,78.69
3880,2019-01-21,15:16:34,2019,1,21,15,Monday,Trincomalee,Muttur,8.45,81.2667,2,0,28.32,21.59,24.32,0,78.46
3881,2019-01-21,15:03:39,2019,1,21,15,Monday,Kurunegala,Polgahawela,7.3333,80.3,1,0,29.75,21.6,25.32,0,77.83
3883,2019-01-20,21:17:51,2019,1,20,21,Sunday,Kegalle,Aranayaka,7.15,80.4333,0,0,29.04,20.58,24.58,0,78.26
3882,2019-01-21,10:57:59,2019,1,21,10,Monday,Kurunegala,Kurunegala,7.4863,80.3647,1,0,29.29,21.73,25.38,0,79.26
3885,2019-01-20,16:11:25,2019,1,20,16,Sunday,Galle,Batapola,6.2,80.1167,1,1,27.43,24.08,26.09,0,75.06
3884,2019-01-20,19:05:11,2019,1,20,19,Sunday,Kurunegala,Galgamuwa,8.0167,80.2833,6,0,29.4,20.53,24.55,0,76.26
3887,2019-01-20,12:58:34,2019,1,20,12,Sunday,Matara,Akuressa,6.1,80.4833,6,0,29.4,20.53,24.55,0,76.26
3888,2019-01-20,06:46:33,2019,1,20,6,Sunday,Vavuniya,Omanthei,8.8333,80.5,6,0,29.4,20.53,24.55,0,76.26
3889,2019-01-19,15:47:58,2019,1,19,15,Saturday,Trincomalee,Nilaveli,8.6833,81.1833,2,0,28.31,20.02,23.87,0,76.58
3886,2019-01-20,15:29:16,2019,1,20,15,Sunday,Badulla,Hali Ela,6.9667,81.0167,0,0,26.93,18.27,22.0,0,87.35
3890,2019-01-19,12:23:24,2019,1,19,12,Saturday,Vavuniya,Puliyankulam,8.8833,80.4667,0,0,28.0,18.6,22.55,0,78.04
3891,2019-01-18,20:26:27,2019,1,18,20,Friday,Colombo,Colombo,6.9271,79.8612,0,0,28.55,20.88,24.12,0,76.98
3892,2019-01-18,16:53:12,2019,1,18,16,Friday,Hambantota,Okanda,6.65,81.7167,2,0,29.19,23.27,25.98,0,72.65
3893,2019-01-17,10:26:21,2019,1,17,10,Thursday,Colombo,Piliyandala,6.8011,79.9231,1,1,29.64,24.07,26.55,0,76.17
3894,2019-01-17,07:05:13,2019,1,17,7,Thursday,Puttalam,Kalpitiya,8.2333,79.7667,1,0,29.05,21.46,24.7,0,76.95
3895,2019-01-16,15:14:46,2019,1,16,15,Wednesday,Puttalam,Norochcholai,8.1,79.7333,0,1,26.34,18.68,21.7,0,89.86
3896,2019-01-16,10:29:02,2019,1,16,10,Wednesday,Matara,Deniyaya,6.3417,80.55,0,1,29.27,24.85,26.7,0,82.02
3897,2019-01-15,13:32:52,2019,1,15,13,Tuesday,Colombo,Dehiwala,6.8511,79.8636,2,2,27.17,20.41,23.29,0,90.31
3898,2019-01-15,12:35:39,2019,1,15,12,Tuesday,Gampaha,Biyagama,6.95,79.9833,1,1,28.85,21.62,24.48,0,86.69
3899,2019-01-15,08:04:46,2019,1,15,8,Tuesday,Ratnapura,Kalawana,6.5167,80.4,0,1,28.64,23.02,25.59,0,83.54
3900,2019-01-14,18:08:36,2019,1,14,18,Monday,Ratnapura,Kahawatta,6.6,80.5333,1,1,29.1,23.4,25.8,0,85.05
3901,2019-01-14,16:58:39,2019,1,14,16,Monday,Monaragala,Bibila,6.7667,81.2167,0,2,26.45,21.05,23.23,0,92.47
3902,2019-01-13,14:54:12,2019,1,13,14,Sunday,Galle,Baddegama,6.1667,80.1833,1,1,28.41,22.51,24.73,0,89.66
3903,2019-01-13,10:56:43,2019,1,13,10,Sunday,Gampaha,Nittambuwa,7.1417,80.0944,2,2,27.03,21.02,23.46,0,92.61
3904,2019-01-12,16:59:45,2019,1,12,16,Saturday,Kegalle,Kegalle,7.2513,80.3464,1,2,28.74,24.18,26.01,0,86.18
3905,2019-01-12,14:21:10,2019,1,12,14,Saturday,Kegalle,Ruwanwella,7.05,80.25,1,2,28.74,24.18,26.01,0,86.18
3906,2019-01-12,11:23:07,2019,1,12,11,Saturday,Kalutara,Wadduwa,6.6667,79.925,1,2,28.74,24.18,26.01,0,86.18
3907,2019-01-11,17:23:22,2019,1,11,17,Friday,Kurunegala,Wariyapola,7.6333,80.2333,0,1,26.56,17.88,21.71,0,89.95
3908,2019-01-10,15:12:29,2019,1,10,15,Thursday,Ratnapura,Pelmadulla,6.6167,80.55,0,1,28.52,24.99,26.52,0,82.95
3909,2019-01-10,07:59:51,2019,1,10,7,Thursday,Nuwara Eliya,Dimbula,6.9333,80.6,2,1,29.73,22.35,25.6,0,81.21
3910,2019-01-09,21:44:22,2019,1,9,21,Wednesday,Ampara,Samanthurai,7.3667,81.8167,1,0,28.37,19.65,23.47,0,86.1
3911,2019-01-09,08:31:19,2019,1,9,8,Wednesday,Matara,Dickwella,5.9667,80.6833,1,1,29.72,24.3,26.78,0,77.36
3912,2019-01-08,18:36:31,2019,1,8,18,Tuesday,Kilinochchi,Pallai,9.4667,80.4167,3,0,27.19,24.06,25.57,0,77.12
3913,2019-01-08,11:44:15,2019,1,8,11,Tuesday,Kurunegala,Melsiripura,7.6167,80.5,0,0,29.21,21.43,24.85,0,84.86
3914,2019-01-08,07:12:08,2019,1,8,7,Tuesday,Matale,Matale,7.4675,80.6234,0,0,27.79,19.48,22.92,0,87.84
3915,2019-01-07,09:32:12,2019,1,7,9,Monday,Kalutara,Beruwala,6.4789,79.9828,0,0,27.63,21.91,24.62,0,85.47
3916,2019-01-06,16:07:51,2019,1,6,16,Sunday,Colombo,Mulleriyawa,6.9333,79.9333,2,0,28.41,21.53,24.56,0,77.62
3917,2019-01-05,19:12:49,2019,1,5,19,Saturday,Ratnapura,Balangoda,6.65,80.7,2,0,29.22,20.96,24.88,0,81.53
3918,2019-01-05,09:45:32,2019,1,5,9,Saturday,Ratnapura,Godakawela,6.5,80.55,2,0,29.22,20.96,24.88,0,81.53
3919,2019-01-03,16:56:17,2019,1,3,16,Thursday,Anuradhapura,Anuradhapura,8.3114,80.4037,1,0,27.4,18.63,22.51,0,79.89
3920,2019-01-02,18:27:51,2019,1,2,18,Wednesday,Badulla,Meegahakiwula,7.0667,81.05,0,0,25.06,16.46,20.11,0,87.73
3921,2019-01-02,17:59:50,2019,1,2,17,Wednesday,Colombo,Homagama,6.8408,80.0024,1,0,28.02,21.48,24.39,0,79.51
3922,2019-01-02,12:27:39,2019,1,2,12,Wednesday,Galle,Wakwella,6.1,80.1667,0,0,28.02,21.48,24.39,0,79.51
3924,2019-01-02,10:43:49,2019,1,2,10,Wednesday,Galle,Nagoda,6.1333,80.1833,0,0,25.06,16.46,20.11,0,87.73
3925,2019-01-02,09:28:17,2019,1,2,9,Wednesday,Galle,Yakkalamulla,6.1167,80.25,2,0,28.02,21.48,24.39,0,79.51
3923,2019-01-02,12:09:14,2019,1,2,12,Wednesday,Matale,Galewela,7.75,80.5667,1,0,25.97,17.62,21.18,0,87.04
3926,2019-01-01,11:32:39,2019,1,1,11,Tuesday,Ampara,Pottuvil,6.8667,81.8333,1,0,27.32,24.66,25.82,0,74.07
3927,2018-12-31,10:59:42,2018,12,31,10,Monday,Badulla,Ella,6.8667,81.05,0,1,26.7,24.53,25.56,0,76.78
3929,2018-12-30,16:35:58,2018,12,30,16,Sunday,Colombo,Kottawa,6.8412,79.9653,1,0,28.65,22.09,24.88,0,79.52
3928,2018-12-31,09:04:19,2018,12,31,9,Monday,Puttalam,Karuwalagaswewa,8.15,79.95,1,1,28.97,22.25,25.01,0,83.26
3930,2018-12-30,13:57:07,2018,12,30,13,Sunday,Matale,Galewela,7.75,80.5667,0,1,26.58,18.99,22.32,0,86.84
3931,2018-12-30,13:41:31,2018,12,30,13,Sunday,Matara,Hakmana,6.0667,80.6167,1,0,28.65,22.09,24.88,0,79.52
3933,2018-12-29,09:00:51,2018,12,29,9,Saturday,Jaffna,Paranthan,9.4333,80.4167,0,0,28.91,22.45,25.22,0,78.78
3932,2018-12-29,12:07:22,2018,12,29,12,Saturday,Colombo,Wattala,6.9897,79.8919,2,0,28.91,22.45,25.22,0,78.78
3934,2018-12-28,15:32:39,2018,12,28,15,Friday,Polonnaruwa,Polonnaruwa,7.9403,81.0188,0,1,28.32,21.35,24.41,0,85.71
3935,2018-12-28,15:26:23,2018,12,28,15,Friday,Polonnaruwa,Dimbulagala,7.9667,81.0,0,1,28.67,24.53,26.43,0,76.73
3936,2018-12-28,11:52:24,2018,12,28,11,Friday,Mullaitivu,Mullaitivu,9.267,80.8144,1,0,27.66,18.92,22.82,0,86.73
3937,2018-12-26,13:17:21,2018,12,26,13,Wednesday,Kalutara,Aluthgama,6.4333,79.9958,1,2,28.65,24.41,26.18,0,86.35
3938,2018-12-26,08:02:29,2018,12,26,8,Wednesday,Kalutara,Dodangoda,6.55,80.0167,1,2,28.65,24.41,26.18,0,86.35
3939,2018-12-24,10:12:34,2018,12,24,10,Monday,Mannar,Nanattan,8.9833,79.9667,1,1,26.59,20.68,23.29,0,91.93
3940,2018-12-24,09:04:25,2018,12,24,9,Monday,Kurunegala,Pannala,7.3167,79.9333,0,1,29.13,23.92,26.25,0,88.24
3941,2018-12-23,17:34:03,2018,12,23,17,Sunday,Galle,Elpitiya,6.2833,80.1667,3,1,28.22,25.45,26.56,0,85.62
3943,2018-12-23,07:33:03,2018,12,23,7,Sunday,Matara,Dickwella,5.9667,80.6833,2,1,28.22,25.45,26.56,0,85.62
3942,2018-12-23,09:59:37,2018,12,23,9,Sunday,Batticaloa,Valaichchenai,7.9167,81.5333,0,1,28.7,24.87,26.5,0,85.46
3944,2018-12-22,16:55:02,2018,12,22,16,Saturday,Badulla,Bandarawela,6.8325,80.9886,0,1,26.34,21.43,23.49,0,92.52
3945,2018-12-20,12:15:48,2018,12,20,12,Thursday,Hambantota,Hambantota,6.1246,81.1185,0,1,28.98,20.29,24.05,0,90.27
3946,2018-12-20,09:19:54,2018,12,20,9,Thursday,Jaffna,Jaffna,9.6615,80.0255,1,0,27.35,25.28,26.34,0,80.49
3947,2018-12-17,16:36:22,2018,12,17,16,Monday,Matara,Deniyaya,6.3417,80.55,0,0,26.85,16.24,21.65,0,71.27
3948,2018-12-17,10:01:15,2018,12,17,10,Monday,Puttalam,Kalpitiya,8.2333,79.7667,3,0,29.29,21.02,25.5,0,75.85
3949,2018-12-17,09:23:39,2018,12,17,9,Monday,Colombo,Nugegoda,6.8649,79.8997,0,1,27.22,26.63,27.02,0,81.11
3950,2018-12-16,16:59:07,2018,12,16,16,Sunday,Hambantota,Sooriyawewa,6.3167,81.0,0,0,28.45,18.29,22.83,0,83.96
3951,2018-12-15,09:45:21,2018,12,15,9,Saturday,Kurunegala,Bamunakotuwa,7.5,80.2833,0,2,28.25,26.1,27.16,0,82.77
3952,2018-12-14,17:35:03,2018,12,14,17,Friday,Kandy,Kundasale,7.2833,80.7,1,1,29.27,17.86,23.65,0,83.73
3953,2018-12-14,15:46:13,2018,12,14,15,Friday,Anuradhapura,Padaviya,8.8,80.7667,0,0,25.98,15.8,20.94,0,89.36
3954,2018-12-14,08:57:50,2018,12,14,8,Friday,Matale,Rattota,7.5333,80.7,0,0,27.83,18.61,22.9,0,86.83
3955,2018-12-12,20:46:19,2018,12,12,20,Wednesday,Anuradhapura,Thambuttegama,8.15,80.3167,1,0,27.56,21.17,24.3,0,86.06
3956,2018-12-12,17:57:56,2018,12,12,17,Wednesday,Puttalam,Mundalama,8.1167,79.8333,0,0,28.09,20.31,24.23,0,81.32
3957,2018-12-10,08:06:22,2018,12,10,8,Monday,Hambantota,Tissamaharama,6.2833,81.2833,0,1,25.69,20.67,22.8,0,92.3
3958,2018-12-10,07:43:41,2018,12,10,7,Monday,Batticaloa,Eravur,7.7667,81.6,3,1,28.2,25.18,26.66,0,79.18
3959,2018-12-09,15:34:43,2018,12,9,15,Sunday,Badulla,Badulla,6.9934,81.055,2,2,26.38,21.65,23.46,0,92.61
3961,2018-12-09,06:25:11,2018,12,9,6,Sunday,Hambantota,Meellawa,6.1833,81.05,3,1,29.25,23.22,25.87,0,84.66
3960,2018-12-09,11:00:57,2018,12,9,11,Sunday,Gampaha,Kelaniya,6.9553,79.9219,2,1,29.25,23.22,25.87,0,84.66
3962,2018-12-08,11:16:58,2018,12,8,11,Saturday,Matale,Galewela,7.75,80.5667,0,1,28.09,21.29,24.01,0,90.41
3963,2018-12-07,15:11:35,2018,12,7,15,Friday,Badulla,Bandarawela,6.8325,80.9886,1,2,26.94,20.53,23.21,0,91.12
3964,2018-12-06,18:08:42,2018,12,6,18,Thursday,Galle,Galle,6.0535,80.221,0,2,28.68,26.48,27.51,0,80.14
3965,2018-12-05,09:58:30,2018,12,5,9,Wednesday,Colombo,Boralesgamuwa,6.8394,79.9024,1,1,27.79,24.66,26.08,0,89.86
3966,2018-12-05,08:22:27,2018,12,5,8,Wednesday,Puttalam,Mundalama,8.1167,79.8333,1,1,27.79,24.66,26.08,0,89.86
3967,2018-12-04,08:13:22,2018,12,4,8,Tuesday,Puttalam,Puttalam,8.0362,79.8283,0,1,29.3,22.24,25.42,0,89.62
3968,2018-12-03,17:58:29,2018,12,3,17,Monday,Kurunegala,Giriulla,7.3333,80.1333,0,2,26.45,21.48,23.42,0,92.88
3969,2018-12-03,11:49:44,2018,12,3,11,Monday,Ampara,Pottuvil,6.8667,81.8333,0,2,28.72,23.56,26.05,0,87.04
3970,2018-12-03,11:11:03,2018,12,3,11,Monday,Kurunegala,Ibbagamuwa,7.5,80.4,1,2,27.33,21.54,23.89,0,92.66
3971,2018-12-03,08:02:08,2018,12,3,8,Monday,Puttalam,Dankotuwa,7.2833,79.9,0,2,27.98,26.0,26.88,0,84.66
3972,2018-12-02,10:07:41,2018,12,2,10,Sunday,Gampaha,Negombo,7.2083,79.8358,0,1,26.71,18.96,22.81,0,90.38
3973,2018-11-29,17:29:01,2018,11,29,17,Thursday,Kegalle,Warakapola,7.2167,80.2,4,1,29.99,23.7,26.54,0,84.3
3974,2018-11-29,17:07:55,2018,11,29,17,Thursday,Mannar,Pallimunai,8.95,79.8833,1,2,29.92,24.36,27.06,0,78.56
3975,2018-11-29,08:21:14,2018,11,29,8,Thursday,Ratnapura,Kiriella,6.75,80.3667,0,1,29.04,26.44,27.7,0,80.19
3976,2018-11-28,15:53:20,2018,11,28,15,Wednesday,Mullaitivu,Oddusuddan,9.15,80.6333,1,1,28.75,22.22,24.71,0,88.67
3977,2018-11-28,13:53:56,2018,11,28,13,Wednesday,Galle,Batapola,6.2,80.1167,1,2,27.74,26.51,27.08,0,83.29
3978,2018-11-26,16:56:11,2018,11,26,16,Monday,Kurunegala,Kuliyapitiya,7.4708,80.04,0,1,29.31,23.61,26.05,0,82.24
3979,2018-11-24,11:53:50,2018,11,24,11,Saturday,Kalutara,Matugama,6.5219,80.1164,1,2,28.39,25.32,26.57,0,82.54
3980,2018-11-24,08:32:09,2018,11,24,8,Saturday,Colombo,Wattala,6.9897,79.8919,1,2,28.76,25.62,26.98,0,81.85
3981,2018-11-23,17:33:43,2018,11,23,17,Friday,Ratnapura,Godakawela,6.5,80.55,3,3,28.35,25.3,26.65,0,86.65
3982,2018-11-22,18:53:05,2018,11,22,18,Thursday,Gampaha,Mirigama,7.2417,80.1236,1,2,28.89,25.1,27.01,0,82.56
3983,2018-11-22,15:13:16,2018,11,22,15,Thursday,Gampaha,Nittambuwa,7.1417,80.0944,1,2,28.9,24.54,26.82,0,81.42
3984,2018-11-21,09:15:38,2018,11,21,9,Wednesday,Kurunegala,Kuliyapitiya,7.4708,80.04,2,1,28.05,24.75,26.2,0,84.57
3985,2018-11-20,17:10:28,2018,11,20,17,Tuesday,Matara,Malimbada,6.0167,80.5167,0,1,27.36,24.0,25.52,0,86.73
3987,2018-11-20,16:00:05,2018,11,20,16,Tuesday,Gampaha,Attanagalla,7.1125,80.0056,0,1,25.74,19.31,22.0,0,89.88
3986,2018-11-20,16:31:56,2018,11,20,16,Tuesday,Jaffna,Jaffna,9.6615,80.0255,0,3,27.53,26.44,26.89,0,89.61
3988,2018-11-20,14:46:21,2018,11,20,14,Tuesday,Matale,Hasalaka,7.35,80.8833,0,1,27.84,21.2,23.88,0,88.85
3989,2018-11-20,12:57:52,2018,11,20,12,Tuesday,Ratnapura,Balangoda,6.65,80.7,2,1,27.69,21.54,24.17,0,89.52
3990,2018-11-20,07:40:36,2018,11,20,7,Tuesday,Gampaha,Veyangoda,7.1542,80.0583,0,1,27.84,21.2,23.88,0,88.85
3991,2018-11-19,16:08:35,2018,11,19,16,Monday,Ampara,Maha Oya,7.5,81.3833,0,2,27.79,21.06,23.96,0,89.65
3992,2018-11-18,16:19:17,2018,11,18,16,Sunday,Gampaha,Dompe,7.0167,80.05,1,2,29.43,23.82,26.38,0,83.83
3993,2018-11-17,19:38:41,2018,11,17,19,Saturday,Ratnapura,Nivithigala,6.6167,80.4667,1,2,27.13,24.94,25.82,0,87.05
3994,2018-11-17,13:00:53,2018,11,17,13,Saturday,Gampaha,Veyangoda,7.1542,80.0583,1,2,26.96,24.68,25.66,0,86.72
3995,2018-11-17,10:17:50,2018,11,17,10,Saturday,Ratnapura,Nivithigala,6.6167,80.4667,2,1,27.37,21.78,24.23,0,90.21
3996,2018-11-16,11:14:59,2018,11,16,11,Friday,Galle,Ambalangoda,6.2354,80.0538,1,1,29.03,25.96,27.27,0,81.53
3997,2018-11-13,11:19:36,2018,11,13,11,Tuesday,Gampaha,Divulapitiya,7.2219,79.9581,1,0,29.45,21.53,25.21,0,86.45
3998,2018-11-12,21:33:48,2018,11,12,21,Monday,Puttalam,Madampe,7.5,79.8167,1,0,29.06,22.64,25.67,0,79.7
3999,2018-11-12,16:06:21,2018,11,12,16,Monday,Galle,Hikkaduwa,6.14,80.1,1,1,27.98,26.34,27.16,0,80.15
4000,2018-11-12,13:51:54,2018,11,12,13,Monday,Kurunegala,Mawathagama,7.4167,80.45,0,1,27.4,26.97,27.23,0,82.33
4001,2018-11-12,12:05:57,2018,11,12,12,Monday,Kalutara,Matugama,6.5219,80.1164,0,0,25.85,17.49,21.31,0,84.82
4002,2018-11-12,09:28:18,2018,11,12,9,Monday,Colombo,Homagama,6.8408,80.0024,1,1,27.9,23.64,25.87,0,82.28
4003,2018-11-11,11:08:08,2018,11,11,11,Sunday,Colombo,Kesbewa,6.7959,79.9383,1,1,29.45,22.04,25.13,0,84.62
4004,2018-11-10,17:15:51,2018,11,10,17,Saturday,Gampaha,Peliyagoda,6.9556,79.8864,1,1,29.29,23.44,26.06,0,83.83
4005,2018-11-10,16:00:22,2018,11,10,16,Saturday,Hambantota,Angunakolapelessa,6.1833,80.9167,1,1,29.29,23.44,26.06,0,83.83
4006,2018-11-08,09:24:08,2018,11,8,9,Thursday,Jaffna,Chavakachcheri,9.65,80.1667,0,2,28.0,23.35,25.11,0,91.3
4007,2018-11-07,07:21:31,2018,11,7,7,Wednesday,Kilinochchi,Kilinochchi,9.3961,80.3981,2,2,27.86,26.96,27.35,0,84.62
4008,2018-11-06,12:19:40,2018,11,6,12,Tuesday,Kalutara,Kalutara,6.5854,79.9607,1,3,27.65,22.14,24.22,0,91.2
4009,2018-11-05,11:02:34,2018,11,5,11,Monday,Gampaha,Hendala,6.9833,79.8833,1,2,28.58,23.99,26.18,0,86.74
4010,2018-11-02,10:38:01,2018,11,2,10,Friday,Kalutara,Horana,6.7156,80.0644,0,3,27.57,25.01,26.14,0,87.86
4011,2018-11-01,16:52:18,2018,11,1,16,Thursday,Colombo,Piliyandala,6.8011,79.9231,0,1,28.09,26.02,26.9,0,83.65
4012,2018-11-01,10:17:42,2018,11,1,10,Thursday,Colombo,Moratuwa,6.773,79.8816,0,3,27.54,24.86,25.97,0,88.45
4013,2018-10-31,10:10:34,2018,10,31,10,Wednesday,Colombo,Kottawa,6.8412,79.9653,0,2,27.1,24.69,25.84,0,89.45
4014,2018-10-30,09:50:33,2018,10,30,9,Tuesday,Jaffna,Delft,9.5,79.6833,1,3,28.07,26.18,27.02,0,86.35
4015,2018-10-29,10:19:46,2018,10,29,10,Monday,Kandy,Gampola,7.1647,80.5767,2,1,28.17,24.41,26.14,0,84.27
4016,2018-10-28,10:53:16,2018,10,28,10,Sunday,Polonnaruwa,Welikanda,7.8833,81.1,0,2,27.6,24.93,25.91,0,88.16
4017,2018-10-28,10:19:33,2018,10,28,10,Sunday,Anuradhapura,Palugaswewa,8.5,80.7833,2,2,28.55,23.98,26.15,0,85.86
4018,2018-10-26,16:34:49,2018,10,26,16,Friday,Kalutara,Payagala,6.5167,79.9833,1,2,28.11,25.03,26.36,0,85.36
4019,2018-10-26,15:39:44,2018,10,26,15,Friday,Kalutara,Horana,6.7156,80.0644,1,2,28.11,25.03,26.36,0,85.36
4020,2018-10-25,10:30:35,2018,10,25,10,Thursday,Puttalam,Dankotuwa,7.2833,79.9,1,1,28.88,24.34,26.34,0,83.38
4021,2018-10-25,07:04:29,2018,10,25,7,Thursday,Colombo,Ratmalana,6.8181,79.8867,0,1,28.08,25.11,26.22,0,82.93
4022,2018-10-24,14:01:12,2018,10,24,14,Wednesday,Gampaha,Minuwangoda,7.1667,79.95,7,2,29.25,22.3,25.38,0,84.08
4023,2018-10-24,09:54:34,2018,10,24,9,Wednesday,Kandy,Peradeniya,7.26,80.6,4,2,29.25,22.3,25.38,0,84.08
4024,2018-10-22,11:02:15,2018,10,22,11,Monday,Gampaha,Gampaha,7.0917,79.9997,0,2,25.74,21.08,23.04,0,91.24
4025,2018-10-20,11:01:02,2018,10,20,11,Saturday,Ampara,Pottuvil,6.8667,81.8333,1,1,29.89,25.75,27.38,0,79.79
4027,2018-10-19,08:56:32,2018,10,19,8,Friday,Matale,Sigiriya,7.9575,80.7603,2,1,28.98,25.02,26.67,0,81.22
4026,2018-10-20,09:13:30,2018,10,20,9,Saturday,Ratnapura,Godakawela,6.5,80.55,2,1,26.38,22.7,24.12,0,91.82
4028,2018-10-18,14:58:22,2018,10,18,14,Thursday,Colombo,Mulleriyawa,6.9333,79.9333,1,2,29.31,25.72,27.51,0,76.26
4029,2018-10-15,15:26:53,2018,10,15,15,Monday,Gampaha,Gampaha,7.0917,79.9997,1,1,28.02,26.28,27.13,0,81.36
4030,2018-10-15,13:41:31,2018,10,15,13,Monday,Kalutara,Millaniya,6.6833,80.0333,4,1,30.15,24.36,27.21,0,80.86
4031,2018-10-14,20:14:40,2018,10,14,20,Sunday,Colombo,Moratuwa,6.773,79.8816,3,2,29.93,24.44,27.06,0,80.32
4032,2018-10-14,16:56:18,2018,10,14,16,Sunday,Matale,Pallepola,7.5833,80.6,1,1,27.95,21.53,24.38,0,86.33
4034,2018-10-13,09:00:01,2018,10,13,9,Saturday,Hambantota,Lunugamvehera,6.3167,81.2167,1,2,29.1,22.71,25.45,0,84.12
4033,2018-10-13,18:16:56,2018,10,13,18,Saturday,Anuradhapura,Horowpothana,8.55,80.8333,1,2,28.12,24.6,26.15,0,80.51
4035,2018-10-12,17:41:45,2018,10,12,17,Friday,Galle,Galle,6.0535,80.221,0,1,27.32,26.48,26.85,0,78.61
4037,2018-10-12,13:05:15,2018,10,12,13,Friday,Hambantota,Lunugamvehera,6.3167,81.2167,0,1,28.27,22.48,24.82,0,84.43
4036,2018-10-12,16:25:03,2018,10,12,16,Friday,Hambantota,Lunugamvehera,6.3167,81.2167,0,1,28.27,22.48,24.82,0,84.43
4038,2018-10-12,07:38:57,2018,10,12,7,Friday,Kurunegala,Narammala,7.4167,80.0167,2,1,32.51,23.9,27.39,0,80.21
4039,2018-10-11,11:14:57,2018,10,11,11,Thursday,Hambantota,Tangalle,6.0242,80.7944,0,1,26.81,21.29,23.55,0,88.1
4041,2018-10-09,15:20:35,2018,10,9,15,Tuesday,Gampaha,Katunayake,7.1697,79.8844,0,2,28.67,25.71,26.95,0,84.96
4040,2018-10-10,13:11:44,2018,10,10,13,Wednesday,Kalutara,Aluthgama,6.4333,79.9958,1,1,29.45,24.76,26.89,0,81.07
4042,2018-10-08,12:27:30,2018,10,8,12,Monday,Kurunegala,Alawwa,7.3,80.2333,0,3,29.8,25.34,27.08,0,83.75
4043,2018-10-08,10:38:11,2018,10,8,10,Monday,Polonnaruwa,Medirigiriya,8.15,80.9667,0,2,27.11,22.2,24.32,0,89.9
4044,2018-10-07,13:18:03,2018,10,7,13,Sunday,Colombo,Mount Lavinia,6.8389,79.8636,2,3,27.32,24.7,25.65,0,89.61
4045,2018-10-07,06:55:11,2018,10,7,6,Sunday,Polonnaruwa,Welikanda,7.8833,81.1,0,2,29.05,24.98,26.57,0,84.52
4046,2018-10-05,13:15:09,2018,10,5,13,Friday,Matale,Rattota,7.5333,80.7,2,3,28.47,25.13,26.4,0,89.0
4047,2018-10-04,16:33:13,2018,10,4,16,Thursday,Colombo,Kelaniya,6.9553,79.9219,0,2,27.79,26.42,27.02,0,88.31
4048,2018-10-03,16:21:59,2018,10,3,16,Wednesday,Colombo,Battaramulla,6.8989,79.9181,2,2,28.73,25.46,26.74,0,83.74
4049,2018-10-03,14:33:15,2018,10,3,14,Wednesday,Ratnapura,Ratnapura,6.6828,80.3992,1,2,33.29,23.48,27.35,0,79.51
4050,2018-10-02,20:42:24,2018,10,2,20,Tuesday,Badulla,Diyatalawa,6.8167,80.9667,0,1,29.29,22.74,25.21,0,86.13
4051,2018-10-02,17:21:44,2018,10,2,17,Tuesday,Kandy,Digana,7.2833,80.75,0,1,29.29,22.74,25.21,0,86.13
4052,2018-10-02,10:57:04,2018,10,2,10,Tuesday,Polonnaruwa,Dimbulagala,7.9667,81.0,4,1,27.27,23.16,24.96,0,88.9
4053,2018-10-01,16:13:00,2018,10,1,16,Monday,Colombo,Dehiwala,6.8511,79.8636,0,1,29.98,24.51,26.9,0,85.28
4054,2018-10-01,06:49:44,2018,10,1,6,Monday,Hambantota,Waligatta,6.2,81.0333,0,2,28.57,25.21,26.56,0,89.09
4056,2018-09-29,16:01:16,2018,9,29,16,Saturday,Hambantota,Ambalantota,6.1167,81.0167,1,2,28.48,24.41,26.14,0,86.5
4055,2018-09-30,13:29:39,2018,9,30,13,Sunday,Colombo,Boralesgamuwa,6.8394,79.9024,1,2,29.78,25.04,26.95,0,85.67
4058,2018-09-28,18:06:52,2018,9,28,18,Friday,Colombo,Ja-Ela,7.0744,79.8919,1,1,28.94,24.39,26.27,0,84.78
4057,2018-09-28,18:58:05,2018,9,28,18,Friday,Ratnapura,Kuruwita,6.7833,80.3667,0,1,25.85,25.33,25.52,0,81.34
4059,2018-09-28,17:54:55,2018,9,28,17,Friday,Colombo,Dehiwala,6.8511,79.8636,0,2,33.1,23.33,27.6,0,76.89
4060,2018-09-27,11:09:06,2018,9,27,11,Thursday,Kegalle,Molagoda,7.2167,80.4,1,2,31.35,25.49,27.69,0,77.5
4061,2018-09-27,09:04:02,2018,9,27,9,Thursday,Gampaha,Ragama,7.0286,79.9197,2,2,27.17,24.68,25.84,0,87.66
4062,2018-09-26,17:24:48,2018,9,26,17,Wednesday,Colombo,Homagama,6.8408,80.0024,1,1,28.82,24.08,26.26,0,84.64
4063,2018-09-26,11:23:30,2018,9,26,11,Wednesday,Vavuniya,Chettikulam,8.8,80.45,1,1,28.82,24.08,26.26,0,84.64
4064,2018-09-25,19:06:33,2018,9,25,19,Tuesday,Kandy,Pilimathalawa,7.2167,80.5667,1,2,27.07,25.73,26.43,0,86.44
4065,2018-09-25,15:34:07,2018,9,25,15,Tuesday,Nuwara Eliya,Norwood,6.85,80.6167,1,2,29.54,24.99,26.68,0,82.22
4066,2018-09-25,09:55:56,2018,9,25,9,Tuesday,Monaragala,Buttala,6.75,81.2333,0,1,32.43,25.06,28.33,0,74.87
4067,2018-09-25,09:20:28,2018,9,25,9,Tuesday,Hambantota,Ambalantota,6.1167,81.0167,0,2,27.86,24.81,26.21,0,85.94
4068,2018-09-25,06:42:22,2018,9,25,6,Tuesday,Ampara,Pottuvil,6.8667,81.8333,3,2,29.78,25.37,27.13,0,78.4
4069,2018-09-24,17:27:52,2018,9,24,17,Monday,Hambantota,Ambalantota,6.1167,81.0167,0,2,27.62,25.28,26.29,0,86.03
4070,2018-09-24,14:55:40,2018,9,24,14,Monday,Nuwara Eliya,Kotagala,6.95,80.5833,0,2,25.15,20.39,22.51,0,90.48
4071,2018-09-24,10:15:17,2018,9,24,10,Monday,Jaffna,Point Pedro,9.8167,80.2333,0,1,29.13,27.52,28.42,0,78.39
4072,2018-09-23,12:41:07,2018,9,23,12,Sunday,Colombo,Colombo,6.9271,79.8612,0,1,28.42,24.63,26.39,0,86.22
4073,2018-09-23,10:54:59,2018,9,23,10,Sunday,Nuwara Eliya,Nuwara Eliya,6.9497,80.7891,1,1,28.24,19.78,23.5,0,84.89
4074,2018-09-22,11:26:48,2018,9,22,11,Saturday,Badulla,Kandeketiya,7.05,81.1,0,2,28.09,25.83,26.62,0,85.28
4075,2018-09-22,10:32:17,2018,9,22,10,Saturday,Nuwara Eliya,Ginigathhena,6.9833,80.4667,0,1,26.6,20.48,22.75,0,87.52
4076,2018-09-21,18:44:22,2018,9,21,18,Friday,Colombo,Meegoda,6.8434,80.0093,0,2,28.03,25.32,26.41,0,86.25
4077,2018-09-20,18:11:48,2018,9,20,18,Thursday,Hambantota,Sooriyawewa,6.3167,81.0,1,2,27.76,23.15,24.75,0,88.25
4078,2018-09-19,23:31:48,2018,9,19,23,Wednesday,Monaragala,Kataragama,6.4167,81.3333,1,1,28.12,25.42,26.44,0,83.75
4079,2018-09-19,15:55:41,2018,9,19,15,Wednesday,Colombo,Colombo,6.9271,79.8612,0,1,28.12,25.42,26.44,0,83.75
4080,2018-09-19,13:37:35,2018,9,19,13,Wednesday,Colombo,Colombo,6.9271,79.8612,0,1,28.12,25.42,26.44,0,83.75
4081,2018-09-18,19:07:09,2018,9,18,19,Tuesday,Nuwara Eliya,Kotagala,6.95,80.5833,0,1,25.68,20.76,22.4,0,86.77
4082,2018-09-18,12:36:49,2018,9,18,12,Tuesday,Colombo,Homagama,6.8408,80.0024,1,1,28.44,25.5,26.64,0,80.18
4083,2018-09-18,08:33:03,2018,9,18,8,Tuesday,Colombo,Colombo,6.9271,79.8612,0,1,28.44,25.5,26.64,0,80.18
4084,2018-09-18,07:58:38,2018,9,18,7,Tuesday,Kurunegala,Galgamuwa,8.0167,80.2833,2,1,29.88,26.32,27.76,0,75.46
4085,2018-09-17,19:06:26,2018,9,17,19,Monday,Colombo,Colombo,6.9271,79.8612,0,1,28.6,25.51,26.73,0,79.74
4086,2018-09-17,17:29:48,2018,9,17,17,Monday,Badulla,Mahiyanganaya,7.3333,81.0,0,2,28.39,26.06,26.98,0,80.3
4088,2018-09-17,10:17:45,2018,9,17,10,Monday,Colombo,Colombo,6.9271,79.8612,0,1,28.6,25.51,26.73,0,79.74
4087,2018-09-17,14:55:03,2018,9,17,14,Monday,Monaragala,Siyambalanduwa,6.9,81.5333,2,1,25.17,20.63,22.28,0,86.47
4089,2018-09-16,19:44:28,2018,9,16,19,Sunday,Vavuniya,Nedunkeni,8.9167,80.4667,2,1,24.95,19.94,22.06,0,88.79
4091,2018-09-16,11:57:12,2018,9,16,11,Sunday,Gampaha,Nittambuwa,7.1417,80.0944,4,1,32.78,25.44,28.79,0,68.36
4090,2018-09-16,19:07:11,2018,9,16,19,Sunday,Hambantota,Waligatta,6.2,81.0333,4,1,32.78,25.44,28.79,0,68.36
4092,2018-09-16,11:10:29,2018,9,16,11,Sunday,Galle,Bentota,6.4167,79.9958,2,1,28.51,24.65,26.39,0,81.73
4093,2018-09-15,11:01:33,2018,9,15,11,Saturday,Colombo,Piliyandala,6.8011,79.9231,0,1,29.49,24.29,26.6,0,79.41
4094,2018-09-15,10:34:20,2018,9,15,10,Saturday,Polonnaruwa,Welikanda,7.8833,81.1,1,1,37.3,25.33,30.5,0,59.68
4095,2018-09-15,09:39:59,2018,9,15,9,Saturday,Monaragala,Thanamalwila,6.4333,81.0333,1,2,27.86,26.72,27.2,0,81.62
4096,2018-09-14,14:28:45,2018,9,14,14,Friday,Badulla,Hali Ela,6.9667,81.0167,0,1,32.44,21.65,26.1,0,72.35
4097,2018-09-13,18:39:51,2018,9,13,18,Thursday,Kalutara,Bandaragama,6.7139,79.9889,0,1,29.05,24.28,26.18,0,80.87
4099,2018-09-13,07:09:42,2018,9,13,7,Thursday,Galle,Galle,6.0535,80.221,4,1,28.21,26.52,27.26,0,79.0
4098,2018-09-13,12:30:25,2018,9,13,12,Thursday,Galle,Galle,6.0535,80.221,4,1,28.21,26.52,27.26,0,79.0
4101,2018-09-12,15:40:02,2018,9,12,15,Wednesday,Hambantota,Sooriyawewa,6.3167,81.0,1,1,31.4,21.21,25.33,0,80.59
4100,2018-09-12,18:00:14,2018,9,12,18,Wednesday,Kalutara,Beruwala,6.4789,79.9828,4,1,28.79,24.51,26.25,0,82.51
4102,2018-09-12,14:19:13,2018,9,12,14,Wednesday,Anuradhapura,Horowpothana,8.55,80.8333,4,0,39.07,23.81,30.5,0,58.35
4104,2018-09-12,10:10:24,2018,9,12,10,Wednesday,Monaragala,Wellawaya,6.7333,81.1,1,1,32.88,22.82,27.02,0,76.21
4103,2018-09-12,10:10:24,2018,9,12,10,Wednesday,Monaragala,Wellawaya,6.7333,81.1,1,1,32.88,22.82,27.02,0,76.21
4106,2018-09-10,13:44:48,2018,9,10,13,Monday,Puttalam,Mundalama,8.1167,79.8333,1,1,31.74,25.04,27.58,0,75.81
4105,2018-09-11,10:06:14,2018,9,11,10,Tuesday,Galle,Ambalangoda,6.2354,80.0538,5,1,32.73,24.75,27.88,0,73.9
4107,2018-09-10,10:58:29,2018,9,10,10,Monday,Hambantota,Sooriyawewa,6.3167,81.0,1,1,30.32,22.02,25.31,0,82.65
4108,2018-09-08,12:22:39,2018,9,8,12,Saturday,Colombo,Wattala,6.9897,79.8919,0,0,28.74,24.17,25.99,0,81.57
4109,2018-09-08,12:03:23,2018,9,8,12,Saturday,Kegalle,Aranayaka,7.15,80.4333,1,0,27.44,19.37,22.52,0,83.48
4110,2018-09-08,11:08:59,2018,9,8,11,Saturday,Polonnaruwa,Welikanda,7.8833,81.1,0,0,36.72,23.47,29.65,0,63.67
4112,2018-09-05,15:12:31,2018,9,5,15,Wednesday,Galle,Nagoda,6.1333,80.1833,1,1,27.69,26.18,26.91,0,81.06
4111,2018-09-06,07:26:43,2018,9,6,7,Thursday,Nuwara Eliya,Ambewela,6.8667,80.8167,1,0,34.6,22.57,27.49,0,69.23
4114,2018-09-04,12:00:03,2018,9,4,12,Tuesday,Ratnapura,Balangoda,6.65,80.7,0,0,29.14,21.74,24.61,0,85.63
4113,2018-09-05,06:33:57,2018,9,5,6,Wednesday,Kilinochchi,Kilinochchi,9.3961,80.3981,1,0,30.25,26.65,28.08,0,76.47
4115,2018-09-04,07:57:19,2018,9,4,7,Tuesday,Ratnapura,Embilipitiya,6.3417,80.85,0,0,29.14,21.74,24.61,0,85.63
4116,2018-09-03,14:30:12,2018,9,3,14,Monday,Nuwara Eliya,Kotagala,6.95,80.5833,1,1,26.61,20.07,22.54,0,87.39
4118,2018-09-02,13:58:04,2018,9,2,13,Sunday,Vavuniya,Vavuniya,8.7514,80.4971,0,0,31.84,24.88,27.83,0,75.92
4117,2018-09-03,09:41:29,2018,9,3,9,Monday,Ampara,Thirukkovil,6.8333,81.8,0,1,29.94,25.05,26.96,0,78.11
4119,2018-09-02,10:01:52,2018,9,2,10,Sunday,Badulla,Welimada,6.9,80.9,2,1,28.26,24.14,25.81,0,86.18
4120,2018-09-02,10:00:41,2018,9,2,10,Sunday,Mannar,Mannar,8.9779,79.912,1,1,29.42,26.07,27.41,0,81.64
4121,2018-08-31,12:31:38,2018,8,31,12,Friday,Colombo,Seeduwa,7.1258,79.8831,0,1,32.1,24.19,27.38,0,77.34
4122,2018-08-29,16:28:00,2018,8,29,16,Wednesday,Ampara,Pottuvil,6.8667,81.8333,0,1,30.71,21.54,25.37,0,76.9
4123,2018-08-29,13:27:39,2018,8,29,13,Wednesday,Nuwara Eliya,Talawakele,6.9333,80.65,1,1,26.94,24.54,25.48,0,88.8
4124,2018-08-29,12:26:01,2018,8,29,12,Wednesday,Anuradhapura,Kekirawa,8.0333,80.6,1,1,32.73,23.57,27.13,0,75.94
4125,2018-08-28,11:28:16,2018,8,28,11,Tuesday,Ratnapura,Pelmadulla,6.6167,80.55,1,1,28.71,22.21,24.51,0,86.62
4126,2018-08-28,10:04:14,2018,8,28,10,Tuesday,Gampaha,Dompe,7.0167,80.05,1,1,28.13,24.41,25.93,0,85.94
4127,2018-08-27,18:51:36,2018,8,27,18,Monday,Nuwara Eliya,Dimbula,6.9333,80.6,0,1,29.24,21.94,24.66,0,84.48
4129,2018-09-12,10:10:24,2018,9,12,10,Wednesday,Monaragala,Wellawaya,6.7333,81.1,1,1,32.88,22.82,27.02,0,76.21
4130,2018-09-11,10:06:14,2018,9,11,10,Tuesday,Kurunegala,Dambadeniya,7.3667,80.1333,5,1,32.73,24.75,27.88,0,73.9
4131,2018-09-10,13:44:48,2018,9,10,13,Monday,Puttalam,Mundalama,8.1167,79.8333,1,1,31.74,25.04,27.58,0,75.81
4132,2018-09-10,10:58:29,2018,9,10,10,Monday,Hambantota,Sooriyawewa,6.3167,81.0,1,1,30.32,22.02,25.31,0,82.65
4133,2018-09-08,12:22:39,2018,9,8,12,Saturday,Colombo,Wattala,6.9897,79.8919,0,0,28.74,24.17,25.99,0,81.57
4134,2018-09-08,12:03:23,2018,9,8,12,Saturday,Kegalle,Aranayaka,7.15,80.4333,1,0,27.44,19.37,22.52,0,83.48
4135,2018-09-08,11:08:59,2018,9,8,11,Saturday,Polonnaruwa,Welikanda,7.8833,81.1,0,0,36.72,23.47,29.65,0,63.67
4136,2018-09-06,07:26:43,2018,9,6,7,Thursday,Batticaloa,Batticaloa,7.7102,81.6924,1,0,34.6,22.57,27.49,0,69.23
4137,2018-09-05,15:12:31,2018,9,5,15,Wednesday,Galle,Nagoda,6.1333,80.1833,1,1,27.69,26.18,26.91,0,81.06
4138,2018-09-05,06:33:57,2018,9,5,6,Wednesday,Kilinochchi,Kilinochchi,9.3961,80.3981,1,0,30.25,26.65,28.08,0,76.47
4139,2018-09-04,12:00:03,2018,9,4,12,Tuesday,Ratnapura,Balangoda,6.65,80.7,0,0,29.14,21.74,24.61,0,85.63
4140,2018-09-04,07:57:19,2018,9,4,7,Tuesday,Ratnapura,Embilipitiya,6.3417,80.85,0,0,29.14,21.74,24.61,0,85.63
4141,2018-09-03,14:30:12,2018,9,3,14,Monday,Nuwara Eliya,Kotagala,6.95,80.5833,1,1,26.61,20.07,22.54,0,87.39
4142,2018-09-03,09:41:29,2018,9,3,9,Monday,Jaffna,Kopay,9.7,80.0333,0,1,29.94,25.05,26.96,0,78.11
4143,2018-09-02,13:58:04,2018,9,2,13,Sunday,Vavuniya,Vavuniya,8.7514,80.4971,0,0,31.84,24.88,27.83,0,75.92
4144,2018-09-02,10:01:52,2018,9,2,10,Sunday,Kalutara,Beruwala,6.4789,79.9828,2,1,28.26,24.14,25.81,0,86.18
4145,2018-09-02,10:00:41,2018,9,2,10,Sunday,Mannar,Mannar,8.9779,79.912,1,1,29.42,26.07,27.41,0,81.64
4146,2018-08-31,12:31:38,2018,8,31,12,Friday,Jaffna,Nelliady,9.7833,80.0833,0,1,32.1,24.19,27.38,0,77.34
4147,2018-08-29,16:28:00,2018,8,29,16,Wednesday,Jaffna,Kopay,9.7,80.0333,0,1,30.71,21.54,25.37,0,76.9
4148,2018-08-29,13:27:39,2018,8,29,13,Wednesday,Hambantota,Okanda,6.65,81.7167,1,1,26.94,24.54,25.48,0,88.8
4149,2018-08-29,12:26:01,2018,8,29,12,Wednesday,Anuradhapura,Kekirawa,8.0333,80.6,1,1,32.73,23.57,27.13,0,75.94
4150,2018-08-28,11:28:16,2018,8,28,11,Tuesday,Ratnapura,Pelmadulla,6.6167,80.55,1,1,28.71,22.21,24.51,0,86.62
4151,2018-08-28,10:04:14,2018,8,28,10,Tuesday,Gampaha,Dompe,7.0167,80.05,1,1,28.13,24.41,25.93,0,85.94
4152,2018-08-27,18:51:36,2018,8,27,18,Monday,Matara,Akuressa,6.1,80.4833,0,1,29.24,21.94,24.66,0,84.48
4153,2018-08-27,09:17:00,2018,8,27,9,Monday,Badulla,Badulla,6.9934,81.055,1,1,32.71,20.99,26.05,0,72.53
4128,2018-08-27,09:17:00,2018,8,27,9,Monday,Badulla,Badulla,6.9934,81.055,1,1,32.71,20.99,26.05,0,72.53
4154,2018-08-26,20:02:28,2018,8,26,20,Sunday,Gampaha,Peliyagoda,6.9556,79.8864,12,1,27.0,23.96,25.13,0,89.87
4155,2018-08-26,09:22:32,2018,8,26,9,Sunday,Matara,Palmulla,6.1167,80.55,10,0,32.11,23.89,27.04,0,75.44
4156,2018-08-25,20:39:50,2018,8,25,20,Saturday,Nuwara Eliya,Maskeliya,6.8333,80.5667,0,1,26.86,24.38,25.35,0,90.68
4157,2018-08-25,19:44:56,2018,8,25,19,Saturday,Kegalle,Kitulgala,6.9833,80.4167,0,1,27.32,23.91,25.24,0,90.28
4158,2018-08-24,17:06:42,2018,8,24,17,Friday,Galle,Baddegama,6.1667,80.1833,0,1,26.89,25.61,26.1,0,88.6
4159,2018-08-24,16:20:58,2018,8,24,16,Friday,Kalutara,Bandaragama,6.7139,79.9889,0,1,27.22,24.45,25.52,0,89.06
4160,2018-08-24,16:01:27,2018,8,24,16,Friday,Mullaitivu,Mullaitivu,9.267,80.8144,2,2,30.83,26.78,28.58,0,75.22
4161,2018-08-23,12:38:37,2018,8,23,12,Thursday,Gampaha,Peliyagoda,6.9556,79.8864,0,1,36.3,24.22,29.2,0,65.27
4163,2018-08-22,18:27:19,2018,8,22,18,Wednesday,Hambantota,Sooriyawewa,6.3167,81.0,1,1,28.89,21.6,24.28,0,85.52
4162,2018-08-23,07:05:07,2018,8,23,7,Thursday,Jaffna,Chavakachcheri,9.65,80.1667,2,1,30.56,27.19,28.74,0,73.68
4164,2018-08-21,12:28:54,2018,8,21,12,Tuesday,Trincomalee,Nilaveli,8.6833,81.1833,1,0,33.24,25.65,28.86,0,71.3
4165,2018-08-20,17:43:07,2018,8,20,17,Monday,Puttalam,Anamaduwa,7.8667,79.9833,0,0,30.04,24.62,26.67,0,82.06
4166,2018-08-20,17:30:43,2018,8,20,17,Monday,Monaragala,Monaragala,6.8728,81.3505,0,1,30.96,21.43,25.02,0,73.84
4167,2018-08-20,10:32:02,2018,8,20,10,Monday,Kandy,Peradeniya,7.26,80.6,2,1,29.32,22.57,25.08,0,82.22
4168,2018-08-18,18:49:29,2018,8,18,18,Saturday,Colombo,Kadawatha,7.0,79.95,0,2,26.27,24.08,24.95,0,89.45
4169,2018-08-18,14:08:36,2018,8,18,14,Saturday,Colombo,Wattala,6.9897,79.8919,1,2,26.27,24.08,24.95,0,89.45
4170,2018-08-17,13:52:27,2018,8,17,13,Friday,Hambantota,Lunugamvehera,6.3167,81.2167,1,1,28.45,24.86,26.02,0,84.56
4171,2018-08-17,10:01:31,2018,8,17,10,Friday,Puttalam,Madampe,7.5,79.8167,2,1,28.45,24.86,26.02,0,84.56
4172,2018-08-15,18:39:11,2018,8,15,18,Wednesday,Matale,Hasalaka,7.35,80.8833,1,1,29.81,21.74,24.72,0,76.18
4173,2018-08-15,09:08:01,2018,8,15,9,Wednesday,Monaragala,Medagama,6.75,81.15,0,1,27.45,25.11,26.07,0,84.13
4174,2018-08-14,08:50:44,2018,8,14,8,Tuesday,Kandy,Kundasale,7.2833,80.7,0,2,27.25,24.63,25.63,0,86.83
4175,2018-08-13,13:03:08,2018,8,13,13,Monday,Puttalam,Wennappuwa,7.35,79.8333,0,1,27.09,24.53,25.57,0,89.82
4176,2018-08-13,10:07:52,2018,8,13,10,Monday,Jaffna,Kopay,9.7,80.0333,1,0,30.58,27.52,28.8,0,74.59
4177,2018-08-12,16:04:04,2018,8,12,16,Sunday,Ratnapura,Balangoda,6.65,80.7,0,1,27.39,22.97,24.62,0,88.8
4178,2018-08-11,15:54:21,2018,8,11,15,Saturday,Kurunegala,Polgahawela,7.3333,80.3,1,1,27.77,24.91,25.98,0,88.08
4179,2018-08-10,17:10:43,2018,8,10,17,Friday,Hambantota,Ambalantota,6.1167,81.0167,0,1,27.89,25.47,26.41,0,87.46
4180,2018-08-10,09:54:46,2018,8,10,9,Friday,Nuwara Eliya,Ragala,6.9167,80.8,1,1,32.23,23.21,26.8,0,73.59
4181,2018-08-10,09:14:05,2018,8,10,9,Friday,Matale,Matale,7.4675,80.6234,1,1,29.31,23.3,25.58,0,85.08
4182,2018-08-09,17:21:16,2018,8,9,17,Thursday,Nuwara Eliya,Hatton,6.8917,80.5958,0,2,24.45,20.3,21.86,0,90.96
4183,2018-08-07,15:50:18,2018,8,7,15,Tuesday,Kurunegala,Polgahawela,7.3333,80.3,0,1,28.44,24.76,26.24,0,86.41
4185,2018-08-07,11:48:52,2018,8,7,11,Tuesday,Kurunegala,Polgahawela,7.3333,80.3,0,1,28.44,24.76,26.24,0,86.41
4184,2018-08-07,12:53:23,2018,8,7,12,Tuesday,Matale,Galewela,7.75,80.5667,1,0,29.49,22.95,25.25,0,81.94
4187,2018-08-07,09:49:31,2018,8,7,9,Tuesday,Kurunegala,Polgahawela,7.3333,80.3,0,1,28.44,24.76,26.24,0,86.41
4186,2018-08-07,10:23:36,2018,8,7,10,Tuesday,Nuwara Eliya,Bogawantalawa,6.8,80.6667,1,0,32.2,24.15,26.91,0,76.4
4189,2018-08-07,06:32:07,2018,8,7,6,Tuesday,Kurunegala,Polgahawela,7.3333,80.3,0,1,28.44,24.76,26.24,0,86.41
4188,2018-08-07,07:05:40,2018,8,7,7,Tuesday,Jaffna,Kopay,9.7,80.0333,1,0,30.78,27.18,28.71,0,75.08
4190,2018-08-06,19:01:26,2018,8,6,19,Monday,Kurunegala,Polgahawela,7.3333,80.3,0,1,27.91,24.74,26.11,0,87.31
4191,2018-08-06,13:43:56,2018,8,6,13,Monday,Kilinochchi,Pallai,9.4667,80.4167,2,0,30.52,27.45,28.78,0,76.85
4192,2018-08-06,12:28:50,2018,8,6,12,Monday,Mullaitivu,Mallavi,9.1167,80.2333,12,1,28.05,25.84,26.64,0,84.71
4193,2018-08-05,11:07:41,2018,8,5,11,Sunday,Mannar,Nanattan,8.9833,79.9667,0,1,29.57,21.35,24.47,0,80.68
4194,2018-08-05,06:26:07,2018,8,5,6,Sunday,Monaragala,Monaragala,6.8728,81.3505,3,1,29.57,21.35,24.47,0,80.68
4195,2018-08-04,10:57:01,2018,8,4,10,Saturday,Matara,Kamburupitiya,6.0833,80.5667,1,0,31.86,23.8,26.75,0,75.13
4196,2018-08-04,09:38:05,2018,8,4,9,Saturday,Kandy,Gampola,7.1647,80.5767,1,1,25.31,19.59,21.92,0,86.78
4197,2018-08-03,16:51:48,2018,8,3,16,Friday,Monaragala,Medagama,6.75,81.15,0,1,27.59,26.59,27.01,0,87.36
4198,2018-08-01,13:36:18,2018,8,1,13,Wednesday,Kalutara,Panadura,6.7133,79.9025,0,1,27.19,25.05,25.89,0,91.57
4199,2018-07-31,14:34:20,2018,7,31,14,Tuesday,Galle,Neluwa,6.35,80.3833,1,2,26.8,24.47,25.34,0,90.72
4200,2018-07-31,13:20:00,2018,7,31,13,Tuesday,Matara,Matara,5.9485,80.5353,0,2,27.11,25.48,26.13,0,90.09
4201,2018-07-31,12:53:03,2018,7,31,12,Tuesday,Kalutara,Payagala,6.5167,79.9833,0,1,27.69,22.74,24.54,0,85.25
4202,2018-07-30,17:16:57,2018,7,30,17,Monday,Vavuniya,Puliyankulam,8.8833,80.4667,1,0,32.01,25.97,28.42,0,73.51
4203,2018-07-29,09:05:23,2018,7,29,9,Sunday,Ampara,Ampara,7.2975,81.682,2,0,32.12,25.72,28.71,0,72.42
4204,2018-07-28,18:54:13,2018,7,28,18,Saturday,Jaffna,Point Pedro,9.8167,80.2333,2,1,27.66,24.7,25.92,0,88.67
4205,2018-07-28,16:06:13,2018,7,28,16,Saturday,Anuradhapura,Horowpothana,8.55,80.8333,2,0,30.16,27.83,28.84,0,75.01
4206,2018-07-28,11:24:41,2018,7,28,11,Saturday,Kilinochchi,Ariyalkulam,9.3667,80.4,1,0,30.16,27.83,28.84,0,75.01
4207,2018-07-27,16:55:26,2018,7,27,16,Friday,Anuradhapura,Anuradhapura,8.3114,80.4037,2,1,33.07,24.81,28.02,0,75.43
4208,2018-07-27,06:40:11,2018,7,27,6,Friday,Puttalam,Kalpitiya,8.2333,79.7667,0,1,29.83,25.34,27.0,0,84.11
4209,2018-07-25,09:08:14,2018,7,25,9,Wednesday,Matale,Galewela,7.75,80.5667,0,1,31.34,27.55,29.4,0,74.0
4210,2018-07-25,06:25:47,2018,7,25,6,Wednesday,Ratnapura,Ayagama,6.6167,80.3167,0,1,25.6,20.34,22.34,0,90.63
4211,2018-07-23,13:27:52,2018,7,23,13,Monday,Colombo,Colombo,6.9271,79.8612,0,1,27.84,24.14,25.62,0,90.29
4212,2018-07-23,07:45:07,2018,7,23,7,Monday,Kilinochchi,Pallai,9.4667,80.4167,0,1,29.04,22.2,24.86,0,86.97
4213,2018-07-22,19:31:35,2018,7,22,19,Sunday,Mannar,Mannar,8.9779,79.912,0,1,27.55,22.16,24.42,0,88.99
4214,2018-07-20,11:16:49,2018,7,20,11,Friday,Kandy,Katugastota,7.3167,80.6167,1,0,29.9,22.8,25.49,0,78.35
4215,2018-07-19,18:58:10,2018,7,19,18,Thursday,Colombo,Ja-Ela,7.0744,79.8919,1,1,31.9,25.24,27.73,0,74.81
4216,2018-07-19,17:49:55,2018,7,19,17,Thursday,Trincomalee,Kantale,8.35,81.0,0,1,28.36,25.18,26.41,0,86.81
4218,2018-07-18,13:21:59,2018,7,18,13,Wednesday,Matale,Laggala,7.5667,80.8,1,0,29.57,23.23,25.6,0,80.06
4217,2018-07-19,14:52:01,2018,7,19,14,Thursday,Matale,Galewela,7.75,80.5667,2,1,28.08,23.21,24.99,0,84.45
4220,2018-07-16,06:33:18,2018,7,16,6,Monday,Ampara,Ampara,7.2975,81.682,1,0,30.61,26.28,28.06,0,76.61
4219,2018-07-16,09:53:15,2018,7,16,9,Monday,Colombo,Kottawa,6.8412,79.9653,0,1,27.46,24.63,25.74,0,87.94
4221,2018-07-15,12:43:01,2018,7,15,12,Sunday,Mullaitivu,Oddusuddan,9.15,80.6333,0,1,29.66,24.47,26.18,0,83.94
4222,2018-07-14,18:34:00,2018,7,14,18,Saturday,Anuradhapura,Anuradhapura,8.3114,80.4037,2,0,32.7,24.57,27.82,0,73.57
4223,2018-07-14,16:43:02,2018,7,14,16,Saturday,Nuwara Eliya,Norwood,6.85,80.6167,0,1,25.59,19.67,22.28,0,88.83
4224,2018-07-14,15:47:07,2018,7,14,15,Saturday,Ampara,Thirukkovil,6.8333,81.8,1,1,27.98,24.24,26.03,0,87.48
4225,2018-07-14,11:27:33,2018,7,14,11,Saturday,Vavuniya,Puliyankulam,8.8833,80.4667,1,1,28.82,20.2,24.07,0,79.7
4226,2018-07-14,08:30:47,2018,7,14,8,Saturday,Ampara,Damana,7.3,81.7,0,1,27.98,24.24,26.03,0,87.48
4228,2018-07-13,14:20:04,2018,7,13,14,Friday,Puttalam,Madampe,7.5,79.8167,1,1,28.2,25.44,26.46,0,86.43
4227,2018-07-13,19:18:02,2018,7,13,19,Friday,Batticaloa,Valaichchenai,7.9167,81.5333,1,1,31.29,25.19,27.58,0,73.12
4229,2018-07-13,10:17:27,2018,7,13,10,Friday,Trincomalee,Muttur,8.45,81.2667,1,1,30.46,25.58,27.38,0,78.85
4230,2018-07-11,10:06:26,2018,7,11,10,Wednesday,Vavuniya,Puliyankulam,8.8833,80.4667,2,0,31.79,26.16,28.39,0,72.71
4231,2018-07-10,08:01:15,2018,7,10,8,Tuesday,Colombo,Maharagama,6.848,79.9265,0,2,27.44,24.83,25.85,0,87.84
4232,2018-07-09,16:38:27,2018,7,9,16,Monday,Galle,Baddegama,6.1667,80.1833,1,2,28.0,27.09,27.48,0,85.66
4233,2018-07-09,14:57:26,2018,7,9,14,Monday,Mannar,Mannar,8.9779,79.912,0,1,28.79,23.48,25.43,0,83.32
4234,2018-07-09,14:52:28,2018,7,9,14,Monday,Nuwara Eliya,Maskeliya,6.8333,80.5667,0,2,25.38,20.92,22.55,0,89.78
4235,2018-07-09,07:21:58,2018,7,9,7,Monday,Ampara,Damana,7.3,81.7,4,1,30.62,26.09,27.94,0,78.63
4236,2018-07-08,15:11:21,2018,7,8,15,Sunday,Nuwara Eliya,Norwood,6.85,80.6167,0,1,25.27,20.77,22.37,0,89.48
4237,2018-07-07,11:07:05,2018,7,7,11,Saturday,Kalutara,Dodangoda,6.55,80.0167,1,0,29.35,24.56,26.39,0,83.0
4238,2018-07-06,16:05:35,2018,7,6,16,Friday,Ratnapura,Embilipitiya,6.3417,80.85,0,1,27.21,23.04,24.65,0,91.24
4239,2018-07-05,19:59:11,2018,7,5,19,Thursday,Batticaloa,Eravur,7.7667,81.6,0,1,32.65,24.03,27.79,0,78.41
4240,2018-07-05,18:06:16,2018,7,5,18,Thursday,Kurunegala,Kuliyapitiya,7.4708,80.04,0,1,28.81,25.67,26.85,0,86.46
4242,2018-07-05,10:47:56,2018,7,5,10,Thursday,Trincomalee,Trincomalee,8.5874,81.2152,0,1,30.32,20.94,24.94,0,83.58
4241,2018-07-05,12:07:47,2018,7,5,12,Thursday,Matara,Weligama,5.975,80.4297,1,1,28.84,25.78,27.03,0,85.88
4243,2018-07-04,17:20:20,2018,7,4,17,Wednesday,Kurunegala,Kuliyapitiya,7.4708,80.04,1,1,28.55,25.5,26.66,0,87.66
4244,2018-07-04,10:56:25,2018,7,4,10,Wednesday,Anuradhapura,Kahatagasdigiliya,8.4667,80.5833,2,1,27.85,26.78,27.3,0,86.56
4246,2018-07-03,18:15:08,2018,7,3,18,Tuesday,Gampaha,Nittambuwa,7.1417,80.0944,1,1,27.84,24.69,26.1,0,88.42
4245,2018-07-03,19:00:29,2018,7,3,19,Tuesday,Colombo,Mulleriyawa,6.9333,79.9333,0,1,27.84,24.69,26.1,0,88.42
4247,2018-06-30,16:02:04,2018,6,30,16,Saturday,Kalutara,Wadduwa,6.6667,79.925,2,2,31.67,23.89,26.97,0,80.3
4248,2018-06-28,19:24:38,2018,6,28,19,Thursday,Puttalam,Chilaw,7.5758,79.7953,0,1,28.79,24.69,26.57,0,84.76
4249,2018-06-27,16:56:46,2018,6,27,16,Wednesday,Colombo,Boralesgamuwa,6.8394,79.9024,0,1,27.71,24.69,26.14,0,88.33
4250,2018-06-27,12:25:43,2018,6,27,12,Wednesday,Jaffna,Delft,9.5,79.6833,0,1,27.67,23.61,25.26,0,89.04
4251,2018-06-27,09:32:23,2018,6,27,9,Wednesday,Colombo,Kottawa,6.8412,79.9653,1,1,28.62,22.93,25.15,0,83.17
4252,2018-06-26,18:46:37,2018,6,26,18,Tuesday,Vavuniya,Nedunkeni,8.9167,80.4667,0,2,27.73,24.98,26.29,0,89.57
4253,2018-06-26,15:37:41,2018,6,26,15,Tuesday,Gampaha,Negombo,7.2083,79.8358,1,1,28.11,21.34,24.0,0,85.82
4254,2018-06-26,13:16:35,2018,6,26,13,Tuesday,Matara,Matara,5.9485,80.5353,1,2,27.67,25.83,26.69,0,88.36
4256,2018-06-23,15:01:54,2018,6,23,15,Saturday,Batticaloa,Eravur,7.7667,81.6,1,0,30.72,27.79,29.02,0,77.13
4255,2018-06-26,08:42:28,2018,6,26,8,Tuesday,Batticaloa,Eravur,7.7667,81.6,2,1,30.72,27.67,28.86,0,78.41
4257,2018-06-22,20:03:34,2018,6,22,20,Friday,Puttalam,Wennappuwa,7.35,79.8333,0,1,29.06,25.8,27.12,0,86.39
4258,2018-06-21,14:12:59,2018,6,21,14,Thursday,Kandy,Katugastota,7.3167,80.6167,1,1,28.93,23.04,25.29,0,85.6
4259,2018-06-21,06:49:51,2018,6,21,6,Thursday,Mannar,Murunkan,8.8333,80.05,1,1,28.32,25.15,26.49,0,86.93
4260,2018-06-20,18:07:32,2018,6,20,18,Wednesday,Kandy,Katugastota,7.3167,80.6167,0,0,28.56,22.69,24.96,0,84.92
4261,2018-06-20,07:54:27,2018,6,20,7,Wednesday,Kandy,Kadugannawa,7.25,80.5167,2,1,28.15,25.64,26.66,0,84.29
4263,2018-06-18,07:02:29,2018,6,18,7,Monday,Colombo,Kadawatha,7.0,79.95,1,1,27.95,24.97,26.32,0,87.73
4264,2018-06-17,19:19:07,2018,6,17,19,Sunday,Puttalam,Dankotuwa,7.2833,79.9,0,1,30.19,24.76,26.93,0,84.48
4262,2018-06-19,06:48:28,2018,6,19,6,Tuesday,Matale,Matale,7.4675,80.6234,1,1,28.61,23.02,25.1,0,86.2
4265,2018-06-16,18:49:01,2018,6,16,18,Saturday,Puttalam,Anamaduwa,7.8667,79.9833,0,1,28.99,25.67,26.9,0,85.46
4266,2018-06-16,16:10:30,2018,6,16,16,Saturday,Kalutara,Panadura,6.7133,79.9025,1,2,27.99,25.91,26.68,0,85.94
4267,2018-06-16,15:43:47,2018,6,16,15,Saturday,Gampaha,Ragama,7.0286,79.9197,1,2,27.8,25.25,26.33,0,87.1
4268,2018-06-15,18:45:06,2018,6,15,18,Friday,Colombo,Homagama,6.8408,80.0024,0,2,27.48,25.65,26.37,0,90.67
4269,2018-06-14,19:46:30,2018,6,14,19,Thursday,Gampaha,Biyagama,6.95,79.9833,2,1,28.6,23.45,25.42,0,85.96
4271,2018-06-14,10:26:32,2018,6,14,10,Thursday,Batticaloa,Chenkalady,7.7833,81.6,2,1,28.6,23.45,25.42,0,85.96
4270,2018-06-14,14:04:33,2018,6,14,14,Thursday,Puttalam,Chilaw,7.5758,79.7953,0,1,28.93,25.87,27.09,0,86.01
4272,2018-06-13,20:05:05,2018,6,13,20,Wednesday,Kurunegala,Alawwa,7.3,80.2333,1,1,28.3,25.37,26.65,0,88.98
4273,2018-06-13,06:27:34,2018,6,13,6,Wednesday,Puttalam,Puttalam,8.0362,79.8283,1,1,29.67,26.02,27.49,0,86.45
4274,2018-06-12,14:50:10,2018,6,12,14,Tuesday,Matale,Galewela,7.75,80.5667,2,1,27.92,23.82,25.38,0,87.6
4275,2018-06-12,12:56:08,2018,6,12,12,Tuesday,Puttalam,Chilaw,7.5758,79.7953,0,1,28.67,26.16,27.13,0,87.2
4276,2018-06-12,09:56:12,2018,6,12,9,Tuesday,Jaffna,Vadamarachchi,9.75,80.2,1,1,30.22,28.19,29.05,0,80.64
4277,2018-06-11,19:27:09,2018,6,11,19,Monday,Colombo,Colombo,6.9271,79.8612,0,1,28.3,25.95,26.91,0,88.06
4278,2018-06-11,17:32:02,2018,6,11,17,Monday,Matale,Galewela,7.75,80.5667,2,1,28.74,23.85,25.76,0,87.37
4279,2018-06-10,19:10:59,2018,6,10,19,Sunday,Puttalam,Anamaduwa,7.8667,79.9833,0,1,28.96,26.49,27.4,0,88.88
4280,2018-06-09,19:09:37,2018,6,9,19,Saturday,Puttalam,Anamaduwa,7.8667,79.9833,0,2,29.08,26.6,27.51,0,87.94
4281,2018-06-09,09:38:52,2018,6,9,9,Saturday,Anuradhapura,Galnewa,8.15,80.4,1,2,28.06,26.43,27.05,0,89.22
4282,2018-06-09,07:33:30,2018,6,9,7,Saturday,Batticaloa,Kattankudy,7.6833,81.7333,2,1,28.48,24.33,25.88,0,87.88
4283,2018-06-08,22:02:04,2018,6,8,22,Friday,Matale,Laggala,7.5667,80.8,2,2,27.52,23.84,25.43,0,90.18
4284,2018-06-08,13:45:23,2018,6,8,13,Friday,Puttalam,Chilaw,7.5758,79.7953,0,2,28.18,26.48,27.17,0,89.31
4286,2018-06-08,12:12:31,2018,6,8,12,Friday,Puttalam,Chilaw,7.5758,79.7953,0,2,28.18,26.48,27.17,0,89.31
4287,2018-06-08,06:37:06,2018,6,8,6,Friday,Puttalam,Chilaw,7.5758,79.7953,0,2,28.18,26.48,27.17,0,89.31
4285,2018-06-08,12:58:28,2018,6,8,12,Friday,Matale,Dambulla,7.8675,80.6522,1,2,28.18,24.92,26.33,0,90.41
4288,2018-06-07,13:09:43,2018,6,7,13,Thursday,Ampara,Kalmunai,7.4167,81.8333,0,2,27.79,25.94,26.7,0,89.79
4289,2018-06-07,12:46:56,2018,6,7,12,Thursday,Puttalam,Chilaw,7.5758,79.7953,0,2,28.43,26.12,27.06,0,88.43
4290,2018-06-07,10:15:25,2018,6,7,10,Thursday,Kurunegala,Wariyapola,7.6333,80.2333,2,2,27.79,25.94,26.7,0,89.79
4291,2018-06-06,18:53:51,2018,6,6,18,Wednesday,Puttalam,Chilaw,7.5758,79.7953,0,1,28.1,26.62,27.32,0,91.17
4292,2018-06-06,14:17:18,2018,6,6,14,Wednesday,Puttalam,Chilaw,7.5758,79.7953,0,1,28.1,26.62,27.32,0,91.17
4293,2018-06-06,12:18:55,2018,6,6,12,Wednesday,Matale,Naula,7.7,80.65,1,1,25.17,22.23,23.49,0,93.99
4294,2018-06-06,10:59:17,2018,6,6,10,Wednesday,Gampaha,Biyagama,6.95,79.9833,0,1,27.81,24.15,25.61,0,91.74
4295,2018-06-06,08:19:18,2018,6,6,8,Wednesday,Puttalam,Chilaw,7.5758,79.7953,0,1,28.1,26.62,27.32,0,91.17
4297,2018-06-04,08:47:34,2018,6,4,8,Monday,Ratnapura,Pelmadulla,6.6167,80.55,0,2,27.47,23.98,25.26,0,92.9
4296,2018-06-05,09:29:06,2018,6,5,9,Tuesday,Ratnapura,Embilipitiya,6.3417,80.85,1,1,28.13,23.62,25.4,0,91.61
4299,2018-06-03,13:40:13,2018,6,3,13,Sunday,Ratnapura,Pelmadulla,6.6167,80.55,0,2,27.71,23.94,25.35,0,91.79
4298,2018-06-03,14:25:45,2018,6,3,14,Sunday,Kalutara,Beruwala,6.4789,79.9828,1,2,27.96,26.46,27.12,0,89.15
4300,2018-06-02,18:02:43,2018,6,2,18,Saturday,Kalutara,Matugama,6.5219,80.1164,1,2,27.94,25.84,26.71,0,90.3
4301,2018-06-02,14:09:02,2018,6,2,14,Saturday,Kandy,Peradeniya,7.26,80.6,0,2,28.18,23.9,25.41,0,90.29
4302,2018-06-01,15:49:23,2018,6,1,15,Friday,Mullaitivu,Pudukudiyiruppu,9.2333,80.75,1,2,27.99,26.25,26.96,0,90.4
4303,2018-05-31,14:33:03,2018,5,31,14,Thursday,Matara,Deniyaya,6.3417,80.55,0,1,28.7,24.35,25.91,0,90.27
4304,2018-05-31,10:18:41,2018,5,31,10,Thursday,Colombo,Colombo,6.9271,79.8612,1,1,28.91,26.43,27.4,0,88.35
4305,2018-05-30,09:33:46,2018,5,30,9,Wednesday,Gampaha,Veyangoda,7.1542,80.0583,1,1,28.98,26.15,27.38,0,87.64
4306,2018-05-29,21:55:27,2018,5,29,21,Tuesday,Badulla,Diyatalawa,6.8167,80.9667,1,1,29.01,22.72,25.3,0,87.1
4308,2018-05-28,11:17:18,2018,5,28,11,Monday,Kalutara,Bandaragama,6.7139,79.9889,0,2,28.6,26.85,27.58,0,86.71
4307,2018-05-28,16:42:19,2018,5,28,16,Monday,Kalutara,Bandaragama,6.7139,79.9889,0,2,28.6,26.85,27.58,0,86.71
4309,2018-05-27,09:37:52,2018,5,27,9,Sunday,Badulla,Hali Ela,6.9667,81.0167,1,1,28.47,22.99,25.16,0,90.02
4310,2018-05-26,11:08:27,2018,5,26,11,Saturday,Monaragala,Medagama,6.75,81.15,1,2,29.04,21.61,24.99,0,89.7
4311,2018-05-25,21:06:10,2018,5,25,21,Friday,Monaragala,Monaragala,6.8728,81.3505,1,2,28.26,23.03,25.09,0,88.78
4312,2018-05-22,13:32:22,2018,5,22,13,Tuesday,Ratnapura,Kahawatta,6.6,80.5333,0,2,29.69,25.92,27.64,0,85.41
4313,2018-05-22,09:30:13,2018,5,22,9,Tuesday,Anuradhapura,Padaviya,8.8,80.7667,1,2,29.27,22.28,25.41,0,88.55
4314,2018-05-21,17:07:52,2018,5,21,17,Monday,Nuwara Eliya,Hatton,6.8917,80.5958,0,3,23.89,21.08,22.33,0,94.11
4315,2018-05-20,19:28:26,2018,5,20,19,Sunday,Kalutara,Horana,6.7156,80.0644,4,3,27.51,26.04,26.65,0,88.92
4316,2018-05-16,15:41:31,2018,5,16,15,Wednesday,Colombo,Colombo,6.9271,79.8612,12,2,27.66,25.59,26.44,0,90.02
4317,2018-05-16,13:44:06,2018,5,16,13,Wednesday,Colombo,Meegoda,6.8434,80.0093,0,2,27.66,25.59,26.44,0,90.02
