id,date,time,year,month,day,hour,day_of_week,district,city,latitude,longitude
487677,2026-09-10,07:00:29,2026,9,10,7,Thursday,Anuradhapura,හබරණ,8.0333,80.75
487623,2026-09-09,19:22:33,2026,9,9,19,Wednesday,Colombo,කඩුවෙල,6.9333,79.9833
487616,2026-09-09,17:49:48,2026,9,9,17,Wednesday,Nuwara Eliya,නල්ලතන්නිය,6.8,80.5
487562,2026-09-09,14:56:40,2026,9,9,14,Wednesday,Nuwara Eliya,නුවරඑළිය,6.9497,80.7891
487444,2026-09-09,00:47:11,2026,9,9,0,Wednesday,Matara,මාතර,5.9485,80.5353
487429,2026-09-08,19:52:26,2026,9,8,19,Tuesday,Badulla,ඇල්ල,6.8667,81.05
487426,2026-09-08,19:49:02,2026,9,8,19,Tuesday,Jaffna,යාපනය,9.6615,80.0255
487391,2026-09-08,16:01:22,2026,9,8,16,Tuesday,,,,
487266,2026-09-08,08:56:11,2026,9,8,8,Tuesday,Hambantota,කතරගම,6.4134,81.3346
487107,2026-09-07,11:34:38,2026,9,7,11,Monday,Kurunegala,කුරුණෑගල,7.4863,80.3623
487072,2026-09-07,08:56:56,2026,9,7,8,Monday,Gampaha,කටුනායක,7.1697,79.8844
487041,2026-09-06,22:44:59,2026,9,6,22,Sunday,,,,
486987,2026-09-06,16:44:57,2026,9,6,16,Sunday,Monaragala,මොණරාගල,6.8728,81.3507
486938,2026-09-06,10:53:09,2026,9,6,10,Sunday,Colombo,බොරලැස්ගමුව,6.8389,79.9003
486788,2026-09-05,13:30:26,2026,9,5,13,Saturday,,,,
486523,2026-09-03,22:35:08,2026,9,3,22,Thursday,,,,
486447,2026-09-03,13:18:57,2026,9,3,13,Thursday,Hambantota,කතරගම,6.4134,81.3346
486295,2026-09-02,15:16:07,2026,9,2,15,Wednesday,,,,
486228,2026-09-02,10:24:03,2026,9,2,10,Wednesday,Colombo,කොළඹ,6.9271,79.8612
485950,2026-08-31,16:39:33,2026,8,31,16,Monday,Kegalle,මාවනැල්ල,7.25,80.45
485896,2026-08-31,12:05:59,2026,8,31,12,Monday,,,,
485869,2026-08-31,09:46:36,2026,8,31,9,Monday,Gampaha,ජා-ඇල,7.0744,79.8919
485798,2026-08-30,16:35:08,2026,8,30,16,Sunday,Colombo,කොළඹ,6.9271,79.8612
485762,2026-08-30,11:42:19,2026,8,30,11,Sunday,Monaragala,වැල්ලවාය,6.7333,81.1
485760,2026-08-30,11:07:57,2026,8,30,11,Sunday,Colombo,කොළඹ,6.9271,79.8612
485729,2026-08-30,07:07:34,2026,8,30,7,Sunday,Colombo,කොට්ටාව,6.8412,79.9653
485577,2026-08-29,08:28:52,2026,8,29,8,Saturday,Colombo,කොළඹ,6.9271,79.8612
485284,2026-08-27,09:54:30,2026,8,27,9,Thursday,Anuradhapura,අනුරාධපුර,8.3114,80.4037
485135,2026-08-26,12:58:58,2026,8,26,12,Wednesday,Colombo,කොළඹ,6.9271,79.8612
484959,2026-08-25,14:06:09,2026,8,25,14,Tuesday,,,,
484814,2026-08-24,14:33:13,2026,8,24,14,Monday,Anuradhapura,තලාව,8.2333,80.35
484696,2026-08-23,15:37:53,2026,8,23,15,Sunday,Nuwara Eliya,නුවරඑළිය,6.9497,80.7891
484689,2026-08-23,14:38:10,2026,8,23,14,Sunday,Colombo,කෝට්ටේ,6.889,79.9017
484679,2026-08-23,12:31:01,2026,8,23,12,Sunday,Gampaha,රාගම,7.0289,79.9175
484675,2026-08-23,11:55:50,2026,8,23,11,Sunday,Gampaha,රාගම,7.0289,79.9175
484613,2026-08-22,18:37:32,2026,8,22,18,Saturday,Puttalam,හලාවත,7.5758,79.7953
484515,2026-08-22,09:03:39,2026,8,22,9,Saturday,,,,
484350,2026-08-21,06:22:36,2026,8,21,6,Friday,Monaragala,මොණරාගල,6.8728,81.3507
484223,2026-08-20,11:13:48,2026,8,20,11,Thursday,Nuwara Eliya,මස්කෙළිය,6.8333,80.5667
484202,2026-08-20,09:50:14,2026,8,20,9,Thursday,Gampaha,රාගම,7.0289,79.9175
484041,2026-08-19,11:03:40,2026,8,19,11,Wednesday,Monaragala,මොණරාගල,6.8728,81.3507
483724,2026-08-17,15:33:25,2026,8,17,15,Monday,Colombo,කොළඹ,6.9271,79.8612
483713,2026-08-17,14:32:31,2026,8,17,14,Monday,Colombo,කොළඹ,6.9271,79.8612
483595,2026-08-16,19:43:37,2026,8,16,19,Sunday,Jaffna,යාපනය,9.6615,80.0255
483570,2026-08-16,16:39:49,2026,8,16,16,Sunday,Colombo,කොළඹ,6.9271,79.8612
483550,2026-08-16,14:51:48,2026,8,16,14,Sunday,,,,
483542,2026-08-16,13:44:25,2026,8,16,13,Sunday,,,,
483522,2026-08-16,10:55:05,2026,8,16,10,Sunday,,,,
483508,2026-08-16,09:19:05,2026,8,16,9,Sunday,Gampaha,මීරිගම,7.2333,80.1167
483223,2026-08-14,10:34:19,2026,8,14,10,Friday,Gampaha,ගම්පහ,7.0917,79.9997
483113,2026-08-13,16:50:14,2026,8,13,16,Thursday,,,,
483111,2026-08-13,16:28:20,2026,8,13,16,Thursday,Colombo,කොළඹ,6.9271,79.8612
482662,2026-08-11,12:59:27,2026,8,11,12,Tuesday,Colombo,කොළඹ,6.9271,79.8612
482641,2026-08-11,10:53:39,2026,8,11,10,Tuesday,Colombo,කොළඹ,6.9271,79.8612
482581,2026-08-10,21:40:06,2026,8,10,21,Monday,,,,
482540,2026-08-10,15:52:14,2026,8,10,15,Monday,,,,
482482,2026-08-10,12:13:39,2026,8,10,12,Monday,Colombo,කොළඹ,6.9271,79.8612
482295,2026-08-09,12:18:18,2026,8,9,12,Sunday,,,,
481934,2026-08-07,11:13:03,2026,8,7,11,Friday,,,,
481922,2026-08-07,10:12:56,2026,8,7,10,Friday,Colombo,කොළඹ,6.9271,79.8612
481573,2026-08-05,14:18:11,2026,8,5,14,Wednesday,,,,
481465,2026-08-04,21:06:31,2026,8,4,21,Tuesday,Ampara,අම්පාර,7.2975,81.682
481451,2026-08-04,20:24:57,2026,8,4,20,Tuesday,Colombo,දෙහිවල,6.8511,79.8653
481443,2026-08-04,19:44:11,2026,8,4,19,Tuesday,Kurunegala,මැල්සිරිපුර,7.4833,80.5167
481428,2026-08-04,17:58:08,2026,8,4,17,Tuesday,,,,
481373,2026-08-04,14:23:55,2026,8,4,14,Tuesday,Kurunegala,මැල්සිරිපුර,7.4833,80.5167
481368,2026-08-04,13:48:59,2026,8,4,13,Tuesday,Kurunegala,මැල්සිරිපුර,7.4833,80.5167
481181,2026-08-03,16:37:47,2026,8,3,16,Monday,Matale,දඹුල්ල,7.86,80.6517
481074,2026-08-03,08:58:56,2026,8,3,8,Monday,Anuradhapura,හබරණ,8.0333,80.75
481068,2026-08-03,07:46:29,2026,8,3,7,Monday,Colombo,කොළඹ,6.9271,79.8612
481019,2026-08-02,19:40:39,2026,8,2,19,Sunday,Kurunegala,නාරම්මල,7.4333,80.2
481002,2026-08-02,17:20:58,2026,8,2,17,Sunday,Colombo,කොළඹ,6.9271,79.8612
480675,2026-07-31,15:30:02,2026,7,31,15,Friday,Gampaha,මීගමුව,7.2083,79.8358
480633,2026-07-31,10:38:17,2026,7,31,10,Friday,Gampaha,මීගමුව,7.2083,79.8358
480543,2026-07-30,18:56:27,2026,7,30,18,Thursday,Kandy,මහනුවර,7.2906,80.6337
480274,2026-07-29,11:49:47,2026,7,29,11,Wednesday,Kandy,මහනුවර,7.2906,80.6337
480061,2026-07-28,11:22:47,2026,7,28,11,Tuesday,Colombo,කොට්ටාව,6.8412,79.9653
479879,2026-07-27,13:15:22,2026,7,27,13,Monday,Matara,මාතර,5.9485,80.5353
479878,2026-07-27,13:05:34,2026,7,27,13,Monday,Colombo,කොලොන්නාව,6.9333,79.8833
479704,2026-07-26,13:52:40,2026,7,26,13,Sunday,Colombo,හෝමාගම,6.8408,80.0022
479686,2026-07-26,11:40:53,2026,7,26,11,Sunday,Matale,දඹුල්ල,7.86,80.6517
479645,2026-07-26,08:04:18,2026,7,26,8,Sunday,Colombo,රාජගිරිය,6.9095,79.8937
479586,2026-07-25,16:37:45,2026,7,25,16,Saturday,Colombo,කොළඹ,6.9271,79.8612
479546,2026-07-25,12:14:00,2026,7,25,12,Saturday,Matara,මාතර,5.9485,80.5353
479233,2026-07-23,20:11:43,2026,7,23,20,Thursday,Kandy,මහනුවර,7.2906,80.6337
479163,2026-07-23,13:37:17,2026,7,23,13,Thursday,,,,
478893,2026-07-22,08:46:01,2026,7,22,8,Wednesday,Nuwara Eliya,මස්කෙළිය,6.8333,80.5667
478855,2026-07-21,22:54:38,2026,7,21,22,Tuesday,,,,
478611,2026-07-20,19:56:14,2026,7,20,19,Monday,Kalutara,හොරණ,6.7156,80.0631
478527,2026-07-20,13:15:20,2026,7,20,13,Monday,Jaffna,යාපනය,9.6615,80.0255
478405,2026-07-19,20:20:25,2026,7,19,20,Sunday,Matara,මාතර,5.9485,80.5353
478391,2026-07-19,18:43:53,2026,7,19,18,Sunday,Matara,මාතර,5.9485,80.5353
478328,2026-07-19,11:57:04,2026,7,19,11,Sunday,,,,
477980,2026-07-17,06:51:28,2026,7,17,6,Friday,,,,
477640,2026-07-15,12:28:26,2026,7,15,12,Wednesday,Anuradhapura,අනුරාධපුර,8.3114,80.4037
477437,2026-07-14,13:43:25,2026,7,14,13,Tuesday,Kurunegala,මහව,7.8167,80.2833
477250,2026-07-13,14:04:50,2026,7,13,14,Monday,Anuradhapura,තලාව,8.2333,80.35
477216,2026-07-13,11:49:09,2026,7,13,11,Monday,Colombo,කඩුවෙල,6.9333,79.9833
476882,2026-07-11,12:49:38,2026,7,11,12,Saturday,,,,
476616,2026-07-09,19:04:44,2026,7,9,19,Thursday,,,,
476472,2026-07-08,23:45:01,2026,7,8,23,Wednesday,Anuradhapura,අනුරාධපුර,8.3114,80.4037
476175,2026-07-07,12:18:05,2026,7,7,12,Tuesday,Ratnapura,රත්නපුර,6.6828,80.3992
475798,2026-07-05,12:01:26,2026,7,5,12,Sunday,Colombo,කොළඹ,6.9271,79.8612
475797,2026-07-05,11:33:27,2026,7,5,11,Sunday,,,,
475681,2026-07-04,17:58:54,2026,7,4,17,Saturday,,,,
475214,2026-07-02,06:20:52,2026,7,2,6,Thursday,Kalutara,කළුතර,6.5854,79.9607
474929,2026-06-30,18:13:02,2026,6,30,18,Tuesday,Puttalam,පුත්තලම,8.0362,79.8283
474732,2026-06-29,17:55:14,2026,6,29,17,Monday,Matale,දඹුල්ල,7.86,80.6517
474682,2026-06-29,11:52:25,2026,6,29,11,Monday,Kurunegala,කුරුණෑගල,7.4863,80.3623
474673,2026-06-29,10:04:07,2026,6,29,10,Monday,Galle,ගාල්ල,6.0535,80.221
474449,2026-06-27,22:00:19,2026,6,27,22,Saturday,Jaffna,යාපනය,9.6615,80.0255
474402,2026-06-27,17:11:53,2026,6,27,17,Saturday,Polonnaruwa,හිඟුරක්ගොඩ,8.05,80.95
474394,2026-06-27,16:09:50,2026,6,27,16,Saturday,Colombo,පිළියන්දල,6.801,79.9228
474386,2026-06-27,15:19:37,2026,6,27,15,Saturday,Colombo,කොළඹ,6.9271,79.8612
474304,2026-06-27,06:23:41,2026,6,27,6,Saturday,Colombo,කොළඹ,6.9271,79.8612
474291,2026-06-26,21:34:55,2026,6,26,21,Friday,Matara,මාතර,5.9485,80.5353
474162,2026-06-26,10:59:55,2026,6,26,10,Friday,Kalutara,මතුගම,6.5222,80.1167
474154,2026-06-26,10:01:12,2026,6,26,10,Friday,Matara,මාතර,5.9485,80.5353
474145,2026-06-26,09:08:42,2026,6,26,9,Friday,Matara,මාතර,5.9485,80.5353
473970,2026-06-25,08:13:12,2026,6,25,8,Thursday,,,,
473932,2026-06-24,19:54:43,2026,6,24,19,Wednesday,Gampaha,මීගමුව,7.2083,79.8358
473841,2026-06-24,13:31:42,2026,6,24,13,Wednesday,Gampaha,කඩවත,7.0,79.95
473423,2026-06-22,14:06:08,2026,6,22,14,Monday,Colombo,කොළඹ,6.9271,79.8612
473391,2026-06-22,12:11:46,2026,6,22,12,Monday,Badulla,මහියංගනය,7.3333,81.0
472764,2026-06-18,20:13:21,2026,6,18,20,Thursday,Colombo,කොළඹ,6.9271,79.8612
472677,2026-06-18,13:04:48,2026,6,18,13,Thursday,Kandy,මහනුවර,7.2906,80.6337
472586,2026-06-17,23:05:27,2026,6,17,23,Wednesday,Kalutara,බෙන්තොට,6.42,79.996
472446,2026-06-17,09:54:52,2026,6,17,9,Wednesday,,,,
472336,2026-06-16,16:55:36,2026,6,16,16,Tuesday,Nuwara Eliya,නුවරඑළිය,6.9497,80.7891
472273,2026-06-16,12:05:05,2026,6,16,12,Tuesday,Colombo,කොළඹ,6.9271,79.8612
471976,2026-06-14,14:25:06,2026,6,14,14,Sunday,Colombo,හෝමාගම,6.8408,80.0022
471858,2026-06-13,12:22:32,2026,6,13,12,Saturday,,,,
471713,2026-06-12,13:43:21,2026,6,12,13,Friday,Kandy,නාවලපිටිය,7.05,80.5333
471625,2026-06-11,21:29:33,2026,6,11,21,Thursday,Colombo,කොළඹ,6.9271,79.8612
471045,2026-06-09,09:08:45,2026,6,9,9,Tuesday,Colombo,කොළඹ,6.9271,79.8612
470982,2026-06-08,19:36:10,2026,6,8,19,Monday,Galle,ගාල්ල,6.0535,80.221
470883,2026-06-08,12:33:20,2026,6,8,12,Monday,Batticaloa,මඩකලපුව,7.7102,81.6924
470722,2026-06-07,11:19:42,2026,6,7,11,Sunday,Badulla,බණ්ඩාරවෙල,6.8333,80.9833
470640,2026-06-06,21:25:28,2026,6,6,21,Saturday,Puttalam,පුත්තලම,8.0362,79.8283
470218,2026-06-04,14:37:29,2026,6,4,14,Thursday,Kalutara,පානදුර,6.7133,79.9072
470176,2026-06-04,11:41:38,2026,6,4,11,Thursday,Colombo,කොළඹ,6.9271,79.8612
470175,2026-06-04,11:37:11,2026,6,4,11,Thursday,Nuwara Eliya,රාගල,6.9833,80.7667
470139,2026-06-04,09:27:15,2026,6,4,9,Thursday,Kandy,නාවලපිටිය,7.05,80.5333
470010,2026-06-03,14:29:34,2026,6,3,14,Wednesday,,,,
469967,2026-06-03,11:33:56,2026,6,3,11,Wednesday,,,,
469962,2026-06-03,11:19:32,2026,6,3,11,Wednesday,Galle,හික්කඩුව,6.1395,80.1011
469921,2026-06-03,06:43:55,2026,6,3,6,Wednesday,Colombo,කොළඹ,6.9271,79.8612
469880,2026-06-02,19:05:17,2026,6,2,19,Tuesday,Batticaloa,මඩකලපුව,7.7102,81.6924
469677,2026-06-01,16:54:25,2026,6,1,16,Monday,Colombo,පිළියන්දල,6.801,79.9228
469653,2026-06-01,15:13:11,2026,6,1,15,Monday,,,,
469642,2026-06-01,14:32:58,2026,6,1,14,Monday,,,,
469627,2026-06-01,13:25:19,2026,6,1,13,Monday,Kandy,පේරාදෙණිය,7.2597,80.5967
469591,2026-06-01,10:55:56,2026,6,1,10,Monday,Colombo,කොළඹ,6.9271,79.8612
469544,2026-06-01,06:59:02,2026,6,1,6,Monday,Colombo,කොළඹ,6.9271,79.8612
469539,2026-06-01,06:27:47,2026,6,1,6,Monday,Colombo,හෝමාගම,6.8408,80.0022
469498,2026-05-31,17:53:04,2026,5,31,17,Sunday,Colombo,කොළඹ,6.9271,79.8612
469458,2026-05-31,13:47:22,2026,5,31,13,Sunday,Colombo,කොළඹ,6.9271,79.8612
469441,2026-05-31,13:03:51,2026,5,31,13,Sunday,Badulla,ඇල්ල,6.8667,81.05
469133,2026-05-29,15:44:30,2026,5,29,15,Friday,Monaragala,මොණරාගල,6.8728,81.3507
468992,2026-05-28,20:18:48,2026,5,28,20,Thursday,Batticaloa,මඩකලපුව,7.7102,81.6924
468834,2026-05-28,08:35:54,2026,5,28,8,Thursday,Colombo,කොළඹ,6.9271,79.8612
468614,2026-05-26,22:42:43,2026,5,26,22,Tuesday,,,,
468515,2026-05-26,15:05:46,2026,5,26,15,Tuesday,Hambantota,තිස්සමහාරාම,6.2786,81.2894
468409,2026-05-25,21:13:48,2026,5,25,21,Monday,Colombo,හෝමාගම,6.8408,80.0022
468283,2026-05-25,12:02:48,2026,5,25,12,Monday,Ampara,අම්පාර,7.2975,81.682
468201,2026-05-24,17:16:14,2026,5,24,17,Sunday,,,,
468199,2026-05-24,16:50:29,2026,5,24,16,Sunday,Kandy,මහනුවර,7.2906,80.6337
467826,2026-05-22,14:35:19,2026,5,22,14,Friday,Anuradhapura,තලාව,8.2333,80.35
467485,2026-05-20,23:28:52,2026,5,20,23,Wednesday,Anuradhapura,තලාව,8.2333,80.35
467086,2026-05-19,12:17:16,2026,5,19,12,Tuesday,Kandy,නාවලපිටිය,7.05,80.5333
466955,2026-05-18,16:30:22,2026,5,18,16,Monday,,,,
466929,2026-05-18,15:01:39,2026,5,18,15,Monday,Trincomalee,ත්‍රිකුණාමලය,8.5874,81.2152
466742,2026-05-17,18:49:50,2026,5,17,18,Sunday,Gampaha,කඩවත,7.0,79.95
466726,2026-05-17,17:09:14,2026,5,17,17,Sunday,Galle,ගාල්ල,6.0535,80.221
466710,2026-05-17,16:01:31,2026,5,17,16,Sunday,Colombo,කොළඹ,6.9271,79.8612
466677,2026-05-17,13:12:11,2026,5,17,13,Sunday,Colombo,කොළඹ,6.9271,79.8612
466646,2026-05-17,09:44:52,2026,5,17,9,Sunday,Kandy,මහනුවර,7.2906,80.6337
466618,2026-05-17,08:46:17,2026,5,17,8,Sunday,Batticaloa,මඩකලපුව,7.7102,81.6924
466548,2026-05-16,19:13:49,2026,5,16,19,Saturday,Colombo,කොළඹ,6.9271,79.8612
466473,2026-05-16,13:24:13,2026,5,16,13,Saturday,Colombo,කොළඹ,6.9271,79.8612
466470,2026-05-16,13:04:55,2026,5,16,13,Saturday,Gampaha,කැළණිය,6.9553,79.9219
466416,2026-05-16,07:23:01,2026,5,16,7,Saturday,Colombo,කොළඹ,6.9271,79.8612
466413,2026-05-16,06:35:35,2026,5,16,6,Saturday,Gampaha,කැළණිය,6.9553,79.9219
466394,2026-05-15,23:48:28,2026,5,15,23,Friday,Colombo,අවිස්සාවේල්ල,6.9533,80.2097
466153,2026-05-14,20:04:18,2026,5,14,20,Thursday,Gampaha,ගම්පහ,7.0917,79.9997
465591,2026-05-12,13:27:41,2026,5,12,13,Tuesday,,,,
465427,2026-05-11,19:55:47,2026,5,11,19,Monday,Trincomalee,ත්‍රිකුණාමලය,8.5874,81.2152
465336,2026-05-11,13:42:03,2026,5,11,13,Monday,Anuradhapura,කැකිරාව,8.0333,80.6
465297,2026-05-11,11:08:19,2026,5,11,11,Monday,Nuwara Eliya,නුවරඑළිය,6.9497,80.7891
465167,2026-05-10,16:32:50,2026,5,10,16,Sunday,Hambantota,තංගල්ල,6.0239,80.7944
464244,2026-05-06,12:00:22,2026,5,6,12,Wednesday,Badulla,හාලිඇල,6.9667,81.0333
464183,2026-05-05,23:59:44,2026,5,5,23,Tuesday,Colombo,කොළඹ,6.9271,79.8612
463973,2026-05-05,09:40:30,2026,5,5,9,Tuesday,Kandy,නාවලපිටිය,7.05,80.5333
463803,2026-05-04,11:12:33,2026,5,4,11,Monday,Colombo,කොට්ටාව,6.8412,79.9653
463667,2026-05-03,19:25:28,2026,5,3,19,Sunday,Kurunegala,කුරුණෑගල,7.4863,80.3623
463594,2026-05-03,14:13:23,2026,5,3,14,Sunday,Galle,ගාල්ල,6.0535,80.221
463363,2026-05-02,12:24:08,2026,5,2,12,Saturday,Kandy,නුවර,7.2906,80.6337
462825,2026-04-30,15:18:08,2026,4,30,15,Thursday,Kurunegala,කුරුණෑගල,7.4863,80.3623
462675,2026-04-29,19:25:06,2026,4,29,19,Wednesday,Kandy,මහනුවර,7.2906,80.6337
462607,2026-04-29,16:40:32,2026,4,29,16,Wednesday,,,,
462575,2026-04-29,15:53:41,2026,4,29,15,Wednesday,,,,
462308,2026-04-28,19:35:29,2026,4,28,19,Tuesday,Colombo,පාදුක්ක,6.8408,80.0925
462218,2026-04-28,10:04:34,2026,4,28,10,Tuesday,Anuradhapura,තලාව,8.2333,80.35
462170,2026-04-27,23:48:17,2026,4,27,23,Monday,Nuwara Eliya,නුවරඑළිය,6.9497,80.7891
462149,2026-04-27,17:46:50,2026,4,27,17,Monday,,,,
462052,2026-04-27,10:14:42,2026,4,27,10,Monday,Kandy,මහනුවර,7.2906,80.6337
461993,2026-04-26,21:03:15,2026,4,26,21,Sunday,Colombo,කොළඹ,6.9271,79.8612
461974,2026-04-26,17:11:41,2026,4,26,17,Sunday,Kurunegala,කුරුණෑගල,7.4863,80.3623
461944,2026-04-26,13:45:40,2026,4,26,13,Sunday,,,,
461844,2026-04-25,16:59:39,2026,4,25,16,Saturday,Nuwara Eliya,නුවරඑළිය,6.9497,80.7891
461446,2026-04-23,16:37:16,2026,4,23,16,Thursday,,,,
461406,2026-04-23,13:18:59,2026,4,23,13,Thursday,Colombo,කොළඹ,6.9271,79.8612
461302,2026-04-22,20:22:32,2026,4,22,20,Wednesday,Trincomalee,ත්‍රිකුණාමලය,8.5874,81.2152
461229,2026-04-22,13:02:51,2026,4,22,13,Wednesday,Jaffna,යාපනය,9.6615,80.0255
461228,2026-04-22,13:00:22,2026,4,22,13,Wednesday,Jaffna,යාපනය,9.6615,80.0255
461225,2026-04-22,12:43:18,2026,4,22,12,Wednesday,,,,
461013,2026-04-21,12:27:45,2026,4,21,12,Tuesday,Galle,අම්බලන්ගොඩ,6.2358,80.0536
461009,2026-04-21,12:20:58,2026,4,21,12,Tuesday,Nuwara Eliya,නුවරඑළිය,6.9497,80.7891
460890,2026-04-20,15:56:58,2026,4,20,15,Monday,Colombo,කොළඹ,6.9271,79.8612
460676,2026-04-19,13:40:30,2026,4,19,13,Sunday,,,,
460615,2026-04-19,07:11:10,2026,4,19,7,Sunday,,,,
460479,2026-04-18,12:12:26,2026,4,18,12,Saturday,,,,
460450,2026-04-18,09:09:03,2026,4,18,9,Saturday,Anuradhapura,මිහින්තලය,8.35,80.5167
460373,2026-04-17,18:15:09,2026,4,17,18,Friday,Ampara,අම්පාර,7.2975,81.682
460270,2026-04-17,10:56:34,2026,4,17,10,Friday,Kandy,මහනුවර,7.2906,80.6337
460259,2026-04-17,10:24:40,2026,4,17,10,Friday,,,,
460233,2026-04-17,08:09:49,2026,4,17,8,Friday,,,,
460176,2026-04-16,19:27:46,2026,4,16,19,Thursday,,,,
460109,2026-04-16,12:55:58,2026,4,16,12,Thursday,Kegalle,මාවනැල්ල,7.25,80.45
460106,2026-04-16,12:47:30,2026,4,16,12,Thursday,Galle,ගාල්ල,6.0535,80.221
459992,2026-04-15,21:33:33,2026,4,15,21,Wednesday,Ratnapura,ඇහැලියගොඩ,6.75,80.2667
459971,2026-04-15,17:54:26,2026,4,15,17,Wednesday,,,,
459857,2026-04-15,09:12:58,2026,4,15,9,Wednesday,Colombo,කොළඹ,6.9271,79.8612
459746,2026-04-14,15:11:20,2026,4,14,15,Tuesday,,,,
459731,2026-04-14,13:43:59,2026,4,14,13,Tuesday,Colombo,කොළඹ,6.9271,79.8612
459593,2026-04-13,15:41:20,2026,4,13,15,Monday,,,,
459547,2026-04-13,11:34:51,2026,4,13,11,Monday,,,,
459536,2026-04-13,10:39:54,2026,4,13,10,Monday,,,,
459400,2026-04-12,15:45:26,2026,4,12,15,Sunday,Colombo,කොළඹ,6.9271,79.8612
459375,2026-04-12,12:30:39,2026,4,12,12,Sunday,Gampaha,සීදූව,7.128,79.886
459370,2026-04-12,12:05:35,2026,4,12,12,Sunday,Batticaloa,මඩකලපුව,7.7102,81.6924
459346,2026-04-12,10:03:27,2026,4,12,10,Sunday,Galle,ඇල්පිටිය,6.2833,80.1667
458820,2026-04-09,13:36:22,2026,4,9,13,Thursday,Colombo,කොළඹ,6.9271,79.8612
458816,2026-04-09,13:23:58,2026,4,9,13,Thursday,Kurunegala,කුරුණෑගල,7.4863,80.3623
458813,2026-04-09,13:20:02,2026,4,9,13,Thursday,,,,
458745,2026-04-09,09:16:29,2026,4,9,9,Thursday,Colombo,කොළඹ,6.9271,79.8612
458739,2026-04-09,09:03:13,2026,4,9,9,Thursday,Colombo,කොළඹ,6.9271,79.8612
458670,2026-04-08,19:19:12,2026,4,8,19,Wednesday,Anuradhapura,අනුරාධපුර,8.3114,80.4037
458665,2026-04-08,18:56:38,2026,4,8,18,Wednesday,Monaragala,මොණරාගල,6.8728,81.3507
458658,2026-04-08,18:31:47,2026,4,8,18,Wednesday,Colombo,කොළඹ,6.9271,79.8612
458566,2026-04-08,12:37:41,2026,4,8,12,Wednesday,Colombo,කෝට්ටේ,6.889,79.9017
458418,2026-04-07,17:54:00,2026,4,7,17,Tuesday,,,,
458206,2026-04-06,19:09:58,2026,4,6,19,Monday,Ratnapura,ඇහැලියගොඩ,6.75,80.2667
458185,2026-04-06,17:00:37,2026,4,6,17,Monday,,,,
458145,2026-04-06,14:36:16,2026,4,6,14,Monday,,,,
458112,2026-04-06,12:22:36,2026,4,6,12,Monday,Colombo,කොළඹ,6.9271,79.8612
458005,2026-04-05,17:35:22,2026,4,5,17,Sunday,,,,
458003,2026-04-05,17:27:32,2026,4,5,17,Sunday,Badulla,මහියංගනය,7.3333,81.0
457992,2026-04-05,16:56:19,2026,4,5,16,Sunday,Kandy,නාවලපිටිය,7.05,80.5333
457738,2026-04-04,11:06:12,2026,4,4,11,Saturday,Kilinochchi,කිලිනොච්චි,9.3961,80.3981
457712,2026-04-04,08:15:16,2026,4,4,8,Saturday,Colombo,කොළඹ,6.9271,79.8612
457601,2026-04-03,15:27:58,2026,4,3,15,Friday,Kandy,මහනුවර,7.2906,80.6337
457469,2026-04-02,18:43:23,2026,4,2,18,Thursday,Kandy,මහනුවර,7.2906,80.6337
457385,2026-04-02,13:28:59,2026,4,2,13,Thursday,Kandy,මහනුවර,7.2906,80.6337
457362,2026-04-02,11:52:41,2026,4,2,11,Thursday,Kandy,මහනුවර,7.2906,80.6337
457358,2026-04-02,11:41:33,2026,4,2,11,Thursday,Nuwara Eliya,නුවරඑළිය,6.9497,80.7891
457345,2026-04-02,10:49:02,2026,4,2,10,Thursday,Kandy,මහනුවර,7.2906,80.6337
457263,2026-04-01,20:59:43,2026,4,1,20,Wednesday,Matara,මාතර,5.9485,80.5353
457223,2026-04-01,17:49:36,2026,4,1,17,Wednesday,Colombo,කොළඹ,6.9271,79.8612
457182,2026-04-01,14:37:36,2026,4,1,14,Wednesday,Kandy,මහනුවර,7.2906,80.6337
457180,2026-04-01,14:30:06,2026,4,1,14,Wednesday,Badulla,ඇල්ල,6.8667,81.05
457158,2026-04-01,13:25:38,2026,4,1,13,Wednesday,Badulla,බණ්ඩාරවෙල,6.8333,80.9833
456930,2026-03-31,12:07:26,2026,3,31,12,Tuesday,Hambantota,හම්බන්තොට,6.1246,81.1185
456753,2026-03-30,13:16:09,2026,3,30,13,Monday,,,,
456746,2026-03-30,12:39:04,2026,3,30,12,Monday,Colombo,පිළියන්දල,6.801,79.9228
456686,2026-03-30,08:58:52,2026,3,30,8,Monday,Puttalam,පුත්තලම,8.0362,79.8283
456513,2026-03-29,13:00:04,2026,3,29,13,Sunday,Monaragala,වැල්ලවාය,6.7333,81.1
456277,2026-03-28,07:57:01,2026,3,28,7,Saturday,Badulla,මහියංගනය,7.3333,81.0
456241,2026-03-27,20:11:36,2026,3,27,20,Friday,Nuwara Eliya,නුවරඑළිය,6.9497,80.7891
455670,2026-03-25,13:27:54,2026,3,25,13,Wednesday,Colombo,කොළඹ,6.9271,79.8612
455668,2026-03-25,13:14:59,2026,3,25,13,Wednesday,Puttalam,මාරවිල,7.4167,79.8167
455664,2026-03-25,13:07:27,2026,3,25,13,Wednesday,Colombo,කඩුවෙල,6.9333,79.9833
455662,2026-03-25,13:01:37,2026,3,25,13,Wednesday,Matara,වැලිගම,5.975,80.4297
455652,2026-03-25,12:32:43,2026,3,25,12,Wednesday,Puttalam,ආණමඩුව,8.0167,80.0167
455437,2026-03-24,13:30:29,2026,3,24,13,Tuesday,Matale,දඹුල්ල,7.86,80.6517
455384,2026-03-24,10:30:01,2026,3,24,10,Tuesday,,,,
455350,2026-03-24,07:39:14,2026,3,24,7,Tuesday,,,,
455215,2026-03-23,13:57:26,2026,3,23,13,Monday,Hambantota,කතරගම,6.4134,81.3346
455195,2026-03-23,12:55:16,2026,3,23,12,Monday,Badulla,බදුල්ල,6.9934,81.055
454815,2026-03-21,16:55:39,2026,3,21,16,Saturday,Jaffna,යාපනය,9.6615,80.0255
454284,2026-03-19,14:01:21,2026,3,19,14,Thursday,Colombo,කොළඹ,6.9271,79.8612
454102,2026-03-18,18:13:35,2026,3,18,18,Wednesday,Kandy,මහනුවර,7.2906,80.6337
454058,2026-03-18,16:02:27,2026,3,18,16,Wednesday,Colombo,කොළඹ,6.9271,79.8612
454020,2026-03-18,14:16:17,2026,3,18,14,Wednesday,Kurunegala,කුරුණෑගල,7.4863,80.3623
453990,2026-03-18,13:03:26,2026,3,18,13,Wednesday,Matara,මාතර,5.9485,80.5353
453975,2026-03-18,12:35:01,2026,3,18,12,Wednesday,Matara,මාතර,5.9485,80.5353
453946,2026-03-18,11:41:31,2026,3,18,11,Wednesday,Kandy,මහනුවර,7.2906,80.6337
453712,2026-03-17,13:50:48,2026,3,17,13,Tuesday,Jaffna,යාපනය,9.6615,80.0255
453581,2026-03-16,23:51:06,2026,3,16,23,Monday,,,,
453554,2026-03-16,17:52:09,2026,3,16,17,Monday,Polonnaruwa,පොළොන්නරුව,7.9403,81.0188
453532,2026-03-16,15:46:21,2026,3,16,15,Monday,,,,
453265,2026-03-15,12:24:36,2026,3,15,12,Sunday,,,,
453082,2026-03-14,14:54:13,2026,3,14,14,Saturday,Kurunegala,කුරුණෑගල,7.4863,80.3623
453080,2026-03-14,14:49:33,2026,3,14,14,Saturday,Colombo,කොළඹ,6.9271,79.8612
453076,2026-03-14,14:44:12,2026,3,14,14,Saturday,,,,
452820,2026-03-13,12:57:58,2026,3,13,12,Friday,Gampaha,රාගම,7.0289,79.9175
452811,2026-03-13,12:48:00,2026,3,13,12,Friday,Hambantota,තංගල්ල,6.0239,80.7944
452807,2026-03-13,12:36:48,2026,3,13,12,Friday,Kandy,මහනුවර,7.2906,80.6337
452528,2026-03-12,13:31:56,2026,3,12,13,Thursday,Kandy,මහනුවර,7.2906,80.6337
452346,2026-03-11,18:06:37,2026,3,11,18,Wednesday,,,,
452293,2026-03-11,15:26:50,2026,3,11,15,Wednesday,Gampaha,ගම්පහ,7.0917,79.9997
452054,2026-03-10,15:54:26,2026,3,10,15,Tuesday,Colombo,කොළඹ,6.9271,79.8612
451979,2026-03-10,12:45:43,2026,3,10,12,Tuesday,Colombo,කොළඹ,6.9271,79.8612
451851,2026-03-09,18:20:49,2026,3,9,18,Monday,Colombo,කැස්බෑව,6.795,79.939
451840,2026-03-09,17:33:52,2026,3,9,17,Monday,Kalutara,පානදුර,6.7133,79.9072
451768,2026-03-09,13:39:08,2026,3,9,13,Monday,Batticaloa,මඩකලපුව,7.7102,81.6924
451689,2026-03-09,10:13:58,2026,3,9,10,Monday,Puttalam,ආණමඩුව,8.0167,80.0167
451598,2026-03-08,19:00:34,2026,3,8,19,Sunday,Colombo,කොළඹ,6.9271,79.8612
451122,2026-03-06,17:17:56,2026,3,6,17,Friday,Colombo,කොළඹ,6.9271,79.8612
451052,2026-03-06,13:45:16,2026,3,6,13,Friday,Kandy,කටුගස්තොට,7.3167,80.6333
451024,2026-03-06,12:52:00,2026,3,6,12,Friday,Puttalam,පුත්තලම,8.0362,79.8283
451008,2026-03-06,12:22:12,2026,3,6,12,Friday,Jaffna,යාපනය,9.6615,80.0255
450989,2026-03-06,11:42:32,2026,3,6,11,Friday,Kurunegala,වාරියපොල,7.6167,80.2333
450852,2026-03-06,11:08:45,2026,3,6,11,Friday,,,,
450599,2026-03-04,16:41:00,2026,3,4,16,Wednesday,Galle,ගාල්ල,6.0535,80.221
450577,2026-03-04,15:34:49,2026,3,4,15,Wednesday,Colombo,කොළඹ,6.9271,79.8612
450575,2026-03-04,15:33:39,2026,3,4,15,Wednesday,Galle,ගාල්ල,6.0535,80.221
450529,2026-03-04,13:00:29,2026,3,4,13,Wednesday,Matale,දඹුල්ල,7.86,80.6517
450464,2026-03-04,09:33:22,2026,3,4,9,Wednesday,Colombo,කොළඹ,6.9271,79.8612
450337,2026-03-03,17:31:53,2026,3,3,17,Tuesday,Colombo,කොළඹ,6.9271,79.8612
450336,2026-03-03,17:28:55,2026,3,3,17,Tuesday,Kalutara,කළුතර,6.5854,79.9607
450185,2026-03-03,10:39:52,2026,3,3,10,Tuesday,Matale,දඹුල්ල,7.86,80.6517
450079,2026-03-02,19:04:45,2026,3,2,19,Monday,Anuradhapura,අනුරාධපුර,8.3114,80.4037
449986,2026-03-02,12:50:57,2026,3,2,12,Monday,Colombo,දෙහිවල,6.8511,79.8653
449653,2026-02-28,17:42:08,2026,2,28,17,Saturday,,,,
449616,2026-02-28,14:52:13,2026,2,28,14,Saturday,Colombo,කොළඹ,6.9271,79.8612
449583,2026-02-28,13:08:57,2026,2,28,13,Saturday,,,,
449581,2026-02-28,13:07:14,2026,2,28,13,Saturday,Kurunegala,කුරුණෑගල,7.4863,80.3623
449550,2026-02-28,11:00:58,2026,2,28,11,Saturday,Matale,දඹුල්ල,7.86,80.6517
449447,2026-02-27,18:17:37,2026,2,27,18,Friday,Polonnaruwa,පොළොන්නරුව,7.9403,81.0188
449336,2026-02-27,11:52:00,2026,2,27,11,Friday,Kalutara,බේරුවල,6.4789,79.9828
449217,2026-02-26,18:07:03,2026,2,26,18,Thursday,Kilinochchi,කිලිනොච්චි,9.3961,80.3981
449213,2026-02-26,17:40:52,2026,2,26,17,Thursday,Colombo,කොළඹ,6.9271,79.8612
449209,2026-02-26,17:37:01,2026,2,26,17,Thursday,Trincomalee,ත්‍රිකුණාමලය,8.5874,81.2152
449208,2026-02-26,17:26:26,2026,2,26,17,Thursday,Kandy,මහනුවර,7.2906,80.6337
449197,2026-02-26,16:59:24,2026,2,26,16,Thursday,Gampaha,ජා-ඇල,7.0744,79.8919
449162,2026-02-26,14:49:48,2026,2,26,14,Thursday,Colombo,මහරගම,6.848,79.9265
448887,2026-02-25,12:31:03,2026,2,25,12,Wednesday,Anuradhapura,මිහින්තලය,8.35,80.5167
448885,2026-02-25,12:26:23,2026,2,25,12,Wednesday,,,,
448701,2026-02-24,17:01:05,2026,2,24,17,Tuesday,Nuwara Eliya,මස්කෙළිය,6.8333,80.5667
448659,2026-02-24,15:29:14,2026,2,24,15,Tuesday,Colombo,කොළඹ,6.9271,79.8612
448605,2026-02-24,12:19:00,2026,2,24,12,Tuesday,Colombo,කොළඹ,6.9271,79.8612
448530,2026-02-24,07:58:25,2026,2,24,7,Tuesday,Colombo,හෝමාගම,6.8408,80.0022
448482,2026-02-23,20:00:57,2026,2,23,20,Monday,Kandy,නාවලපිටිය,7.05,80.5333
448480,2026-02-23,19:54:36,2026,2,23,19,Monday,Kandy,නාවලපිටිය,7.05,80.5333
448471,2026-02-23,19:32:43,2026,2,23,19,Monday,Galle,ගාල්ල,6.0535,80.221
448459,2026-02-23,18:41:56,2026,2,23,18,Monday,Colombo,කොළඹ,6.9271,79.8612
448450,2026-02-23,17:59:04,2026,2,23,17,Monday,Polonnaruwa,පොළොන්නරුව,7.9403,81.0188
448402,2026-02-23,15:11:01,2026,2,23,15,Monday,Kalutara,පානදුර,6.7133,79.9072
448179,2026-02-22,13:40:23,2026,2,22,13,Sunday,Colombo,කොළඹ,6.9271,79.8612
448168,2026-02-22,12:30:06,2026,2,22,12,Sunday,,,,
448162,2026-02-22,11:45:35,2026,2,22,11,Sunday,Colombo,කොළඹ,6.9271,79.8612
448154,2026-02-22,11:24:29,2026,2,22,11,Sunday,Hambantota,බෙලිඅත්ත,6.05,80.75
448130,2026-02-22,09:44:00,2026,2,22,9,Sunday,,,,
448118,2026-02-22,07:08:17,2026,2,22,7,Sunday,Colombo,කොළඹ,6.9271,79.8612
448059,2026-02-21,19:48:51,2026,2,21,19,Saturday,,,,
448058,2026-02-21,19:45:23,2026,2,21,19,Saturday,,,,
447879,2026-02-20,19:22:35,2026,2,20,19,Friday,Colombo,කොළඹ,6.9271,79.8612
447878,2026-02-20,19:20:02,2026,2,20,19,Friday,Kandy,පේරාදෙණිය,7.2597,80.5967
447877,2026-02-20,19:17:25,2026,2,20,19,Friday,Kandy,මහනුවර,7.2906,80.6337
447862,2026-02-20,17:51:19,2026,2,20,17,Friday,Colombo,කොළඹ,6.9271,79.8612
447849,2026-02-20,16:22:26,2026,2,20,16,Friday,,,,
447580,2026-02-19,15:32:34,2026,2,19,15,Thursday,Kurunegala,කුරුණෑගල,7.4863,80.3623
447557,2026-02-19,13:27:27,2026,2,19,13,Thursday,Anuradhapura,තඹුත්තේගම,8.15,80.4
447550,2026-02-19,13:07:38,2026,2,19,13,Thursday,Badulla,බණ්ඩාරවෙල,6.8333,80.9833
447336,2026-02-18,18:21:41,2026,2,18,18,Wednesday,Kalutara,හොරණ,6.7156,80.0631
447289,2026-02-18,16:12:33,2026,2,18,16,Wednesday,Galle,ගාල්ල,6.0535,80.221
447260,2026-02-18,14:04:06,2026,2,18,14,Wednesday,Badulla,මහියංගනය,7.3333,81.0
447249,2026-02-18,13:26:40,2026,2,18,13,Wednesday,Kandy,මහනුවර,7.2906,80.6337
447240,2026-02-18,13:03:56,2026,2,18,13,Wednesday,Trincomalee,කන්තලේ,8.35,81.0
446859,2026-02-16,19:32:48,2026,2,16,19,Monday,Colombo,කොට්ටාව,6.8412,79.9653
446822,2026-02-16,16:31:25,2026,2,16,16,Monday,Badulla,බදුල්ල,6.9934,81.055
446821,2026-02-16,16:29:08,2026,2,16,16,Monday,Colombo,කොළඹ,6.9271,79.8612
446816,2026-02-16,16:13:29,2026,2,16,16,Monday,Mullaitivu,මාන්කුලම,9.15,80.45
446790,2026-02-16,14:27:01,2026,2,16,14,Monday,Kurunegala,කුරුණෑගල,7.4863,80.3623
446608,2026-02-15,14:22:44,2026,2,15,14,Sunday,Nuwara Eliya,නල්ලතන්නිය,6.8,80.5
446578,2026-02-15,12:36:03,2026,2,15,12,Sunday,Galle,ගාල්ල,6.0535,80.221
446577,2026-02-15,12:33:18,2026,2,15,12,Sunday,Ampara,අම්පාර,7.2975,81.682
446434,2026-02-14,15:29:50,2026,2,14,15,Saturday,,,,
446389,2026-02-14,12:59:02,2026,2,14,12,Saturday,Colombo,කොට්ටාව,6.8412,79.9653
446215,2026-02-13,13:05:01,2026,2,13,13,Friday,Colombo,මොරටුව,6.773,79.8816
446111,2026-02-12,18:32:21,2026,2,12,18,Thursday,Kalutara,හොරණ,6.7156,80.0631
446096,2026-02-12,17:13:30,2026,2,12,17,Thursday,Colombo,කඩුවෙල,6.9333,79.9833
446071,2026-02-12,15:39:12,2026,2,12,15,Thursday,Colombo,රාජගිරිය,6.9095,79.8937
446034,2026-02-12,13:05:07,2026,2,12,13,Thursday,Colombo,කොළඹ,6.9271,79.8612
445910,2026-02-11,18:20:13,2026,2,11,18,Wednesday,Colombo,කොළඹ,6.9271,79.8612
445907,2026-02-11,18:14:08,2026,2,11,18,Wednesday,Kandy,මහනුවර,7.2906,80.6337
445640,2026-02-10,13:44:58,2026,2,10,13,Tuesday,Trincomalee,ත්‍රිකුණාමලය,8.5874,81.2152
445578,2026-02-10,10:28:10,2026,2,10,10,Tuesday,Matale,දඹුල්ල,7.86,80.6517
445315,2026-02-08,18:06:25,2026,2,8,18,Sunday,Colombo,අවිස්සාවේල්ල,6.9533,80.2097
445282,2026-02-08,16:10:12,2026,2,8,16,Sunday,Colombo,කොළඹ,6.9271,79.8612
445154,2026-02-07,19:37:23,2026,2,7,19,Saturday,Colombo,කොට්ටාව,6.8412,79.9653
445086,2026-02-07,13:31:25,2026,2,7,13,Saturday,Anuradhapura,හබරණ,8.0333,80.75
445041,2026-02-07,09:55:25,2026,2,7,9,Saturday,Ratnapura,රත්නපුර,6.6828,80.3992
444912,2026-02-06,11:14:59,2026,2,6,11,Friday,Galle,ගාල්ල,6.0535,80.221
444551,2026-02-04,14:27:12,2026,2,4,14,Wednesday,Badulla,ඇල්ල,6.8667,81.05
444405,2026-02-03,17:58:59,2026,2,3,17,Tuesday,Kalutara,බණ්ඩාරගම,6.7133,79.9072
444400,2026-02-03,17:36:51,2026,2,3,17,Tuesday,Colombo,කොළඹ,6.9271,79.8612
444291,2026-02-03,10:32:22,2026,2,3,10,Tuesday,Nuwara Eliya,නුවරඑළිය,6.9497,80.7891
444047,2026-02-02,07:22:30,2026,2,2,7,Monday,Kurunegala,කුරුණෑගල,7.4863,80.3623
443909,2026-02-01,11:52:41,2026,2,1,11,Sunday,Matara,මාතර,5.9485,80.5353
443899,2026-02-01,11:10:20,2026,2,1,11,Sunday,Anuradhapura,අනුරාධපුර,8.3114,80.4037
443879,2026-02-01,09:49:09,2026,2,1,9,Sunday,Colombo,කොළඹ,6.9271,79.8612
443875,2026-02-01,08:47:21,2026,2,1,8,Sunday,,,,
443866,2026-02-01,07:00:19,2026,2,1,7,Sunday,Galle,ගාල්ල,6.0535,80.221
443733,2026-01-31,10:47:02,2026,1,31,10,Saturday,,,,
443567,2026-01-30,11:00:23,2026,1,30,11,Friday,Anuradhapura,අනුරාධපුර,8.3114,80.4037
443449,2026-01-29,17:14:11,2026,1,29,17,Thursday,Kalutara,හොරණ,6.7156,80.0631
443413,2026-01-29,15:19:25,2026,1,29,15,Thursday,Kandy,මහනුවර,7.2906,80.6337
443356,2026-01-29,09:41:16,2026,1,29,9,Thursday,,,,
443286,2026-01-28,19:18:52,2026,1,28,19,Wednesday,Monaragala,මොණරාගල,6.8728,81.3507
442997,2026-01-27,11:59:30,2026,1,27,11,Tuesday,Jaffna,යාපනය,9.6615,80.0255
442929,2026-01-26,22:39:59,2026,1,26,22,Monday,,,,
442902,2026-01-26,17:38:23,2026,1,26,17,Monday,Kandy,මහනුවර,7.2906,80.6337
442890,2026-01-26,17:12:53,2026,1,26,17,Monday,,,,
442869,2026-01-26,16:03:06,2026,1,26,16,Monday,Badulla,බදුල්ල,6.9934,81.055
442565,2026-01-24,22:31:54,2026,1,24,22,Saturday,Colombo,කොළඹ,6.9271,79.8612
442232,2026-01-23,00:40:38,2026,1,23,0,Friday,Kalutara,කළුතර,6.5854,79.9607
442213,2026-01-22,20:16:35,2026,1,22,20,Thursday,,,,
442113,2026-01-22,13:34:51,2026,1,22,13,Thursday,Colombo,කොළඹ,6.9271,79.8612
442022,2026-01-21,22:00:12,2026,1,21,22,Wednesday,Colombo,කොළඹ,6.9271,79.8612
442009,2026-01-21,21:01:30,2026,1,21,21,Wednesday,Kilinochchi,කිලිනොච්චි,9.3961,80.3981
441893,2026-01-21,12:01:48,2026,1,21,12,Wednesday,Colombo,කොළඹ,6.9271,79.8612
441802,2026-01-21,00:09:11,2026,1,21,0,Wednesday,,,,
441704,2026-01-20,13:09:26,2026,1,20,13,Tuesday,,,,
441593,2026-01-19,20:40:14,2026,1,19,20,Monday,,,,
441524,2026-01-19,15:39:58,2026,1,19,15,Monday,Anuradhapura,අනුරාධපුර,8.3114,80.4037
441497,2026-01-19,13:37:30,2026,1,19,13,Monday,Colombo,කොළඹ,6.9271,79.8612
441285,2026-01-18,12:11:50,2026,1,18,12,Sunday,Colombo,කොළඹ,6.9271,79.8612
441278,2026-01-18,11:18:53,2026,1,18,11,Sunday,Puttalam,දංකොටුව,7.3,79.9
441273,2026-01-18,11:06:23,2026,1,18,11,Sunday,,,,
441231,2026-01-18,08:49:40,2026,1,18,8,Sunday,Colombo,කොළඹ,6.9271,79.8612
441177,2026-01-17,18:18:35,2026,1,17,18,Saturday,Nuwara Eliya,නුවරඑළිය,6.9497,80.7891
441106,2026-01-17,11:44:07,2026,1,17,11,Saturday,Colombo,කොළඹ,6.9271,79.8612
440961,2026-01-16,14:20:14,2026,1,16,14,Friday,,,,
440865,2026-01-15,21:04:56,2026,1,15,21,Thursday,,,,
440848,2026-01-15,18:58:35,2026,1,15,18,Thursday,Matara,මාතර,5.9485,80.5353
440844,2026-01-15,18:30:06,2026,1,15,18,Thursday,Galle,ගාල්ල,6.0535,80.221
440807,2026-01-15,15:08:59,2026,1,15,15,Thursday,Gampaha,මීරිගම,7.2333,80.1167
440761,2026-01-15,11:05:34,2026,1,15,11,Thursday,,,,
440686,2026-01-14,20:27:27,2026,1,14,20,Wednesday,Colombo,කොළඹ,6.9271,79.8612
440589,2026-01-14,12:23:17,2026,1,14,12,Wednesday,Colombo,කොළඹ,6.9271,79.8612
440327,2026-01-12,18:43:27,2026,1,12,18,Monday,,,,
440306,2026-01-12,16:55:14,2026,1,12,16,Monday,Colombo,කොළඹ,6.9271,79.8612
440304,2026-01-12,16:50:26,2026,1,12,16,Monday,Anuradhapura,අනුරාධපුර,8.3114,80.4037
440254,2026-01-12,12:06:30,2026,1,12,12,Monday,Nuwara Eliya,මස්කෙළිය,6.8333,80.5667
440221,2026-01-12,09:15:12,2026,1,12,9,Monday,Colombo,කොළඹ,6.9271,79.8612
440155,2026-01-11,15:52:10,2026,1,11,15,Sunday,,,,
440148,2026-01-11,14:49:49,2026,1,11,14,Sunday,Matale,දඹුල්ල,7.86,80.6517
440057,2026-01-10,23:23:01,2026,1,10,23,Saturday,Colombo,කොළඹ,6.9271,79.8612
439961,2026-01-10,10:18:57,2026,1,10,10,Saturday,Kalutara,කළුතර,6.5854,79.9607
439872,2026-01-09,17:45:32,2026,1,9,17,Friday,Colombo,කොළඹ,6.9271,79.8612
439855,2026-01-09,16:09:13,2026,1,9,16,Friday,Galle,ගාල්ල,6.0535,80.221
439813,2026-01-09,11:12:28,2026,1,9,11,Friday,Monaragala,මොණරාගල,6.8728,81.3507
439738,2026-01-08,19:58:52,2026,1,8,19,Thursday,Nuwara Eliya,නුවරඑළිය,6.9497,80.7891
439723,2026-01-08,18:38:37,2026,1,8,18,Thursday,Kalutara,හොරණ,6.7156,80.0631
439673,2026-01-08,12:53:16,2026,1,8,12,Thursday,Colombo,කොළඹ,6.9271,79.8612
439566,2026-01-07,17:18:46,2026,1,7,17,Wednesday,,,,
439523,2026-01-07,13:07:38,2026,1,7,13,Wednesday,Nuwara Eliya,නුවරඑළිය,6.9497,80.7891
439308,2026-01-06,11:16:19,2026,1,6,11,Tuesday,Anuradhapura,අනුරාධපුර,8.3114,80.4037
439215,2026-01-05,17:47:36,2026,1,5,17,Monday,,,,
439035,2026-01-04,14:30:44,2026,1,4,14,Sunday,Colombo,පිළියන්දල,6.801,79.9228
439023,2026-01-04,12:58:22,2026,1,4,12,Sunday,Monaragala,මොණරාගල,6.8728,81.3507
439004,2026-01-04,10:46:29,2026,1,4,10,Sunday,Colombo,කැස්බෑව,6.795,79.939
438805,2026-01-02,19:08:34,2026,1,2,19,Friday,Trincomalee,ත්‍රිකුණාමලය,8.5874,81.2152
438729,2026-01-02,13:32:59,2026,1,2,13,Friday,Colombo,කොළඹ,6.9271,79.8612
438725,2026-01-02,13:22:49,2026,1,2,13,Friday,Colombo,කැස්බෑව,6.795,79.939
438683,2026-01-02,07:36:33,2026,1,2,7,Friday,,,,
438648,2026-01-01,17:57:47,2026,1,1,17,Thursday,Kandy,නුවර,7.2906,80.6337
438599,2026-01-01,12:36:24,2026,1,1,12,Thursday,Hambantota,තංගල්ල,6.0239,80.7944
438521,2025-12-31,16:24:03,2025,12,31,16,Wednesday,,,,
438476,2025-12-31,12:29:10,2025,12,31,12,Wednesday,Colombo,කැස්බෑව,6.795,79.939
438451,2025-12-31,10:50:51,2025,12,31,10,Wednesday,Colombo,කොළඹ,6.9271,79.8612
438372,2025-12-30,18:47:38,2025,12,30,18,Tuesday,Colombo,කොළඹ,6.9271,79.8612
438346,2025-12-30,16:22:09,2025,12,30,16,Tuesday,Nuwara Eliya,නුවරඑළිය,6.9497,80.7891
438304,2025-12-30,13:47:44,2025,12,30,13,Tuesday,,,,
438186,2025-12-29,20:17:18,2025,12,29,20,Monday,Colombo,පාදුක්ක,6.8408,80.0925
438184,2025-12-29,19:48:01,2025,12,29,19,Monday,Kalutara,අලුත්ගම,6.4333,79.9958
438143,2025-12-29,16:00:56,2025,12,29,16,Monday,Colombo,කොළඹ,6.9271,79.8612
438132,2025-12-29,15:00:48,2025,12,29,15,Monday,,,,
438126,2025-12-29,14:15:00,2025,12,29,14,Monday,,,,
438027,2025-12-28,17:43:09,2025,12,28,17,Sunday,Kandy,නුවර,7.2906,80.6337
437677,2025-12-26,10:14:42,2025,12,26,10,Friday,Kalutara,මතුගම,6.5222,80.1167
437647,2025-12-25,23:43:26,2025,12,25,23,Thursday,,,,
437619,2025-12-25,18:01:13,2025,12,25,18,Thursday,Matara,මාතර,5.9485,80.5353
437598,2025-12-25,15:55:31,2025,12,25,15,Thursday,Matara,දික්වැල්ල,5.9667,80.6833
437548,2025-12-25,10:42:46,2025,12,25,10,Thursday,Kandy,නුවර,7.2906,80.6337
437528,2025-12-25,08:28:37,2025,12,25,8,Thursday,,,,
437508,2025-12-24,23:41:57,2025,12,24,23,Wednesday,,,,
437217,2025-12-23,11:57:08,2025,12,23,11,Tuesday,Colombo,කොළඹ,6.9271,79.8612
437130,2025-12-22,19:29:25,2025,12,22,19,Monday,Colombo,කොළඹ,6.9271,79.8612
437105,2025-12-22,16:55:00,2025,12,22,16,Monday,Galle,ඇල්පිටිය,6.2833,80.1667
436923,2025-12-21,16:43:34,2025,12,21,16,Sunday,Anuradhapura,අනුරාධපුර,8.3114,80.4037
436780,2025-12-20,14:41:15,2025,12,20,14,Saturday,Colombo,කොළඹ,6.9271,79.8612
436729,2025-12-20,10:38:36,2025,12,20,10,Saturday,,,,
436666,2025-12-19,18:38:24,2025,12,19,18,Friday,Colombo,කොළඹ,6.9271,79.8612
436570,2025-12-19,10:28:42,2025,12,19,10,Friday,Colombo,හෝමාගම,6.8408,80.0022
436378,2025-12-18,10:30:47,2025,12,18,10,Thursday,,,,
436313,2025-12-17,18:41:16,2025,12,17,18,Wednesday,Kurunegala,කුරුණෑගල,7.4863,80.3623
436290,2025-12-17,17:07:30,2025,12,17,17,Wednesday,Matale,දඹුල්ල,7.86,80.6517
436284,2025-12-17,16:39:43,2025,12,17,16,Wednesday,,,,
436219,2025-12-17,12:19:09,2025,12,17,12,Wednesday,Matale,දඹුල්ල,7.86,80.6517
435962,2025-12-15,21:50:14,2025,12,15,21,Monday,,,,
435959,2025-12-15,20:49:31,2025,12,15,20,Monday,Monaragala,වැල්ලවාය,6.7333,81.1
435954,2025-12-15,19:42:48,2025,12,15,19,Monday,Colombo,කොළඹ,6.9271,79.8612
435758,2025-12-14,17:09:05,2025,12,14,17,Sunday,Colombo,කොළඹ,6.9271,79.8612
435753,2025-12-14,16:15:02,2025,12,14,16,Sunday,Colombo,කොළඹ,6.9271,79.8612
435737,2025-12-14,13:54:05,2025,12,14,13,Sunday,Colombo,කොළඹ,6.9271,79.8612
435736,2025-12-14,13:40:15,2025,12,14,13,Sunday,Galle,අම්බලන්ගොඩ,6.2358,80.0536
435675,2025-12-13,21:07:51,2025,12,13,21,Saturday,Colombo,කොළඹ,6.9271,79.8612
435513,2025-12-12,18:38:23,2025,12,12,18,Friday,Gampaha,ගම්පහ,7.0917,79.9997
435469,2025-12-12,15:30:08,2025,12,12,15,Friday,Colombo,කොළඹ,6.9271,79.8612
435450,2025-12-12,13:38:59,2025,12,12,13,Friday,Colombo,කොළඹ,6.9271,79.8612
435397,2025-12-12,07:53:15,2025,12,12,7,Friday,Colombo,කොළඹ,6.9271,79.8612
435372,2025-12-11,22:05:43,2025,12,11,22,Thursday,Gampaha,කිරිබත්ගොඩ,6.9786,79.9283
435300,2025-12-11,14:02:52,2025,12,11,14,Thursday,Kandy,මහනුවර,7.2906,80.6337
435293,2025-12-11,13:23:17,2025,12,11,13,Thursday,Ampara,අම්පාර,7.2975,81.682
435272,2025-12-11,11:31:42,2025,12,11,11,Thursday,Gampaha,කඩවත,7.0,79.95
434936,2025-12-09,12:48:17,2025,12,9,12,Tuesday,Colombo,කොළඹ,6.9271,79.8612
434663,2025-12-07,15:55:01,2025,12,7,15,Sunday,Nuwara Eliya,නුවරඑළිය,6.9497,80.7891
434624,2025-12-07,07:10:27,2025,12,7,7,Sunday,,,,
434621,2025-12-07,00:04:01,2025,12,7,0,Sunday,,,,
434446,2025-12-06,07:16:06,2025,12,6,7,Saturday,Colombo,කොළඹ,6.9271,79.8612
434236,2025-12-04,18:27:09,2025,12,4,18,Thursday,,,,
434196,2025-12-04,14:23:50,2025,12,4,14,Thursday,Puttalam,වෙන්නප්පුව,7.35,79.8333
433995,2025-12-03,11:58:52,2025,12,3,11,Wednesday,Gampaha,මීගමුව,7.2083,79.8358
433836,2025-12-02,13:26:08,2025,12,2,13,Tuesday,,,,
433754,2025-12-02,01:32:18,2025,12,2,1,Tuesday,Gampaha,මීගමුව,7.2083,79.8358
433536,2025-11-30,22:08:01,2025,11,30,22,Sunday,Puttalam,වෙන්නප්පුව,7.35,79.8333
433123,2025-11-28,13:30:22,2025,11,28,13,Friday,Kandy,නාවලපිටිය,7.05,80.5333
432991,2025-11-27,17:54:43,2025,11,27,17,Thursday,Colombo,කොළඹ,6.9271,79.8612
432961,2025-11-27,16:14:22,2025,11,27,16,Thursday,,,,
432925,2025-11-27,13:04:16,2025,11,27,13,Thursday,Ampara,අම්පාර,7.2975,81.682
432665,2025-11-25,18:07:05,2025,11,25,18,Tuesday,Jaffna,යාපනය,9.6615,80.0255
432605,2025-11-25,14:18:33,2025,11,25,14,Tuesday,Colombo,කොළඹ,6.9271,79.8612
432569,2025-11-25,12:14:29,2025,11,25,12,Tuesday,Colombo,කොළඹ,6.9271,79.8612
432490,2025-11-24,17:57:24,2025,11,24,17,Monday,Kandy,මහනුවර,7.2906,80.6337
432368,2025-11-24,08:33:41,2025,11,24,8,Monday,Colombo,කොළඹ,6.9271,79.8612
432357,2025-11-24,06:38:51,2025,11,24,6,Monday,Kegalle,මාවනැල්ල,7.25,80.45
432339,2025-11-23,21:01:01,2025,11,23,21,Sunday,Colombo,කොළඹ,6.9271,79.8612
432292,2025-11-23,15:03:19,2025,11,23,15,Sunday,Colombo,කොළඹ,6.9271,79.8612
432282,2025-11-23,13:33:33,2025,11,23,13,Sunday,Colombo,කොළඹ,6.9271,79.8612
432255,2025-11-23,10:16:52,2025,11,23,10,Sunday,Kandy,කඩුගන්නාව,7.25,80.5167
432215,2025-11-22,19:43:15,2025,11,22,19,Saturday,Colombo,කොළඹ,6.9271,79.8612
432184,2025-11-22,15:12:28,2025,11,22,15,Saturday,Matale,දඹුල්ල,7.86,80.6517
432144,2025-11-22,11:54:50,2025,11,22,11,Saturday,Colombo,කොළඹ,6.9271,79.8612
432013,2025-11-21,14:18:23,2025,11,21,14,Friday,Kandy,මහනුවර,7.2906,80.6337
431810,2025-11-20,14:22:17,2025,11,20,14,Thursday,Hambantota,හම්බන්තොට,6.1246,81.1185
431638,2025-11-19,15:22:29,2025,11,19,15,Wednesday,Nuwara Eliya,කොටගල,6.9,80.6167
431503,2025-11-18,23:18:03,2025,11,18,23,Tuesday,Anuradhapura,කැබිතිගොල්ලෑව,8.65,80.6667
431341,2025-11-18,09:30:43,2025,11,18,9,Tuesday,,,,
431228,2025-11-17,15:16:55,2025,11,17,15,Monday,Colombo,කොළඹ,6.9271,79.8612
431123,2025-11-17,09:18:19,2025,11,17,9,Monday,Batticaloa,මඩකලපුව,7.7102,81.6924
431111,2025-11-17,07:42:23,2025,11,17,7,Monday,Kurunegala,මහව,7.8167,80.2833
431058,2025-11-16,18:30:37,2025,11,16,18,Sunday,Badulla,බදුල්ල,6.9934,81.055
431002,2025-11-16,14:17:16,2025,11,16,14,Sunday,Gampaha,ගම්පහ,7.0917,79.9997
430977,2025-11-16,08:58:12,2025,11,16,8,Sunday,Badulla,ඇල්ල,6.8667,81.05
430972,2025-11-16,07:55:27,2025,11,16,7,Sunday,Gampaha,ගම්පහ,7.0917,79.9997
430899,2025-11-15,16:02:12,2025,11,15,16,Saturday,Colombo,හෝමාගම,6.8408,80.0022
430850,2025-11-15,12:25:12,2025,11,15,12,Saturday,Polonnaruwa,පොළොන්නරුව,7.9403,81.0188
430549,2025-11-13,16:13:54,2025,11,13,16,Thursday,Polonnaruwa,පොළොන්නරුව,7.9403,81.0188
430464,2025-11-13,11:21:39,2025,11,13,11,Thursday,Trincomalee,ත්‍රිකුණාමලය,8.5874,81.2152
430385,2025-11-12,18:34:41,2025,11,12,18,Wednesday,Matara,මාතර,5.9485,80.5353
430375,2025-11-12,18:00:32,2025,11,12,18,Wednesday,Colombo,කොළඹ,6.9271,79.8612
430348,2025-11-12,15:15:20,2025,11,12,15,Wednesday,,,,
430229,2025-11-12,00:19:59,2025,11,12,0,Wednesday,,,,
430219,2025-11-11,23:10:22,2025,11,11,23,Tuesday,Anuradhapura,තඹුත්තේගම,8.15,80.4
430186,2025-11-11,18:14:52,2025,11,11,18,Tuesday,Colombo,මොරටුව,6.773,79.8816
430132,2025-11-11,15:03:03,2025,11,11,15,Tuesday,Kandy,මහනුවර,7.2906,80.6337
430130,2025-11-11,14:52:15,2025,11,11,14,Tuesday,Jaffna,යාපනය,9.6615,80.0255
429931,2025-11-10,14:36:16,2025,11,10,14,Monday,,,,
429925,2025-11-10,13:51:08,2025,11,10,13,Monday,Anuradhapura,අනුරාධපුර,8.3114,80.4037
429822,2025-11-09,20:46:24,2025,11,9,20,Sunday,Gampaha,මිනුවන්ගොඩ,7.1667,79.95
429790,2025-11-09,15:59:37,2025,11,9,15,Sunday,Gampaha,වත්තල,6.9897,79.8917
429727,2025-11-09,09:42:54,2025,11,9,9,Sunday,Kandy,මහනුවර,7.2906,80.6337
429690,2025-11-08,23:11:01,2025,11,8,23,Saturday,Kurunegala,මහව,7.8167,80.2833
429652,2025-11-08,16:34:31,2025,11,8,16,Saturday,Nuwara Eliya,නුවරඑළිය,6.9497,80.7891
429500,2025-11-07,18:14:34,2025,11,7,18,Friday,,,,
429492,2025-11-07,17:08:49,2025,11,7,17,Friday,Gampaha,කටුනායක,7.1697,79.8844
429484,2025-11-07,15:26:20,2025,11,7,15,Friday,Kandy,මහනුවර,7.2906,80.6337
429454,2025-11-07,13:36:09,2025,11,7,13,Friday,Colombo,කොළඹ,6.9271,79.8612
429420,2025-11-07,11:26:41,2025,11,7,11,Friday,Nuwara Eliya,මස්කෙළිය,6.8333,80.5667
429336,2025-11-06,19:39:29,2025,11,6,19,Thursday,Nuwara Eliya,මස්කෙළිය,6.8333,80.5667
429325,2025-11-06,18:43:57,2025,11,6,18,Thursday,Kandy,පේරාදෙණිය,7.2597,80.5967
429167,2025-11-05,20:25:03,2025,11,5,20,Wednesday,,,,
429096,2025-11-05,14:37:26,2025,11,5,14,Wednesday,,,,
429009,2025-11-05,07:43:17,2025,11,5,7,Wednesday,,,,
428939,2025-11-04,16:17:21,2025,11,4,16,Tuesday,Matara,දික්වැල්ල,5.9667,80.6833
428821,2025-11-03,19:21:14,2025,11,3,19,Monday,Colombo,හෝමාගම,6.8408,80.0022
428817,2025-11-03,18:56:31,2025,11,3,18,Monday,Badulla,බදුල්ල,6.9934,81.055
428765,2025-11-03,16:14:50,2025,11,3,16,Monday,Colombo,කොළඹ,6.9271,79.8612
428746,2025-11-03,15:01:50,2025,11,3,15,Monday,Colombo,පිළියන්දල,6.801,79.9228
428521,2025-11-01,19:15:32,2025,11,1,19,Saturday,Gampaha,මිනුවන්ගොඩ,7.1667,79.95
428518,2025-11-01,19:05:35,2025,11,1,19,Saturday,Kalutara,හොරණ,6.7156,80.0631
428443,2025-11-01,11:37:01,2025,11,1,11,Saturday,Kurunegala,කුරුණෑගල,7.4863,80.3623
428255,2025-10-31,08:56:34,2025,10,31,8,Friday,Gampaha,ගම්පහ,7.0917,79.9997
428108,2025-10-30,12:46:34,2025,10,30,12,Thursday,Gampaha,කටුනායක,7.1697,79.8844
427977,2025-10-29,15:39:09,2025,10,29,15,Wednesday,,,,
427915,2025-10-29,12:02:19,2025,10,29,12,Wednesday,,,,
427607,2025-10-27,18:05:38,2025,10,27,18,Monday,Kurunegala,වාරියපොල,7.6167,80.2333
427564,2025-10-27,14:41:54,2025,10,27,14,Monday,Badulla,පස්සර,6.9333,81.15
427538,2025-10-27,12:16:51,2025,10,27,12,Monday,Kurunegala,කුරුණෑගල,7.4863,80.3623
427393,2025-10-26,13:41:50,2025,10,26,13,Sunday,Galle,ගාල්ල,6.0535,80.221
427384,2025-10-26,12:39:05,2025,10,26,12,Sunday,,,,
427058,2025-10-24,09:54:21,2025,10,24,9,Friday,,,,
427021,2025-10-24,01:18:34,2025,10,24,1,Friday,Jaffna,යාපනය,9.6615,80.0255
426973,2025-10-23,17:33:15,2025,10,23,17,Thursday,Colombo,කොළඹ,6.9271,79.8612
426876,2025-10-23,12:06:16,2025,10,23,12,Thursday,Matale,දඹුල්ල,7.86,80.6517
426762,2025-10-22,17:40:23,2025,10,22,17,Wednesday,Kalutara,හොරණ,6.7156,80.0631
426577,2025-10-21,19:09:59,2025,10,21,19,Tuesday,Kurunegala,කුරුණෑගල,7.4863,80.3623
426320,2025-10-20,16:02:57,2025,10,20,16,Monday,,,,
426182,2025-10-20,07:04:15,2025,10,20,7,Monday,,,,
426177,2025-10-20,00:07:52,2025,10,20,0,Monday,Kandy,නුවර,7.2906,80.6337
426092,2025-10-19,11:54:19,2025,10,19,11,Sunday,Colombo,කොළඹ,6.9271,79.8612
425783,2025-10-17,10:13:50,2025,10,17,10,Friday,Kandy,ගම්පොල,7.1667,80.5667
425735,2025-10-16,19:03:12,2025,10,16,19,Thursday,Kurunegala,අලව්ව,7.3,80.2333
425247,2025-10-14,14:00:56,2025,10,14,14,Tuesday,Nuwara Eliya,නුවරඑළිය,6.9497,80.7891
425131,2025-10-13,18:53:43,2025,10,13,18,Monday,Nuwara Eliya,නුවරඑළිය,6.9497,80.7891
424966,2025-10-12,22:29:26,2025,10,12,22,Sunday,Kandy,මහනුවර,7.2906,80.6337
424963,2025-10-12,21:54:12,2025,10,12,21,Sunday,Kandy,මහනුවර,7.2906,80.6337
424892,2025-10-12,11:57:13,2025,10,12,11,Sunday,Kurunegala,නාරම්මල,7.4333,80.2
424843,2025-10-11,20:20:24,2025,10,11,20,Saturday,,,,
424372,2025-10-09,07:40:15,2025,10,9,7,Thursday,Kalutara,කළුතර,6.5854,79.9607
424326,2025-10-08,18:25:47,2025,10,8,18,Wednesday,Kalutara,හොරණ,6.7156,80.0631
424155,2025-10-07,23:45:04,2025,10,7,23,Tuesday,Kandy,නුවර,7.2906,80.6337
424132,2025-10-07,19:13:59,2025,10,7,19,Tuesday,Jaffna,යාපනය,9.6615,80.0255
424077,2025-10-07,15:14:40,2025,10,7,15,Tuesday,Nuwara Eliya,කොටගල,6.9,80.6167
424052,2025-10-07,13:56:22,2025,10,7,13,Tuesday,Kalutara,කළුතර,6.5854,79.9607
423978,2025-10-07,07:46:45,2025,10,7,7,Tuesday,Kandy,ගම්පොල,7.1667,80.5667
423970,2025-10-07,01:32:51,2025,10,7,1,Tuesday,Colombo,පිළියන්දල,6.801,79.9228
423915,2025-10-06,15:46:22,2025,10,6,15,Monday,Kandy,ගම්පොල,7.1667,80.5667
423798,2025-10-05,18:59:45,2025,10,5,18,Sunday,,,,
423721,2025-10-05,10:37:01,2025,10,5,10,Sunday,Gampaha,කටුනායක,7.1697,79.8844
423668,2025-10-04,17:51:32,2025,10,4,17,Saturday,Galle,ගාල්ල,6.0535,80.221
423648,2025-10-04,16:02:40,2025,10,4,16,Saturday,Kalutara,හොරණ,6.7156,80.0631
423643,2025-10-04,15:22:20,2025,10,4,15,Saturday,Gampaha,මිනුවන්ගොඩ,7.1667,79.95
423619,2025-10-04,12:25:40,2025,10,4,12,Saturday,Gampaha,මිනුවන්ගොඩ,7.1667,79.95
423488,2025-10-03,14:23:20,2025,10,3,14,Friday,Colombo,කොළඹ,6.9271,79.8612
423440,2025-10-03,11:23:39,2025,10,3,11,Friday,Matale,දඹුල්ල,7.86,80.6517
423361,2025-10-02,18:31:46,2025,10,2,18,Thursday,Nuwara Eliya,නුවරඑළිය,6.9497,80.7891
423299,2025-10-02,12:17:52,2025,10,2,12,Thursday,Colombo,බොරලැස්ගමුව,6.8389,79.9003
423295,2025-10-02,11:45:20,2025,10,2,11,Thursday,Colombo,බොරලැස්ගමුව,6.8389,79.9003
422977,2025-09-30,17:29:28,2025,9,30,17,Tuesday,Hambantota,කතරගම,6.4134,81.3346
422845,2025-09-29,22:26:57,2025,9,29,22,Monday,Colombo,කොළඹ,6.9271,79.8612
422835,2025-09-29,20:47:13,2025,9,29,20,Monday,Kandy,මහනුවර,7.2906,80.6337
422776,2025-09-29,14:41:31,2025,9,29,14,Monday,Colombo,කොළඹ,6.9271,79.8612
422741,2025-09-29,11:47:31,2025,9,29,11,Monday,Kandy,මහනුවර,7.2906,80.6337
422624,2025-09-28,15:36:51,2025,9,28,15,Sunday,Colombo,කොළඹ,6.9271,79.8612
422574,2025-09-28,07:56:26,2025,9,28,7,Sunday,Colombo,කොළඹ,6.9271,79.8612
422494,2025-09-27,14:47:21,2025,9,27,14,Saturday,Colombo,කොළඹ,6.9271,79.8612
422466,2025-09-27,12:19:28,2025,9,27,12,Saturday,Kurunegala,කුරුණෑගල,7.4863,80.3623
422464,2025-09-27,12:15:00,2025,9,27,12,Saturday,Nuwara Eliya,මස්කෙළිය,6.8333,80.5667
422427,2025-09-27,09:23:53,2025,9,27,9,Saturday,Colombo,කොළඹ,6.9271,79.8612
422415,2025-09-27,07:38:09,2025,9,27,7,Saturday,Anuradhapura,අනුරාධපුර,8.3114,80.4037
422337,2025-09-26,15:53:03,2025,9,26,15,Friday,Kalutara,බණ්ඩාරගම,6.7133,79.9072
422297,2025-09-26,11:32:03,2025,9,26,11,Friday,Colombo,පාදුක්ක,6.8408,80.0925
422222,2025-09-26,07:46:12,2025,9,26,7,Friday,Kurunegala,කුරුණෑගල,7.4863,80.3623
422192,2025-09-25,19:11:37,2025,9,25,19,Thursday,Kurunegala,මැල්සිරිපුර,7.4833,80.5167
422121,2025-09-25,15:06:24,2025,9,25,15,Thursday,Colombo,කොළඹ,6.9271,79.8612
422094,2025-09-25,13:16:27,2025,9,25,13,Thursday,Kurunegala,මැල්සිරිපුර,7.4833,80.5167
422049,2025-09-25,10:38:19,2025,9,25,10,Thursday,,,,
422032,2025-09-25,09:03:47,2025,9,25,9,Thursday,Kurunegala,කුරුණෑගල,7.4863,80.3623
422021,2025-09-25,07:35:53,2025,9,25,7,Thursday,Kurunegala,කුරුණෑගල,7.4863,80.3623
422017,2025-09-25,07:18:54,2025,9,25,7,Thursday,Colombo,කොළඹ,6.9271,79.8612
421918,2025-09-24,15:18:21,2025,9,24,15,Wednesday,Puttalam,වෙන්නප්පුව,7.35,79.8333
421770,2025-09-23,18:58:46,2025,9,23,18,Tuesday,Kalutara,කළුතර,6.5854,79.9607
421769,2025-09-23,18:52:22,2025,9,23,18,Tuesday,Gampaha,නිට්ටඹුව,7.1417,80.0958
421577,2025-09-22,20:41:04,2025,9,22,20,Monday,Ampara,අම්පාර,7.2975,81.682
421525,2025-09-22,15:33:59,2025,9,22,15,Monday,Colombo,කොළඹ,6.9271,79.8612
421515,2025-09-22,14:51:23,2025,9,22,14,Monday,Matale,දඹුල්ල,7.86,80.6517
421480,2025-09-22,12:44:43,2025,9,22,12,Monday,,,,
421450,2025-09-22,10:48:42,2025,9,22,10,Monday,Nuwara Eliya,රාගල,6.9833,80.7667
421316,2025-09-21,11:12:38,2025,9,21,11,Sunday,Kurunegala,කුරුණෑගල,7.4863,80.3623
421313,2025-09-21,11:04:38,2025,9,21,11,Sunday,Gampaha,ගම්පහ,7.0917,79.9997
421311,2025-09-21,10:59:54,2025,9,21,10,Sunday,Colombo,කොළඹ,6.9271,79.8612
421309,2025-09-21,10:56:24,2025,9,21,10,Sunday,,,,
421304,2025-09-21,10:43:17,2025,9,21,10,Sunday,Puttalam,පුත්තලම,8.0362,79.8283
421286,2025-09-21,07:45:12,2025,9,21,7,Sunday,Colombo,කොළඹ,6.9271,79.8612
421245,2025-09-20,19:04:52,2025,9,20,19,Saturday,Kandy,නාවලපිටිය,7.05,80.5333
421222,2025-09-20,16:07:58,2025,9,20,16,Saturday,,,,
420895,2025-09-18,16:43:16,2025,9,18,16,Thursday,Anuradhapura,තලාව,8.2333,80.35
420881,2025-09-18,16:09:51,2025,9,18,16,Thursday,,,,
420868,2025-09-18,15:37:22,2025,9,18,15,Thursday,,,,
420674,2025-09-17,15:09:15,2025,9,17,15,Wednesday,Badulla,බණ්ඩාරවෙල,6.8333,80.9833
420615,2025-09-17,10:54:23,2025,9,17,10,Wednesday,Colombo,කොළඹ,6.9271,79.8612
420558,2025-09-17,07:03:46,2025,9,17,7,Wednesday,Colombo,කොළඹ,6.9271,79.8612
420442,2025-09-16,12:26:43,2025,9,16,12,Tuesday,Ratnapura,රත්නපුර,6.6828,80.3992
420356,2025-09-16,07:54:27,2025,9,16,7,Tuesday,Colombo,කොළඹ,6.9271,79.8612
420240,2025-09-15,13:25:44,2025,9,15,13,Monday,Polonnaruwa,පොළොන්නරුව,7.9403,81.0188
420111,2025-09-14,18:45:41,2025,9,14,18,Sunday,Batticaloa,මඩකලපුව,7.7102,81.6924
420080,2025-09-14,14:52:50,2025,9,14,14,Sunday,Galle,ගාල්ල,6.0535,80.221
420054,2025-09-14,10:08:54,2025,9,14,10,Sunday,Badulla,බදුල්ල,6.9934,81.055
420003,2025-09-13,18:23:55,2025,9,13,18,Saturday,Nuwara Eliya,නුවරඑළිය,6.9497,80.7891
419924,2025-09-13,10:50:38,2025,9,13,10,Saturday,Kandy,නාවලපිටිය,7.05,80.5333
419830,2025-09-12,17:39:11,2025,9,12,17,Friday,,,,
419828,2025-09-12,17:26:35,2025,9,12,17,Friday,Nuwara Eliya,නුවරඑළිය,6.9497,80.7891
419789,2025-09-12,14:48:10,2025,9,12,14,Friday,Matara,වැලිගම,5.975,80.4297
419625,2025-09-11,15:13:45,2025,9,11,15,Thursday,Colombo,කොළඹ,6.9271,79.8612
419568,2025-09-11,11:39:37,2025,9,11,11,Thursday,Nuwara Eliya,නුවරඑළිය,6.9497,80.7891
419486,2025-09-10,20:21:14,2025,9,10,20,Wednesday,Nuwara Eliya,නුවරඑළිය,6.9497,80.7891
419460,2025-09-10,17:32:59,2025,9,10,17,Wednesday,,,,
419430,2025-09-10,15:10:48,2025,9,10,15,Wednesday,Badulla,බණ්ඩාරවෙල,6.8333,80.9833
419415,2025-09-10,14:12:26,2025,9,10,14,Wednesday,Kandy,මහනුවර,7.2906,80.6337
419345,2025-09-10,10:28:40,2025,9,10,10,Wednesday,Badulla,ඇල්ල,6.8667,81.05
419096,2025-09-09,08:02:59,2025,9,9,8,Tuesday,Colombo,කොළඹ,6.9271,79.8612
419079,2025-09-09,06:33:42,2025,9,9,6,Tuesday,Colombo,කොළඹ,6.9271,79.8612
419066,2025-09-08,21:17:12,2025,9,8,21,Monday,Colombo,කොළඹ,6.9271,79.8612
419042,2025-09-08,17:09:56,2025,9,8,17,Monday,Galle,ගාල්ල,6.0535,80.221
419002,2025-09-08,13:27:01,2025,9,8,13,Monday,Colombo,කොළඹ,6.9271,79.8612
418904,2025-09-08,07:22:51,2025,9,8,7,Monday,Hambantota,තංගල්ල,6.0239,80.7944
418872,2025-09-07,19:27:03,2025,9,7,19,Sunday,Hambantota,තංගල්ල,6.0239,80.7944
418859,2025-09-07,16:58:25,2025,9,7,16,Sunday,Hambantota,තංගල්ල,6.0239,80.7944
418857,2025-09-07,16:42:45,2025,9,7,16,Sunday,Badulla,ඇල්ල,6.8667,81.05
418834,2025-09-07,14:33:56,2025,9,7,14,Sunday,Badulla,ඇල්ල,6.8667,81.05
418832,2025-09-07,14:29:04,2025,9,7,14,Sunday,Badulla,ඇල්ල,6.8667,81.05
418818,2025-09-07,11:35:26,2025,9,7,11,Sunday,Gampaha,කඩවත,7.0,79.95
418799,2025-09-07,09:09:10,2025,9,7,9,Sunday,Colombo,කොළඹ,6.9271,79.8612
418794,2025-09-07,08:13:46,2025,9,7,8,Sunday,,,,
418772,2025-09-06,21:12:11,2025,9,6,21,Saturday,Hambantota,තංගල්ල,6.0239,80.7944
418750,2025-09-06,17:54:48,2025,9,6,17,Saturday,Hambantota,තංගල්ල,6.0239,80.7944
418741,2025-09-06,17:08:02,2025,9,6,17,Saturday,Hambantota,තංගල්ල,6.0239,80.7944
418736,2025-09-06,16:50:25,2025,9,6,16,Saturday,Badulla,බදුල්ල,6.9934,81.055
418727,2025-09-06,16:21:07,2025,9,6,16,Saturday,Badulla,දියතලාව,6.8167,80.9667
418702,2025-09-06,14:25:31,2025,9,6,14,Saturday,Colombo,කොළඹ,6.9271,79.8612
418683,2025-09-06,12:26:56,2025,9,6,12,Saturday,Hambantota,තංගල්ල,6.0239,80.7944
418652,2025-09-06,10:06:44,2025,9,6,10,Saturday,Hambantota,තංගල්ල,6.0239,80.7944
418640,2025-09-06,08:57:14,2025,9,6,8,Saturday,Hambantota,තංගල්ල,6.0239,80.7944
418635,2025-09-06,08:30:10,2025,9,6,8,Saturday,Hambantota,තංගල්ල,6.0239,80.7944
418572,2025-09-05,16:32:49,2025,9,5,16,Friday,Badulla,බදුල්ල,6.9934,81.055
418554,2025-09-05,14:33:24,2025,9,5,14,Friday,Hambantota,තංගල්ල,6.0239,80.7944
418552,2025-09-05,14:01:39,2025,9,5,14,Friday,Hambantota,තංගල්ල,6.0239,80.7944
418548,2025-09-05,13:20:33,2025,9,5,13,Friday,Badulla,බදුල්ල,6.9934,81.055
418536,2025-09-05,12:32:45,2025,9,5,12,Friday,Hambantota,තංගල්ල,6.0239,80.7944
418512,2025-09-05,10:01:37,2025,9,5,10,Friday,Hambantota,තංගල්ල,6.0239,80.7944
418498,2025-09-05,09:14:06,2025,9,5,9,Friday,Hambantota,තංගල්ල,6.0239,80.7944
418471,2025-09-05,07:36:21,2025,9,5,7,Friday,Hambantota,තංගල්ල,6.0239,80.7944
418460,2025-09-05,07:25:11,2025,9,5,7,Friday,Hambantota,තංගල්ල,6.0239,80.7944
418445,2025-09-05,06:20:41,2025,9,5,6,Friday,Hambantota,තංගල්ල,6.0239,80.7944
418439,2025-09-04,22:07:49,2025,9,4,22,Thursday,Hambantota,තංගල්ල,6.0239,80.7944
418376,2025-09-04,14:37:47,2025,9,4,14,Thursday,,,,
418031,2025-09-03,06:20:24,2025,9,3,6,Wednesday,Gampaha,මීරිගම,7.2333,80.1167
417890,2025-09-02,11:13:57,2025,9,2,11,Tuesday,Hambantota,කතරගම,6.4134,81.3346
417452,2025-08-30,17:25:31,2025,8,30,17,Saturday,,,,
417140,2025-08-29,08:28:11,2025,8,29,8,Friday,Kurunegala,කුලියාපිටිය,7.4667,80.0333
417094,2025-08-28,18:21:07,2025,8,28,18,Thursday,Anuradhapura,අනුරාධපුර,8.3114,80.4037
417050,2025-08-28,14:10:42,2025,8,28,14,Thursday,Matale,දඹුල්ල,7.86,80.6517
417037,2025-08-28,13:32:04,2025,8,28,13,Thursday,Kurunegala,කුලියාපිටිය,7.4667,80.0333
416928,2025-08-27,21:02:41,2025,8,27,21,Wednesday,Hambantota,තංගල්ල,6.0239,80.7944
416876,2025-08-27,15:13:36,2025,8,27,15,Wednesday,Colombo,කොළඹ,6.9271,79.8612
416866,2025-08-27,14:21:16,2025,8,27,14,Wednesday,Colombo,කොළඹ,6.9271,79.8612
416851,2025-08-27,12:49:35,2025,8,27,12,Wednesday,Colombo,හෝමාගම,6.8408,80.0022
416782,2025-08-27,08:28:28,2025,8,27,8,Wednesday,Kurunegala,කුලියාපිටිය,7.4667,80.0333
416342,2025-08-24,15:53:23,2025,8,24,15,Sunday,,,,
416295,2025-08-24,11:11:04,2025,8,24,11,Sunday,Colombo,කොළඹ,6.9271,79.8612
416275,2025-08-24,08:35:30,2025,8,24,8,Sunday,Gampaha,මිනුවන්ගොඩ,7.1667,79.95
416160,2025-08-23,10:38:48,2025,8,23,10,Saturday,Colombo,කොළඹ,6.9271,79.8612
416144,2025-08-23,09:22:50,2025,8,23,9,Saturday,Colombo,කොළඹ,6.9271,79.8612
415286,2025-08-18,21:25:47,2025,8,18,21,Monday,Anuradhapura,කැකිරාව,8.0333,80.6
415102,2025-08-17,20:59:30,2025,8,17,20,Sunday,Jaffna,යාපනය,9.6615,80.0255
415021,2025-08-17,13:54:53,2025,8,17,13,Sunday,,,,
414927,2025-08-16,17:00:17,2025,8,16,17,Saturday,,,,
414909,2025-08-16,15:14:58,2025,8,16,15,Saturday,Colombo,හෝමාගම,6.8408,80.0022
414905,2025-08-16,14:51:02,2025,8,16,14,Saturday,Colombo,කොළඹ,6.9271,79.8612
414900,2025-08-16,14:27:09,2025,8,16,14,Saturday,Matale,රත්තොට,7.5167,80.6833
414836,2025-08-16,07:31:45,2025,8,16,7,Saturday,Monaragala,මොණරාගල,6.8728,81.3507
414713,2025-08-15,10:18:25,2025,8,15,10,Friday,Badulla,බදුල්ල,6.9934,81.055
414708,2025-08-15,09:51:25,2025,8,15,9,Friday,Badulla,බණ්ඩාරවෙල,6.8333,80.9833
414662,2025-08-14,21:59:55,2025,8,14,21,Thursday,,,,
414649,2025-08-14,21:11:43,2025,8,14,21,Thursday,,,,
414161,2025-08-12,10:24:27,2025,8,12,10,Tuesday,Colombo,කොළඹ,6.9271,79.8612
414147,2025-08-12,09:10:42,2025,8,12,9,Tuesday,Matale,දඹුල්ල,7.86,80.6517
414125,2025-08-12,06:30:17,2025,8,12,6,Tuesday,Colombo,කොළඹ,6.9271,79.8612
414043,2025-08-11,13:51:32,2025,8,11,13,Monday,Galle,ඇල්පිටිය,6.2833,80.1667
413901,2025-08-10,14:37:41,2025,8,10,14,Sunday,Colombo,කොළඹ,6.9271,79.8612
413826,2025-08-09,17:37:30,2025,8,9,17,Saturday,Gampaha,දිවුලපිටිය,7.2167,80.0
413730,2025-08-09,08:57:07,2025,8,9,8,Saturday,Colombo,කොළඹ,6.9271,79.8612
413652,2025-08-08,16:07:04,2025,8,8,16,Friday,Colombo,කොළඹ,6.9271,79.8612
413403,2025-08-07,08:20:30,2025,8,7,8,Thursday,,,,
413268,2025-08-06,10:55:20,2025,8,6,10,Wednesday,Colombo,බත්තරමුල්ල,6.898,79.918
413072,2025-08-05,11:47:18,2025,8,5,11,Tuesday,,,,
412791,2025-08-03,16:10:32,2025,8,3,16,Sunday,Kandy,පේරාදෙණිය,7.2597,80.5967
412709,2025-08-03,06:49:48,2025,8,3,6,Sunday,,,,
412583,2025-08-02,08:47:10,2025,8,2,8,Saturday,Kegalle,කෑගල්ල,7.2513,80.3464
412552,2025-08-01,22:22:40,2025,8,1,22,Friday,Kurunegala,කුරුණෑගල,7.4863,80.3623
412325,2025-07-31,10:47:48,2025,7,31,10,Thursday,Colombo,කොළඹ,6.9271,79.8612
412236,2025-07-30,17:13:47,2025,7,30,17,Wednesday,,,,
412208,2025-07-30,14:54:38,2025,7,30,14,Wednesday,Kalutara,අලුත්ගම,6.4333,79.9958
412148,2025-07-30,09:58:00,2025,7,30,9,Wednesday,Nuwara Eliya,නුවරඑළිය,6.9497,80.7891
412114,2025-07-29,23:27:57,2025,7,29,23,Tuesday,Galle,ගාල්ල,6.0535,80.221
412113,2025-07-29,23:14:06,2025,7,29,23,Tuesday,Kegalle,රඹුක්කන,7.3167,80.4
412109,2025-07-29,22:09:30,2025,7,29,22,Tuesday,Colombo,කොළඹ,6.9271,79.8612
412046,2025-07-29,14:14:21,2025,7,29,14,Tuesday,,,,
411981,2025-07-29,09:43:16,2025,7,29,9,Tuesday,Colombo,කොළඹ,6.9271,79.8612
411920,2025-07-28,17:33:55,2025,7,28,17,Monday,Colombo,කොළඹ,6.9271,79.8612
411863,2025-07-28,13:05:09,2025,7,28,13,Monday,Colombo,කොළඹ,6.9271,79.8612
411828,2025-07-28,10:12:40,2025,7,28,10,Monday,Colombo,කොළඹ,6.9271,79.8612
411816,2025-07-28,08:50:23,2025,7,28,8,Monday,,,,
411815,2025-07-28,08:35:28,2025,7,28,8,Monday,Jaffna,යාපනය,9.6615,80.0255
411811,2025-07-28,08:20:49,2025,7,28,8,Monday,Vavuniya,වවුනියාව,8.7514,80.4971
411775,2025-07-27,21:28:47,2025,7,27,21,Sunday,,,,
411713,2025-07-27,14:48:18,2025,7,27,14,Sunday,Nuwara Eliya,කොටගල,6.9,80.6167
411711,2025-07-27,14:28:18,2025,7,27,14,Sunday,Matara,මිරිස්ස,5.9483,80.4589
411682,2025-07-27,10:31:25,2025,7,27,10,Sunday,Colombo,කොළඹ,6.9271,79.8612
411668,2025-07-27,08:30:59,2025,7,27,8,Sunday,Kilinochchi,කිලිනොච්චි,9.3961,80.3981
411438,2025-07-25,15:50:59,2025,7,25,15,Friday,Colombo,කොළඹ,6.9271,79.8612
411175,2025-07-23,15:23:51,2025,7,23,15,Wednesday,Colombo,නුගේගොඩ,6.8649,79.8997
411134,2025-07-23,10:40:36,2025,7,23,10,Wednesday,Hambantota,බෙලිඅත්ත,6.05,80.75
411066,2025-07-22,17:49:52,2025,7,22,17,Tuesday,Colombo,කොළඹ,6.9271,79.8612
410889,2025-07-21,15:54:41,2025,7,21,15,Monday,Hambantota,හම්බන්තොට,6.1246,81.1185
410829,2025-07-21,09:33:53,2025,7,21,9,Monday,Colombo,කොළඹ,6.9271,79.8612
410814,2025-07-21,07:59:16,2025,7,21,7,Monday,Kegalle,කෑගල්ල,7.2513,80.3464
410767,2025-07-20,16:28:15,2025,7,20,16,Sunday,,,,
410718,2025-07-20,07:46:44,2025,7,20,7,Sunday,Kurunegala,නාරම්මල,7.4333,80.2
410694,2025-07-19,19:44:24,2025,7,19,19,Saturday,Colombo,කොළඹ,6.9271,79.8612
410631,2025-07-19,11:43:36,2025,7,19,11,Saturday,Anuradhapura,අනුරාධපුර,8.3114,80.4037
410407,2025-07-17,12:20:26,2025,7,17,12,Thursday,Colombo,හංවැල්ල,6.9,80.0833
410318,2025-07-16,15:49:50,2025,7,16,15,Wednesday,Badulla,ඇල්ල,6.8667,81.05
410021,2025-07-13,18:54:56,2025,7,13,18,Sunday,Gampaha,මීරිගම,7.2333,80.1167
409999,2025-07-13,14:14:33,2025,7,13,14,Sunday,Colombo,රාජගිරිය,6.9095,79.8937
409917,2025-07-12,12:23:20,2025,7,12,12,Saturday,,,,
409898,2025-07-12,08:21:39,2025,7,12,8,Saturday,Mullaitivu,මාන්කුලම,9.15,80.45
409840,2025-07-11,14:29:54,2025,7,11,14,Friday,Nuwara Eliya,නුවරඑළිය,6.9497,80.7891
409835,2025-07-11,13:25:37,2025,7,11,13,Friday,,,,
409731,2025-07-10,11:28:46,2025,7,10,11,Thursday,Nuwara Eliya,නුවරඑළිය,6.9497,80.7891
409415,2025-07-07,10:05:13,2025,7,7,10,Monday,,,,
409401,2025-07-07,07:43:11,2025,7,7,7,Monday,Badulla,ඇල්ල,6.8667,81.05
409389,2025-07-06,21:28:20,2025,7,6,21,Sunday,Colombo,මොරටුව,6.773,79.8816
409362,2025-07-06,15:36:24,2025,7,6,15,Sunday,,,,
409248,2025-07-05,08:54:34,2025,7,5,8,Saturday,Colombo,කොළඹ,6.9271,79.8612
409187,2025-07-04,13:17:33,2025,7,4,13,Friday,Puttalam,පුත්තලම,8.0362,79.8283
408834,2025-06-30,17:31:06,2025,6,30,17,Monday,Hambantota,කතරගම,6.4134,81.3346
408786,2025-06-30,10:39:12,2025,6,30,10,Monday,Kalutara,හොරණ,6.7156,80.0631
408739,2025-06-29,17:08:43,2025,6,29,17,Sunday,Hambantota,තංගල්ල,6.0239,80.7944
408716,2025-06-29,12:55:03,2025,6,29,12,Sunday,,,,
408697,2025-06-29,10:02:21,2025,6,29,10,Sunday,Nuwara Eliya,නුවරඑළිය,6.9497,80.7891
408685,2025-06-29,07:06:36,2025,6,29,7,Sunday,Hambantota,තංගල්ල,6.0239,80.7944
408680,2025-06-28,23:15:37,2025,6,28,23,Saturday,Galle,හික්කඩුව,6.1395,80.1011
408610,2025-06-28,09:59:15,2025,6,28,9,Saturday,Galle,ගාල්ල,6.0535,80.221
408560,2025-06-27,17:26:29,2025,6,27,17,Friday,Kegalle,කෑගල්ල,7.2513,80.3464
408537,2025-06-27,13:55:47,2025,6,27,13,Friday,,,,
408460,2025-06-26,16:37:06,2025,6,26,16,Thursday,Matara,මාතර,5.9485,80.5353
408401,2025-06-26,10:09:49,2025,6,26,10,Thursday,Colombo,කොළඹ,6.9271,79.8612
408364,2025-06-25,20:41:06,2025,6,25,20,Wednesday,Colombo,දෙහිවල,6.8511,79.8653
408243,2025-06-24,22:40:51,2025,6,24,22,Tuesday,,,,
408239,2025-06-24,21:56:05,2025,6,24,21,Tuesday,Colombo,කොළඹ,6.9271,79.8612
408208,2025-06-24,17:24:54,2025,6,24,17,Tuesday,Monaragala,මොණරාගල,6.8728,81.3507
408171,2025-06-24,14:12:30,2025,6,24,14,Tuesday,Colombo,කොළඹ,6.9271,79.8612
408027,2025-06-23,11:38:08,2025,6,23,11,Monday,Nuwara Eliya,නුවරඑළිය,6.9497,80.7891
407984,2025-06-22,20:01:21,2025,6,22,20,Sunday,Anuradhapura,තඹුත්තේගම,8.15,80.4
407966,2025-06-22,15:48:11,2025,6,22,15,Sunday,Colombo,කොළඹ,6.9271,79.8612
407916,2025-06-22,07:33:24,2025,6,22,7,Sunday,Anuradhapura,තඹුත්තේගම,8.15,80.4
407903,2025-06-21,21:39:57,2025,6,21,21,Saturday,Colombo,කොළඹ,6.9271,79.8612
407886,2025-06-21,18:25:09,2025,6,21,18,Saturday,Badulla,බදුල්ල,6.9934,81.055
407884,2025-06-21,17:53:26,2025,6,21,17,Saturday,Kandy,මහනුවර,7.2906,80.6337
407821,2025-06-21,06:52:06,2025,6,21,6,Saturday,Badulla,බදුල්ල,6.9934,81.055
407810,2025-06-20,20:40:21,2025,6,20,20,Friday,Colombo,කොළඹ,6.9271,79.8612
407767,2025-06-20,14:54:37,2025,6,20,14,Friday,Colombo,කොළඹ,6.9271,79.8612
407734,2025-06-20,10:23:58,2025,6,20,10,Friday,Kandy,මහනුවර,7.2906,80.6337
407654,2025-06-19,12:42:48,2025,6,19,12,Thursday,Kandy,නුවර,7.2906,80.6337
407612,2025-06-19,07:13:03,2025,6,19,7,Thursday,Puttalam,කල්පිටිය,8.2333,79.7667
407527,2025-06-18,10:23:04,2025,6,18,10,Wednesday,Colombo,කොළඹ,6.9271,79.8612
407512,2025-06-18,08:45:40,2025,6,18,8,Wednesday,Trincomalee,ත්‍රිකුණාමලය,8.5874,81.2152
407343,2025-06-16,17:36:55,2025,6,16,17,Monday,Colombo,කොළඹ,6.9271,79.8612
407316,2025-06-16,14:20:01,2025,6,16,14,Monday,,,,
407315,2025-06-16,14:11:52,2025,6,16,14,Monday,,,,
406958,2025-06-12,16:03:28,2025,6,12,16,Thursday,Monaragala,බිබිල,7.1667,81.2167
406945,2025-06-12,14:41:09,2025,6,12,14,Thursday,Colombo,කොළඹ,6.9271,79.8612
406899,2025-06-12,07:49:44,2025,6,12,7,Thursday,Ratnapura,රත්නපුර,6.6828,80.3992
406822,2025-06-11,10:17:11,2025,6,11,10,Wednesday,Colombo,කොළඹ,6.9271,79.8612
406813,2025-06-11,08:37:27,2025,6,11,8,Wednesday,Anuradhapura,හබරණ,8.0333,80.75
406744,2025-06-10,10:16:08,2025,6,10,10,Tuesday,Anuradhapura,අනුරාධපුර,8.3114,80.4037
406683,2025-06-09,15:08:22,2025,6,9,15,Monday,Colombo,කොළඹ,6.9271,79.8612
406504,2025-06-07,11:12:21,2025,6,7,11,Saturday,Nuwara Eliya,රාගල,6.9833,80.7667
406474,2025-06-06,20:15:59,2025,6,6,20,Friday,Colombo,කොළඹ,6.9271,79.8612
406439,2025-06-06,12:37:35,2025,6,6,12,Friday,Colombo,කොළඹ,6.9271,79.8612
406434,2025-06-06,11:25:39,2025,6,6,11,Friday,Kurunegala,කුලියාපිටිය,7.4667,80.0333
406409,2025-06-06,08:02:58,2025,6,6,8,Friday,Colombo,කොළඹ,6.9271,79.8612
406346,2025-06-05,12:55:24,2025,6,5,12,Thursday,Colombo,මොරටුව,6.773,79.8816
406285,2025-06-04,17:14:28,2025,6,4,17,Wednesday,Batticaloa,මඩකලපුව,7.7102,81.6924
406193,2025-06-03,15:42:04,2025,6,3,15,Tuesday,Badulla,බදුල්ල,6.9934,81.055
406018,2025-06-01,11:31:28,2025,6,1,11,Sunday,Colombo,කොළඹ,6.9271,79.8612
406008,2025-06-01,09:51:14,2025,6,1,9,Sunday,Kandy,මහනුවර,7.2906,80.6337
405971,2025-05-31,16:51:43,2025,5,31,16,Saturday,Kandy,මහනුවර,7.2906,80.6337
405787,2025-05-29,15:43:12,2025,5,29,15,Thursday,Kandy,මහනුවර,7.2906,80.6337
405739,2025-05-29,07:28:44,2025,5,29,7,Thursday,Colombo,කොළඹ,6.9271,79.8612
405635,2025-05-28,06:58:33,2025,5,28,6,Wednesday,Gampaha,මිනුවන්ගොඩ,7.1667,79.95
405556,2025-05-27,10:15:51,2025,5,27,10,Tuesday,Kandy,මහනුවර,7.2906,80.6337
405454,2025-05-25,19:46:55,2025,5,25,19,Sunday,,,,
405409,2025-05-25,08:41:26,2025,5,25,8,Sunday,Hambantota,හම්බන්තොට,6.1246,81.1185
405376,2025-05-24,16:36:13,2025,5,24,16,Saturday,Monaragala,වැල්ලවාය,6.7333,81.1
405340,2025-05-24,09:07:45,2025,5,24,9,Saturday,Colombo,කොළඹ,6.9271,79.8612
405330,2025-05-24,06:20:04,2025,5,24,6,Saturday,Nuwara Eliya,නුවරඑළිය,6.9497,80.7891
405133,2025-05-21,21:51:06,2025,5,21,21,Wednesday,Colombo,කොළඹ,6.9271,79.8612
404985,2025-05-20,12:21:46,2025,5,20,12,Tuesday,,,,
404951,2025-05-20,06:45:42,2025,5,20,6,Tuesday,Colombo,කොළඹ,6.9271,79.8612
404934,2025-05-19,18:17:52,2025,5,19,18,Monday,,,,
404693,2025-05-15,14:53:05,2025,5,15,14,Thursday,Kandy,මහනුවර,7.2906,80.6337
404688,2025-05-15,13:47:02,2025,5,15,13,Thursday,Colombo,කොළඹ,6.9271,79.8612
404681,2025-05-15,13:38:39,2025,5,15,13,Thursday,Nuwara Eliya,නුවරඑළිය,6.9497,80.7891
404625,2025-05-14,11:52:42,2025,5,14,11,Wednesday,Nuwara Eliya,නුවරඑළිය,6.9497,80.7891
404518,2025-05-11,08:09:46,2025,5,11,8,Sunday,Kandy,ගම්පොල,7.1667,80.5667
404481,2025-05-10,08:49:01,2025,5,10,8,Saturday,Polonnaruwa,පොළොන්නරුව,7.9403,81.0188
404393,2025-05-08,08:34:41,2025,5,8,8,Thursday,Gampaha,කටුනායක,7.1697,79.8844
404348,2025-05-05,15:04:33,2025,5,5,15,Monday,Colombo,කොළඹ,6.9271,79.8612
404224,2025-05-03,12:12:44,2025,5,3,12,Saturday,,,,
404140,2025-05-01,18:30:00,2025,5,1,18,Thursday,Anuradhapura,හබරණ,8.0333,80.75
404031,2025-04-30,11:22:06,2025,4,30,11,Wednesday,Colombo,කොළඹ,6.9271,79.8612
404028,2025-04-30,10:59:00,2025,4,30,10,Wednesday,Anuradhapura,තලාව,8.2333,80.35
403918,2025-04-28,14:44:23,2025,4,28,14,Monday,Colombo,කොළඹ,6.9271,79.8612
403802,2025-04-26,16:13:55,2025,4,26,16,Saturday,Kandy,මහනුවර,7.2906,80.6337
403763,2025-04-26,09:14:05,2025,4,26,9,Saturday,Kandy,නුවර,7.2906,80.6337
403669,2025-04-24,07:47:04,2025,4,24,7,Thursday,Ampara,අක්කරෙයිපත්තුව,7.2167,81.85
403654,2025-04-23,20:38:47,2025,4,23,20,Wednesday,Kandy,මහනුවර,7.2906,80.6337
403457,2025-04-21,19:06:19,2025,4,21,19,Monday,Gampaha,වත්තල,6.9897,79.8917
403421,2025-04-21,14:08:03,2025,4,21,14,Monday,Gampaha,නිට්ටඹුව,7.1417,80.0958
403402,2025-04-21,11:12:43,2025,4,21,11,Monday,Matale,දඹුල්ල,7.86,80.6517
403271,2025-04-19,17:12:08,2025,4,19,17,Saturday,Anuradhapura,තලාව,8.2333,80.35
403188,2025-04-18,18:09:37,2025,4,18,18,Friday,Colombo,කොළඹ,6.9271,79.8612
403061,2025-04-17,11:16:02,2025,4,17,11,Thursday,Kandy,මහනුවර,7.2906,80.6337
402918,2025-04-15,16:01:34,2025,4,15,16,Tuesday,Colombo,කොළඹ,6.9271,79.8612
402882,2025-04-15,08:02:32,2025,4,15,8,Tuesday,Galle,අම්බලන්ගොඩ,6.2358,80.0536
402856,2025-04-14,16:42:11,2025,4,14,16,Monday,,,,
402696,2025-04-12,09:40:21,2025,4,12,9,Saturday,Colombo,කොළඹ,6.9271,79.8612
402689,2025-04-12,08:21:11,2025,4,12,8,Saturday,Colombo,කොළඹ,6.9271,79.8612
402601,2025-04-11,07:16:54,2025,4,11,7,Friday,Colombo,කොළඹ,6.9271,79.8612
402449,2025-04-09,14:59:42,2025,4,9,14,Wednesday,Kandy,මහනුවර,7.2906,80.6337
402399,2025-04-09,08:27:17,2025,4,9,8,Wednesday,,,,
402388,2025-04-08,23:17:51,2025,4,8,23,Tuesday,,,,
402226,2025-04-06,12:38:23,2025,4,6,12,Sunday,Gampaha,රාගම,7.0289,79.9175
402130,2025-04-05,11:30:34,2025,4,5,11,Saturday,Colombo,කොළඹ,6.9271,79.8612
402057,2025-04-04,15:33:23,2025,4,4,15,Friday,Gampaha,කටුනායක,7.1697,79.8844
402023,2025-04-04,10:36:51,2025,4,4,10,Friday,Colombo,කොළඹ,6.9271,79.8612
401792,2025-04-01,17:55:50,2025,4,1,17,Tuesday,Batticaloa,මඩකලපුව,7.7102,81.6924
401731,2025-04-01,08:24:24,2025,4,1,8,Tuesday,,,,
401633,2025-03-31,07:13:53,2025,3,31,7,Monday,Kandy,පේරාදෙණිය,7.2597,80.5967
401609,2025-03-30,17:34:17,2025,3,30,17,Sunday,,,,
401289,2025-03-27,11:04:59,2025,3,27,11,Thursday,Kegalle,රඹුක්කන,7.3167,80.4
401284,2025-03-27,10:40:20,2025,3,27,10,Thursday,Nuwara Eliya,ගිනිගත්හේන,6.9833,80.4833
401274,2025-03-27,09:15:34,2025,3,27,9,Thursday,Kalutara,හොරණ,6.7156,80.0631
401164,2025-03-26,10:19:07,2025,3,26,10,Wednesday,Colombo,කොළඹ,6.9271,79.8612
401140,2025-03-26,07:26:20,2025,3,26,7,Wednesday,,,,
400970,2025-03-24,13:51:04,2025,3,24,13,Monday,Badulla,බණ්ඩාරවෙල,6.8333,80.9833
400881,2025-03-23,17:51:33,2025,3,23,17,Sunday,Badulla,බදුල්ල,6.9934,81.055
400837,2025-03-23,10:38:04,2025,3,23,10,Sunday,Kandy,ගම්පොල,7.1667,80.5667
400832,2025-03-23,10:00:45,2025,3,23,10,Sunday,,,,
400804,2025-03-22,20:33:49,2025,3,22,20,Saturday,Colombo,කොළඹ,6.9271,79.8612
400783,2025-03-22,16:26:16,2025,3,22,16,Saturday,Colombo,කොළඹ,6.9271,79.8612
400709,2025-03-21,21:00:18,2025,3,21,21,Friday,Gampaha,කටුනායක,7.1697,79.8844
400657,2025-03-21,10:47:38,2025,3,21,10,Friday,Kandy,නුවර,7.2906,80.6337
400602,2025-03-20,17:59:05,2025,3,20,17,Thursday,,,,
400581,2025-03-20,15:47:26,2025,3,20,15,Thursday,Badulla,ඇල්ල,6.8667,81.05
400571,2025-03-20,13:58:07,2025,3,20,13,Thursday,,,,
400533,2025-03-20,09:47:19,2025,3,20,9,Thursday,Colombo,කොළඹ,6.9271,79.8612
400530,2025-03-20,09:03:05,2025,3,20,9,Thursday,Colombo,කොළඹ,6.9271,79.8612
400512,2025-03-19,23:13:47,2025,3,19,23,Wednesday,Hambantota,තිස්සමහාරාම,6.2786,81.2894
400464,2025-03-19,14:56:25,2025,3,19,14,Wednesday,Matale,දඹුල්ල,7.86,80.6517
400448,2025-03-19,13:14:39,2025,3,19,13,Wednesday,,,,
400426,2025-03-19,10:51:10,2025,3,19,10,Wednesday,Matale,දඹුල්ල,7.86,80.6517
400423,2025-03-19,10:19:22,2025,3,19,10,Wednesday,Kurunegala,කුරුණෑගල,7.4863,80.3623
400204,2025-03-17,11:39:39,2025,3,17,11,Monday,Colombo,කොළඹ,6.9271,79.8612
400091,2025-03-16,12:16:27,2025,3,16,12,Sunday,Galle,ගාල්ල,6.0535,80.221
400043,2025-03-15,19:13:05,2025,3,15,19,Saturday,Kandy,මහනුවර,7.2906,80.6337
399892,2025-03-14,13:46:43,2025,3,14,13,Friday,,,,
399706,2025-03-12,17:39:46,2025,3,12,17,Wednesday,,,,
399688,2025-03-12,15:43:40,2025,3,12,15,Wednesday,Galle,බලපිටිය,6.2833,80.0333
399552,2025-03-11,13:36:42,2025,3,11,13,Tuesday,Colombo,කොළඹ,6.9271,79.8612
399527,2025-03-11,10:27:54,2025,3,11,10,Tuesday,,,,
399506,2025-03-11,07:03:24,2025,3,11,7,Tuesday,Kandy,කටුගස්තොට,7.3167,80.6333
399502,2025-03-10,23:10:31,2025,3,10,23,Monday,,,,
399491,2025-03-10,20:17:05,2025,3,10,20,Monday,Colombo,කොළඹ,6.9271,79.8612
399482,2025-03-10,18:04:06,2025,3,10,18,Monday,Matale,දඹුල්ල,7.86,80.6517
399478,2025-03-10,17:18:55,2025,3,10,17,Monday,Colombo,කොළඹ,6.9271,79.8612
399463,2025-03-10,15:50:34,2025,3,10,15,Monday,Colombo,කොළඹ,6.9271,79.8612
399445,2025-03-10,14:19:08,2025,3,10,14,Monday,,,,
399393,2025-03-10,08:50:26,2025,3,10,8,Monday,Colombo,කොළඹ,6.9271,79.8612
399374,2025-03-09,21:48:07,2025,3,9,21,Sunday,,,,
399362,2025-03-09,19:44:04,2025,3,9,19,Sunday,,,,
399342,2025-03-09,16:44:56,2025,3,9,16,Sunday,Kandy,මහනුවර,7.2906,80.6337
399320,2025-03-09,13:00:42,2025,3,9,13,Sunday,Anuradhapura,අනුරාධපුර,8.3114,80.4037
399232,2025-03-08,14:58:11,2025,3,8,14,Saturday,Matara,වැලිගම,5.975,80.4297
399192,2025-03-08,09:17:17,2025,3,8,9,Saturday,Colombo,කොළඹ,6.9271,79.8612
399165,2025-03-07,19:56:57,2025,3,7,19,Friday,Anuradhapura,කැකිරාව,8.0333,80.6
399110,2025-03-07,11:59:26,2025,3,7,11,Friday,,,,
398897,2025-03-05,16:04:10,2025,3,5,16,Wednesday,Kalutara,හොරණ,6.7156,80.0631
398861,2025-03-05,12:08:07,2025,3,5,12,Wednesday,Colombo,කොළඹ,6.9271,79.8612
398828,2025-03-05,08:36:00,2025,3,5,8,Wednesday,,,,
398632,2025-03-03,12:11:31,2025,3,3,12,Monday,Ratnapura,රත්නපුර,6.6828,80.3992
398560,2025-03-02,18:41:51,2025,3,2,18,Sunday,Galle,ගාල්ල,6.0535,80.221
398552,2025-03-02,17:27:16,2025,3,2,17,Sunday,,,,
398545,2025-03-02,16:02:56,2025,3,2,16,Sunday,Kandy,මහනුවර,7.2906,80.6337
398467,2025-03-01,20:05:04,2025,3,1,20,Saturday,Gampaha,මීරිගම,7.2333,80.1167
398445,2025-03-01,17:49:38,2025,3,1,17,Saturday,Matara,මාතර,5.9485,80.5353
398431,2025-03-01,15:34:16,2025,3,1,15,Saturday,Gampaha,මිනුවන්ගොඩ,7.1667,79.95
398313,2025-02-28,14:18:04,2025,2,28,14,Friday,Colombo,කොළඹ,6.9271,79.8612
398142,2025-02-27,07:17:09,2025,2,27,7,Thursday,Colombo,කොළඹ,6.9271,79.8612
398122,2025-02-26,20:02:28,2025,2,26,20,Wednesday,,,,
398092,2025-02-26,15:43:30,2025,2,26,15,Wednesday,Kandy,නාවලපිටිය,7.05,80.5333
398069,2025-02-26,12:54:31,2025,2,26,12,Wednesday,,,,
397981,2025-02-25,16:41:10,2025,2,25,16,Tuesday,Kandy,නුවර,7.2906,80.6337
397972,2025-02-25,16:10:27,2025,2,25,16,Tuesday,Colombo,කොළඹ,6.9271,79.8612
397955,2025-02-25,14:07:42,2025,2,25,14,Tuesday,Kurunegala,මහව,7.8167,80.2833
397872,2025-02-24,17:31:01,2025,2,24,17,Monday,Kegalle,කෑගල්ල,7.2513,80.3464
397846,2025-02-24,14:10:21,2025,2,24,14,Monday,Vavuniya,වවුනියාව,8.7514,80.4971
397656,2025-02-22,14:03:02,2025,2,22,14,Saturday,Colombo,කොළඹ,6.9271,79.8612
397525,2025-02-21,07:48:06,2025,2,21,7,Friday,Colombo,කොළඹ,6.9271,79.8612
397423,2025-02-20,10:32:37,2025,2,20,10,Thursday,Nuwara Eliya,නුවරඑළිය,6.9497,80.7891
397406,2025-02-20,07:02:10,2025,2,20,7,Thursday,Colombo,කොළඹ,6.9271,79.8612
397072,2025-02-17,08:56:46,2025,2,17,8,Monday,,,,
397031,2025-02-16,17:27:14,2025,2,16,17,Sunday,Colombo,අවිස්සාවේල්ල,6.9533,80.2097
397002,2025-02-16,12:08:34,2025,2,16,12,Sunday,Kalutara,බණ්ඩාරගම,6.7133,79.9072
396957,2025-02-15,19:08:16,2025,2,15,19,Saturday,Jaffna,යාපනය,9.6615,80.0255
396936,2025-02-15,15:10:52,2025,2,15,15,Saturday,Puttalam,පුත්තලම,8.0362,79.8283
396894,2025-02-15,08:01:52,2025,2,15,8,Saturday,Puttalam,පුත්තලම,8.0362,79.8283
396889,2025-02-15,06:48:11,2025,2,15,6,Saturday,Colombo,කොළඹ,6.9271,79.8612
396817,2025-02-14,11:45:56,2025,2,14,11,Friday,Matara,වැලිගම,5.975,80.4297
396795,2025-02-14,09:08:28,2025,2,14,9,Friday,Colombo,කොළඹ,6.9271,79.8612
396713,2025-02-13,13:40:24,2025,2,13,13,Thursday,Kurunegala,කුරුණෑගල,7.4863,80.3623
396692,2025-02-13,11:18:25,2025,2,13,11,Thursday,,,,
396635,2025-02-12,19:25:32,2025,2,12,19,Wednesday,Badulla,බදුල්ල,6.9934,81.055
396623,2025-02-12,17:37:48,2025,2,12,17,Wednesday,Hambantota,හම්බන්තොට,6.1246,81.1185
396579,2025-02-12,11:11:12,2025,2,12,11,Wednesday,Colombo,කොළඹ,6.9271,79.8612
396574,2025-02-12,10:18:28,2025,2,12,10,Wednesday,Gampaha,මිනුවන්ගොඩ,7.1667,79.95
396489,2025-02-11,14:32:59,2025,2,11,14,Tuesday,Kalutara,මතුගම,6.5222,80.1167
396486,2025-02-11,14:05:26,2025,2,11,14,Tuesday,Kurunegala,කුරුණෑගල,7.4863,80.3623
396465,2025-02-11,11:34:42,2025,2,11,11,Tuesday,Hambantota,කතරගම,6.4134,81.3346
396427,2025-02-10,22:44:01,2025,2,10,22,Monday,,,,
396342,2025-02-10,08:40:12,2025,2,10,8,Monday,Colombo,කොළඹ,6.9271,79.8612
396325,2025-02-10,06:25:18,2025,2,10,6,Monday,Colombo,කොළඹ,6.9271,79.8612
396245,2025-02-09,10:54:55,2025,2,9,10,Sunday,Nuwara Eliya,හැටන්,6.8917,80.5958
396021,2025-02-07,10:56:28,2025,2,7,10,Friday,,,,
395949,2025-02-06,13:17:23,2025,2,6,13,Thursday,,,,
395882,2025-02-05,18:34:00,2025,2,5,18,Wednesday,Galle,ගාල්ල,6.0535,80.221
395692,2025-02-03,21:10:54,2025,2,3,21,Monday,Badulla,බණ්ඩාරවෙල,6.8333,80.9833
395611,2025-02-03,08:58:02,2025,2,3,8,Monday,Vavuniya,වවුනියාව,8.7514,80.4971
395569,2025-02-02,19:23:09,2025,2,2,19,Sunday,Colombo,කොළඹ,6.9271,79.8612
395549,2025-02-02,16:10:22,2025,2,2,16,Sunday,Gampaha,මීගමුව,7.2083,79.8358
395492,2025-02-01,23:04:53,2025,2,1,23,Saturday,Nuwara Eliya,නුවරඑළිය,6.9497,80.7891
395437,2025-02-01,12:22:32,2025,2,1,12,Saturday,Colombo,කොළඹ,6.9271,79.8612
395421,2025-02-01,09:30:10,2025,2,1,9,Saturday,,,,
395301,2025-01-31,07:05:20,2025,1,31,7,Friday,Gampaha,රාගම,7.0289,79.9175
395152,2025-01-29,16:57:37,2025,1,29,16,Wednesday,,,,
395122,2025-01-29,13:50:40,2025,1,29,13,Wednesday,Gampaha,කටුනායක,7.1697,79.8844
395048,2025-01-28,17:30:53,2025,1,28,17,Tuesday,Anuradhapura,අනුරාධපුර,8.3114,80.4037
394998,2025-01-28,09:22:22,2025,1,28,9,Tuesday,Hambantota,බෙලිඅත්ත,6.05,80.75
394961,2025-01-27,17:40:27,2025,1,27,17,Monday,Colombo,කොළඹ,6.9271,79.8612
394952,2025-01-27,16:18:27,2025,1,27,16,Monday,Colombo,කොළඹ,6.9271,79.8612
394827,2025-01-26,09:47:49,2025,1,26,9,Sunday,Galle,ගාල්ල,6.0535,80.221
394811,2025-01-26,06:59:42,2025,1,26,6,Sunday,Puttalam,පුත්තලම,8.0362,79.8283
394610,2025-01-24,07:48:40,2025,1,24,7,Friday,Colombo,කොළඹ,6.9271,79.8612
394604,2025-01-23,23:27:49,2025,1,23,23,Thursday,Colombo,කොළඹ,6.9271,79.8612
394561,2025-01-23,15:31:00,2025,1,23,15,Thursday,Kalutara,කළුතර,6.5854,79.9607
394518,2025-01-23,10:04:09,2025,1,23,10,Thursday,Colombo,කොළඹ,6.9271,79.8612
394385,2025-01-22,07:22:14,2025,1,22,7,Wednesday,Trincomalee,ත්‍රිකුණාමලය,8.5874,81.2152
394326,2025-01-21,14:39:00,2025,1,21,14,Tuesday,Colombo,කොළඹ,6.9271,79.8612
394158,2025-01-20,06:44:02,2025,1,20,6,Monday,Colombo,කොළඹ,6.9271,79.8612
394155,2025-01-19,23:38:28,2025,1,19,23,Sunday,Kandy,මහනුවර,7.2906,80.6337
394112,2025-01-19,15:04:35,2025,1,19,15,Sunday,Kandy,මහනුවර,7.2906,80.6337
394084,2025-01-19,10:19:57,2025,1,19,10,Sunday,Matara,මාතර,5.9485,80.5353
394003,2025-01-18,11:49:15,2025,1,18,11,Saturday,Nuwara Eliya,නුවරඑළිය,6.9497,80.7891
393948,2025-01-17,17:22:46,2025,1,17,17,Friday,,,,
393866,2025-01-16,23:17:54,2025,1,16,23,Thursday,Badulla,බදුල්ල,6.9934,81.055
393853,2025-01-16,20:34:51,2025,1,16,20,Thursday,,,,
393407,2025-01-12,16:41:14,2025,1,12,16,Sunday,Colombo,කොළඹ,6.9271,79.8612
393389,2025-01-12,14:39:09,2025,1,12,14,Sunday,Gampaha,කටුනායක,7.1697,79.8844
393370,2025-01-12,11:28:39,2025,1,12,11,Sunday,,,,
393365,2025-01-12,11:02:36,2025,1,12,11,Sunday,Hambantota,හම්බන්තොට,6.1246,81.1185
393277,2025-01-11,08:44:49,2025,1,11,8,Saturday,Colombo,කොළඹ,6.9271,79.8612
393215,2025-01-10,11:49:08,2025,1,10,11,Friday,Colombo,කොළඹ,6.9271,79.8612
393124,2025-01-09,12:47:46,2025,1,9,12,Thursday,,,,
393095,2025-01-09,07:57:08,2025,1,9,7,Thursday,Anuradhapura,මැදවච්චිය,8.5333,80.5
393067,2025-01-08,20:23:11,2025,1,8,20,Wednesday,Anuradhapura,මැදවච්චිය,8.5333,80.5
393053,2025-01-08,18:03:27,2025,1,8,18,Wednesday,Colombo,කොළඹ,6.9271,79.8612
393016,2025-01-08,11:35:35,2025,1,8,11,Wednesday,Kurunegala,මහව,7.8167,80.2833
392813,2025-01-06,12:37:56,2025,1,6,12,Monday,,,,
392771,2025-01-06,06:46:48,2025,1,6,6,Monday,Puttalam,පුත්තලම,8.0362,79.8283
392750,2025-01-05,18:03:27,2025,1,5,18,Sunday,,,,
392713,2025-01-05,11:10:02,2025,1,5,11,Sunday,Anuradhapura,අනුරාධපුර,8.3114,80.4037
392693,2025-01-05,07:12:43,2025,1,5,7,Sunday,Gampaha,නිට්ටඹුව,7.1417,80.0958
392619,2025-01-04,06:27:48,2025,1,4,6,Saturday,Matara,මාතර,5.9485,80.5353
392530,2025-01-03,07:15:42,2025,1,3,7,Friday,Colombo,කොළඹ,6.9271,79.8612
392513,2025-01-02,20:25:38,2025,1,2,20,Thursday,Galle,ගාල්ල,6.0535,80.221
392465,2025-01-02,12:52:39,2025,1,2,12,Thursday,Kilinochchi,කිලිනොච්චි,9.3961,80.3981
392464,2025-01-02,12:27:07,2025,1,2,12,Thursday,,,,
392455,2025-01-02,10:07:35,2025,1,2,10,Thursday,Colombo,කොළඹ,6.9271,79.8612
392450,2025-01-02,09:28:28,2025,1,2,9,Thursday,,,,
392418,2025-01-01,20:11:58,2025,1,1,20,Wednesday,,,,
392401,2025-01-01,16:53:02,2025,1,1,16,Wednesday,,,,
392396,2025-01-01,16:14:46,2025,1,1,16,Wednesday,,,,
392386,2025-01-01,14:46:26,2025,1,1,14,Wednesday,Anuradhapura,අනුරාධපුර,8.3114,80.4037
392341,2025-01-01,07:10:10,2025,1,1,7,Wednesday,,,,
392302,2024-12-31,15:29:50,2024,12,31,15,Tuesday,Badulla,දියතලාව,6.8167,80.9667
392186,2024-12-30,13:43:38,2024,12,30,13,Monday,,,,
392090,2024-12-29,14:08:07,2024,12,29,14,Sunday,Colombo,කොළඹ,6.9271,79.8612
392028,2024-12-28,17:16:32,2024,12,28,17,Saturday,,,,
392024,2024-12-28,16:43:15,2024,12,28,16,Saturday,Colombo,හෝමාගම,6.8408,80.0022
391939,2024-12-27,15:52:25,2024,12,27,15,Friday,,,,
391903,2024-12-27,08:38:33,2024,12,27,8,Friday,Matale,දඹුල්ල,7.86,80.6517
391895,2024-12-27,07:06:23,2024,12,27,7,Friday,Colombo,කොළඹ,6.9271,79.8612
391869,2024-12-26,19:10:19,2024,12,26,19,Thursday,Colombo,කොළඹ,6.9271,79.8612
391854,2024-12-26,15:57:08,2024,12,26,15,Thursday,Matara,මාතර,5.9485,80.5353
391853,2024-12-26,15:55:57,2024,12,26,15,Thursday,,,,
391843,2024-12-26,14:48:58,2024,12,26,14,Thursday,Kalutara,කළුතර,6.5854,79.9607
391822,2024-12-26,09:37:33,2024,12,26,9,Thursday,Kandy,මහනුවර,7.2906,80.6337
391805,2024-12-25,22:54:37,2024,12,25,22,Wednesday,Badulla,බණ්ඩාරවෙල,6.8333,80.9833
391770,2024-12-25,15:40:27,2024,12,25,15,Wednesday,,,,
391764,2024-12-25,14:11:14,2024,12,25,14,Wednesday,,,,
391696,2024-12-24,16:07:40,2024,12,24,16,Tuesday,,,,
391547,2024-12-23,07:19:31,2024,12,23,7,Monday,,,,
391533,2024-12-22,21:00:44,2024,12,22,21,Sunday,,,,
391522,2024-12-22,18:04:20,2024,12,22,18,Sunday,Kandy,මහනුවර,7.2906,80.6337
391516,2024-12-22,17:08:06,2024,12,22,17,Sunday,,,,
391515,2024-12-22,17:07:38,2024,12,22,17,Sunday,,,,
391499,2024-12-22,14:03:35,2024,12,22,14,Sunday,Colombo,මොරටුව,6.773,79.8816
391491,2024-12-22,12:42:26,2024,12,22,12,Sunday,Kandy,මහනුවර,7.2906,80.6337
391483,2024-12-22,11:16:59,2024,12,22,11,Sunday,Kandy,මහනුවර,7.2906,80.6337
391426,2024-12-21,15:47:01,2024,12,21,15,Saturday,Colombo,කොළඹ,6.9271,79.8612
391405,2024-12-21,11:47:01,2024,12,21,11,Saturday,Colombo,කොළඹ,6.9271,79.8612
391400,2024-12-21,11:08:54,2024,12,21,11,Saturday,Kandy,මහනුවර,7.2906,80.6337
391375,2024-12-21,06:36:07,2024,12,21,6,Saturday,Colombo,කොළඹ,6.9271,79.8612
391368,2024-12-20,21:38:14,2024,12,20,21,Friday,Kalutara,කළුතර,6.5854,79.9607
391186,2024-12-19,07:21:36,2024,12,19,7,Thursday,Gampaha,කඩවත,7.0,79.95
391138,2024-12-18,16:03:05,2024,12,18,16,Wednesday,,,,
390893,2024-12-16,12:20:10,2024,12,16,12,Monday,Kandy,මහනුවර,7.2906,80.6337
390884,2024-12-16,11:12:24,2024,12,16,11,Monday,Matale,දඹුල්ල,7.86,80.6517
390863,2024-12-16,08:09:04,2024,12,16,8,Monday,Hambantota,බෙලිඅත්ත,6.05,80.75
390855,2024-12-16,07:13:01,2024,12,16,7,Monday,Colombo,කැස්බෑව,6.795,79.939
390828,2024-12-15,17:48:10,2024,12,15,17,Sunday,,,,
390827,2024-12-15,17:18:59,2024,12,15,17,Sunday,Hambantota,බෙලිඅත්ත,6.05,80.75
390813,2024-12-15,14:49:46,2024,12,15,14,Sunday,,,,
390726,2024-12-14,11:30:36,2024,12,14,11,Saturday,Anuradhapura,අනුරාධපුර,8.3114,80.4037
390613,2024-12-13,07:42:26,2024,12,13,7,Friday,Colombo,කොළඹ,6.9271,79.8612
390527,2024-12-12,09:04:03,2024,12,12,9,Thursday,Colombo,කොට්ටාව,6.8412,79.9653
390507,2024-12-11,23:13:28,2024,12,11,23,Wednesday,Matale,දඹුල්ල,7.86,80.6517
390472,2024-12-11,16:16:08,2024,12,11,16,Wednesday,Anuradhapura,අනුරාධපුර,8.3114,80.4037
390452,2024-12-11,13:13:21,2024,12,11,13,Wednesday,,,,
390443,2024-12-11,11:10:36,2024,12,11,11,Wednesday,,,,
390341,2024-12-10,09:23:28,2024,12,10,9,Tuesday,Colombo,කඩුවෙල,6.9333,79.9833
390333,2024-12-10,08:05:17,2024,12,10,8,Tuesday,Puttalam,පුත්තලම,8.0362,79.8283
390280,2024-12-09,13:47:01,2024,12,9,13,Monday,Colombo,කොළඹ,6.9271,79.8612
390270,2024-12-09,11:25:43,2024,12,9,11,Monday,Colombo,කොළඹ,6.9271,79.8612
390257,2024-12-09,10:03:51,2024,12,9,10,Monday,,,,
390211,2024-12-08,18:14:42,2024,12,8,18,Sunday,Kalutara,කළුතර,6.5854,79.9607
390193,2024-12-08,15:03:39,2024,12,8,15,Sunday,Batticaloa,මඩකලපුව,7.7102,81.6924
390159,2024-12-08,07:13:42,2024,12,8,7,Sunday,,,,
390142,2024-12-07,19:44:02,2024,12,7,19,Saturday,Hambantota,කතරගම,6.4134,81.3346
390136,2024-12-07,18:08:54,2024,12,7,18,Saturday,,,,
390116,2024-12-07,14:17:20,2024,12,7,14,Saturday,Colombo,කොළඹ,6.9271,79.8612
390107,2024-12-07,12:51:46,2024,12,7,12,Saturday,Colombo,කොළඹ,6.9271,79.8612
390085,2024-12-07,07:28:48,2024,12,7,7,Saturday,Batticaloa,මඩකලපුව,7.7102,81.6924
390058,2024-12-06,18:57:40,2024,12,6,18,Friday,,,,
389996,2024-12-06,09:12:25,2024,12,6,9,Friday,,,,
389828,2024-12-04,14:37:48,2024,12,4,14,Wednesday,Kalutara,කළුතර,6.5854,79.9607
389825,2024-12-04,14:05:12,2024,12,4,14,Wednesday,Colombo,කොළඹ,6.9271,79.8612
389805,2024-12-04,10:01:23,2024,12,4,10,Wednesday,,,,
389780,2024-12-03,22:23:25,2024,12,3,22,Tuesday,Galle,ගාල්ල,6.0535,80.221
389772,2024-12-03,20:14:31,2024,12,3,20,Tuesday,Puttalam,හලාවත,7.5758,79.7953
389631,2024-12-02,12:17:31,2024,12,2,12,Monday,Matara,මාතර,5.9485,80.5353
389513,2024-12-01,07:55:49,2024,12,1,7,Sunday,Colombo,කොළඹ,6.9271,79.8612
389478,2024-11-30,17:58:42,2024,11,30,17,Saturday,Ampara,අම්පාර,7.2975,81.682
389477,2024-11-30,17:32:02,2024,11,30,17,Saturday,Colombo,මහරගම,6.848,79.9265
389438,2024-11-30,12:38:38,2024,11,30,12,Saturday,,,,
389398,2024-11-29,22:24:51,2024,11,29,22,Friday,Ampara,අම්පාර,7.2975,81.682
389144,2024-11-27,13:06:57,2024,11,27,13,Wednesday,Colombo,කොළඹ,6.9271,79.8612
389139,2024-11-27,12:12:06,2024,11,27,12,Wednesday,,,,
389035,2024-11-26,09:56:14,2024,11,26,9,Tuesday,Puttalam,හලාවත,7.5758,79.7953
389029,2024-11-26,09:06:04,2024,11,26,9,Tuesday,Badulla,බණ්ඩාරවෙල,6.8333,80.9833
388904,2024-11-24,15:09:20,2024,11,24,15,Sunday,Gampaha,මීගමුව,7.2083,79.8358
388828,2024-11-23,14:19:20,2024,11,23,14,Saturday,Jaffna,යාපනය,9.6615,80.0255
388799,2024-11-23,09:18:41,2024,11,23,9,Saturday,Kurunegala,කුලියාපිටිය,7.4667,80.0333
388788,2024-11-23,07:33:55,2024,11,23,7,Saturday,Colombo,කොළඹ,6.9271,79.8612
388716,2024-11-22,09:32:53,2024,11,22,9,Friday,,,,
388700,2024-11-22,07:32:45,2024,11,22,7,Friday,Puttalam,කල්පිටිය,8.2333,79.7667
388649,2024-11-21,14:25:45,2024,11,21,14,Thursday,Kilinochchi,කිලිනොච්චි,9.3961,80.3981
388618,2024-11-21,09:32:17,2024,11,21,9,Thursday,Jaffna,යාපනය,9.6615,80.0255
388591,2024-11-20,21:09:46,2024,11,20,21,Wednesday,Kurunegala,කුරුණෑගල,7.4863,80.3623
388574,2024-11-20,17:30:14,2024,11,20,17,Wednesday,Anuradhapura,අනුරාධපුර,8.3114,80.4037
388385,2024-11-18,22:16:19,2024,11,18,22,Monday,Colombo,කොළඹ,6.9271,79.8612
388329,2024-11-18,13:04:20,2024,11,18,13,Monday,Colombo,කොළඹ,6.9271,79.8612
388324,2024-11-18,12:00:41,2024,11,18,12,Monday,,,,
388188,2024-11-16,14:42:27,2024,11,16,14,Saturday,Matara,වැලිගම,5.975,80.4297
388158,2024-11-16,07:38:36,2024,11,16,7,Saturday,Matale,දඹුල්ල,7.86,80.6517
388143,2024-11-15,20:47:13,2024,11,15,20,Friday,Galle,ගාල්ල,6.0535,80.221
387914,2024-11-14,21:45:38,2024,11,14,21,Thursday,Matale,මාතලේ,7.4675,80.6234
387789,2024-11-13,12:45:19,2024,11,13,12,Wednesday,Galle,ගාල්ල,6.0535,80.221
387723,2024-11-12,16:27:28,2024,11,12,16,Tuesday,Colombo,කොළඹ,6.9271,79.8612
387710,2024-11-12,14:12:55,2024,11,12,14,Tuesday,Colombo,පිළියන්දල,6.801,79.9228
387671,2024-11-12,08:17:07,2024,11,12,8,Tuesday,,,,
387644,2024-11-11,20:31:16,2024,11,11,20,Monday,Badulla,බදුල්ල,6.9934,81.055
387585,2024-11-11,09:55:11,2024,11,11,9,Monday,Colombo,කොළඹ,6.9271,79.8612
387500,2024-11-10,09:54:30,2024,11,10,9,Sunday,Anuradhapura,අනුරාධපුර,8.3114,80.4037
387484,2024-11-10,07:09:08,2024,11,10,7,Sunday,,,,
387393,2024-11-08,22:12:35,2024,11,8,22,Friday,Colombo,කොළඹ,6.9271,79.8612
387364,2024-11-08,15:22:17,2024,11,8,15,Friday,Nuwara Eliya,නුවරඑළිය,6.9497,80.7891
387362,2024-11-08,15:01:10,2024,11,8,15,Friday,,,,
387334,2024-11-08,10:16:27,2024,11,8,10,Friday,Colombo,කොළඹ,6.9271,79.8612
387250,2024-11-07,12:10:16,2024,11,7,12,Thursday,Colombo,හෝමාගම,6.8408,80.0022
387110,2024-11-05,22:00:43,2024,11,5,22,Tuesday,,,,
387074,2024-11-05,15:13:04,2024,11,5,15,Tuesday,Galle,ගාල්ල,6.0535,80.221
387062,2024-11-05,13:14:36,2024,11,5,13,Tuesday,Anuradhapura,තලාව,8.2333,80.35
387057,2024-11-05,12:08:42,2024,11,5,12,Tuesday,Colombo,කොළඹ,6.9271,79.8612
387026,2024-11-05,07:35:54,2024,11,5,7,Tuesday,Badulla,බණ්ඩාරවෙල,6.8333,80.9833
386938,2024-11-04,09:30:05,2024,11,4,9,Monday,Anuradhapura,කැකිරාව,8.0333,80.6
386917,2024-11-03,22:51:33,2024,11,3,22,Sunday,Matara,මාතර,5.9485,80.5353
386905,2024-11-03,19:54:24,2024,11,3,19,Sunday,Kurunegala,කුරුණෑගල,7.4863,80.3623
386849,2024-11-03,09:16:06,2024,11,3,9,Sunday,Kurunegala,කුරුණෑගල,7.4863,80.3623
386837,2024-11-03,07:29:43,2024,11,3,7,Sunday,Matale,දඹුල්ල,7.86,80.6517
386816,2024-11-02,19:44:24,2024,11,2,19,Saturday,Colombo,කොළඹ,6.9271,79.8612
386809,2024-11-02,18:22:32,2024,11,2,18,Saturday,Colombo,කොළඹ,6.9271,79.8612
386787,2024-11-02,14:06:25,2024,11,2,14,Saturday,Kandy,මහනුවර,7.2906,80.6337
386775,2024-11-02,12:38:34,2024,11,2,12,Saturday,Badulla,බදුල්ල,6.9934,81.055
386773,2024-11-02,12:11:17,2024,11,2,12,Saturday,Colombo,අවිස්සාවේල්ල,6.9533,80.2097
386771,2024-11-02,11:57:17,2024,11,2,11,Saturday,,,,
386753,2024-11-02,07:40:55,2024,11,2,7,Saturday,Ampara,අම්පාර,7.2975,81.682
386750,2024-11-02,07:23:59,2024,11,2,7,Saturday,Nuwara Eliya,නුවරඑළිය,6.9497,80.7891
386746,2024-11-01,23:39:41,2024,11,1,23,Friday,Nuwara Eliya,නුවරඑළිය,6.9497,80.7891
386734,2024-11-01,20:25:38,2024,11,1,20,Friday,Nuwara Eliya,නුවරඑළිය,6.9497,80.7891
386731,2024-11-01,19:54:45,2024,11,1,19,Friday,Kandy,මහනුවර,7.2906,80.6337
386692,2024-11-01,12:07:13,2024,11,1,12,Friday,Kalutara,කළුතර,6.5854,79.9607
386679,2024-11-01,09:13:45,2024,11,1,9,Friday,Kurunegala,කුරුණෑගල,7.4863,80.3623
386634,2024-10-31,17:12:53,2024,10,31,17,Thursday,Ratnapura,බලංගොඩ,6.65,80.7
386627,2024-10-31,16:21:12,2024,10,31,16,Thursday,,,,
386594,2024-10-31,11:50:11,2024,10,31,11,Thursday,Galle,ගාල්ල,6.0535,80.221
386583,2024-10-31,10:09:03,2024,10,31,10,Thursday,,,,
386542,2024-10-30,19:27:46,2024,10,30,19,Wednesday,Jaffna,යාපනය,9.6615,80.0255
386539,2024-10-30,18:56:08,2024,10,30,18,Wednesday,Kalutara,පානදුර,6.7133,79.9072
386330,2024-10-28,22:46:32,2024,10,28,22,Monday,,,,
386298,2024-10-28,15:45:32,2024,10,28,15,Monday,,,,
386244,2024-10-28,08:28:32,2024,10,28,8,Monday,Gampaha,නිට්ටඹුව,7.1417,80.0958
386228,2024-10-27,22:48:57,2024,10,27,22,Sunday,Badulla,මහියංගනය,7.3333,81.0
386197,2024-10-27,15:59:24,2024,10,27,15,Sunday,Colombo,කොළඹ,6.9271,79.8612
386156,2024-10-27,09:17:55,2024,10,27,9,Sunday,Batticaloa,මඩකලපුව,7.7102,81.6924
386129,2024-10-26,20:17:00,2024,10,26,20,Saturday,,,,
386073,2024-10-26,09:05:15,2024,10,26,9,Saturday,Kurunegala,වාරියපොල,7.6167,80.2333
386025,2024-10-25,15:55:06,2024,10,25,15,Friday,Hambantota,තංගල්ල,6.0239,80.7944
386017,2024-10-25,14:46:33,2024,10,25,14,Friday,Kalutara,බණ්ඩාරගම,6.7133,79.9072
385974,2024-10-25,07:32:04,2024,10,25,7,Friday,Kandy,මහනුවර,7.2906,80.6337
385971,2024-10-25,07:04:46,2024,10,25,7,Friday,Kurunegala,පොල්ගහවෙල,7.3333,80.3
385948,2024-10-24,19:00:34,2024,10,24,19,Thursday,Puttalam,පුත්තලම,8.0362,79.8283
385883,2024-10-24,07:26:53,2024,10,24,7,Thursday,Monaragala,මොණරාගල,6.8728,81.3507
385797,2024-10-23,11:14:30,2024,10,23,11,Wednesday,,,,
385756,2024-10-22,22:46:18,2024,10,22,22,Tuesday,,,,
385729,2024-10-22,17:44:47,2024,10,22,17,Tuesday,Colombo,කොළඹ,6.9271,79.8612
385722,2024-10-22,16:49:41,2024,10,22,16,Tuesday,Colombo,කොළඹ,6.9271,79.8612
385657,2024-10-21,23:08:18,2024,10,21,23,Monday,,,,
385646,2024-10-21,20:45:20,2024,10,21,20,Monday,Matale,දඹුල්ල,7.86,80.6517
385618,2024-10-21,15:50:31,2024,10,21,15,Monday,Colombo,කැස්බෑව,6.795,79.939
385559,2024-10-21,08:57:29,2024,10,21,8,Monday,Gampaha,රාගම,7.0289,79.9175
385510,2024-10-20,16:51:36,2024,10,20,16,Sunday,Nuwara Eliya,නුවරඑළිය,6.9497,80.7891
385444,2024-10-19,19:49:14,2024,10,19,19,Saturday,Colombo,කොළඹ,6.9271,79.8612
385404,2024-10-19,12:45:15,2024,10,19,12,Saturday,,,,
385384,2024-10-19,09:22:24,2024,10,19,9,Saturday,Colombo,කොළඹ,6.9271,79.8612
385336,2024-10-18,17:17:52,2024,10,18,17,Friday,Badulla,බණ්ඩාරවෙල,6.8333,80.9833
385309,2024-10-18,13:27:25,2024,10,18,13,Friday,Colombo,කොළඹ,6.9271,79.8612
385294,2024-10-18,11:26:54,2024,10,18,11,Friday,,,,
385269,2024-10-18,07:00:01,2024,10,18,7,Friday,Colombo,කොළඹ,6.9271,79.8612
385131,2024-10-16,14:39:57,2024,10,16,14,Wednesday,,,,
385057,2024-10-15,18:52:35,2024,10,15,18,Tuesday,Anuradhapura,කැකිරාව,8.0333,80.6
385045,2024-10-15,17:12:03,2024,10,15,17,Tuesday,Colombo,හෝමාගම,6.8408,80.0022
384995,2024-10-15,10:05:34,2024,10,15,10,Tuesday,,,,
384960,2024-10-14,21:04:24,2024,10,14,21,Monday,Badulla,ඇල්ල,6.8667,81.05
384938,2024-10-14,17:23:52,2024,10,14,17,Monday,Colombo,කොළඹ,6.9271,79.8612
384845,2024-10-13,21:51:14,2024,10,13,21,Sunday,Colombo,කොළඹ,6.9271,79.8612
384831,2024-10-13,19:36:07,2024,10,13,19,Sunday,Colombo,කොළඹ,6.9271,79.8612
384796,2024-10-13,13:38:13,2024,10,13,13,Sunday,Colombo,කොළඹ,6.9271,79.8612
384647,2024-10-11,20:04:40,2024,10,11,20,Friday,Colombo,කොළඹ,6.9271,79.8612
384608,2024-10-11,13:29:14,2024,10,11,13,Friday,Colombo,කොළඹ,6.9271,79.8612
384588,2024-10-11,10:28:30,2024,10,11,10,Friday,Colombo,කොළඹ,6.9271,79.8612
384562,2024-10-10,23:26:38,2024,10,10,23,Thursday,Anuradhapura,හබරණ,8.0333,80.75
384447,2024-10-09,21:50:13,2024,10,9,21,Wednesday,Kandy,මහනුවර,7.2906,80.6337
384215,2024-10-07,16:39:26,2024,10,7,16,Monday,,,,
384156,2024-10-06,23:07:27,2024,10,6,23,Sunday,Colombo,කොළඹ,6.9271,79.8612
384152,2024-10-06,22:21:35,2024,10,6,22,Sunday,Colombo,කොළඹ,6.9271,79.8612
384134,2024-10-06,18:27:16,2024,10,6,18,Sunday,Colombo,පිළියන්දල,6.801,79.9228
384089,2024-10-06,09:32:12,2024,10,6,9,Sunday,Hambantota,තංගල්ල,6.0239,80.7944
384009,2024-10-05,11:12:37,2024,10,5,11,Saturday,Gampaha,මීගමුව,7.2083,79.8358
383917,2024-10-04,11:57:31,2024,10,4,11,Friday,,,,
383800,2024-10-03,09:36:25,2024,10,3,9,Thursday,,,,
383725,2024-10-02,14:56:07,2024,10,2,14,Wednesday,,,,
383696,2024-10-02,11:04:31,2024,10,2,11,Wednesday,Colombo,කොළඹ,6.9271,79.8612
383451,2024-09-29,18:57:05,2024,9,29,18,Sunday,Hambantota,හම්බන්තොට,6.1246,81.1185
383439,2024-09-29,16:11:17,2024,9,29,16,Sunday,Badulla,බදුල්ල,6.9934,81.055
383379,2024-09-28,17:54:12,2024,9,28,17,Saturday,Colombo,කොළඹ,6.9271,79.8612
383335,2024-09-28,09:48:47,2024,9,28,9,Saturday,Kandy,මහනුවර,7.2906,80.6337
383298,2024-09-27,19:30:32,2024,9,27,19,Friday,Colombo,කොළඹ,6.9271,79.8612
383293,2024-09-27,18:10:21,2024,9,27,18,Friday,Badulla,බණ්ඩාරවෙල,6.8333,80.9833
383154,2024-09-26,12:11:06,2024,9,26,12,Thursday,,,,
383121,2024-09-25,21:04:10,2024,9,25,21,Wednesday,Galle,ගාල්ල,6.0535,80.221
382942,2024-09-23,23:04:46,2024,9,23,23,Monday,Colombo,කඩුවෙල,6.9333,79.9833
382506,2024-09-20,16:06:52,2024,9,20,16,Friday,Colombo,කොළඹ,6.9271,79.8612
382453,2024-09-19,22:57:16,2024,9,19,22,Thursday,,,,
382391,2024-09-19,09:01:56,2024,9,19,9,Thursday,Colombo,කොළඹ,6.9271,79.8612
382389,2024-09-19,08:51:24,2024,9,19,8,Thursday,Kilinochchi,කිලිනොච්චි,9.3961,80.3981
382345,2024-09-18,18:17:04,2024,9,18,18,Wednesday,,,,
382315,2024-09-18,14:02:23,2024,9,18,14,Wednesday,,,,
382289,2024-09-18,09:43:35,2024,9,18,9,Wednesday,Polonnaruwa,පොළොන්නරුව,7.9403,81.0188
382211,2024-09-17,14:09:39,2024,9,17,14,Tuesday,Nuwara Eliya,නුවරඑළිය,6.9497,80.7891
382139,2024-09-16,17:28:28,2024,9,16,17,Monday,Colombo,කොළඹ,6.9271,79.8612
382099,2024-09-16,10:24:32,2024,9,16,10,Monday,Kandy,මහනුවර,7.2906,80.6337
382062,2024-09-15,21:47:52,2024,9,15,21,Sunday,Puttalam,පුත්තලම,8.0362,79.8283
382047,2024-09-15,19:49:44,2024,9,15,19,Sunday,Badulla,මහියංගනය,7.3333,81.0
382041,2024-09-15,18:45:43,2024,9,15,18,Sunday,Kurunegala,කුරුණෑගල,7.4863,80.3623
382016,2024-09-15,13:07:40,2024,9,15,13,Sunday,Colombo,කඩුවෙල,6.9333,79.9833
382001,2024-09-15,10:51:39,2024,9,15,10,Sunday,Puttalam,පුත්තලම,8.0362,79.8283
381996,2024-09-15,09:55:09,2024,9,15,9,Sunday,Jaffna,යාපනය,9.6615,80.0255
381931,2024-09-14,14:43:53,2024,9,14,14,Saturday,Badulla,බදුල්ල,6.9934,81.055
381926,2024-09-14,13:39:56,2024,9,14,13,Saturday,Kegalle,මාවනැල්ල,7.25,80.45
381918,2024-09-14,12:17:42,2024,9,14,12,Saturday,,,,
381889,2024-09-14,07:28:15,2024,9,14,7,Saturday,,,,
381831,2024-09-13,14:47:18,2024,9,13,14,Friday,Gampaha,මීගමුව,7.2083,79.8358
381830,2024-09-13,14:43:30,2024,9,13,14,Friday,Kandy,මහනුවර,7.2906,80.6337
381818,2024-09-13,12:07:28,2024,9,13,12,Friday,,,,
381803,2024-09-13,10:16:22,2024,9,13,10,Friday,Galle,ගාල්ල,6.0535,80.221
381741,2024-09-12,16:46:11,2024,9,12,16,Thursday,Hambantota,හම්බන්තොට,6.1246,81.1185
381733,2024-09-12,15:46:57,2024,9,12,15,Thursday,Colombo,පාදුක්ක,6.8408,80.0925
381653,2024-09-11,19:15:42,2024,9,11,19,Wednesday,,,,
381608,2024-09-11,12:37:02,2024,9,11,12,Wednesday,Badulla,බදුල්ල,6.9934,81.055
381586,2024-09-11,09:40:30,2024,9,11,9,Wednesday,Jaffna,යාපනය,9.6615,80.0255
381571,2024-09-11,07:33:36,2024,9,11,7,Wednesday,Colombo,කොළඹ,6.9271,79.8612
381514,2024-09-10,16:02:18,2024,9,10,16,Tuesday,Badulla,බදුල්ල,6.9934,81.055
381346,2024-09-08,23:15:39,2024,9,8,23,Sunday,Colombo,කොළඹ,6.9271,79.8612
381332,2024-09-08,21:12:48,2024,9,8,21,Sunday,,,,
381304,2024-09-08,15:25:14,2024,9,8,15,Sunday,Gampaha,මීගමුව,7.2083,79.8358
381236,2024-09-07,17:08:17,2024,9,7,17,Saturday,Colombo,කොළඹ,6.9271,79.8612
381209,2024-09-07,11:24:21,2024,9,7,11,Saturday,Polonnaruwa,පොළොන්නරුව,7.9403,81.0188
381195,2024-09-07,09:06:23,2024,9,7,9,Saturday,Anuradhapura,තඹුත්තේගම,8.15,80.4
381085,2024-09-05,21:08:20,2024,9,5,21,Thursday,Monaragala,බිබිල,7.1667,81.2167
381075,2024-09-05,18:30:40,2024,9,5,18,Thursday,,,,
381024,2024-09-05,11:06:13,2024,9,5,11,Thursday,Jaffna,යාපනය,9.6615,80.0255
381018,2024-09-05,09:50:19,2024,9,5,9,Thursday,Colombo,කොළඹ,6.9271,79.8612
380986,2024-09-04,21:59:50,2024,9,4,21,Wednesday,Anuradhapura,කැකිරාව,8.0333,80.6
380921,2024-09-04,10:15:53,2024,9,4,10,Wednesday,Monaragala,බිබිල,7.1667,81.2167
380901,2024-09-04,07:32:56,2024,9,4,7,Wednesday,Monaragala,බිබිල,7.1667,81.2167
380814,2024-09-03,11:01:38,2024,9,3,11,Tuesday,Badulla,බදුල්ල,6.9934,81.055
380796,2024-09-03,08:39:12,2024,9,3,8,Tuesday,Trincomalee,ත්‍රිකුණාමලය,8.5874,81.2152
380718,2024-09-02,13:07:30,2024,9,2,13,Monday,,,,
380660,2024-09-01,21:22:46,2024,9,1,21,Sunday,,,,
380646,2024-09-01,17:18:12,2024,9,1,17,Sunday,Matara,මාතර,5.9485,80.5353
380578,2024-08-31,19:59:42,2024,8,31,19,Saturday,Colombo,කොළඹ,6.9271,79.8612
380577,2024-08-31,20:00:01,2024,8,31,20,Saturday,Puttalam,පුත්තලම,8.0362,79.8283
380546,2024-08-31,13:19:52,2024,8,31,13,Saturday,,,,
380540,2024-08-31,12:28:39,2024,8,31,12,Saturday,,,,
380518,2024-08-31,09:27:34,2024,8,31,9,Saturday,,,,
380488,2024-08-30,20:14:32,2024,8,30,20,Friday,Jaffna,යාපනය,9.6615,80.0255
380430,2024-08-30,11:21:25,2024,8,30,11,Friday,Matara,මාතර,5.9485,80.5353
380401,2024-08-29,22:07:07,2024,8,29,22,Thursday,Colombo,මොරටුව,6.773,79.8816
380393,2024-08-29,20:54:16,2024,8,29,20,Thursday,Kandy,මහනුවර,7.2906,80.6337
380303,2024-08-29,08:10:40,2024,8,29,8,Thursday,Galle,අම්බලන්ගොඩ,6.2358,80.0536
380239,2024-08-28,14:48:59,2024,8,28,14,Wednesday,Gampaha,කටුනායක,7.1697,79.8844
380207,2024-08-28,10:23:11,2024,8,28,10,Wednesday,Jaffna,යාපනය,9.6615,80.0255
380193,2024-08-28,08:05:42,2024,8,28,8,Wednesday,,,,
380189,2024-08-28,07:50:25,2024,8,28,7,Wednesday,Gampaha,කටුනායක,7.1697,79.8844
380101,2024-08-27,11:59:31,2024,8,27,11,Tuesday,,,,
380090,2024-08-27,10:22:00,2024,8,27,10,Tuesday,,,,
379861,2024-08-25,07:08:26,2024,8,25,7,Sunday,Jaffna,යාපනය,9.6615,80.0255
379848,2024-08-24,21:26:54,2024,8,24,21,Saturday,Anuradhapura,අනුරාධපුර,8.3114,80.4037
379786,2024-08-24,08:10:12,2024,8,24,8,Saturday,Colombo,කොට්ටාව,6.8412,79.9653
379731,2024-08-23,16:14:51,2024,8,23,16,Friday,Colombo,කොළඹ,6.9271,79.8612
379676,2024-08-23,07:25:29,2024,8,23,7,Friday,Kalutara,අලුත්ගම,6.4333,79.9958
379630,2024-08-22,16:57:03,2024,8,22,16,Thursday,Badulla,බදුල්ල,6.9934,81.055
379585,2024-08-22,10:36:11,2024,8,22,10,Thursday,,,,
379529,2024-08-21,17:48:04,2024,8,21,17,Wednesday,Colombo,කොළඹ,6.9271,79.8612
379489,2024-08-21,13:19:04,2024,8,21,13,Wednesday,Trincomalee,ත්‍රිකුණාමලය,8.5874,81.2152
379295,2024-08-19,19:47:14,2024,8,19,19,Monday,Matara,වැලිගම,5.975,80.4297
379273,2024-08-19,15:05:31,2024,8,19,15,Monday,,,,
379230,2024-08-19,07:36:58,2024,8,19,7,Monday,Matara,මාතර,5.9485,80.5353
379207,2024-08-18,20:43:37,2024,8,18,20,Sunday,Colombo,කොළඹ,6.9271,79.8612
379020,2024-08-16,19:34:16,2024,8,16,19,Friday,Matara,මාතර,5.9485,80.5353
378968,2024-08-16,12:11:05,2024,8,16,12,Friday,,,,
378933,2024-08-16,07:03:15,2024,8,16,7,Friday,Colombo,හෝමාගම,6.8408,80.0022
378883,2024-08-15,14:34:25,2024,8,15,14,Thursday,Gampaha,මීගමුව,7.2083,79.8358
378872,2024-08-15,12:44:47,2024,8,15,12,Thursday,Anuradhapura,අනුරාධපුර,8.3114,80.4037
378769,2024-08-14,12:34:29,2024,8,14,12,Wednesday,Colombo,කොළඹ,6.9271,79.8612
378744,2024-08-14,09:35:38,2024,8,14,9,Wednesday,Colombo,කොළඹ,6.9271,79.8612
378736,2024-08-14,08:12:48,2024,8,14,8,Wednesday,Colombo,කොළඹ,6.9271,79.8612
378713,2024-08-13,20:44:28,2024,8,13,20,Tuesday,Colombo,කොළඹ,6.9271,79.8612
378628,2024-08-13,09:41:24,2024,8,13,9,Tuesday,Matara,මාතර,5.9485,80.5353
378579,2024-08-12,16:44:01,2024,8,12,16,Monday,Colombo,කැස්බෑව,6.795,79.939
378577,2024-08-12,16:15:31,2024,8,12,16,Monday,Colombo,කොළඹ,6.9271,79.8612
378482,2024-08-11,17:18:49,2024,8,11,17,Sunday,Puttalam,හලාවත,7.5758,79.7953
378407,2024-08-10,17:54:01,2024,8,10,17,Saturday,Nuwara Eliya,මස්කෙළිය,6.8333,80.5667
378343,2024-08-10,07:57:16,2024,8,10,7,Saturday,Colombo,කොළඹ,6.9271,79.8612
378268,2024-08-09,13:03:35,2024,8,9,13,Friday,Jaffna,යාපනය,9.6615,80.0255
378232,2024-08-09,06:58:53,2024,8,9,6,Friday,Colombo,කොළඹ,6.9271,79.8612
378189,2024-08-08,16:15:17,2024,8,8,16,Thursday,Puttalam,පුත්තලම,8.0362,79.8283
378071,2024-08-07,13:27:18,2024,8,7,13,Wednesday,Ratnapura,රත්නපුර,6.6828,80.3992
378050,2024-08-07,10:42:43,2024,8,7,10,Wednesday,Colombo,කොළඹ,6.9271,79.8612
378043,2024-08-07,09:28:41,2024,8,7,9,Wednesday,,,,
377881,2024-08-05,15:22:11,2024,8,5,15,Monday,,,,
377809,2024-08-04,19:41:19,2024,8,4,19,Sunday,Badulla,බදුල්ල,6.9934,81.055
377717,2024-08-03,17:46:18,2024,8,3,17,Saturday,Colombo,කොළඹ,6.9271,79.8612
377711,2024-08-03,16:12:17,2024,8,3,16,Saturday,Monaragala,වැල්ලවාය,6.7333,81.1
377655,2024-08-03,08:14:26,2024,8,3,8,Saturday,Ratnapura,බලංගොඩ,6.65,80.7
377654,2024-08-03,08:01:59,2024,8,3,8,Saturday,Gampaha,නිට්ටඹුව,7.1417,80.0958
377606,2024-08-02,14:32:37,2024,8,2,14,Friday,Colombo,කොළඹ,6.9271,79.8612
377581,2024-08-02,10:42:58,2024,8,2,10,Friday,Nuwara Eliya,නුවරඑළිය,6.9497,80.7891
377511,2024-08-01,14:19:49,2024,8,1,14,Thursday,Galle,ගාලු,6.0535,80.221
377493,2024-08-01,11:21:23,2024,8,1,11,Thursday,,,,
377474,2024-08-01,09:02:48,2024,8,1,9,Thursday,Jaffna,යාපනය,9.6615,80.0255
377358,2024-07-31,07:12:48,2024,7,31,7,Wednesday,,,,
377318,2024-07-30,17:04:40,2024,7,30,17,Tuesday,Colombo,කොළඹ,6.9271,79.8612
377315,2024-07-30,16:25:31,2024,7,30,16,Tuesday,,,,
377278,2024-07-30,11:04:50,2024,7,30,11,Tuesday,Colombo,කොළඹ,6.9271,79.8612
377208,2024-07-29,17:15:15,2024,7,29,17,Monday,Colombo,අවිස්සාවේල්ල,6.9533,80.2097
377088,2024-07-28,16:41:42,2024,7,28,16,Sunday,Kandy,නාවලපිටිය,7.05,80.5333
377045,2024-07-28,09:59:08,2024,7,28,9,Sunday,Colombo,පාදුක්ක,6.8408,80.0925
377034,2024-07-28,07:34:41,2024,7,28,7,Sunday,,,,
376979,2024-07-27,14:15:57,2024,7,27,14,Saturday,,,,
376946,2024-07-27,08:25:04,2024,7,27,8,Saturday,Colombo,කොළඹ,6.9271,79.8612
376940,2024-07-27,07:29:26,2024,7,27,7,Saturday,Kandy,මහනුවර,7.2906,80.6337
376897,2024-07-26,15:32:00,2024,7,26,15,Friday,,,,
376871,2024-07-26,11:53:05,2024,7,26,11,Friday,,,,
376777,2024-07-25,14:03:24,2024,7,25,14,Thursday,Monaragala,මොණරාගල,6.8728,81.3507
376643,2024-07-24,11:18:54,2024,7,24,11,Wednesday,Hambantota,හම්බන්තොට,6.1246,81.1185
376459,2024-07-22,17:17:13,2024,7,22,17,Monday,Matara,වැලිගම,5.975,80.4297
376419,2024-07-22,11:50:24,2024,7,22,11,Monday,Colombo,කොළඹ,6.9271,79.8612
376345,2024-07-21,16:21:55,2024,7,21,16,Sunday,Galle,බද්දේගම,6.1667,80.1833
376254,2024-07-20,16:40:38,2024,7,20,16,Saturday,Jaffna,යාපනය,9.6615,80.0255
376248,2024-07-20,15:25:33,2024,7,20,15,Saturday,Puttalam,පුත්තලම,8.0362,79.8283
376216,2024-07-20,10:29:50,2024,7,20,10,Saturday,Galle,ගාල්ල,6.0535,80.221
376201,2024-07-20,08:11:26,2024,7,20,8,Saturday,Hambantota,කතරගම,6.4134,81.3346
376178,2024-07-19,21:23:54,2024,7,19,21,Friday,Trincomalee,ත්‍රිකුණාමලය,8.5874,81.2152
376165,2024-07-19,18:46:47,2024,7,19,18,Friday,,,,
376060,2024-07-18,18:39:47,2024,7,18,18,Thursday,Hambantota,බෙලිඅත්ත,6.05,80.75
375980,2024-07-18,07:50:42,2024,7,18,7,Thursday,,,,
375874,2024-07-17,08:54:38,2024,7,17,8,Wednesday,Colombo,කොළඹ,6.9271,79.8612
375872,2024-07-17,08:16:01,2024,7,17,8,Wednesday,Jaffna,යාපනය,9.6615,80.0255
375854,2024-07-16,22:15:52,2024,7,16,22,Tuesday,,,,
375727,2024-07-15,22:31:52,2024,7,15,22,Monday,,,,
375666,2024-07-15,14:13:49,2024,7,15,14,Monday,Colombo,කඩුවෙල,6.9333,79.9833
375650,2024-07-15,11:48:48,2024,7,15,11,Monday,Kalutara,පානදුර,6.7133,79.9072
375561,2024-07-14,12:56:10,2024,7,14,12,Sunday,Trincomalee,ත්‍රිකුණාමලය,8.5874,81.2152
375532,2024-07-14,07:29:06,2024,7,14,7,Sunday,,,,
375489,2024-07-13,18:52:40,2024,7,13,18,Saturday,Anuradhapura,අනුරාධපුර,8.3114,80.4037
375471,2024-07-13,15:46:05,2024,7,13,15,Saturday,,,,
375467,2024-07-13,15:03:55,2024,7,13,15,Saturday,Puttalam,පුත්තලම,8.0362,79.8283
375283,2024-07-11,18:07:58,2024,7,11,18,Thursday,,,,
375258,2024-07-11,15:23:46,2024,7,11,15,Thursday,Hambantota,තංගල්ල,6.0239,80.7944
375241,2024-07-11,12:58:59,2024,7,11,12,Thursday,Colombo,කොළඹ,6.9271,79.8612
375188,2024-07-11,06:52:46,2024,7,11,6,Thursday,Kandy,මහනුවර,7.2906,80.6337
375099,2024-07-10,09:29:08,2024,7,10,9,Wednesday,,,,
374981,2024-07-09,07:37:00,2024,7,9,7,Tuesday,Puttalam,පුත්තලම,8.0362,79.8283
374807,2024-07-07,11:26:20,2024,7,7,11,Sunday,Jaffna,යාපනය,9.6615,80.0255
374758,2024-07-06,18:20:46,2024,7,6,18,Saturday,Colombo,කොළඹ,6.9271,79.8612
374706,2024-07-06,09:33:44,2024,7,6,9,Saturday,Badulla,බණ්ඩාරවෙල,6.8333,80.9833
374640,2024-07-05,13:28:28,2024,7,5,13,Friday,Badulla,බදුල්ල,6.9934,81.055
374596,2024-07-04,21:49:03,2024,7,4,21,Thursday,,,,
374591,2024-07-04,20:34:51,2024,7,4,20,Thursday,Colombo,කොළඹ,6.9271,79.8612
374555,2024-07-04,15:22:47,2024,7,4,15,Thursday,Gampaha,දිවුලපිටිය,7.2167,80.0
374543,2024-07-04,13:55:59,2024,7,4,13,Thursday,Badulla,ඇල්ල,6.8667,81.05
374513,2024-07-04,09:44:33,2024,7,4,9,Thursday,Colombo,කොළඹ,6.9271,79.8612
374484,2024-07-03,21:50:25,2024,7,3,21,Wednesday,Kandy,මහනුවර,7.2906,80.6337
374456,2024-07-03,17:49:20,2024,7,3,17,Wednesday,Kalutara,පානදුර,6.7133,79.9072
374416,2024-07-03,12:50:36,2024,7,3,12,Wednesday,,,,
374212,2024-07-01,12:43:34,2024,7,1,12,Monday,Colombo,කොළඹ,6.9271,79.8612
374199,2024-07-01,11:03:16,2024,7,1,11,Monday,Vavuniya,වවුනියාව,8.7514,80.4971
374185,2024-07-01,07:32:13,2024,7,1,7,Monday,Colombo,කොළඹ,6.9271,79.8612
374099,2024-06-29,23:23:31,2024,6,29,23,Saturday,Gampaha,රාගම,7.0289,79.9175
374066,2024-06-29,16:35:30,2024,6,29,16,Saturday,Puttalam,පුත්තලම,8.0362,79.8283
374044,2024-06-29,12:15:00,2024,6,29,12,Saturday,Puttalam,පුත්තලම,8.0362,79.8283
374033,2024-06-29,09:26:27,2024,6,29,9,Saturday,Ampara,අම්පාර,7.2975,81.682
373939,2024-06-28,07:09:53,2024,6,28,7,Friday,,,,
373919,2024-06-27,20:11:58,2024,6,27,20,Thursday,Badulla,ඇල්ල,6.8667,81.05
373858,2024-06-27,11:26:14,2024,6,27,11,Thursday,Colombo,කොළඹ,6.9271,79.8612
373782,2024-06-26,15:50:52,2024,6,26,15,Wednesday,,,,
373757,2024-06-26,11:15:48,2024,6,26,11,Wednesday,Colombo,කොළඹ,6.9271,79.8612
373730,2024-06-26,06:41:48,2024,6,26,6,Wednesday,Kilinochchi,කිලිනොච්චි,9.3961,80.3981
373704,2024-06-25,18:18:56,2024,6,25,18,Tuesday,Gampaha,මීගමුව,7.2083,79.8358
373689,2024-06-25,16:26:05,2024,6,25,16,Tuesday,Colombo,කොළඹ,6.9271,79.8612
373545,2024-06-24,10:51:52,2024,6,24,10,Monday,,,,
373451,2024-06-23,11:13:00,2024,6,23,11,Sunday,Gampaha,මිනුවන්ගොඩ,7.1667,79.95
373450,2024-06-23,11:14:55,2024,6,23,11,Sunday,Colombo,කොළඹ,6.9271,79.8612
373382,2024-06-22,16:21:40,2024,6,22,16,Saturday,Anuradhapura,අනුරාධපුර,8.3114,80.4037
373338,2024-06-22,09:41:09,2024,6,22,9,Saturday,Colombo,කොළඹ,6.9271,79.8612
373281,2024-06-21,14:53:31,2024,6,21,14,Friday,Puttalam,පුත්තලම,8.0362,79.8283
373267,2024-06-21,12:29:17,2024,6,21,12,Friday,Monaragala,බිබිල,7.1667,81.2167
373212,2024-06-20,19:42:20,2024,6,20,19,Thursday,Badulla,බදුල්ල,6.9934,81.055
373164,2024-06-20,11:59:51,2024,6,20,11,Thursday,Matale,දඹුල්ල,7.86,80.6517
373138,2024-06-20,07:14:12,2024,6,20,7,Thursday,,,,
373078,2024-06-19,15:33:46,2024,6,19,15,Wednesday,Colombo,කොළඹ,6.9271,79.8612
373060,2024-06-19,11:11:09,2024,6,19,11,Wednesday,Colombo,කොළඹ,6.9271,79.8612
372817,2024-06-16,18:37:29,2024,6,16,18,Sunday,Matale,ගලේවෙල,7.75,80.5667
372757,2024-06-15,23:01:31,2024,6,15,23,Saturday,Colombo,කොළඹ,6.9271,79.8612
372526,2024-06-13,17:18:13,2024,6,13,17,Thursday,,,,
372464,2024-06-13,07:41:12,2024,6,13,7,Thursday,Colombo,කොළඹ,6.9271,79.8612
372425,2024-06-12,16:20:50,2024,6,12,16,Wednesday,Badulla,මහියංගනය,7.3333,81.0
372393,2024-06-12,10:19:43,2024,6,12,10,Wednesday,Colombo,හෝමාගම,6.8408,80.0022
372313,2024-06-11,15:20:27,2024,6,11,15,Tuesday,Colombo,කොළඹ,6.9271,79.8612
372287,2024-06-11,11:01:30,2024,6,11,11,Tuesday,Gampaha,කටුනායක,7.1697,79.8844
372281,2024-06-11,09:43:46,2024,6,11,9,Tuesday,Kandy,මහනුවර,7.2906,80.6337
372142,2024-06-09,18:53:24,2024,6,9,18,Sunday,,,,
372104,2024-06-09,12:37:59,2024,6,9,12,Sunday,,,,
372103,2024-06-09,12:29:41,2024,6,9,12,Sunday,,,,
372043,2024-06-08,15:29:37,2024,6,8,15,Saturday,Kegalle,කෑගල්ල,7.2513,80.3464
372025,2024-06-08,11:37:10,2024,6,8,11,Saturday,,,,
372010,2024-06-08,07:05:52,2024,6,8,7,Saturday,,,,
371948,2024-06-07,12:41:06,2024,6,7,12,Friday,Kandy,මහනුවර,7.2906,80.6337
371938,2024-06-07,11:12:41,2024,6,7,11,Friday,Colombo,කොළඹ,6.9271,79.8612
371884,2024-06-06,17:49:12,2024,6,6,17,Thursday,,,,
371845,2024-06-06,12:46:34,2024,6,6,12,Thursday,Colombo,කොළඹ,6.9271,79.8612
371774,2024-06-05,15:34:35,2024,6,5,15,Wednesday,Vavuniya,වවුනියාව,8.7514,80.4971
371503,2024-06-02,13:58:02,2024,6,2,13,Sunday,Colombo,කොළඹ,6.9271,79.8612
371501,2024-06-02,13:33:10,2024,6,2,13,Sunday,Colombo,කොළඹ,6.9271,79.8612
371434,2024-06-01,16:21:04,2024,6,1,16,Saturday,,,,
371313,2024-05-31,12:45:26,2024,5,31,12,Friday,Colombo,කොළඹ,6.9271,79.8612
371250,2024-05-30,16:29:44,2024,5,30,16,Thursday,,,,
371072,2024-05-29,08:13:57,2024,5,29,8,Wednesday,Colombo,කොළඹ,6.9271,79.8612
370998,2024-05-28,10:22:46,2024,5,28,10,Tuesday,Gampaha,වේයන්ගොඩ,7.15,80.05
370828,2024-05-26,10:42:39,2024,5,26,10,Sunday,,,,
370725,2024-05-24,21:19:56,2024,5,24,21,Friday,Monaragala,වැල්ලවාය,6.7333,81.1
370620,2024-05-23,16:06:01,2024,5,23,16,Thursday,Colombo,කොළඹ,6.9271,79.8612
370575,2024-05-23,07:30:36,2024,5,23,7,Thursday,Nuwara Eliya,ගිනිගත්හේන,6.9833,80.4833
370540,2024-05-22,18:02:43,2024,5,22,18,Wednesday,Anuradhapura,තලාව,8.2333,80.35
370496,2024-05-22,11:17:37,2024,5,22,11,Wednesday,Kurunegala,කුලියාපිටිය,7.4667,80.0333
370424,2024-05-21,13:27:03,2024,5,21,13,Tuesday,Colombo,කොළඹ,6.9271,79.8612
370418,2024-05-21,12:31:03,2024,5,21,12,Tuesday,Kurunegala,කුලියාපිටිය,7.4667,80.0333
370400,2024-05-21,08:43:25,2024,5,21,8,Tuesday,Ratnapura,රත්නපුර,6.6828,80.3992
370365,2024-05-20,16:30:26,2024,5,20,16,Monday,Jaffna,යාපනය,9.6615,80.0255
370305,2024-05-20,07:36:00,2024,5,20,7,Monday,Kilinochchi,කිලිනොච්චි,9.3961,80.3981
370275,2024-05-19,18:42:58,2024,5,19,18,Sunday,,,,
370198,2024-05-18,19:17:11,2024,5,18,19,Saturday,Colombo,කෝට්ටේ,6.889,79.9017
370139,2024-05-18,07:10:50,2024,5,18,7,Saturday,Colombo,කොළඹ,6.9271,79.8612
370060,2024-05-17,07:02:09,2024,5,17,7,Friday,,,,
370030,2024-05-16,18:42:39,2024,5,16,18,Thursday,,,,
369962,2024-05-15,22:41:38,2024,5,15,22,Wednesday,Badulla,බදුල්ල,6.9934,81.055
369942,2024-05-15,18:18:13,2024,5,15,18,Wednesday,Kalutara,බණ්ඩාරගම,6.7133,79.9072
369861,2024-05-14,20:07:14,2024,5,14,20,Tuesday,Jaffna,යාපනය,9.6615,80.0255
369753,2024-05-13,18:44:04,2024,5,13,18,Monday,Matara,මාතර,5.9485,80.5353
369679,2024-05-12,19:43:05,2024,5,12,19,Sunday,Kandy,මහනුවර,7.2906,80.6337
369585,2024-05-11,18:48:35,2024,5,11,18,Saturday,Ratnapura,රත්නපුර,6.6828,80.3992
369573,2024-05-11,16:16:31,2024,5,11,16,Saturday,Kandy,මහනුවර,7.2906,80.6337
369551,2024-05-11,11:31:44,2024,5,11,11,Saturday,Kandy,මහනුවර,7.2906,80.6337
369535,2024-05-11,08:27:49,2024,5,11,8,Saturday,Badulla,බදුල්ල,6.9934,81.055
369285,2024-05-08,07:08:20,2024,5,8,7,Wednesday,Colombo,කොළඹ,6.9271,79.8612
369255,2024-05-07,16:48:08,2024,5,7,16,Tuesday,,,,
369137,2024-05-06,09:38:00,2024,5,6,9,Monday,Colombo,මහරගම,6.848,79.9265
368947,2024-05-03,18:59:07,2024,5,3,18,Friday,,,,
368917,2024-05-03,14:56:18,2024,5,3,14,Friday,Ampara,අම්පාර,7.2975,81.682
368762,2024-05-01,18:18:57,2024,5,1,18,Wednesday,Gampaha,කටුනායක,7.1697,79.8844
368552,2024-04-29,12:07:55,2024,4,29,12,Monday,Colombo,කොළඹ,6.9271,79.8612
368283,2024-04-26,09:24:32,2024,4,26,9,Friday,Kilinochchi,කිලිනොච්චි,9.3961,80.3981
368150,2024-04-24,17:07:05,2024,4,24,17,Wednesday,Colombo,කොළඹ,6.9271,79.8612
368132,2024-04-24,14:02:43,2024,4,24,14,Wednesday,Badulla,බණ්ඩාරවෙල,6.8333,80.9833
368086,2024-04-23,21:37:23,2024,4,23,21,Tuesday,Badulla,බදුල්ල,6.9934,81.055
368038,2024-04-23,11:14:26,2024,4,23,11,Tuesday,Matara,මාතර,5.9485,80.5353
368011,2024-04-22,23:19:23,2024,4,22,23,Monday,Matara,මාතර,5.9485,80.5353
367999,2024-04-22,20:09:52,2024,4,22,20,Monday,Colombo,කොළඹ,6.9271,79.8612
367998,2024-04-22,19:52:52,2024,4,22,19,Monday,,,,
367993,2024-04-22,18:16:18,2024,4,22,18,Monday,Badulla,දියතලාව,6.8167,80.9667
367946,2024-04-22,08:55:11,2024,4,22,8,Monday,Badulla,බදුල්ල,6.9934,81.055
367940,2024-04-22,07:54:24,2024,4,22,7,Monday,Hambantota,කතරගම,6.4134,81.3346
367937,2024-04-22,07:09:32,2024,4,22,7,Monday,Gampaha,සීදූව,7.128,79.886
367903,2024-04-21,15:38:02,2024,4,21,15,Sunday,Badulla,බදුල්ල,6.9934,81.055
367882,2024-04-21,11:38:54,2024,4,21,11,Sunday,Galle,ඇල්පිටිය,6.2833,80.1667
367832,2024-04-20,16:56:10,2024,4,20,16,Saturday,Matale,රත්තොට,7.5167,80.6833
367465,2024-04-16,08:09:15,2024,4,16,8,Tuesday,Badulla,බණ්ඩාරවෙල,6.8333,80.9833
367442,2024-04-15,20:20:48,2024,4,15,20,Monday,Colombo,කොළඹ,6.9271,79.8612
367384,2024-04-15,10:06:04,2024,4,15,10,Monday,Kandy,ගම්පොල,7.1667,80.5667
367334,2024-04-14,15:43:03,2024,4,14,15,Sunday,Galle,ගාල්ල,6.0535,80.221
367271,2024-04-13,17:53:06,2024,4,13,17,Saturday,Galle,ගාල්ල,6.0535,80.221
367226,2024-04-13,07:28:41,2024,4,13,7,Saturday,,,,
367194,2024-04-12,16:11:29,2024,4,12,16,Friday,Monaragala,වැල්ලවාය,6.7333,81.1
367056,2024-04-10,20:03:38,2024,4,10,20,Wednesday,,,,
367020,2024-04-10,11:42:38,2024,4,10,11,Wednesday,,,,
366961,2024-04-09,14:39:02,2024,4,9,14,Tuesday,Kandy,නාවලපිටිය,7.05,80.5333
366936,2024-04-09,10:14:11,2024,4,9,10,Tuesday,,,,
366923,2024-04-09,07:20:20,2024,4,9,7,Tuesday,Gampaha,කිරිබත්ගොඩ,6.9786,79.9283
366893,2024-04-08,15:59:14,2024,4,8,15,Monday,Anuradhapura,අනුරාධපුර,8.3114,80.4037
366814,2024-04-07,16:56:27,2024,4,7,16,Sunday,Ampara,අම්පාර,7.2975,81.682
366691,2024-04-06,07:30:57,2024,4,6,7,Saturday,Kalutara,ඉංගිරිය,6.75,80.1667
366564,2024-04-04,18:11:44,2024,4,4,18,Thursday,,,,
366496,2024-04-03,19:25:51,2024,4,3,19,Wednesday,Colombo,කොළඹ,6.9271,79.8612
366486,2024-04-03,16:32:02,2024,4,3,16,Wednesday,Polonnaruwa,හිඟුරක්ගොඩ,8.05,80.95
366364,2024-04-02,07:23:12,2024,4,2,7,Tuesday,Kandy,පේරාදෙණිය,7.2597,80.5967
366337,2024-04-01,17:31:07,2024,4,1,17,Monday,,,,
366241,2024-03-31,14:50:54,2024,3,31,14,Sunday,,,,
366201,2024-03-31,07:07:06,2024,3,31,7,Sunday,Colombo,කොළඹ,6.9271,79.8612
366161,2024-03-30,14:07:18,2024,3,30,14,Saturday,Colombo,කොළඹ,6.9271,79.8612
366106,2024-03-29,21:31:47,2024,3,29,21,Friday,,,,
366027,2024-03-29,07:42:01,2024,3,29,7,Friday,,,,
366012,2024-03-28,21:45:49,2024,3,28,21,Thursday,Kurunegala,කුරුණෑගල,7.4863,80.3623
365995,2024-03-28,18:07:52,2024,3,28,18,Thursday,Gampaha,මීගමුව,7.2083,79.8358
365893,2024-03-27,17:25:43,2024,3,27,17,Wednesday,Kurunegala,අලව්ව,7.3,80.2333
365872,2024-03-27,15:17:20,2024,3,27,15,Wednesday,Colombo,කොළඹ,6.9271,79.8612
365856,2024-03-27,12:29:17,2024,3,27,12,Wednesday,Kurunegala,කුරුණෑගල,7.4863,80.3623
365837,2024-03-27,08:59:11,2024,3,27,8,Wednesday,Gampaha,මීගමුව,7.2083,79.8358
365756,2024-03-26,07:39:44,2024,3,26,7,Tuesday,Colombo,හෝමාගම,6.8408,80.0022
365733,2024-03-25,19:12:18,2024,3,25,19,Monday,Ampara,අම්පාර,7.2975,81.682
365573,2024-03-23,18:07:46,2024,3,23,18,Saturday,Kandy,මහනුවර,7.2906,80.6337
365499,2024-03-22,19:58:56,2024,3,22,19,Friday,,,,
365467,2024-03-22,12:07:05,2024,3,22,12,Friday,Anuradhapura,කැකිරාව,8.0333,80.6
365298,2024-03-20,11:50:20,2024,3,20,11,Wednesday,Ampara,අම්පාර,7.2975,81.682
365068,2024-03-17,19:51:29,2024,3,17,19,Sunday,,,,
365023,2024-03-17,08:23:23,2024,3,17,8,Sunday,Colombo,කොළඹ,6.9271,79.8612
364821,2024-03-14,17:40:49,2024,3,14,17,Thursday,Batticaloa,මඩකලපුව,7.7102,81.6924
364566,2024-03-11,22:37:34,2024,3,11,22,Monday,Ratnapura,බලංගොඩ,6.65,80.7
364509,2024-03-11,08:45:39,2024,3,11,8,Monday,Kurunegala,මහව,7.8167,80.2833
364461,2024-03-10,14:40:23,2024,3,10,14,Sunday,Anuradhapura,අනුරාධපුර,8.3114,80.4037
364419,2024-03-09,20:34:43,2024,3,9,20,Saturday,Colombo,කොළඹ,6.9271,79.8612
364365,2024-03-09,06:34:48,2024,3,9,6,Saturday,Anuradhapura,අනුරාධපුර,8.3114,80.4037
364246,2024-03-07,17:56:06,2024,3,7,17,Thursday,Kurunegala,කුරුණෑගල,7.4863,80.3623
364214,2024-03-07,13:12:39,2024,3,7,13,Thursday,Anuradhapura,අනුරාධපුර,8.3114,80.4037
364145,2024-03-06,15:54:18,2024,3,6,15,Wednesday,Ratnapura,රත්නපුර,6.6828,80.3992
364103,2024-03-06,09:05:21,2024,3,6,9,Wednesday,Colombo,කොළඹ,6.9271,79.8612
364056,2024-03-05,15:57:35,2024,3,5,15,Tuesday,Anuradhapura,තලාව,8.2333,80.35
364004,2024-03-05,07:30:52,2024,3,5,7,Tuesday,Colombo,කොළඹ,6.9271,79.8612
363891,2024-03-03,22:07:33,2024,3,3,22,Sunday,Colombo,කොළඹ,6.9271,79.8612
363848,2024-03-03,12:03:01,2024,3,3,12,Sunday,,,,
363827,2024-03-03,07:05:41,2024,3,3,7,Sunday,Jaffna,යාපනය,9.6615,80.0255
363769,2024-03-02,11:30:15,2024,3,2,11,Saturday,Jaffna,යාපනය,9.6615,80.0255
363756,2024-03-02,08:55:10,2024,3,2,8,Saturday,Gampaha,මීගමුව,7.2083,79.8358
363730,2024-03-01,18:23:44,2024,3,1,18,Friday,Colombo,කොළඹ,6.9271,79.8612
363725,2024-03-01,17:00:40,2024,3,1,17,Friday,Colombo,කොළඹ,6.9271,79.8612
363646,2024-03-01,07:11:52,2024,3,1,7,Friday,,,,
363557,2024-02-29,08:41:06,2024,2,29,8,Thursday,,,,
363543,2024-02-28,23:29:29,2024,2,28,23,Wednesday,Puttalam,පුත්තලම,8.0362,79.8283
363399,2024-02-27,14:02:09,2024,2,27,14,Tuesday,Matara,මාතර,5.9485,80.5353
363259,2024-02-26,06:58:30,2024,2,26,6,Monday,Monaragala,මොණරාගල,6.8728,81.3507
363152,2024-02-24,16:27:13,2024,2,24,16,Saturday,,,,
363122,2024-02-24,11:05:07,2024,2,24,11,Saturday,,,,
363035,2024-02-23,10:22:44,2024,2,23,10,Friday,,,,
363005,2024-02-22,20:14:05,2024,2,22,20,Thursday,,,,
363001,2024-02-22,19:42:29,2024,2,22,19,Thursday,,,,
362959,2024-02-22,13:21:27,2024,2,22,13,Thursday,Kandy,මහනුවර,7.2906,80.6337
362955,2024-02-22,12:23:19,2024,2,22,12,Thursday,Jaffna,යාපනය,9.6615,80.0255
362926,2024-02-22,08:02:36,2024,2,22,8,Thursday,,,,
362876,2024-02-21,11:56:08,2024,2,21,11,Wednesday,,,,
362860,2024-02-21,09:03:26,2024,2,21,9,Wednesday,Colombo,කොළඹ,6.9271,79.8612
362745,2024-02-20,08:17:42,2024,2,20,8,Tuesday,,,,
362742,2024-02-20,07:54:44,2024,2,20,7,Tuesday,Colombo,කොළඹ,6.9271,79.8612
362622,2024-02-19,10:01:11,2024,2,19,10,Monday,Colombo,මහරගම,6.848,79.9265
362584,2024-02-18,23:04:48,2024,2,18,23,Sunday,Colombo,කොළඹ,6.9271,79.8612
362574,2024-02-18,19:43:42,2024,2,18,19,Sunday,Colombo,කොළඹ,6.9271,79.8612
362515,2024-02-18,14:04:38,2024,2,18,14,Sunday,Colombo,කොළඹ,6.9271,79.8612
362488,2024-02-18,11:29:31,2024,2,18,11,Sunday,,,,
362357,2024-02-17,13:32:02,2024,2,17,13,Saturday,Gampaha,කඩවත,7.0,79.95
362342,2024-02-17,09:16:22,2024,2,17,9,Saturday,Colombo,කොළඹ,6.9271,79.8612
362306,2024-02-16,18:41:14,2024,2,16,18,Friday,,,,
362162,2024-02-15,11:45:06,2024,2,15,11,Thursday,Colombo,රාජගිරිය,6.9095,79.8937
362144,2024-02-15,09:04:15,2024,2,15,9,Thursday,Polonnaruwa,පොළොන්නරුව,7.9403,81.0188
362119,2024-02-14,21:00:24,2024,2,14,21,Wednesday,Jaffna,යාපනය,9.6615,80.0255
361950,2024-02-13,07:53:36,2024,2,13,7,Tuesday,Jaffna,යාපනය,9.6615,80.0255
361943,2024-02-13,07:09:02,2024,2,13,7,Tuesday,Puttalam,පුත්තලම,8.0362,79.8283
361913,2024-02-12,17:20:03,2024,2,12,17,Monday,,,,
361911,2024-02-12,16:49:08,2024,2,12,16,Monday,Kandy,මහනුවර,7.2906,80.6337
361901,2024-02-12,15:52:48,2024,2,12,15,Monday,Colombo,කොළඹ,6.9271,79.8612
361874,2024-02-12,11:13:56,2024,2,12,11,Monday,Jaffna,යාපනය,9.6615,80.0255
361842,2024-02-11,23:21:33,2024,2,11,23,Sunday,Ratnapura,රත්නපුර,6.6828,80.3992
361841,2024-02-11,23:09:23,2024,2,11,23,Sunday,Kurunegala,වාරියපොල,7.6167,80.2333
361809,2024-02-11,15:57:49,2024,2,11,15,Sunday,Galle,ගාල්ල,6.0535,80.221
361679,2024-02-10,07:52:47,2024,2,10,7,Saturday,Colombo,කොළඹ,6.9271,79.8612
361673,2024-02-10,06:58:43,2024,2,10,6,Saturday,Jaffna,යාපනය,9.6615,80.0255
361611,2024-02-09,10:59:57,2024,2,9,10,Friday,Hambantota,හම්බන්තොට,6.1246,81.1185
361575,2024-02-08,22:20:44,2024,2,8,22,Thursday,Hambantota,වීරවිල,6.15,80.9333
361566,2024-02-08,20:22:14,2024,2,8,20,Thursday,Colombo,කොළඹ,6.9271,79.8612
361552,2024-02-08,15:51:00,2024,2,8,15,Thursday,Puttalam,පුත්තලම,8.0362,79.8283
361510,2024-02-08,09:39:02,2024,2,8,9,Thursday,Puttalam,පුත්තලම,8.0362,79.8283
361489,2024-02-08,07:18:29,2024,2,8,7,Thursday,,,,
361471,2024-02-07,20:49:57,2024,2,7,20,Wednesday,,,,
361395,2024-02-07,06:57:53,2024,2,7,6,Wednesday,,,,
361329,2024-02-06,11:49:33,2024,2,6,11,Tuesday,Kandy,මහනුවර,7.2906,80.6337
361322,2024-02-06,10:23:55,2024,2,6,10,Tuesday,Kandy,මහනුවර,7.2906,80.6337
361258,2024-02-05,13:30:46,2024,2,5,13,Monday,Kandy,ගම්පොල,7.1667,80.5667
361248,2024-02-05,11:31:25,2024,2,5,11,Monday,Puttalam,පුත්තලම,8.0362,79.8283
361236,2024-02-05,09:04:20,2024,2,5,9,Monday,Matara,මාතර,5.9485,80.5353
361189,2024-02-04,15:54:06,2024,2,4,15,Sunday,Hambantota,තංගල්ල,6.0239,80.7944
360864,2024-01-31,17:49:50,2024,1,31,17,Wednesday,Colombo,කොළඹ,6.9271,79.8612
360767,2024-01-30,18:55:40,2024,1,30,18,Tuesday,Galle,ගාල්ල,6.0535,80.221
360745,2024-01-30,14:28:49,2024,1,30,14,Tuesday,Kalutara,හොරණ,6.7156,80.0631
360732,2024-01-30,12:47:08,2024,1,30,12,Tuesday,Kandy,මහනුවර,7.2906,80.6337
360666,2024-01-29,19:26:59,2024,1,29,19,Monday,Hambantota,හම්බන්තොට,6.1246,81.1185
360626,2024-01-29,12:48:20,2024,1,29,12,Monday,Hambantota,හම්බන්තොට,6.1246,81.1185
360577,2024-01-28,20:41:52,2024,1,28,20,Sunday,Hambantota,කතරගම,6.4134,81.3346
360509,2024-01-28,08:59:29,2024,1,28,8,Sunday,,,,
360499,2024-01-28,07:06:29,2024,1,28,7,Sunday,Colombo,කොළඹ,6.9271,79.8612
360490,2024-01-27,21:30:02,2024,1,27,21,Saturday,Colombo,කොළඹ,6.9271,79.8612
360470,2024-01-27,17:57:37,2024,1,27,17,Saturday,Kandy,මහනුවර,7.2906,80.6337
360452,2024-01-27,14:04:06,2024,1,27,14,Saturday,Colombo,කොළඹ,6.9271,79.8612
360449,2024-01-27,13:47:03,2024,1,27,13,Saturday,Colombo,කොළඹ,6.9271,79.8612
360432,2024-01-27,10:18:30,2024,1,27,10,Saturday,Gampaha,කැළණිය,6.9553,79.9219
360411,2024-01-27,07:24:38,2024,1,27,7,Saturday,Colombo,කොළඹ,6.9271,79.8612
360391,2024-01-26,20:01:00,2024,1,26,20,Friday,Colombo,කොළඹ,6.9271,79.8612
360372,2024-01-26,16:08:35,2024,1,26,16,Friday,,,,
360362,2024-01-26,13:52:39,2024,1,26,13,Friday,Colombo,කොළඹ,6.9271,79.8612
360355,2024-01-26,11:32:09,2024,1,26,11,Friday,Gampaha,කටුනායක,7.1697,79.8844
360348,2024-01-26,10:09:40,2024,1,26,10,Friday,Colombo,කොළඹ,6.9271,79.8612
360342,2024-01-26,08:52:00,2024,1,26,8,Friday,Colombo,කොළඹ,6.9271,79.8612
360331,2024-01-26,07:27:48,2024,1,26,7,Friday,Colombo,කොළඹ,6.9271,79.8612
360291,2024-01-25,15:10:05,2024,1,25,15,Thursday,,,,
360275,2024-01-25,13:36:46,2024,1,25,13,Thursday,,,,
360270,2024-01-25,12:56:08,2024,1,25,12,Thursday,Colombo,කොළඹ,6.9271,79.8612
360262,2024-01-25,11:36:14,2024,1,25,11,Thursday,Colombo,කොළඹ,6.9271,79.8612
360259,2024-01-25,10:49:11,2024,1,25,10,Thursday,Colombo,කොළඹ,6.9271,79.8612
360254,2024-01-25,09:36:32,2024,1,25,9,Thursday,Puttalam,පුත්තලම,8.0362,79.8283
360252,2024-01-25,08:55:59,2024,1,25,8,Thursday,Colombo,කොළඹ,6.9271,79.8612
360251,2024-01-25,08:51:41,2024,1,25,8,Thursday,Kandy,මහනුවර,7.2906,80.6337
360247,2024-01-25,08:28:47,2024,1,25,8,Thursday,Puttalam,පුත්තලම,8.0362,79.8283
360231,2024-01-25,06:01:18,2024,1,25,6,Thursday,Colombo,කොළඹ,6.9271,79.8612
360151,2024-01-24,10:22:53,2024,1,24,10,Wednesday,Kandy,මහනුවර,7.2906,80.6337
360132,2024-01-23,23:27:56,2024,1,23,23,Tuesday,,,,
360051,2024-01-23,09:28:34,2024,1,23,9,Tuesday,Jaffna,යාපනය,9.6615,80.0255
360014,2024-01-22,17:54:25,2024,1,22,17,Monday,Colombo,කොළඹ,6.9271,79.8612
359912,2024-01-21,17:37:59,2024,1,21,17,Sunday,,,,
359779,2024-01-20,07:08:57,2024,1,20,7,Saturday,Jaffna,යාපනය,9.6615,80.0255
359686,2024-01-19,07:06:33,2024,1,19,7,Friday,Kurunegala,පොල්ගහවෙල,7.3333,80.3
359632,2024-01-18,12:07:55,2024,1,18,12,Thursday,,,,
359580,2024-01-17,17:51:50,2024,1,17,17,Wednesday,Colombo,කොළඹ,6.9271,79.8612
359234,2024-01-13,19:17:49,2024,1,13,19,Saturday,Kandy,මහනුවර,7.2906,80.6337
359190,2024-01-13,10:38:04,2024,1,13,10,Saturday,Colombo,කොළඹ,6.9271,79.8612
359148,2024-01-12,18:27:08,2024,1,12,18,Friday,,,,
359015,2024-01-11,10:56:10,2024,1,11,10,Thursday,,,,
358775,2024-01-09,10:56:35,2024,1,9,10,Tuesday,,,,
358689,2024-01-08,15:13:25,2024,1,8,15,Monday,Kalutara,මතුගම,6.5222,80.1167
358588,2024-01-07,15:16:13,2024,1,7,15,Sunday,Galle,ඇල්පිටිය,6.2833,80.1667
358463,2024-01-06,07:26:18,2024,1,6,7,Saturday,Colombo,කොළඹ,6.9271,79.8612
358383,2024-01-05,08:23:28,2024,1,5,8,Friday,Colombo,කොළඹ,6.9271,79.8612
358316,2024-01-04,13:48:04,2024,1,4,13,Thursday,Colombo,කොළඹ,6.9271,79.8612
358295,2024-01-04,11:12:48,2024,1,4,11,Thursday,Colombo,කොළඹ,6.9271,79.8612
358150,2024-01-02,17:43:58,2024,1,2,17,Tuesday,,,,
357980,2023-12-31,11:14:42,2023,12,31,11,Sunday,Gampaha,මීගමුව,7.2083,79.8358
357931,2023-12-30,18:49:18,2023,12,30,18,Saturday,Kalutara,හොරණ,6.7156,80.0631
357862,2023-12-29,20:32:51,2023,12,29,20,Friday,Matara,මාතර,5.9485,80.5353
357840,2023-12-29,14:31:00,2023,12,29,14,Friday,Puttalam,මාරවිල,7.4167,79.8167
357652,2023-12-27,14:05:30,2023,12,27,14,Wednesday,Kandy,මහනුවර,7.2906,80.6337
357628,2023-12-27,09:27:30,2023,12,27,9,Wednesday,,,,
357579,2023-12-26,15:30:00,2023,12,26,15,Tuesday,Colombo,කොළඹ,6.9271,79.8612
357496,2023-12-25,15:28:39,2023,12,25,15,Monday,Badulla,බදුල්ල,6.9934,81.055
357454,2023-12-25,07:07:59,2023,12,25,7,Monday,,,,
357432,2023-12-24,18:46:18,2023,12,24,18,Sunday,,,,
357431,2023-12-24,17:59:51,2023,12,24,17,Sunday,Kurunegala,කුරුණෑගල,7.4863,80.3623
357405,2023-12-24,11:26:01,2023,12,24,11,Sunday,Anuradhapura,කැකිරාව,8.0333,80.6
357345,2023-12-23,14:51:01,2023,12,23,14,Saturday,Anuradhapura,අනුරාධපුර,8.3114,80.4037
357242,2023-12-22,11:16:33,2023,12,22,11,Friday,Puttalam,පුත්තලම,8.0362,79.8283
357104,2023-12-20,13:25:25,2023,12,20,13,Wednesday,,,,
357044,2023-12-19,22:06:21,2023,12,19,22,Tuesday,,,,
356985,2023-12-19,09:52:06,2023,12,19,9,Tuesday,Kurunegala,කුරුණෑගල,7.4863,80.3623
356936,2023-12-18,16:31:01,2023,12,18,16,Monday,,,,
356843,2023-12-17,20:39:36,2023,12,17,20,Sunday,Kalutara,කළුතර,6.5854,79.9607
356799,2023-12-17,11:25:48,2023,12,17,11,Sunday,Galle,අම්බලන්ගොඩ,6.2358,80.0536
356556,2023-12-14,15:05:28,2023,12,14,15,Thursday,Jaffna,යාපනය,9.6615,80.0255
356530,2023-12-14,12:33:07,2023,12,14,12,Thursday,,,,
356389,2023-12-13,07:28:39,2023,12,13,7,Wednesday,Kandy,මහනුවර,7.2906,80.6337
356240,2023-12-11,13:06:07,2023,12,11,13,Monday,Galle,ගාල්ල,6.0535,80.221
356199,2023-12-11,07:19:43,2023,12,11,7,Monday,Galle,ගාල්ල,6.0535,80.221
356187,2023-12-10,21:53:46,2023,12,10,21,Sunday,Colombo,හෝමාගම,6.8408,80.0022
355980,2023-12-08,09:56:06,2023,12,8,9,Friday,Kandy,මහනුවර,7.2906,80.6337
355830,2023-12-06,15:54:55,2023,12,6,15,Wednesday,Colombo,කොළඹ,6.9271,79.8612
355821,2023-12-06,13:51:12,2023,12,6,13,Wednesday,,,,
355802,2023-12-06,10:23:43,2023,12,6,10,Wednesday,Jaffna,යාපනය,9.6615,80.0255
355762,2023-12-05,19:52:47,2023,12,5,19,Tuesday,,,,
355701,2023-12-05,07:24:13,2023,12,5,7,Tuesday,Kurunegala,මහව,7.8167,80.2833
355603,2023-12-04,07:01:55,2023,12,4,7,Monday,Kurunegala,කුරුණෑගල,7.4863,80.3623
355570,2023-12-03,14:43:29,2023,12,3,14,Sunday,,,,
355507,2023-12-02,18:35:49,2023,12,2,18,Saturday,Jaffna,යාපනය,9.6615,80.0255
355413,2023-12-01,16:30:38,2023,12,1,16,Friday,Jaffna,යාපනය,9.6615,80.0255
355373,2023-12-01,10:31:54,2023,12,1,10,Friday,Gampaha,වේයන්ගොඩ,7.15,80.05
355279,2023-11-30,12:23:31,2023,11,30,12,Thursday,,,,
355167,2023-11-29,07:31:56,2023,11,29,7,Wednesday,,,,
355164,2023-11-29,07:01:07,2023,11,29,7,Wednesday,Gampaha,කටුනායක,7.1697,79.8844
355116,2023-11-28,12:50:10,2023,11,28,12,Tuesday,Colombo,කොළඹ,6.9271,79.8612
355095,2023-11-28,08:10:31,2023,11,28,8,Tuesday,Anuradhapura,හබරණ,8.0333,80.75
354961,2023-11-26,14:20:57,2023,11,26,14,Sunday,Colombo,කොළඹ,6.9271,79.8612
354824,2023-11-24,15:31:28,2023,11,24,15,Friday,,,,
354809,2023-11-24,11:48:18,2023,11,24,11,Friday,Matale,ගලේවෙල,7.75,80.5667
354751,2023-11-23,17:51:16,2023,11,23,17,Thursday,Colombo,හෝමාගම,6.8408,80.0022
354506,2023-11-20,17:39:58,2023,11,20,17,Monday,Kandy,මහනුවර,7.2906,80.6337
354324,2023-11-18,16:46:20,2023,11,18,16,Saturday,Kandy,නාවලපිටිය,7.05,80.5333
354238,2023-11-17,18:34:34,2023,11,17,18,Friday,Kalutara,බේරුවල,6.4789,79.9828
354175,2023-11-17,07:05:44,2023,11,17,7,Friday,Colombo,කොළඹ,6.9271,79.8612
354151,2023-11-16,18:47:47,2023,11,16,18,Thursday,,,,
354108,2023-11-16,11:03:50,2023,11,16,11,Thursday,Colombo,හෝමාගම,6.8408,80.0022
354065,2023-11-15,18:06:55,2023,11,15,18,Wednesday,Colombo,කොළඹ,6.9271,79.8612
354019,2023-11-15,10:51:05,2023,11,15,10,Wednesday,Kalutara,හොරණ,6.7156,80.0631
353921,2023-11-14,11:58:28,2023,11,14,11,Tuesday,,,,
353791,2023-11-12,22:40:38,2023,11,12,22,Sunday,Colombo,කොළඹ,6.9271,79.8612
353663,2023-11-11,12:17:54,2023,11,11,12,Saturday,Colombo,කොළඹ,6.9271,79.8612
353637,2023-11-10,22:27:12,2023,11,10,22,Friday,Colombo,කොළඹ,6.9271,79.8612
353604,2023-11-10,16:18:38,2023,11,10,16,Friday,,,,
353584,2023-11-10,13:25:30,2023,11,10,13,Friday,,,,
353484,2023-11-09,12:07:46,2023,11,9,12,Thursday,Matale,දඹුල්ල,7.86,80.6517
353449,2023-11-08,23:01:24,2023,11,8,23,Wednesday,,,,
353374,2023-11-08,08:43:44,2023,11,8,8,Wednesday,Colombo,කොළඹ,6.9271,79.8612
353195,2023-11-06,13:24:18,2023,11,6,13,Monday,Colombo,කොළඹ,6.9271,79.8612
352828,2023-11-01,16:53:13,2023,11,1,16,Wednesday,,,,
352824,2023-11-01,15:30:40,2023,11,1,15,Wednesday,Jaffna,යාපනය,9.6615,80.0255
352676,2023-10-30,22:15:56,2023,10,30,22,Monday,Colombo,කොළඹ,6.9271,79.8612
352641,2023-10-30,15:31:20,2023,10,30,15,Monday,Kegalle,මාවනැල්ල,7.25,80.45
352557,2023-10-29,14:25:17,2023,10,29,14,Sunday,,,,
352543,2023-10-29,11:42:23,2023,10,29,11,Sunday,,,,
352534,2023-10-29,09:15:34,2023,10,29,9,Sunday,,,,
352532,2023-10-29,09:05:21,2023,10,29,9,Sunday,Kurunegala,මහව,7.8167,80.2833
352472,2023-10-28,11:52:10,2023,10,28,11,Saturday,Colombo,හෝමාගම,6.8408,80.0022
352319,2023-10-26,13:05:23,2023,10,26,13,Thursday,Monaragala,මොණරාගල,6.8728,81.3507
352283,2023-10-25,22:58:51,2023,10,25,22,Wednesday,,,,
352267,2023-10-25,19:41:51,2023,10,25,19,Wednesday,Gampaha,රාගම,7.0289,79.9175
352236,2023-10-25,12:42:30,2023,10,25,12,Wednesday,Gampaha,කටුනායක,7.1697,79.8844
352233,2023-10-25,11:54:55,2023,10,25,11,Wednesday,Kurunegala,මහව,7.8167,80.2833
352184,2023-10-24,18:47:17,2023,10,24,18,Tuesday,Badulla,බදුල්ල,6.9934,81.055
351966,2023-10-22,11:53:55,2023,10,22,11,Sunday,Kandy,නුවර,7.2906,80.6337
351900,2023-10-21,14:54:18,2023,10,21,14,Saturday,,,,
351836,2023-10-20,16:50:52,2023,10,20,16,Friday,Kandy,මහනුවර,7.2906,80.6337
351829,2023-10-20,15:55:58,2023,10,20,15,Friday,Anuradhapura,හබරණ,8.0333,80.75
351815,2023-10-20,13:28:46,2023,10,20,13,Friday,Badulla,බදුල්ල,6.9934,81.055
351802,2023-10-20,10:15:48,2023,10,20,10,Friday,Puttalam,කල්පිටිය,8.2333,79.7667
351772,2023-10-19,22:07:39,2023,10,19,22,Thursday,Hambantota,හම්බන්තොට,6.1246,81.1185
351749,2023-10-19,17:48:33,2023,10,19,17,Thursday,Colombo,හෝමාගම,6.8408,80.0022
351728,2023-10-19,14:07:32,2023,10,19,14,Thursday,Kurunegala,නාරම්මල,7.4333,80.2
351664,2023-10-18,18:15:58,2023,10,18,18,Wednesday,Colombo,කොළඹ,6.9271,79.8612
351563,2023-10-17,19:41:44,2023,10,17,19,Tuesday,,,,
351421,2023-10-16,11:10:15,2023,10,16,11,Monday,Jaffna,යාපනය,9.6615,80.0255
351409,2023-10-16,09:01:24,2023,10,16,9,Monday,Badulla,මහියංගනය,7.3333,81.0
351310,2023-10-15,09:32:18,2023,10,15,9,Sunday,,,,
351155,2023-10-13,10:58:26,2023,10,13,10,Friday,Matara,මාතර,5.9485,80.5353
351086,2023-10-12,16:46:20,2023,10,12,16,Thursday,Badulla,ඇල්ල,6.8667,81.05
351006,2023-10-11,18:46:49,2023,10,11,18,Wednesday,,,,
350986,2023-10-11,15:13:20,2023,10,11,15,Wednesday,Matale,දඹුල්ල,7.86,80.6517
350967,2023-10-11,11:37:22,2023,10,11,11,Wednesday,Kalutara,බණ්ඩාරගම,6.7133,79.9072
350954,2023-10-11,09:46:48,2023,10,11,9,Wednesday,Anuradhapura,අනුරාධපුර,8.3114,80.4037
350833,2023-10-10,09:13:07,2023,10,10,9,Tuesday,Colombo,කොළඹ,6.9271,79.8612
350787,2023-10-09,19:35:05,2023,10,9,19,Monday,Galle,ගාල්ල,6.0535,80.221
350718,2023-10-09,08:35:51,2023,10,9,8,Monday,Batticaloa,මඩකලපුව,7.7102,81.6924
350672,2023-10-08,16:07:05,2023,10,8,16,Sunday,Colombo,කොළඹ,6.9271,79.8612
350630,2023-10-08,09:21:10,2023,10,8,9,Sunday,Colombo,කොළඹ,6.9271,79.8612
350604,2023-10-07,21:29:18,2023,10,7,21,Saturday,,,,
350565,2023-10-07,14:34:27,2023,10,7,14,Saturday,,,,
350505,2023-10-06,18:09:58,2023,10,6,18,Friday,Gampaha,මීරිගම,7.2333,80.1167
350504,2023-10-06,17:55:50,2023,10,6,17,Friday,Colombo,කොළඹ,6.9271,79.8612
350497,2023-10-06,16:50:32,2023,10,6,16,Friday,Colombo,කොළඹ,6.9271,79.8612
350488,2023-10-06,15:37:40,2023,10,6,15,Friday,Colombo,කොළඹ,6.9271,79.8612
350465,2023-10-06,12:19:55,2023,10,6,12,Friday,Monaragala,බිබිල,7.1667,81.2167
350447,2023-10-06,08:55:18,2023,10,6,8,Friday,Colombo,කොළඹ,6.9271,79.8612
350445,2023-10-06,08:37:06,2023,10,6,8,Friday,Kurunegala,කුලියාපිටිය,7.4667,80.0333
350435,2023-10-06,07:29:50,2023,10,6,7,Friday,Colombo,කොළඹ,6.9271,79.8612
350431,2023-10-06,07:01:54,2023,10,6,7,Friday,Colombo,කොළඹ,6.9271,79.8612
350400,2023-10-05,18:56:17,2023,10,5,18,Thursday,Colombo,කොළඹ,6.9271,79.8612
350341,2023-10-05,10:58:45,2023,10,5,10,Thursday,Colombo,දෙහිවල,6.8511,79.8653
350328,2023-10-05,08:44:42,2023,10,5,8,Thursday,Gampaha,කැළණිය,6.9553,79.9219
350231,2023-10-04,10:28:44,2023,10,4,10,Wednesday,Vavuniya,වවුනියාව,8.7514,80.4971
350220,2023-10-04,08:50:49,2023,10,4,8,Wednesday,Gampaha,ගම්පහ,7.0917,79.9997
350207,2023-10-04,07:39:50,2023,10,4,7,Wednesday,Colombo,කොළඹ,6.9271,79.8612
350163,2023-10-03,15:24:15,2023,10,3,15,Tuesday,Kurunegala,කුරුණෑගල,7.4863,80.3623
350144,2023-10-03,12:13:19,2023,10,3,12,Tuesday,Colombo,කොළඹ,6.9271,79.8612
350066,2023-10-02,16:10:20,2023,10,2,16,Monday,Puttalam,වෙන්නප්පුව,7.35,79.8333
350011,2023-10-02,07:31:10,2023,10,2,7,Monday,Colombo,කොළඹ,6.9271,79.8612
349946,2023-10-01,11:53:38,2023,10,1,11,Sunday,,,,
349930,2023-10-01,09:49:02,2023,10,1,9,Sunday,Colombo,හංවැල්ල,6.9,80.0833
349855,2023-09-30,11:05:05,2023,9,30,11,Saturday,,,,
349830,2023-09-29,23:28:54,2023,9,29,23,Friday,Colombo,කොළඹ,6.9271,79.8612
349753,2023-09-29,10:30:42,2023,9,29,10,Friday,Nuwara Eliya,නුවරඑළිය,6.9497,80.7891
349674,2023-09-28,15:59:56,2023,9,28,15,Thursday,Colombo,කොළඹ,6.9271,79.8612
349658,2023-09-28,13:54:40,2023,9,28,13,Thursday,Kandy,පේරාදෙණිය,7.2597,80.5967
349639,2023-09-28,12:11:31,2023,9,28,12,Thursday,Colombo,කොළඹ,6.9271,79.8612
349582,2023-09-27,20:38:24,2023,9,27,20,Wednesday,Kurunegala,පොල්ගහවෙල,7.3333,80.3
349554,2023-09-27,14:42:19,2023,9,27,14,Wednesday,Colombo,කොළඹ,6.9271,79.8612
349463,2023-09-26,16:23:22,2023,9,26,16,Tuesday,,,,
349408,2023-09-26,08:38:31,2023,9,26,8,Tuesday,Colombo,කොළඹ,6.9271,79.8612
349329,2023-09-25,12:45:38,2023,9,25,12,Monday,Colombo,කොළඹ,6.9271,79.8612
349311,2023-09-25,09:36:36,2023,9,25,9,Monday,Colombo,කොළඹ,6.9271,79.8612
349252,2023-09-24,12:48:27,2023,9,24,12,Sunday,Nuwara Eliya,රාගල,6.9833,80.7667
349241,2023-09-24,10:14:39,2023,9,24,10,Sunday,Matale,දඹුල්ල,7.86,80.6517
349160,2023-09-23,09:37:04,2023,9,23,9,Saturday,,,,
349141,2023-09-23,07:27:31,2023,9,23,7,Saturday,Colombo,කොළඹ,6.9271,79.8612
349075,2023-09-22,12:30:05,2023,9,22,12,Friday,,,,
349041,2023-09-22,07:43:50,2023,9,22,7,Friday,Colombo,කොළඹ,6.9271,79.8612
348981,2023-09-21,15:37:19,2023,9,21,15,Thursday,,,,
348815,2023-09-20,07:29:29,2023,9,20,7,Wednesday,,,,
348777,2023-09-19,17:17:35,2023,9,19,17,Tuesday,Badulla,ඇල්ල,6.8667,81.05
348772,2023-09-19,16:45:32,2023,9,19,16,Tuesday,,,,
348730,2023-09-19,11:17:44,2023,9,19,11,Tuesday,,,,
348642,2023-09-18,13:54:00,2023,9,18,13,Monday,Matara,මාතර,5.9485,80.5353
348637,2023-09-18,13:42:23,2023,9,18,13,Monday,Anuradhapura,අනුරාධපුර,8.3114,80.4037
348587,2023-09-17,21:49:01,2023,9,17,21,Sunday,Jaffna,යාපනය,9.6615,80.0255
348531,2023-09-17,09:56:24,2023,9,17,9,Sunday,Badulla,බණ්ඩාරවෙල,6.8333,80.9833
348426,2023-09-16,07:24:08,2023,9,16,7,Saturday,,,,
348378,2023-09-15,16:02:36,2023,9,15,16,Friday,,,,
348367,2023-09-15,14:32:10,2023,9,15,14,Friday,Nuwara Eliya,ගිනිගත්හේන,6.9833,80.4833
348363,2023-09-15,14:00:54,2023,9,15,14,Friday,Colombo,හෝමාගම,6.8408,80.0022
348133,2023-09-13,13:59:56,2023,9,13,13,Wednesday,Colombo,කොට්ටාව,6.8412,79.9653
347890,2023-09-11,10:22:49,2023,9,11,10,Monday,,,,
347821,2023-09-10,17:49:00,2023,9,10,17,Sunday,,,,
347770,2023-09-10,09:19:54,2023,9,10,9,Sunday,Gampaha,රාගම,7.0289,79.9175
347686,2023-09-09,11:40:53,2023,9,9,11,Saturday,Trincomalee,ත්‍රිකුණාමලය,8.5874,81.2152
347662,2023-09-09,07:33:34,2023,9,9,7,Saturday,,,,
347570,2023-09-08,12:05:48,2023,9,8,12,Friday,,,,
347551,2023-09-08,10:10:56,2023,9,8,10,Friday,Trincomalee,ත්‍රිකුණාමලය,8.5874,81.2152
347316,2023-09-06,10:41:17,2023,9,6,10,Wednesday,Mullaitivu,මාන්කුලම,9.15,80.45
347158,2023-09-04,18:52:24,2023,9,4,18,Monday,Kalutara,කළුතර,6.5854,79.9607
347138,2023-09-04,16:15:45,2023,9,4,16,Monday,Colombo,කොළඹ,6.9271,79.8612
347121,2023-09-04,14:18:32,2023,9,4,14,Monday,Colombo,කොළඹ,6.9271,79.8612
347051,2023-09-03,20:32:27,2023,9,3,20,Sunday,,,,
347049,2023-09-03,20:17:20,2023,9,3,20,Sunday,Colombo,කොළඹ,6.9271,79.8612
346994,2023-09-03,12:38:46,2023,9,3,12,Sunday,Kegalle,මාවනැල්ල,7.25,80.45
346979,2023-09-03,11:05:38,2023,9,3,11,Sunday,Colombo,මහරගම,6.848,79.9265
346919,2023-09-02,16:43:13,2023,9,2,16,Saturday,Gampaha,ගම්පහ,7.0917,79.9997
346893,2023-09-02,11:38:10,2023,9,2,11,Saturday,Gampaha,මිනුවන්ගොඩ,7.1667,79.95
346883,2023-09-02,09:32:44,2023,9,2,9,Saturday,,,,
346864,2023-09-02,07:54:29,2023,9,2,7,Saturday,Gampaha,මිනුවන්ගොඩ,7.1667,79.95
346792,2023-09-01,12:25:16,2023,9,1,12,Friday,Galle,ගාල්ල,6.0535,80.221
346739,2023-08-31,18:26:06,2023,8,31,18,Thursday,Kalutara,හොරණ,6.7156,80.0631
346691,2023-08-31,11:47:46,2023,8,31,11,Thursday,,,,
346683,2023-08-31,11:10:49,2023,8,31,11,Thursday,Kegalle,කෑගල්ල,7.2513,80.3464
346655,2023-08-31,07:40:20,2023,8,31,7,Thursday,Nuwara Eliya,රාගල,6.9833,80.7667
346606,2023-08-30,13:02:41,2023,8,30,13,Wednesday,,,,
346601,2023-08-30,11:30:43,2023,8,30,11,Wednesday,Kandy,මහනුවර,7.2906,80.6337
346566,2023-08-29,21:47:53,2023,8,29,21,Tuesday,Colombo,කොළඹ,6.9271,79.8612
346453,2023-08-28,23:13:07,2023,8,28,23,Monday,Matara,මාතර,5.9485,80.5353
346434,2023-08-28,17:20:25,2023,8,28,17,Monday,,,,
346376,2023-08-28,09:46:37,2023,8,28,9,Monday,Gampaha,කටුනායක,7.1697,79.8844
346319,2023-08-27,19:26:38,2023,8,27,19,Sunday,Nuwara Eliya,නුවරඑළිය,6.9497,80.7891
346205,2023-08-26,21:21:47,2023,8,26,21,Saturday,Colombo,කොළඹ,6.9271,79.8612
346156,2023-08-26,13:51:18,2023,8,26,13,Saturday,Trincomalee,ත්‍රිකුණාමලය,8.5874,81.2152
346130,2023-08-26,08:30:58,2023,8,26,8,Saturday,Anuradhapura,අනුරාධපුර,8.3114,80.4037
346016,2023-08-25,08:24:39,2023,8,25,8,Friday,Colombo,කොළඹ,6.9271,79.8612
345912,2023-08-24,11:08:09,2023,8,24,11,Thursday,Colombo,කොළඹ,6.9271,79.8612
345814,2023-08-23,13:48:32,2023,8,23,13,Wednesday,Colombo,කොළඹ,6.9271,79.8612
345743,2023-08-22,20:43:58,2023,8,22,20,Tuesday,Trincomalee,ත්‍රිකුණාමලය,8.5874,81.2152
345726,2023-08-22,16:19:12,2023,8,22,16,Tuesday,,,,
345647,2023-08-22,07:39:20,2023,8,22,7,Tuesday,,,,
345589,2023-08-21,15:08:56,2023,8,21,15,Monday,Anuradhapura,අනුරාධපුර,8.3114,80.4037
345581,2023-08-21,14:08:04,2023,8,21,14,Monday,Jaffna,යාපනය,9.6615,80.0255
345553,2023-08-21,09:53:50,2023,8,21,9,Monday,Nuwara Eliya,නුවරඑළිය,6.9497,80.7891
345530,2023-08-20,22:30:49,2023,8,20,22,Sunday,Galle,ගාල්ල,6.0535,80.221
345462,2023-08-20,11:08:41,2023,8,20,11,Sunday,Jaffna,යාපනය,9.6615,80.0255
345155,2023-08-17,15:24:40,2023,8,17,15,Thursday,Anuradhapura,තලාව,8.2333,80.35
345105,2023-08-17,09:45:10,2023,8,17,9,Thursday,,,,
345096,2023-08-17,08:50:25,2023,8,17,8,Thursday,Colombo,කොළඹ,6.9271,79.8612
345027,2023-08-16,17:16:26,2023,8,16,17,Wednesday,Anuradhapura,අනුරාධපුර,8.3114,80.4037
344979,2023-08-16,10:08:19,2023,8,16,10,Wednesday,,,,
344940,2023-08-15,21:12:33,2023,8,15,21,Tuesday,Colombo,දෙහිවල,6.8511,79.8653
344900,2023-08-15,13:26:31,2023,8,15,13,Tuesday,Gampaha,කටුනායක,7.1697,79.8844
344877,2023-08-15,09:46:44,2023,8,15,9,Tuesday,Jaffna,යාපනය,9.6615,80.0255
344850,2023-08-15,07:04:41,2023,8,15,7,Tuesday,Kandy,කටුගස්තොට,7.3167,80.6333
344849,2023-08-15,06:56:38,2023,8,15,6,Tuesday,Colombo,කොළඹ,6.9271,79.8612
344825,2023-08-14,18:55:42,2023,8,14,18,Monday,Jaffna,යාපනය,9.6615,80.0255
344817,2023-08-14,17:16:04,2023,8,14,17,Monday,,,,
344808,2023-08-14,15:30:34,2023,8,14,15,Monday,,,,
344762,2023-08-14,10:02:26,2023,8,14,10,Monday,Colombo,කොළඹ,6.9271,79.8612
344738,2023-08-14,07:49:07,2023,8,14,7,Monday,Kandy,මහනුවර,7.2906,80.6337
344660,2023-08-13,12:14:57,2023,8,13,12,Sunday,Badulla,බණ්ඩාරවෙල,6.8333,80.9833
344595,2023-08-12,18:16:10,2023,8,12,18,Saturday,Colombo,කොළඹ,6.9271,79.8612
344517,2023-08-12,07:29:28,2023,8,12,7,Saturday,,,,
344494,2023-08-11,22:18:05,2023,8,11,22,Friday,Badulla,බදුල්ල,6.9934,81.055
344461,2023-08-11,17:07:37,2023,8,11,17,Friday,Vavuniya,වවුනියාව,8.7514,80.4971
344306,2023-08-10,12:37:41,2023,8,10,12,Thursday,Galle,හික්කඩුව,6.1395,80.1011
344304,2023-08-10,12:04:19,2023,8,10,12,Thursday,,,,
344246,2023-08-09,19:22:54,2023,8,9,19,Wednesday,Gampaha,මීරිගම,7.2333,80.1167
344172,2023-08-09,08:24:18,2023,8,9,8,Wednesday,Gampaha,මීරිගම,7.2333,80.1167
344163,2023-08-09,06:36:55,2023,8,9,6,Wednesday,Colombo,කොළඹ,6.9271,79.8612
344105,2023-08-08,15:58:35,2023,8,8,15,Tuesday,,,,
344095,2023-08-08,15:06:50,2023,8,8,15,Tuesday,Jaffna,යාපනය,9.6615,80.0255
343968,2023-08-07,15:57:11,2023,8,7,15,Monday,Puttalam,පුත්තලම,8.0362,79.8283
343929,2023-08-07,11:07:00,2023,8,7,11,Monday,Colombo,හෝමාගම,6.8408,80.0022
343918,2023-08-07,09:56:58,2023,8,7,9,Monday,,,,
343917,2023-08-07,09:49:40,2023,8,7,9,Monday,,,,
343876,2023-08-06,22:10:42,2023,8,6,22,Sunday,,,,
343821,2023-08-06,14:39:31,2023,8,6,14,Sunday,Gampaha,මීගමුව,7.2083,79.8358
343815,2023-08-06,14:06:38,2023,8,6,14,Sunday,,,,
343621,2023-08-04,17:07:30,2023,8,4,17,Friday,Colombo,කොළඹ,6.9271,79.8612
343537,2023-08-04,06:37:15,2023,8,4,6,Friday,Kurunegala,කුරුණෑගල,7.4863,80.3623
343533,2023-08-03,23:21:19,2023,8,3,23,Thursday,Jaffna,යාපනය,9.6615,80.0255
343482,2023-08-03,14:13:23,2023,8,3,14,Thursday,Matara,වැලිගම,5.975,80.4297
343424,2023-08-02,20:18:31,2023,8,2,20,Wednesday,Monaragala,මොණරාගල,6.8728,81.3507
343377,2023-08-02,12:09:56,2023,8,2,12,Wednesday,Colombo,කොළඹ,6.9271,79.8612
343338,2023-08-02,07:45:44,2023,8,2,7,Wednesday,Jaffna,යාපනය,9.6615,80.0255
343240,2023-08-01,09:04:57,2023,8,1,9,Tuesday,Matale,දඹුල්ල,7.86,80.6517
343155,2023-07-31,13:51:57,2023,7,31,13,Monday,Vavuniya,වවුනියාව,8.7514,80.4971
343131,2023-07-31,10:57:26,2023,7,31,10,Monday,Colombo,කොළඹ,6.9271,79.8612
342996,2023-07-30,07:51:19,2023,7,30,7,Sunday,Colombo,කොළඹ,6.9271,79.8612
342981,2023-07-29,20:34:01,2023,7,29,20,Saturday,Matara,මාතර,5.9485,80.5353
342954,2023-07-29,15:02:09,2023,7,29,15,Saturday,Kandy,මහනුවර,7.2906,80.6337
342828,2023-07-28,14:53:10,2023,7,28,14,Friday,Kalutara,අලුත්ගම,6.4333,79.9958
342811,2023-07-28,12:33:02,2023,7,28,12,Friday,Colombo,කොළඹ,6.9271,79.8612
342791,2023-07-28,09:45:40,2023,7,28,9,Friday,Hambantota,තංගල්ල,6.0239,80.7944
342790,2023-07-28,09:36:01,2023,7,28,9,Friday,Colombo,කොළඹ,6.9271,79.8612
342786,2023-07-28,09:13:37,2023,7,28,9,Friday,,,,
342688,2023-07-27,12:43:13,2023,7,27,12,Thursday,Kandy,දිගන,7.2833,80.7333
342681,2023-07-27,11:13:51,2023,7,27,11,Thursday,Matale,දඹුල්ල,7.86,80.6517
342558,2023-07-26,10:34:57,2023,7,26,10,Wednesday,,,,
342460,2023-07-25,11:42:30,2023,7,25,11,Tuesday,,,,
342444,2023-07-25,10:07:39,2023,7,25,10,Tuesday,Puttalam,හලාවත,7.5758,79.7953
342386,2023-07-24,19:36:02,2023,7,24,19,Monday,,,,
342319,2023-07-24,10:50:42,2023,7,24,10,Monday,Monaragala,වැල්ලවාය,6.7333,81.1
342214,2023-07-23,12:28:23,2023,7,23,12,Sunday,Colombo,කොළඹ,6.9271,79.8612
342180,2023-07-23,07:12:01,2023,7,23,7,Sunday,,,,
342123,2023-07-22,13:56:16,2023,7,22,13,Saturday,,,,
342111,2023-07-22,12:57:36,2023,7,22,12,Saturday,Badulla,බදුල්ල,6.9934,81.055
342000,2023-07-21,11:23:22,2023,7,21,11,Friday,Jaffna,යාපනය,9.6615,80.0255
341922,2023-07-20,16:54:34,2023,7,20,16,Thursday,,,,
341914,2023-07-20,16:20:28,2023,7,20,16,Thursday,Kurunegala,කුලියාපිටිය,7.4667,80.0333
341901,2023-07-20,15:17:41,2023,7,20,15,Thursday,Colombo,කොළඹ,6.9271,79.8612
341877,2023-07-20,12:01:47,2023,7,20,12,Thursday,Colombo,කොළඹ,6.9271,79.8612
341861,2023-07-20,09:05:32,2023,7,20,9,Thursday,Ratnapura,බලංගොඩ,6.65,80.7
341806,2023-07-19,19:53:43,2023,7,19,19,Wednesday,Colombo,කොළඹ,6.9271,79.8612
341745,2023-07-19,12:06:04,2023,7,19,12,Wednesday,Galle,බලපිටිය,6.2833,80.0333
341729,2023-07-19,10:02:16,2023,7,19,10,Wednesday,,,,
341593,2023-07-18,10:36:56,2023,7,18,10,Tuesday,Hambantota,තංගල්ල,6.0239,80.7944
341506,2023-07-17,14:34:19,2023,7,17,14,Monday,Colombo,කොළඹ,6.9271,79.8612
341480,2023-07-17,10:29:22,2023,7,17,10,Monday,Vavuniya,වවුනියාව,8.7514,80.4971
341437,2023-07-16,20:35:30,2023,7,16,20,Sunday,,,,
341366,2023-07-16,09:02:35,2023,7,16,9,Sunday,,,,
341283,2023-07-15,11:40:38,2023,7,15,11,Saturday,Colombo,කොළඹ,6.9271,79.8612
341195,2023-07-14,15:42:24,2023,7,14,15,Friday,Kurunegala,කුලියාපිටිය,7.4667,80.0333
341192,2023-07-14,15:28:39,2023,7,14,15,Friday,Colombo,කොළඹ,6.9271,79.8612
340933,2023-07-12,11:55:26,2023,7,12,11,Wednesday,Monaragala,වැල්ලවාය,6.7333,81.1
340929,2023-07-12,11:28:20,2023,7,12,11,Wednesday,Colombo,මොරටුව,6.773,79.8816
340885,2023-07-11,19:23:09,2023,7,11,19,Tuesday,,,,
340866,2023-07-11,16:21:55,2023,7,11,16,Tuesday,Nuwara Eliya,නුවරඑළිය,6.9497,80.7891
340836,2023-07-11,12:00:08,2023,7,11,12,Tuesday,Colombo,හෝමාගම,6.8408,80.0022
340763,2023-07-10,20:14:34,2023,7,10,20,Monday,,,,
340741,2023-07-10,17:04:50,2023,7,10,17,Monday,Polonnaruwa,පොළොන්නරුව,7.9403,81.0188
340731,2023-07-10,15:42:18,2023,7,10,15,Monday,Kandy,මහනුවර,7.2906,80.6337
340725,2023-07-10,15:01:50,2023,7,10,15,Monday,Nuwara Eliya,නුවරඑළිය,6.9497,80.7891
340679,2023-07-10,09:08:06,2023,7,10,9,Monday,Polonnaruwa,පොළොන්නරුව,7.9403,81.0188
340658,2023-07-10,06:37:05,2023,7,10,6,Monday,Anuradhapura,අනුරාධපුර,8.3114,80.4037
340654,2023-07-09,23:27:08,2023,7,9,23,Sunday,Kurunegala,මහව,7.8167,80.2833
340645,2023-07-09,21:08:33,2023,7,9,21,Sunday,Polonnaruwa,පොළොන්නරුව,7.9403,81.0188
340629,2023-07-09,18:56:33,2023,7,9,18,Sunday,Kandy,නාවලපිටිය,7.05,80.5333
340614,2023-07-09,16:39:09,2023,7,9,16,Sunday,Ratnapura,රත්නපුර,6.6828,80.3992
340600,2023-07-09,15:58:13,2023,7,9,15,Sunday,Ratnapura,රත්නපුර,6.6828,80.3992
340405,2023-07-07,22:06:17,2023,7,7,22,Friday,Matale,දඹුල්ල,7.86,80.6517
340140,2023-07-05,20:30:18,2023,7,5,20,Wednesday,Kalutara,කළුතර,6.5854,79.9607
339948,2023-07-04,09:24:29,2023,7,4,9,Tuesday,Hambantota,තංගල්ල,6.0239,80.7944
339901,2023-07-03,20:10:09,2023,7,3,20,Monday,Badulla,ඇල්ල,6.8667,81.05
339873,2023-07-03,15:51:41,2023,7,3,15,Monday,,,,
339859,2023-07-03,14:23:03,2023,7,3,14,Monday,Colombo,කොළඹ,6.9271,79.8612
339843,2023-07-03,12:41:57,2023,7,3,12,Monday,Anuradhapura,මැදවච්චිය,8.5333,80.5
339840,2023-07-03,12:21:26,2023,7,3,12,Monday,Kurunegala,මහව,7.8167,80.2833
339823,2023-07-03,10:27:00,2023,7,3,10,Monday,Colombo,කොළඹ,6.9271,79.8612
339726,2023-07-02,10:02:51,2023,7,2,10,Sunday,Badulla,බදුල්ල,6.9934,81.055
339494,2023-06-29,18:31:37,2023,6,29,18,Thursday,Jaffna,යාපනය,9.6615,80.0255
339473,2023-06-29,14:48:36,2023,6,29,14,Thursday,Colombo,කොළඹ,6.9271,79.8612
339456,2023-06-29,12:19:17,2023,6,29,12,Thursday,Puttalam,හලාවත,7.5758,79.7953
339213,2023-06-27,08:35:34,2023,6,27,8,Tuesday,Kalutara,පානදුර,6.7133,79.9072
339131,2023-06-26,14:31:36,2023,6,26,14,Monday,Mullaitivu,මාන්කුලම,9.15,80.45
339121,2023-06-26,13:25:40,2023,6,26,13,Monday,Ratnapura,කුරුවිට,6.7833,80.3667
339095,2023-06-26,10:17:42,2023,6,26,10,Monday,Hambantota,හම්බන්තොට,6.1246,81.1185
339071,2023-06-25,23:33:07,2023,6,25,23,Sunday,,,,
338910,2023-06-24,09:36:31,2023,6,24,9,Saturday,Monaragala,බිබිල,7.1667,81.2167
338907,2023-06-24,08:22:41,2023,6,24,8,Saturday,,,,
338690,2023-06-22,11:05:17,2023,6,22,11,Thursday,Badulla,බදුල්ල,6.9934,81.055
338685,2023-06-22,10:35:55,2023,6,22,10,Thursday,Kalutara,බණ්ඩාරගම,6.7133,79.9072
338621,2023-06-21,15:15:31,2023,6,21,15,Wednesday,Hambantota,කතරගම,6.4134,81.3346
338575,2023-06-21,09:33:32,2023,6,21,9,Wednesday,Colombo,කොළඹ,6.9271,79.8612
338529,2023-06-20,17:39:56,2023,6,20,17,Tuesday,Gampaha,වේයන්ගොඩ,7.15,80.05
338461,2023-06-20,08:33:14,2023,6,20,8,Tuesday,,,,
338455,2023-06-20,06:44:54,2023,6,20,6,Tuesday,Gampaha,නිට්ටඹුව,7.1417,80.0958
338407,2023-06-19,16:26:50,2023,6,19,16,Monday,Colombo,කොළඹ,6.9271,79.8612
338406,2023-06-19,16:22:57,2023,6,19,16,Monday,Colombo,මොරටුව,6.773,79.8816
338360,2023-06-19,07:39:59,2023,6,19,7,Monday,Colombo,කොළඹ,6.9271,79.8612
338358,2023-06-19,07:28:49,2023,6,19,7,Monday,Colombo,කොළඹ,6.9271,79.8612
338336,2023-06-18,18:37:22,2023,6,18,18,Sunday,Ratnapura,රත්නපුර,6.6828,80.3992
338231,2023-06-17,17:00:28,2023,6,17,17,Saturday,Kurunegala,කුරුණෑගල,7.4863,80.3623
338227,2023-06-17,16:28:50,2023,6,17,16,Saturday,,,,
338218,2023-06-17,15:04:18,2023,6,17,15,Saturday,Kurunegala,කුරුණෑගල,7.4863,80.3623
338124,2023-06-16,13:45:49,2023,6,16,13,Friday,Vavuniya,වවුනියාව,8.7514,80.4971
338101,2023-06-16,10:35:30,2023,6,16,10,Friday,Gampaha,රාගම,7.0289,79.9175
338094,2023-06-16,09:38:49,2023,6,16,9,Friday,Badulla,දියතලාව,6.8167,80.9667
338023,2023-06-15,14:17:49,2023,6,15,14,Thursday,Colombo,කොළඹ,6.9271,79.8612
337784,2023-06-13,09:53:40,2023,6,13,9,Tuesday,Galle,ගාල්ල,6.0535,80.221
337750,2023-06-12,19:47:54,2023,6,12,19,Monday,Matale,දඹුල්ල,7.86,80.6517
337743,2023-06-12,18:03:08,2023,6,12,18,Monday,Galle,ගාල්ල,6.0535,80.221
337706,2023-06-12,12:40:36,2023,6,12,12,Monday,Colombo,කොළඹ,6.9271,79.8612
337692,2023-06-12,10:07:31,2023,6,12,10,Monday,Colombo,මොරටුව,6.773,79.8816
337685,2023-06-12,09:41:29,2023,6,12,9,Monday,Colombo,කොළඹ,6.9271,79.8612
337581,2023-06-10,22:16:32,2023,6,10,22,Saturday,Nuwara Eliya,කොටගල,6.9,80.6167
337564,2023-06-10,17:33:14,2023,6,10,17,Saturday,,,,
337551,2023-06-10,15:42:07,2023,6,10,15,Saturday,Badulla,ඇල්ල,6.8667,81.05
337543,2023-06-10,14:06:07,2023,6,10,14,Saturday,,,,
337524,2023-06-10,08:40:19,2023,6,10,8,Saturday,Kandy,මහනුවර,7.2906,80.6337
337457,2023-06-09,12:44:54,2023,6,9,12,Friday,Anuradhapura,අනුරාධපුර,8.3114,80.4037
337418,2023-06-09,07:42:07,2023,6,9,7,Friday,Colombo,කොළඹ,6.9271,79.8612
337416,2023-06-09,07:32:12,2023,6,9,7,Friday,Colombo,කොළඹ,6.9271,79.8612
337411,2023-06-08,22:36:33,2023,6,8,22,Thursday,Colombo,කොළඹ,6.9271,79.8612
337395,2023-06-08,19:47:26,2023,6,8,19,Thursday,Colombo,කොළඹ,6.9271,79.8612
337344,2023-06-08,09:55:04,2023,6,8,9,Thursday,Colombo,කොළඹ,6.9271,79.8612
337254,2023-06-07,11:11:23,2023,6,7,11,Wednesday,Galle,හික්කඩුව,6.1395,80.1011
337249,2023-06-07,10:13:18,2023,6,7,10,Wednesday,Badulla,බදුල්ල,6.9934,81.055
337230,2023-06-07,07:27:47,2023,6,7,7,Wednesday,Badulla,බදුල්ල,6.9934,81.055
337204,2023-06-06,15:09:12,2023,6,6,15,Tuesday,Anuradhapura,හබරණ,8.0333,80.75
337169,2023-06-06,09:51:45,2023,6,6,9,Tuesday,Colombo,කොළඹ,6.9271,79.8612
337164,2023-06-06,09:15:00,2023,6,6,9,Tuesday,Matale,දඹුල්ල,7.86,80.6517
337066,2023-06-05,08:50:16,2023,6,5,8,Monday,Batticaloa,මඩකලපුව,7.7102,81.6924
336996,2023-06-04,10:14:41,2023,6,4,10,Sunday,Ratnapura,රත්නපුර,6.6828,80.3992
336948,2023-06-03,14:19:46,2023,6,3,14,Saturday,Trincomalee,ත්‍රිකුණාමලය,8.5874,81.2152
336934,2023-06-03,10:48:55,2023,6,3,10,Saturday,Kalutara,කළුතර,6.5854,79.9607
336813,2023-06-01,21:12:52,2023,6,1,21,Thursday,Colombo,කොළඹ,6.9271,79.8612
336777,2023-06-01,14:19:56,2023,6,1,14,Thursday,,,,
336752,2023-06-01,10:25:56,2023,6,1,10,Thursday,Kandy,පේරාදෙණිය,7.2597,80.5967
336647,2023-05-31,09:06:37,2023,5,31,9,Wednesday,,,,
336438,2023-05-28,14:09:21,2023,5,28,14,Sunday,Kandy,මහනුවර,7.2906,80.6337
336435,2023-05-28,13:52:27,2023,5,28,13,Sunday,Colombo,කොළඹ,6.9271,79.8612
336366,2023-05-27,14:08:18,2023,5,27,14,Saturday,,,,
336307,2023-05-26,18:04:06,2023,5,26,18,Friday,Kandy,මහනුවර,7.2906,80.6337
336174,2023-05-25,11:52:51,2023,5,25,11,Thursday,Colombo,කොළඹ,6.9271,79.8612
336048,2023-05-24,08:17:28,2023,5,24,8,Wednesday,Vavuniya,වවුනියාව,8.7514,80.4971
336038,2023-05-23,22:12:56,2023,5,23,22,Tuesday,Nuwara Eliya,නුවරඑළිය,6.9497,80.7891
335915,2023-05-22,14:00:42,2023,5,22,14,Monday,,,,
335771,2023-05-20,20:24:57,2023,5,20,20,Saturday,Colombo,පිළියන්දල,6.801,79.9228
335501,2023-05-18,06:58:30,2023,5,18,6,Thursday,Colombo,කොළඹ,6.9271,79.8612
335445,2023-05-17,12:22:48,2023,5,17,12,Wednesday,Jaffna,යාපනය,9.6615,80.0255
335439,2023-05-17,11:28:33,2023,5,17,11,Wednesday,Kandy,මහනුවර,7.2906,80.6337
335434,2023-05-17,10:40:24,2023,5,17,10,Wednesday,Kandy,නුවර,7.2906,80.6337
335419,2023-05-17,07:58:44,2023,5,17,7,Wednesday,Anuradhapura,කැකිරාව,8.0333,80.6
335415,2023-05-17,06:41:20,2023,5,17,6,Wednesday,,,,
335224,2023-05-15,06:55:24,2023,5,15,6,Monday,Colombo,කොළඹ,6.9271,79.8612
335130,2023-05-14,09:45:34,2023,5,14,9,Sunday,Kurunegala,කුරුණෑගල,7.4863,80.3623
335123,2023-05-14,08:34:19,2023,5,14,8,Sunday,Badulla,බදුල්ල,6.9934,81.055
335059,2023-05-13,13:43:28,2023,5,13,13,Saturday,Ratnapura,රත්නපුර,6.6828,80.3992
335031,2023-05-13,08:07:37,2023,5,13,8,Saturday,Matara,මාතර,5.9485,80.5353
334851,2023-05-11,08:14:35,2023,5,11,8,Thursday,Kandy,කටුගස්තොට,7.3167,80.6333
334644,2023-05-09,06:37:33,2023,5,9,6,Tuesday,Ratnapura,රත්නපුර,6.6828,80.3992
334583,2023-05-08,11:50:47,2023,5,8,11,Monday,Galle,බලපිටිය,6.2833,80.0333
334560,2023-05-08,08:10:12,2023,5,8,8,Monday,,,,
334522,2023-05-07,19:26:51,2023,5,7,19,Sunday,Kandy,මහනුවර,7.2906,80.6337
334518,2023-05-07,18:13:08,2023,5,7,18,Sunday,,,,
334516,2023-05-07,17:50:39,2023,5,7,17,Sunday,Polonnaruwa,පොළොන්නරුව,7.9403,81.0188
334512,2023-05-07,16:44:20,2023,5,7,16,Sunday,Colombo,කොළඹ,6.9271,79.8612
334458,2023-05-07,08:54:06,2023,5,7,8,Sunday,Colombo,කොළඹ,6.9271,79.8612
334451,2023-05-07,07:30:33,2023,5,7,7,Sunday,Hambantota,තංගල්ල,6.0239,80.7944
334361,2023-05-05,22:09:38,2023,5,5,22,Friday,,,,
334294,2023-05-05,10:16:30,2023,5,5,10,Friday,Colombo,කොළඹ,6.9271,79.8612
334284,2023-05-05,08:54:33,2023,5,5,8,Friday,Colombo,කොළඹ,6.9271,79.8612
334127,2023-05-03,11:21:29,2023,5,3,11,Wednesday,Kurunegala,වාරියපොල,7.6167,80.2333
334059,2023-05-02,17:46:44,2023,5,2,17,Tuesday,Puttalam,වෙන්නප්පුව,7.35,79.8333
334043,2023-05-02,14:41:27,2023,5,2,14,Tuesday,Colombo,කොළඹ,6.9271,79.8612
333994,2023-05-01,23:07:20,2023,5,1,23,Monday,Jaffna,යාපනය,9.6615,80.0255
333925,2023-05-01,10:22:52,2023,5,1,10,Monday,Anuradhapura,කැබිතිගොල්ලෑව,8.65,80.6667
333923,2023-05-01,09:32:36,2023,5,1,9,Monday,Colombo,කොළඹ,6.9271,79.8612
333843,2023-04-30,12:27:59,2023,4,30,12,Sunday,Nuwara Eliya,නුවරඑළිය,6.9497,80.7891
333719,2023-04-28,23:17:11,2023,4,28,23,Friday,Colombo,කොළඹ,6.9271,79.8612
333463,2023-04-26,07:41:02,2023,4,26,7,Wednesday,Colombo,කොළඹ,6.9271,79.8612
333433,2023-04-25,17:34:31,2023,4,25,17,Tuesday,Colombo,කොළඹ,6.9271,79.8612
333354,2023-04-24,19:18:33,2023,4,24,19,Monday,,,,
333212,2023-04-23,09:17:04,2023,4,23,9,Sunday,Badulla,බදුල්ල,6.9934,81.055
332967,2023-04-20,09:51:12,2023,4,20,9,Thursday,Jaffna,යාපනය,9.6615,80.0255
332905,2023-04-19,12:29:55,2023,4,19,12,Wednesday,Kurunegala,කුලියාපිටිය,7.4667,80.0333
332839,2023-04-18,14:33:00,2023,4,18,14,Tuesday,Colombo,කොළඹ,6.9271,79.8612
332799,2023-04-18,08:25:28,2023,4,18,8,Tuesday,Ampara,අම්පාර,7.2975,81.682
332788,2023-04-17,23:22:45,2023,4,17,23,Monday,Anuradhapura,අනුරාධපුර,8.3114,80.4037
332763,2023-04-17,17:45:33,2023,4,17,17,Monday,Ampara,අම්පාර,7.2975,81.682
332723,2023-04-17,09:44:50,2023,4,17,9,Monday,,,,
332689,2023-04-16,18:26:06,2023,4,16,18,Sunday,,,,
332626,2023-04-16,07:53:02,2023,4,16,7,Sunday,Polonnaruwa,පොළොන්නරුව,7.9403,81.0188
332612,2023-04-15,21:00:13,2023,4,15,21,Saturday,Polonnaruwa,පොළොන්නරුව,7.9403,81.0188
332611,2023-04-15,20:55:53,2023,4,15,20,Saturday,Ratnapura,රත්නපුර,6.6828,80.3992
332605,2023-04-15,18:59:59,2023,4,15,18,Saturday,Colombo,කොළඹ,6.9271,79.8612
332569,2023-04-15,11:31:23,2023,4,15,11,Saturday,Colombo,කොළඹ,6.9271,79.8612
332551,2023-04-15,07:38:09,2023,4,15,7,Saturday,,,,
332487,2023-04-13,19:39:47,2023,4,13,19,Thursday,Colombo,කොළඹ,6.9271,79.8612
332368,2023-04-12,11:10:40,2023,4,12,11,Wednesday,Colombo,කොළඹ,6.9271,79.8612
332236,2023-04-11,07:38:08,2023,4,11,7,Tuesday,,,,
332235,2023-04-11,07:20:56,2023,4,11,7,Tuesday,,,,
332201,2023-04-10,17:27:04,2023,4,10,17,Monday,Colombo,මොරටුව,6.773,79.8816
332145,2023-04-10,07:37:41,2023,4,10,7,Monday,,,,
332115,2023-04-09,18:03:58,2023,4,9,18,Sunday,,,,
332099,2023-04-09,15:06:21,2023,4,9,15,Sunday,,,,
332085,2023-04-09,13:05:21,2023,4,9,13,Sunday,Colombo,කොළඹ,6.9271,79.8612
332030,2023-04-08,18:40:23,2023,4,8,18,Saturday,Gampaha,මීරිගම,7.2333,80.1167
331990,2023-04-08,09:21:59,2023,4,8,9,Saturday,,,,
331955,2023-04-07,17:48:55,2023,4,7,17,Friday,Puttalam,පුත්තලම,8.0362,79.8283
331940,2023-04-07,14:31:40,2023,4,7,14,Friday,Colombo,කොළඹ,6.9271,79.8612
331740,2023-04-05,08:37:07,2023,4,5,8,Wednesday,Monaragala,වැල්ලවාය,6.7333,81.1
331665,2023-04-04,08:41:13,2023,4,4,8,Tuesday,,,,
331436,2023-04-01,13:08:13,2023,4,1,13,Saturday,Monaragala,වැල්ලවාය,6.7333,81.1
331056,2023-03-27,13:36:36,2023,3,27,13,Monday,Hambantota,බෙලිඅත්ත,6.05,80.75
330883,2023-03-25,14:17:21,2023,3,25,14,Saturday,Kurunegala,වාරියපොල,7.6167,80.2333
330698,2023-03-23,11:30:39,2023,3,23,11,Thursday,Matara,වැලිගම,5.975,80.4297
330524,2023-03-21,10:01:04,2023,3,21,10,Tuesday,Colombo,කොළඹ,6.9271,79.8612
330441,2023-03-20,12:16:34,2023,3,20,12,Monday,Badulla,බදුල්ල,6.9934,81.055
330255,2023-03-18,13:16:33,2023,3,18,13,Saturday,,,,
330226,2023-03-17,22:32:24,2023,3,17,22,Friday,,,,
330211,2023-03-17,19:53:26,2023,3,17,19,Friday,Colombo,කොළඹ,6.9271,79.8612
330163,2023-03-17,07:13:30,2023,3,17,7,Friday,,,,
330132,2023-03-16,16:48:58,2023,3,16,16,Thursday,,,,
330122,2023-03-16,15:08:51,2023,3,16,15,Thursday,,,,
329830,2023-03-13,16:15:32,2023,3,13,16,Monday,,,,
329696,2023-03-12,08:59:12,2023,3,12,8,Sunday,Galle,හික්කඩුව,6.1395,80.1011
329640,2023-03-11,15:10:44,2023,3,11,15,Saturday,Galle,ගාල්ල,6.0535,80.221
329244,2023-03-07,14:52:40,2023,3,7,14,Tuesday,Colombo,කොළඹ,6.9271,79.8612
329139,2023-03-06,13:40:45,2023,3,6,13,Monday,Badulla,වැලිමඩ,6.9,80.9
328929,2023-03-03,21:40:05,2023,3,3,21,Friday,Kandy,නුවර,7.2906,80.6337
328862,2023-03-03,10:35:25,2023,3,3,10,Friday,,,,
328803,2023-03-02,17:28:50,2023,3,2,17,Thursday,,,,
328745,2023-03-02,08:56:41,2023,3,2,8,Thursday,,,,
328538,2023-02-27,22:16:06,2023,2,27,22,Monday,Colombo,කොළඹ,6.9271,79.8612
328516,2023-02-27,17:54:37,2023,2,27,17,Monday,Anuradhapura,අනුරාධපුර,8.3114,80.4037
328500,2023-02-27,16:15:00,2023,2,27,16,Monday,Anuradhapura,අනුරාධපුර,8.3114,80.4037
328174,2023-02-24,09:47:19,2023,2,24,9,Friday,Colombo,කොට්ටාව,6.8412,79.9653
327882,2023-02-20,17:49:18,2023,2,20,17,Monday,Ampara,අම්පාර,7.2975,81.682
327847,2023-02-20,12:21:34,2023,2,20,12,Monday,Kilinochchi,කිලිනොච්චි,9.3961,80.3981
327838,2023-02-20,10:05:31,2023,2,20,10,Monday,Galle,හික්කඩුව,6.1395,80.1011
327832,2023-02-20,08:52:35,2023,2,20,8,Monday,,,,
327815,2023-02-19,22:22:05,2023,2,19,22,Sunday,Colombo,මහරගම,6.848,79.9265
327784,2023-02-19,13:56:34,2023,2,19,13,Sunday,Hambantota,හම්බන්තොට,6.1246,81.1185
327621,2023-02-17,13:15:24,2023,2,17,13,Friday,Kandy,මහනුවර,7.2906,80.6337
327566,2023-02-16,16:26:03,2023,2,16,16,Thursday,Nuwara Eliya,ගිනිගත්හේන,6.9833,80.4833
327526,2023-02-16,08:09:46,2023,2,16,8,Thursday,Jaffna,යාපනය,9.6615,80.0255
327491,2023-02-15,16:20:51,2023,2,15,16,Wednesday,Colombo,කොළඹ,6.9271,79.8612
327457,2023-02-15,09:52:47,2023,2,15,9,Wednesday,Colombo,කොළඹ,6.9271,79.8612
327444,2023-02-15,07:01:27,2023,2,15,7,Wednesday,Kegalle,රඹුක්කන,7.3167,80.4
327393,2023-02-14,12:51:56,2023,2,14,12,Tuesday,Hambantota,බෙලිඅත්ත,6.05,80.75
327325,2023-02-13,15:53:06,2023,2,13,15,Monday,,,,
327242,2023-02-12,16:33:30,2023,2,12,16,Sunday,Jaffna,යාපනය,9.6615,80.0255
327120,2023-02-10,16:37:53,2023,2,10,16,Friday,Galle,ඇල්පිටිය,6.2833,80.1667
327087,2023-02-10,08:20:27,2023,2,10,8,Friday,Colombo,මොරටුව,6.773,79.8816
327074,2023-02-09,22:15:59,2023,2,9,22,Thursday,,,,
327023,2023-02-09,11:08:27,2023,2,9,11,Thursday,Hambantota,කතරගම,6.4134,81.3346
326959,2023-02-08,11:43:57,2023,2,8,11,Wednesday,Kurunegala,කුරුණෑගල,7.4863,80.3623
326948,2023-02-08,09:40:50,2023,2,8,9,Wednesday,,,,
326664,2023-02-04,17:00:22,2023,2,4,17,Saturday,Colombo,පාදුක්ක,6.8408,80.0925
326624,2023-02-04,08:14:04,2023,2,4,8,Saturday,Anuradhapura,අනුරාධපුර,8.3114,80.4037
326471,2023-02-02,11:05:34,2023,2,2,11,Thursday,Colombo,කොළඹ,6.9271,79.8612
326414,2023-02-01,16:43:11,2023,2,1,16,Wednesday,Matale,දඹුල්ල,7.86,80.6517
326293,2023-01-31,10:34:50,2023,1,31,10,Tuesday,Colombo,කොළඹ,6.9271,79.8612
326277,2023-01-31,08:16:29,2023,1,31,8,Tuesday,Colombo,කොළඹ,6.9271,79.8612
326153,2023-01-29,13:16:21,2023,1,29,13,Sunday,,,,
325689,2023-01-23,09:43:27,2023,1,23,9,Monday,Nuwara Eliya,කොටගල,6.9,80.6167
325645,2023-01-22,15:03:06,2023,1,22,15,Sunday,Nuwara Eliya,නුවරඑළිය,6.9497,80.7891
325623,2023-01-22,10:14:30,2023,1,22,10,Sunday,Colombo,කොළඹ,6.9271,79.8612
325621,2023-01-22,10:04:51,2023,1,22,10,Sunday,Matara,මාතර,5.9485,80.5353
325594,2023-01-21,19:38:36,2023,1,21,19,Saturday,Colombo,කොළඹ,6.9271,79.8612
325591,2023-01-21,18:47:53,2023,1,21,18,Saturday,Colombo,කොළඹ,6.9271,79.8612
325553,2023-01-21,10:33:05,2023,1,21,10,Saturday,,,,
325551,2023-01-21,10:23:30,2023,1,21,10,Saturday,,,,
325543,2023-01-21,08:25:22,2023,1,21,8,Saturday,Colombo,කොළඹ,6.9271,79.8612
325533,2023-01-20,22:36:01,2023,1,20,22,Friday,Colombo,කොළඹ,6.9271,79.8612
325530,2023-01-20,19:40:25,2023,1,20,19,Friday,Colombo,කොළඹ,6.9271,79.8612
325277,2023-01-17,17:48:19,2023,1,17,17,Tuesday,Kilinochchi,කිලිනොච්චි,9.3961,80.3981
325223,2023-01-17,06:58:36,2023,1,17,6,Tuesday,Colombo,කොළඹ,6.9271,79.8612
325160,2023-01-16,10:53:33,2023,1,16,10,Monday,Kandy,නාවලපිටිය,7.05,80.5333
325025,2023-01-14,14:51:56,2023,1,14,14,Saturday,,,,
324997,2023-01-14,10:26:47,2023,1,14,10,Saturday,Colombo,කොළඹ,6.9271,79.8612
324920,2023-01-13,09:57:25,2023,1,13,9,Friday,Colombo,කොළඹ,6.9271,79.8612
324690,2023-01-10,10:26:06,2023,1,10,10,Tuesday,Kandy,මහනුවර,7.2906,80.6337
324445,2023-01-06,20:14:29,2023,1,6,20,Friday,Anuradhapura,අනුරාධපුර,8.3114,80.4037
324155,2023-01-03,10:14:50,2023,1,3,10,Tuesday,Matara,දික්වැල්ල,5.9667,80.6833
324028,2023-01-01,16:16:34,2023,1,1,16,Sunday,Colombo,කොළඹ,6.9271,79.8612
324007,2023-01-01,13:27:52,2023,1,1,13,Sunday,Colombo,කොළඹ,6.9271,79.8612
324001,2023-01-01,12:46:16,2023,1,1,12,Sunday,Galle,බද්දේගම,6.1667,80.1833
