id,date,time,year,month,day,hour,day_of_week,district,city,latitude,longitude,weather_code,temp_max,temp_min,temp_mean,precipitation_sum,rain_sum,snowfall_sum,windspeed_max,windgusts_max,humidity_mean
487677,2026-09-10,07:00:29,2026,9,10,7,Thursday,Anuradhapura,හබරණ,8.0333,80.75,3,35.2,25.4,29.5,0.0,0.0,0.0,27.9,54.4,63
487623,2026-09-09,19:22:33,2026,9,9,19,Wednesday,Colombo,කඩුවෙල,6.9333,79.9833,53,31.0,24.3,27.4,4.0,4.0,0.0,14.8,33.1,84
487616,2026-09-09,17:49:48,2026,9,9,17,Wednesday,Nuwara Eliya,නල්ලතන්නිය,6.8,80.5,55,19.3,13.3,16.0,5.5,5.5,0.0,11.4,29.2,93
487562,2026-09-09,14:56:40,2026,9,9,14,Wednesday,Nuwara Eliya,නුවරඑළිය,6.9497,80.7891,53,22.7,13.5,16.9,2.8,2.8,0.0,11.1,31.0,83
487444,2026-09-09,00:47:11,2026,9,9,0,Wednesday,Matara,මාතර,5.9485,80.5353,53,32.5,24.9,28.3,1.8,1.8,0.0,25.7,53.3,75
487429,2026-09-08,19:52:26,2026,9,8,19,Tuesday,Badulla,ඇල්ල,6.8667,81.05,51,29.2,19.0,23.5,1.5,1.5,0.0,7.9,22.3,76
487426,2026-09-08,19:49:02,2026,9,8,19,Tuesday,Jaffna,යාපනය,9.6615,80.0255,3,31.6,28.2,29.4,0.0,0.0,0.0,30.8,55.1,78
487266,2026-09-08,08:56:11,2026,9,8,8,Tuesday,Hambantota,කතරගම,6.4134,81.3346,55,36.9,25.8,29.7,2.1,2.1,0.0,24.3,48.6,67
487107,2026-09-07,11:34:38,2026,9,7,11,Monday,Kurunegala,කුරුණෑගල,7.4863,80.3623,61,34.2,25.0,28.4,2.1,2.1,0.0,21.8,49.0,72
487072,2026-09-07,08:56:56,2026,9,7,8,Monday,Gampaha,කටුනායක,7.1697,79.8844,51,32.0,26.5,28.7,1.7,1.7,0.0,19.9,45.0,75
486987,2026-09-06,16:44:57,2026,9,6,16,Sunday,Monaragala,මොණරාගල,6.8728,81.3507,61,36.4,24.4,28.6,3.5,3.5,0.0,18.7,46.1,71
486938,2026-09-06,10:53:09,2026,9,6,10,Sunday,Colombo,බොරලැස්ගමුව,6.8389,79.9003,51,30.7,26.1,28.4,1.3,1.3,0.0,13.2,35.3,77
486447,2026-09-03,13:18:57,2026,9,3,13,Thursday,Hambantota,කතරගම,6.4134,81.3346,53,36.8,26.3,30.0,1.6,1.6,0.0,26.5,54.4,64
486228,2026-09-02,10:24:03,2026,9,2,10,Wednesday,Colombo,කොළඹ,6.9271,79.8612,51,30.2,26.5,28.4,2.1,2.1,0.0,17.0,43.2,74
485950,2026-08-31,16:39:33,2026,8,31,16,Monday,Kegalle,මාවනැල්ල,7.25,80.45,51,30.6,24.1,26.9,1.2,1.2,0.0,16.1,36.7,76
485869,2026-08-31,09:46:36,2026,8,31,9,Monday,Gampaha,ජා-ඇල,7.0744,79.8919,53,30.0,24.7,27.9,2.6,2.6,0.0,18.1,40.3,80
485798,2026-08-30,16:35:08,2026,8,30,16,Sunday,Colombo,කොළඹ,6.9271,79.8612,51,30.0,27.1,28.3,0.8,0.8,0.0,16.0,40.0,75
485762,2026-08-30,11:42:19,2026,8,30,11,Sunday,Monaragala,වැල්ලවාය,6.7333,81.1,3,35.5,24.9,29.2,0.0,0.0,0.0,27.5,58.7,63
485760,2026-08-30,11:07:57,2026,8,30,11,Sunday,Colombo,කොළඹ,6.9271,79.8612,51,30.0,27.1,28.3,0.8,0.8,0.0,16.0,40.0,75
485729,2026-08-30,07:07:34,2026,8,30,7,Sunday,Colombo,කොට්ටාව,6.8412,79.9653,53,30.6,25.7,27.7,2.4,2.4,0.0,15.0,32.0,78
485577,2026-08-29,08:28:52,2026,8,29,8,Saturday,Colombo,කොළඹ,6.9271,79.8612,61,29.4,26.3,28.0,5.7,5.7,0.0,20.8,50.8,78
485284,2026-08-27,09:54:30,2026,8,27,9,Thursday,Anuradhapura,අනුරාධපුර,8.3114,80.4037,51,32.9,25.8,28.8,0.5,0.5,0.0,32.1,63.0,69
485135,2026-08-26,12:58:58,2026,8,26,12,Wednesday,Colombo,කොළඹ,6.9271,79.8612,53,29.3,25.6,27.1,5.0,5.0,0.0,18.5,44.3,81
484814,2026-08-24,14:33:13,2026,8,24,14,Monday,Anuradhapura,තලාව,8.2333,80.35,53,33.5,26.2,29.2,1.4,1.4,0.0,33.3,61.2,67
484696,2026-08-23,15:37:53,2026,8,23,15,Sunday,Nuwara Eliya,නුවරඑළිය,6.9497,80.7891,51,21.1,13.8,16.5,0.8,0.8,0.0,20.5,55.8,85
484689,2026-08-23,14:38:10,2026,8,23,14,Sunday,Colombo,කෝට්ටේ,6.889,79.9017,53,30.0,26.3,28.1,3.2,3.2,0.0,20.7,51.1,75
484679,2026-08-23,12:31:01,2026,8,23,12,Sunday,Gampaha,රාගම,7.0289,79.9175,53,30.5,26.3,28.3,3.4,3.4,0.0,21.9,51.8,74
484675,2026-08-23,11:55:50,2026,8,23,11,Sunday,Gampaha,රාගම,7.0289,79.9175,53,30.5,26.3,28.3,3.4,3.4,0.0,21.9,51.8,74
484613,2026-08-22,18:37:32,2026,8,22,18,Saturday,Puttalam,හලාවත,7.5758,79.7953,51,30.9,27.3,28.6,0.6,0.6,0.0,28.5,56.9,71
484350,2026-08-21,06:22:36,2026,8,21,6,Friday,Monaragala,මොණරාගල,6.8728,81.3507,55,33.7,24.2,28.0,2.6,2.6,0.0,22.1,52.9,68
484223,2026-08-20,11:13:48,2026,8,20,11,Thursday,Nuwara Eliya,මස්කෙළිය,6.8333,80.5667,61,21.5,18.4,19.2,19.9,19.9,0.0,11.3,39.2,97
484202,2026-08-20,09:50:14,2026,8,20,9,Thursday,Gampaha,රාගම,7.0289,79.9175,53,29.1,25.3,27.3,6.0,6.0,0.0,21.5,48.6,81
484041,2026-08-19,11:03:40,2026,8,19,11,Wednesday,Monaragala,මොණරාගල,6.8728,81.3507,61,35.0,23.5,28.1,2.3,2.3,0.0,20.5,50.4,66
483724,2026-08-17,15:33:25,2026,8,17,15,Monday,Colombo,කොළඹ,6.9271,79.8612,55,28.9,25.2,27.1,6.1,6.1,0.0,17.6,43.6,82
483713,2026-08-17,14:32:31,2026,8,17,14,Monday,Colombo,කොළඹ,6.9271,79.8612,55,28.9,25.2,27.1,6.1,6.1,0.0,17.6,43.6,82
483595,2026-08-16,19:43:37,2026,8,16,19,Sunday,Jaffna,යාපනය,9.6615,80.0255,3,31.0,27.8,28.9,0.0,0.0,0.0,36.9,64.1,79
483570,2026-08-16,16:39:49,2026,8,16,16,Sunday,Colombo,කොළඹ,6.9271,79.8612,53,29.3,26.0,27.4,2.9,2.9,0.0,19.1,46.4,82
483508,2026-08-16,09:19:05,2026,8,16,9,Sunday,Gampaha,මීරිගම,7.2333,80.1167,53,29.7,23.4,26.0,3.0,3.0,0.0,19.0,39.6,88
483223,2026-08-14,10:34:19,2026,8,14,10,Friday,Gampaha,ගම්පහ,7.0917,79.9997,61,30.5,24.5,27.2,10.6,10.6,0.0,19.3,41.8,82
483111,2026-08-13,16:28:20,2026,8,13,16,Thursday,Colombo,කොළඹ,6.9271,79.8612,51,30.0,26.7,28.1,0.7,0.7,0.0,17.1,45.0,77
482662,2026-08-11,12:59:27,2026,8,11,12,Tuesday,Colombo,කොළඹ,6.9271,79.8612,51,29.6,26.3,27.8,3.4,3.4,0.0,19.3,47.5,80
482641,2026-08-11,10:53:39,2026,8,11,10,Tuesday,Colombo,කොළඹ,6.9271,79.8612,51,29.6,26.3,27.8,3.4,3.4,0.0,19.3,47.5,80
482482,2026-08-10,12:13:39,2026,8,10,12,Monday,Colombo,කොළඹ,6.9271,79.8612,53,29.2,26.5,27.6,2.3,2.3,0.0,18.0,44.6,79
481922,2026-08-07,10:12:56,2026,8,7,10,Friday,Colombo,කොළඹ,6.9271,79.8612,63,28.6,23.9,27.0,12.5,12.5,0.0,20.7,50.8,82
481465,2026-08-04,21:06:31,2026,8,4,21,Tuesday,Ampara,අම්පාර,7.2975,81.682,63,34.0,24.9,27.6,9.7,9.7,0.0,13.6,31.7,82
481451,2026-08-04,20:24:57,2026,8,4,20,Tuesday,Colombo,දෙහිවල,6.8511,79.8653,63,29.3,25.8,27.4,7.1,7.1,0.0,22.6,52.2,81
481443,2026-08-04,19:44:11,2026,8,4,19,Tuesday,Kurunegala,මැල්සිරිපුර,7.4833,80.5167,63,28.5,23.2,24.7,20.7,20.7,0.0,16.9,42.1,92
481373,2026-08-04,14:23:55,2026,8,4,14,Tuesday,Kurunegala,මැල්සිරිපුර,7.4833,80.5167,63,28.5,23.2,24.7,20.7,20.7,0.0,16.9,42.1,92
481368,2026-08-04,13:48:59,2026,8,4,13,Tuesday,Kurunegala,මැල්සිරිපුර,7.4833,80.5167,63,28.5,23.2,24.7,20.7,20.7,0.0,16.9,42.1,92
481181,2026-08-03,16:37:47,2026,8,3,16,Monday,Matale,දඹුල්ල,7.86,80.6517,63,29.7,23.3,25.3,7.9,7.9,0.0,29.5,56.5,86
481074,2026-08-03,08:58:56,2026,8,3,8,Monday,Anuradhapura,හබරණ,8.0333,80.75,63,30.7,24.0,25.9,9.3,9.3,0.0,31.6,60.1,84
481068,2026-08-03,07:46:29,2026,8,3,7,Monday,Colombo,කොළඹ,6.9271,79.8612,61,28.0,25.7,27.1,8.5,8.5,0.0,20.3,47.5,83
481019,2026-08-02,19:40:39,2026,8,2,19,Sunday,Kurunegala,නාරම්මල,7.4333,80.2,63,29.4,23.3,25.7,17.1,17.1,0.0,15.7,37.8,88
481002,2026-08-02,17:20:58,2026,8,2,17,Sunday,Colombo,කොළඹ,6.9271,79.8612,55,28.9,26.3,27.6,3.5,3.5,0.0,23.8,56.5,78
480675,2026-07-31,15:30:02,2026,7,31,15,Friday,Gampaha,මීගමුව,7.2083,79.8358,63,30.8,25.0,27.6,12.8,12.8,0.0,25.0,55.1,82
480633,2026-07-31,10:38:17,2026,7,31,10,Friday,Gampaha,මීගමුව,7.2083,79.8358,63,30.8,25.0,27.6,12.8,12.8,0.0,25.0,55.1,82
480543,2026-07-30,18:56:27,2026,7,30,18,Thursday,Kandy,මහනුවර,7.2906,80.6337,51,30.4,22.9,25.6,0.6,0.6,0.0,21.3,51.5,73
480274,2026-07-29,11:49:47,2026,7,29,11,Wednesday,Kandy,මහනුවර,7.2906,80.6337,53,30.0,22.5,25.4,4.2,4.2,0.0,22.1,54.4,75
480061,2026-07-28,11:22:47,2026,7,28,11,Tuesday,Colombo,කොට්ටාව,6.8412,79.9653,63,30.5,26.4,28.1,7.7,7.7,0.0,18.5,38.5,77
479879,2026-07-27,13:15:22,2026,7,27,13,Monday,Matara,මාතර,5.9485,80.5353,51,32.3,26.6,28.7,3.2,3.2,0.0,27.4,55.8,72
479878,2026-07-27,13:05:34,2026,7,27,13,Monday,Colombo,කොලොන්නාව,6.9333,79.8833,53,30.9,27.5,29.0,3.1,3.1,0.0,21.0,52.6,71
479704,2026-07-26,13:52:40,2026,7,26,13,Sunday,Colombo,හෝමාගම,6.8408,80.0022,55,31.1,24.4,27.5,6.6,6.6,0.0,16.9,36.0,83
479686,2026-07-26,11:40:53,2026,7,26,11,Sunday,Matale,දඹුල්ල,7.86,80.6517,3,33.0,25.1,28.4,0.0,0.0,0.0,35.0,65.2,67
479645,2026-07-26,08:04:18,2026,7,26,8,Sunday,Colombo,රාජගිරිය,6.9095,79.8937,53,30.9,26.4,28.6,6.1,6.1,0.0,17.2,45.0,76
479586,2026-07-25,16:37:45,2026,7,25,16,Saturday,Colombo,කොළඹ,6.9271,79.8612,53,31.6,26.5,28.9,3.5,3.5,0.0,18.8,49.3,73
479546,2026-07-25,12:14:00,2026,7,25,12,Saturday,Matara,මාතර,5.9485,80.5353,53,31.2,26.1,28.2,4.4,4.4,0.0,22.2,48.6,78
479233,2026-07-23,20:11:43,2026,7,23,20,Thursday,Kandy,මහනුවර,7.2906,80.6337,51,30.7,20.6,25.2,0.6,0.6,0.0,15.5,38.5,80
478893,2026-07-22,08:46:01,2026,7,22,8,Wednesday,Nuwara Eliya,මස්කෙළිය,6.8333,80.5667,51,25.1,17.4,20.5,1.6,1.6,0.0,10.3,32.0,87
478611,2026-07-20,19:56:14,2026,7,20,19,Monday,Kalutara,හොරණ,6.7156,80.0631,55,29.7,24.0,26.4,6.1,6.1,0.0,14.8,35.6,88
478527,2026-07-20,13:15:20,2026,7,20,13,Monday,Jaffna,යාපනය,9.6615,80.0255,51,31.6,27.7,28.9,0.4,0.4,0.0,30.6,56.2,80
478405,2026-07-19,20:20:25,2026,7,19,20,Sunday,Matara,මාතර,5.9485,80.5353,55,31.0,25.3,27.6,6.8,6.8,0.0,23.5,49.0,79
478391,2026-07-19,18:43:53,2026,7,19,18,Sunday,Matara,මාතර,5.9485,80.5353,55,31.0,25.3,27.6,6.8,6.8,0.0,23.5,49.0,79
477640,2026-07-15,12:28:26,2026,7,15,12,Wednesday,Anuradhapura,අනුරාධපුර,8.3114,80.4037,3,31.9,26.0,28.3,0.0,0.0,0.0,31.1,60.1,71
477437,2026-07-14,13:43:25,2026,7,14,13,Tuesday,Kurunegala,මහව,7.8167,80.2833,51,31.3,25.5,27.7,0.3,0.3,0.0,26.1,51.5,78
477250,2026-07-13,14:04:50,2026,7,13,14,Monday,Anuradhapura,තලාව,8.2333,80.35,3,32.4,26.1,28.6,0.0,0.0,0.0,31.2,56.2,73
477216,2026-07-13,11:49:09,2026,7,13,11,Monday,Colombo,කඩුවෙල,6.9333,79.9833,53,29.6,25.8,27.6,3.2,3.2,0.0,19.9,42.5,82
476472,2026-07-08,23:45:01,2026,7,8,23,Wednesday,Anuradhapura,අනුරාධපුර,8.3114,80.4037,3,33.7,25.8,29.1,0.0,0.0,0.0,26.9,54.0,71
476175,2026-07-07,12:18:05,2026,7,7,12,Tuesday,Ratnapura,රත්නපුර,6.6828,80.3992,51,31.9,24.2,27.4,0.8,0.8,0.0,18.5,49.3,77
475798,2026-07-05,12:01:26,2026,7,5,12,Sunday,Colombo,කොළඹ,6.9271,79.8612,51,29.5,26.0,27.8,1.1,1.1,0.0,15.4,40.0,78
475214,2026-07-02,06:20:52,2026,7,2,6,Thursday,Kalutara,කළුතර,6.5854,79.9607,51,29.8,26.7,28.2,1.2,1.2,0.0,17.9,37.1,76
474929,2026-06-30,18:13:02,2026,6,30,18,Tuesday,Puttalam,පුත්තලම,8.0362,79.8283,3,31.2,27.5,29.0,0.0,0.0,0.0,32.5,60.1,75
474732,2026-06-29,17:55:14,2026,6,29,17,Monday,Matale,දඹුල්ල,7.86,80.6517,55,28.5,24.0,26.2,3.5,3.5,0.0,34.7,63.7,77
474682,2026-06-29,11:52:25,2026,6,29,11,Monday,Kurunegala,කුරුණෑගල,7.4863,80.3623,61,27.2,22.8,25.0,7.4,7.4,0.0,21.1,47.2,88
474673,2026-06-29,10:04:07,2026,6,29,10,Monday,Galle,ගාල්ල,6.0535,80.221,63,27.9,23.8,26.1,18.4,18.4,0.0,25.3,50.8,87
474449,2026-06-27,22:00:19,2026,6,27,22,Saturday,Jaffna,යාපනය,9.6615,80.0255,3,32.2,28.9,30.0,0.0,0.0,0.0,30.7,53.6,77
474402,2026-06-27,17:11:53,2026,6,27,17,Saturday,Polonnaruwa,හිඟුරක්ගොඩ,8.05,80.95,53,33.4,26.6,29.2,1.1,1.1,0.0,24.9,47.9,68
474394,2026-06-27,16:09:50,2026,6,27,16,Saturday,Colombo,පිළියන්දල,6.801,79.9228,55,29.7,25.7,27.8,4.6,4.6,0.0,20.1,41.0,84
474386,2026-06-27,15:19:37,2026,6,27,15,Saturday,Colombo,කොළඹ,6.9271,79.8612,55,29.6,25.9,27.7,7.0,7.0,0.0,18.2,44.3,82
474304,2026-06-27,06:23:41,2026,6,27,6,Saturday,Colombo,කොළඹ,6.9271,79.8612,55,29.6,25.9,27.7,7.0,7.0,0.0,18.2,44.3,82
474291,2026-06-26,21:34:55,2026,6,26,21,Friday,Matara,මාතර,5.9485,80.5353,61,30.2,25.4,27.3,3.6,3.6,0.0,25.8,52.2,84
474162,2026-06-26,10:59:55,2026,6,26,10,Friday,Kalutara,මතුගම,6.5222,80.1167,63,27.6,23.8,25.7,21.7,21.7,0.0,14.3,35.6,93
474154,2026-06-26,10:01:12,2026,6,26,10,Friday,Matara,මාතර,5.9485,80.5353,61,30.2,25.4,27.3,3.6,3.6,0.0,25.8,52.2,84
474145,2026-06-26,09:08:42,2026,6,26,9,Friday,Matara,මාතර,5.9485,80.5353,61,30.2,25.4,27.3,3.6,3.6,0.0,25.8,52.2,84
473932,2026-06-24,19:54:43,2026,6,24,19,Wednesday,Gampaha,මීගමුව,7.2083,79.8358,61,30.5,23.9,28.1,3.5,3.5,0.0,17.0,38.5,82
473841,2026-06-24,13:31:42,2026,6,24,13,Wednesday,Gampaha,කඩවත,7.0,79.95,65,31.1,22.6,27.1,23.1,23.1,0.0,13.5,32.0,87
473423,2026-06-22,14:06:08,2026,6,22,14,Monday,Colombo,කොළඹ,6.9271,79.8612,63,27.6,24.4,25.8,29.1,29.1,0.0,15.5,39.6,90
473391,2026-06-22,12:11:46,2026,6,22,12,Monday,Badulla,මහියංගනය,7.3333,81.0,61,33.0,25.8,28.4,3.7,3.7,0.0,11.7,29.9,73
472764,2026-06-18,20:13:21,2026,6,18,20,Thursday,Colombo,කොළඹ,6.9271,79.8612,65,28.2,24.8,25.9,50.2,50.2,0.0,11.8,31.3,92
472677,2026-06-18,13:04:48,2026,6,18,13,Thursday,Kandy,මහනුවර,7.2906,80.6337,55,27.3,22.3,23.8,4.4,4.4,0.0,17.7,44.3,85
472586,2026-06-17,23:05:27,2026,6,17,23,Wednesday,Kalutara,බෙන්තොට,6.42,79.996,63,27.8,25.4,26.7,15.4,15.4,0.0,17.2,35.6,87
472336,2026-06-16,16:55:36,2026,6,16,16,Tuesday,Nuwara Eliya,නුවරඑළිය,6.9497,80.7891,53,22.6,14.9,17.7,2.2,2.2,0.0,10.5,28.8,85
472273,2026-06-16,12:05:05,2026,6,16,12,Tuesday,Colombo,කොළඹ,6.9271,79.8612,61,29.7,24.8,27.5,9.1,9.1,0.0,17.3,43.2,85
471976,2026-06-14,14:25:06,2026,6,14,14,Sunday,Colombo,හෝමාගම,6.8408,80.0022,53,30.1,26.0,27.7,2.7,2.7,0.0,15.7,33.5,84
471713,2026-06-12,13:43:21,2026,6,12,13,Friday,Kandy,නාවලපිටිය,7.05,80.5333,63,25.0,20.6,21.9,24.7,24.7,0.0,14.1,49.3,97
471625,2026-06-11,21:29:33,2026,6,11,21,Thursday,Colombo,කොළඹ,6.9271,79.8612,63,28.9,25.2,26.7,32.8,32.8,0.0,18.1,47.5,87
471045,2026-06-09,09:08:45,2026,6,9,9,Tuesday,Colombo,කොළඹ,6.9271,79.8612,51,29.5,27.4,28.4,1.9,1.9,0.0,19.6,46.8,81
470982,2026-06-08,19:36:10,2026,6,8,19,Monday,Galle,ගාල්ල,6.0535,80.221,53,29.6,25.9,27.7,4.1,4.1,0.0,21.0,48.2,83
470883,2026-06-08,12:33:20,2026,6,8,12,Monday,Batticaloa,මඩකලපුව,7.7102,81.6924,3,33.9,26.1,29.8,0.0,0.0,0.0,28.1,49.3,69
470722,2026-06-07,11:19:42,2026,6,7,11,Sunday,Badulla,බණ්ඩාරවෙල,6.8333,80.9833,51,26.5,19.5,22.7,0.3,0.3,0.0,7.9,29.2,76
470640,2026-06-06,21:25:28,2026,6,6,21,Saturday,Puttalam,පුත්තලම,8.0362,79.8283,51,31.3,27.3,29.0,1.3,1.3,0.0,30.5,56.2,76
470218,2026-06-04,14:37:29,2026,6,4,14,Thursday,Kalutara,පානදුර,6.7133,79.9072,63,29.9,25.3,27.6,22.0,22.0,0.0,26.2,55.1,82
470176,2026-06-04,11:41:38,2026,6,4,11,Thursday,Colombo,කොළඹ,6.9271,79.8612,63,29.3,26.2,27.6,19.3,19.3,0.0,22.9,56.2,81
470175,2026-06-04,11:37:11,2026,6,4,11,Thursday,Nuwara Eliya,රාගල,6.9833,80.7667,61,16.4,13.5,14.6,21.8,21.8,0.0,25.2,71.6,99
470139,2026-06-04,09:27:15,2026,6,4,9,Thursday,Kandy,නාවලපිටිය,7.05,80.5333,61,25.2,20.8,22.1,19.2,19.2,0.0,16.4,53.6,97
469962,2026-06-03,11:19:32,2026,6,3,11,Wednesday,Galle,හික්කඩුව,6.1395,80.1011,63,30.7,25.2,28.2,11.4,11.4,0.0,25.6,53.6,80
469921,2026-06-03,06:43:55,2026,6,3,6,Wednesday,Colombo,කොළඹ,6.9271,79.8612,55,30.6,27.6,28.8,5.2,5.2,0.0,24.1,60.5,75
469880,2026-06-02,19:05:17,2026,6,2,19,Tuesday,Batticaloa,මඩකලපුව,7.7102,81.6924,53,32.9,27.1,29.9,1.7,1.7,0.0,13.7,28.1,79
469677,2026-06-01,16:54:25,2026,6,1,16,Monday,Colombo,පිළියන්දල,6.801,79.9228,51,30.5,26.8,28.6,2.2,2.2,0.0,15.7,33.5,81
469627,2026-06-01,13:25:19,2026,6,1,13,Monday,Kandy,පේරාදෙණිය,7.2597,80.5967,53,31.1,21.3,25.6,2.1,2.1,0.0,16.4,40.7,78
469591,2026-06-01,10:55:56,2026,6,1,10,Monday,Colombo,කොළඹ,6.9271,79.8612,51,30.2,26.3,28.3,1.9,1.9,0.0,15.4,38.9,82
469544,2026-06-01,06:59:02,2026,6,1,6,Monday,Colombo,කොළඹ,6.9271,79.8612,51,30.2,26.3,28.3,1.9,1.9,0.0,15.4,38.9,82
469539,2026-06-01,06:27:47,2026,6,1,6,Monday,Colombo,හෝමාගම,6.8408,80.0022,51,30.9,24.6,27.8,2.3,2.3,0.0,14.7,31.3,84
469498,2026-05-31,17:53:04,2026,5,31,17,Sunday,Colombo,කොළඹ,6.9271,79.8612,51,30.2,27.1,28.5,2.2,2.2,0.0,16.9,41.4,77
469458,2026-05-31,13:47:22,2026,5,31,13,Sunday,Colombo,කොළඹ,6.9271,79.8612,51,30.2,27.1,28.5,2.2,2.2,0.0,16.9,41.4,77
469441,2026-05-31,13:03:51,2026,5,31,13,Sunday,Badulla,ඇල්ල,6.8667,81.05,53,28.3,19.3,23.7,2.1,2.1,0.0,7.3,19.4,80
469133,2026-05-29,15:44:30,2026,5,29,15,Friday,Monaragala,මොණරාගල,6.8728,81.3507,55,33.2,23.7,27.6,2.3,2.3,0.0,13.0,33.1,77
468992,2026-05-28,20:18:48,2026,5,28,20,Thursday,Batticaloa,මඩකලපුව,7.7102,81.6924,55,34.0,27.2,30.1,2.0,2.0,0.0,13.7,35.6,75
468834,2026-05-28,08:35:54,2026,5,28,8,Thursday,Colombo,කොළඹ,6.9271,79.8612,61,29.7,25.1,27.5,10.4,10.4,0.0,16.4,41.8,83
468515,2026-05-26,15:05:46,2026,5,26,15,Tuesday,Hambantota,තිස්සමහාරාම,6.2786,81.2894,53,33.2,25.5,28.8,1.1,1.1,0.0,28.3,52.6,73
468409,2026-05-25,21:13:48,2026,5,25,21,Monday,Colombo,හෝමාගම,6.8408,80.0022,63,30.0,23.4,26.0,16.6,16.6,0.0,15.8,35.6,92
468283,2026-05-25,12:02:48,2026,5,25,12,Monday,Ampara,අම්පාර,7.2975,81.682,51,33.5,25.7,29.5,0.2,0.2,0.0,10.4,23.8,78
468199,2026-05-24,16:50:29,2026,5,24,16,Sunday,Kandy,මහනුවර,7.2906,80.6337,61,29.8,22.6,24.8,6.3,6.3,0.0,17.3,41.8,84
467826,2026-05-22,14:35:19,2026,5,22,14,Friday,Anuradhapura,තලාව,8.2333,80.35,51,30.9,24.4,27.4,0.4,0.4,0.0,35.6,65.2,80
467485,2026-05-20,23:28:52,2026,5,20,23,Wednesday,Anuradhapura,තලාව,8.2333,80.35,51,31.7,25.7,28.5,0.1,0.1,0.0,30.0,53.6,80
467086,2026-05-19,12:17:16,2026,5,19,12,Tuesday,Kandy,නාවලපිටිය,7.05,80.5333,61,25.5,21.2,22.6,9.7,9.7,0.0,14.4,45.4,95
466929,2026-05-18,15:01:39,2026,5,18,15,Monday,Trincomalee,ත්‍රිකුණාමලය,8.5874,81.2152,53,32.8,26.8,29.4,1.3,1.3,0.0,25.4,50.0,72
466742,2026-05-17,18:49:50,2026,5,17,18,Sunday,Gampaha,කඩවත,7.0,79.95,53,30.8,24.9,27.6,2.7,2.7,0.0,16.8,38.5,82
466726,2026-05-17,17:09:14,2026,5,17,17,Sunday,Galle,ගාල්ල,6.0535,80.221,51,30.1,26.8,28.3,1.7,1.7,0.0,17.3,36.4,76
466710,2026-05-17,16:01:31,2026,5,17,16,Sunday,Colombo,කොළඹ,6.9271,79.8612,53,30.1,25.9,28.0,4.4,4.4,0.0,17.7,43.9,81
466677,2026-05-17,13:12:11,2026,5,17,13,Sunday,Colombo,කොළඹ,6.9271,79.8612,53,30.1,25.9,28.0,4.4,4.4,0.0,17.7,43.9,81
466646,2026-05-17,09:44:52,2026,5,17,9,Sunday,Kandy,මහනුවර,7.2906,80.6337,53,29.8,21.0,24.9,0.7,0.7,0.0,17.4,43.6,83
466618,2026-05-17,08:46:17,2026,5,17,8,Sunday,Batticaloa,මඩකලපුව,7.7102,81.6924,61,32.7,26.2,29.1,3.8,3.8,0.0,12.5,22.3,77
466548,2026-05-16,19:13:49,2026,5,16,19,Saturday,Colombo,කොළඹ,6.9271,79.8612,53,30.1,24.4,27.4,7.9,7.9,0.0,21.2,55.1,83
466473,2026-05-16,13:24:13,2026,5,16,13,Saturday,Colombo,කොළඹ,6.9271,79.8612,53,30.1,24.4,27.4,7.9,7.9,0.0,21.2,55.1,83
466470,2026-05-16,13:04:55,2026,5,16,13,Saturday,Gampaha,කැළණිය,6.9553,79.9219,53,30.1,24.5,27.4,7.9,7.9,0.0,21.2,55.1,83
466416,2026-05-16,07:23:01,2026,5,16,7,Saturday,Colombo,කොළඹ,6.9271,79.8612,53,30.1,24.4,27.4,7.9,7.9,0.0,21.2,55.1,83
466413,2026-05-16,06:35:35,2026,5,16,6,Saturday,Gampaha,කැළණිය,6.9553,79.9219,53,30.1,24.5,27.4,7.9,7.9,0.0,21.2,55.1,83
466394,2026-05-15,23:48:28,2026,5,15,23,Friday,Colombo,අවිස්සාවේල්ල,6.9533,80.2097,63,28.7,22.9,25.2,13.5,13.5,0.0,9.8,25.9,94
466153,2026-05-14,20:04:18,2026,5,14,20,Thursday,Gampaha,ගම්පහ,7.0917,79.9997,63,27.3,22.5,25.0,28.3,28.3,0.0,11.0,26.6,96
465427,2026-05-11,19:55:47,2026,5,11,19,Monday,Trincomalee,ත්‍රිකුණාමලය,8.5874,81.2152,61,28.2,24.9,26.1,17.1,17.1,0.0,14.4,29.2,94
465336,2026-05-11,13:42:03,2026,5,11,13,Monday,Anuradhapura,කැකිරාව,8.0333,80.6,63,28.7,24.2,25.4,25.6,25.6,0.0,20.5,37.8,92
465297,2026-05-11,11:08:19,2026,5,11,11,Monday,Nuwara Eliya,නුවරඑළිය,6.9497,80.7891,61,21.7,14.1,16.6,6.0,6.0,0.0,12.5,31.7,92
465167,2026-05-10,16:32:50,2026,5,10,16,Sunday,Hambantota,තංගල්ල,6.0239,80.7944,63,29.2,24.5,26.0,22.3,22.3,0.0,14.3,30.6,93
464244,2026-05-06,12:00:22,2026,5,6,12,Wednesday,Badulla,හාලිඇල,6.9667,81.0333,63,26.8,18.1,21.9,11.3,11.3,0.0,7.0,21.6,89
464183,2026-05-05,23:59:44,2026,5,5,23,Tuesday,Colombo,කොළඹ,6.9271,79.8612,51,30.4,25.2,27.9,0.5,0.5,0.0,11.3,30.2,81
463973,2026-05-05,09:40:30,2026,5,5,9,Tuesday,Kandy,නාවලපිටිය,7.05,80.5333,61,27.7,19.6,23.1,3.4,3.4,0.0,5.4,19.4,87
463803,2026-05-04,11:12:33,2026,5,4,11,Monday,Colombo,කොට්ටාව,6.8412,79.9653,61,31.4,24.1,27.0,8.6,8.6,0.0,17.8,35.6,86
463667,2026-05-03,19:25:28,2026,5,3,19,Sunday,Kurunegala,කුරුණෑගල,7.4863,80.3623,53,33.1,24.2,27.8,1.3,1.3,0.0,15.8,34.6,77
463594,2026-05-03,14:13:23,2026,5,3,14,Sunday,Galle,ගාල්ල,6.0535,80.221,61,31.1,24.4,27.1,12.8,12.8,0.0,17.1,35.6,87
463363,2026-05-02,12:24:08,2026,5,2,12,Saturday,Kandy,නුවර,7.2906,80.6337,53,31.6,20.8,25.2,1.1,1.1,0.0,11.2,29.2,82
462825,2026-04-30,15:18:08,2026,4,30,15,Thursday,Kurunegala,කුරුණෑගල,7.4863,80.3623,53,33.3,23.8,27.2,1.7,1.7,0.0,15.0,32.8,85
462675,2026-04-29,19:25:06,2026,4,29,19,Wednesday,Kandy,මහනුවර,7.2906,80.6337,63,31.3,21.2,24.7,6.8,6.8,0.0,9.1,28.4,87
462308,2026-04-28,19:35:29,2026,4,28,19,Tuesday,Colombo,පාදුක්ක,6.8408,80.0925,61,32.2,24.3,27.1,2.3,2.3,0.0,10.0,24.5,86
462218,2026-04-28,10:04:34,2026,4,28,10,Tuesday,Anuradhapura,තලාව,8.2333,80.35,63,33.9,25.0,28.1,5.8,5.8,0.0,12.7,27.0,80
462170,2026-04-27,23:48:17,2026,4,27,23,Monday,Nuwara Eliya,නුවරඑළිය,6.9497,80.7891,63,20.6,14.0,16.7,6.3,6.3,0.0,9.0,27.7,89
462052,2026-04-27,10:14:42,2026,4,27,10,Monday,Kandy,මහනුවර,7.2906,80.6337,63,30.5,21.9,25.1,6.9,6.9,0.0,7.4,24.8,85
461993,2026-04-26,21:03:15,2026,4,26,21,Sunday,Colombo,කොළඹ,6.9271,79.8612,61,34.3,25.9,29.3,5.2,5.2,0.0,11.3,36.0,72
461974,2026-04-26,17:11:41,2026,4,26,17,Sunday,Kurunegala,කුරුණෑගල,7.4863,80.3623,53,34.2,24.5,28.2,1.4,1.4,0.0,8.2,22.7,79
461844,2026-04-25,16:59:39,2026,4,25,16,Saturday,Nuwara Eliya,නුවරඑළිය,6.9497,80.7891,51,22.5,12.1,17.1,0.8,0.8,0.0,11.8,32.4,82
461406,2026-04-23,13:18:59,2026,4,23,13,Thursday,Colombo,කොළඹ,6.9271,79.8612,63,33.2,25.2,28.6,4.9,4.9,0.0,11.3,34.2,73
461302,2026-04-22,20:22:32,2026,4,22,20,Wednesday,Trincomalee,ත්‍රිකුණාමලය,8.5874,81.2152,51,32.1,26.3,29.2,0.3,0.3,0.0,15.1,38.2,77
461229,2026-04-22,13:02:51,2026,4,22,13,Wednesday,Jaffna,යාපනය,9.6615,80.0255,51,33.8,27.6,30.6,0.9,0.9,0.0,13.0,25.6,69
461228,2026-04-22,13:00:22,2026,4,22,13,Wednesday,Jaffna,යාපනය,9.6615,80.0255,51,33.8,27.6,30.6,0.9,0.9,0.0,13.0,25.6,69
461013,2026-04-21,12:27:45,2026,4,21,12,Tuesday,Galle,අම්බලන්ගොඩ,6.2358,80.0536,53,31.6,23.9,27.5,1.4,1.4,0.0,11.7,28.4,80
461009,2026-04-21,12:20:58,2026,4,21,12,Tuesday,Nuwara Eliya,නුවරඑළිය,6.9497,80.7891,53,21.9,14.6,17.0,4.4,4.4,0.0,11.7,32.4,85
460890,2026-04-20,15:56:58,2026,4,20,15,Monday,Colombo,කොළඹ,6.9271,79.8612,63,32.7,24.4,28.0,17.8,17.8,0.0,12.8,38.2,78
460450,2026-04-18,09:09:03,2026,4,18,9,Saturday,Anuradhapura,මිහින්තලය,8.35,80.5167,2,34.8,24.0,29.0,0.0,0.0,0.0,9.8,22.7,66
460373,2026-04-17,18:15:09,2026,4,17,18,Friday,Ampara,අම්පාර,7.2975,81.682,51,33.1,24.5,28.6,0.4,0.4,0.0,13.3,28.1,78
460270,2026-04-17,10:56:34,2026,4,17,10,Friday,Kandy,මහනුවර,7.2906,80.6337,3,33.8,20.1,26.7,0.0,0.0,0.0,6.6,21.2,68
460109,2026-04-16,12:55:58,2026,4,16,12,Thursday,Kegalle,මාවනැල්ල,7.25,80.45,55,32.8,23.7,26.8,1.8,1.8,0.0,12.7,31.3,84
460106,2026-04-16,12:47:30,2026,4,16,12,Thursday,Galle,ගාල්ල,6.0535,80.221,55,30.2,23.4,26.4,5.0,5.0,0.0,12.2,28.1,89
459992,2026-04-15,21:33:33,2026,4,15,21,Wednesday,Ratnapura,ඇහැලියගොඩ,6.75,80.2667,61,33.0,24.2,26.8,5.8,5.8,0.0,10.3,31.0,88
459857,2026-04-15,09:12:58,2026,4,15,9,Wednesday,Colombo,කොළඹ,6.9271,79.8612,61,31.1,24.3,27.6,5.5,5.5,0.0,10.4,31.0,85
459731,2026-04-14,13:43:59,2026,4,14,13,Tuesday,Colombo,කොළඹ,6.9271,79.8612,61,32.0,25.0,27.8,3.0,3.0,0.0,9.7,32.0,82
459400,2026-04-12,15:45:26,2026,4,12,15,Sunday,Colombo,කොළඹ,6.9271,79.8612,61,32.6,24.4,27.4,10.8,10.8,0.0,12.7,37.1,82
459375,2026-04-12,12:30:39,2026,4,12,12,Sunday,Gampaha,සීදූව,7.128,79.886,61,32.0,24.5,27.3,6.1,6.1,0.0,12.8,33.8,83
459370,2026-04-12,12:05:35,2026,4,12,12,Sunday,Batticaloa,මඩකලපුව,7.7102,81.6924,61,30.8,25.8,28.3,6.0,6.0,0.0,17.0,34.9,80
459346,2026-04-12,10:03:27,2026,4,12,10,Sunday,Galle,ඇල්පිටිය,6.2833,80.1667,63,31.0,23.7,26.1,11.3,11.3,0.0,12.1,27.7,90
458820,2026-04-09,13:36:22,2026,4,9,13,Thursday,Colombo,කොළඹ,6.9271,79.8612,61,32.8,26.7,29.2,2.8,2.8,0.0,15.5,42.8,73
458816,2026-04-09,13:23:58,2026,4,9,13,Thursday,Kurunegala,කුරුණෑගල,7.4863,80.3623,51,34.8,24.5,28.6,0.7,0.7,0.0,12.1,28.8,70
458745,2026-04-09,09:16:29,2026,4,9,9,Thursday,Colombo,කොළඹ,6.9271,79.8612,61,32.8,26.7,29.2,2.8,2.8,0.0,15.5,42.8,73
458739,2026-04-09,09:03:13,2026,4,9,9,Thursday,Colombo,කොළඹ,6.9271,79.8612,61,32.8,26.7,29.2,2.8,2.8,0.0,15.5,42.8,73
458670,2026-04-08,19:19:12,2026,4,8,19,Wednesday,Anuradhapura,අනුරාධපුර,8.3114,80.4037,51,34.8,25.8,29.7,0.1,0.1,0.0,14.1,28.4,71
458665,2026-04-08,18:56:38,2026,4,8,18,Wednesday,Monaragala,මොණරාගල,6.8728,81.3507,51,34.3,23.5,27.4,0.6,0.6,0.0,11.4,27.7,79
458658,2026-04-08,18:31:47,2026,4,8,18,Wednesday,Colombo,කොළඹ,6.9271,79.8612,53,33.1,27.0,30.0,2.2,2.2,0.0,15.7,42.8,70
458566,2026-04-08,12:37:41,2026,4,8,12,Wednesday,Colombo,කෝට්ටේ,6.889,79.9017,53,33.1,27.0,30.0,2.2,2.2,0.0,15.7,42.8,70
458206,2026-04-06,19:09:58,2026,4,6,19,Monday,Ratnapura,ඇහැලියගොඩ,6.75,80.2667,63,32.5,22.6,26.4,10.9,10.9,0.0,15.0,47.2,86
458112,2026-04-06,12:22:36,2026,4,6,12,Monday,Colombo,කොළඹ,6.9271,79.8612,63,31.9,25.8,28.5,5.2,5.2,0.0,19.3,49.0,76
458003,2026-04-05,17:27:32,2026,4,5,17,Sunday,Badulla,මහියංගනය,7.3333,81.0,55,33.2,23.8,28.1,1.1,1.1,0.0,9.8,23.0,79
457992,2026-04-05,16:56:19,2026,4,5,16,Sunday,Kandy,නාවලපිටිය,7.05,80.5333,53,28.5,19.8,23.1,1.4,1.4,0.0,9.7,30.2,84
457738,2026-04-04,11:06:12,2026,4,4,11,Saturday,Kilinochchi,කිලිනොච්චි,9.3961,80.3981,55,33.8,24.4,28.8,2.9,2.9,0.0,11.0,26.3,73
457712,2026-04-04,08:15:16,2026,4,4,8,Saturday,Colombo,කොළඹ,6.9271,79.8612,3,32.3,24.8,28.3,0.0,0.0,0.0,12.5,36.0,74
457601,2026-04-03,15:27:58,2026,4,3,15,Friday,Kandy,මහනුවර,7.2906,80.6337,63,31.1,21.0,24.3,8.6,8.6,0.0,7.7,26.3,87
457469,2026-04-02,18:43:23,2026,4,2,18,Thursday,Kandy,මහනුවර,7.2906,80.6337,65,31.4,21.5,24.6,9.4,9.4,0.0,5.9,18.0,84
457385,2026-04-02,13:28:59,2026,4,2,13,Thursday,Kandy,මහනුවර,7.2906,80.6337,65,31.4,21.5,24.6,9.4,9.4,0.0,5.9,18.0,84
457362,2026-04-02,11:52:41,2026,4,2,11,Thursday,Kandy,මහනුවර,7.2906,80.6337,65,31.4,21.5,24.6,9.4,9.4,0.0,5.9,18.0,84
457358,2026-04-02,11:41:33,2026,4,2,11,Thursday,Nuwara Eliya,නුවරඑළිය,6.9497,80.7891,55,20.1,12.8,16.1,3.6,3.6,0.0,9.6,27.4,91
457345,2026-04-02,10:49:02,2026,4,2,10,Thursday,Kandy,මහනුවර,7.2906,80.6337,65,31.4,21.5,24.6,9.4,9.4,0.0,5.9,18.0,84
457263,2026-04-01,20:59:43,2026,4,1,20,Wednesday,Matara,මාතර,5.9485,80.5353,61,32.8,24.5,27.8,7.9,7.9,0.0,17.1,38.2,78
457223,2026-04-01,17:49:36,2026,4,1,17,Wednesday,Colombo,කොළඹ,6.9271,79.8612,3,31.8,24.0,27.9,0.0,0.0,0.0,14.7,38.5,77
457182,2026-04-01,14:37:36,2026,4,1,14,Wednesday,Kandy,මහනුවර,7.2906,80.6337,3,35.4,19.3,26.5,0.0,0.0,0.0,13.5,33.5,64
457180,2026-04-01,14:30:06,2026,4,1,14,Wednesday,Badulla,ඇල්ල,6.8667,81.05,53,29.0,14.5,22.2,2.9,2.9,0.0,8.8,24.8,79
457158,2026-04-01,13:25:38,2026,4,1,13,Wednesday,Badulla,බණ්ඩාරවෙල,6.8333,80.9833,51,27.0,11.7,20.1,0.3,0.3,0.0,8.3,25.6,70
456930,2026-03-31,12:07:26,2026,3,31,12,Tuesday,Hambantota,හම්බන්තොට,6.1246,81.1185,51,32.3,24.7,28.7,0.1,0.1,0.0,19.6,40.7,68
456746,2026-03-30,12:39:04,2026,3,30,12,Monday,Colombo,පිළියන්දල,6.801,79.9228,51,32.5,25.0,28.4,0.5,0.5,0.0,13.3,31.7,77
456686,2026-03-30,08:58:52,2026,3,30,8,Monday,Puttalam,පුත්තලම,8.0362,79.8283,51,34.0,25.5,29.1,0.8,0.8,0.0,18.5,38.2,74
456513,2026-03-29,13:00:04,2026,3,29,13,Sunday,Monaragala,වැල්ලවාය,6.7333,81.1,51,33.8,21.5,27.9,0.3,0.3,0.0,14.7,32.0,66
456277,2026-03-28,07:57:01,2026,3,28,7,Saturday,Badulla,මහියංගනය,7.3333,81.0,3,34.0,22.9,28.2,0.0,0.0,0.0,8.0,20.9,70
456241,2026-03-27,20:11:36,2026,3,27,20,Friday,Nuwara Eliya,නුවරඑළිය,6.9497,80.7891,51,22.6,10.2,16.5,0.2,0.2,0.0,11.4,32.0,70
455670,2026-03-25,13:27:54,2026,3,25,13,Wednesday,Colombo,කොළඹ,6.9271,79.8612,51,33.7,24.6,28.7,0.4,0.4,0.0,14.4,41.0,72
455668,2026-03-25,13:14:59,2026,3,25,13,Wednesday,Puttalam,මාරවිල,7.4167,79.8167,1,35.2,23.9,28.5,0.0,0.0,0.0,20.7,44.3,70
455664,2026-03-25,13:07:27,2026,3,25,13,Wednesday,Colombo,කඩුවෙල,6.9333,79.9833,53,34.9,23.5,28.2,1.0,1.0,0.0,13.9,32.4,76
455662,2026-03-25,13:01:37,2026,3,25,13,Wednesday,Matara,වැලිගම,5.975,80.4297,51,32.9,23.3,27.6,0.3,0.3,0.0,16.1,37.4,80
455652,2026-03-25,12:32:43,2026,3,25,12,Wednesday,Puttalam,ආණමඩුව,8.0167,80.0167,0,36.8,23.7,29.1,0.0,0.0,0.0,18.4,34.6,64
455437,2026-03-24,13:30:29,2026,3,24,13,Tuesday,Matale,දඹුල්ල,7.86,80.6517,3,32.2,23.4,27.0,0.0,0.0,0.0,18.7,34.6,72
455215,2026-03-23,13:57:26,2026,3,23,13,Monday,Hambantota,කතරගම,6.4134,81.3346,51,34.4,24.0,27.9,0.2,0.2,0.0,16.5,32.8,77
455195,2026-03-23,12:55:16,2026,3,23,12,Monday,Badulla,බදුල්ල,6.9934,81.055,51,30.3,17.7,23.8,1.7,1.7,0.0,9.8,31.0,73
454815,2026-03-21,16:55:39,2026,3,21,16,Saturday,Jaffna,යාපනය,9.6615,80.0255,51,32.1,25.6,28.2,0.7,0.7,0.0,16.0,31.0,78
454284,2026-03-19,14:01:21,2026,3,19,14,Thursday,Colombo,කොළඹ,6.9271,79.8612,61,30.9,23.9,26.8,7.1,7.1,0.0,11.9,34.9,82
454102,2026-03-18,18:13:35,2026,3,18,18,Wednesday,Kandy,මහනුවර,7.2906,80.6337,53,33.7,19.7,25.2,1.0,1.0,0.0,12.2,33.1,73
454058,2026-03-18,16:02:27,2026,3,18,16,Wednesday,Colombo,කොළඹ,6.9271,79.8612,61,33.1,24.1,27.2,4.9,4.9,0.0,13.6,41.0,76
454020,2026-03-18,14:16:17,2026,3,18,14,Wednesday,Kurunegala,කුරුණෑගල,7.4863,80.3623,61,36.4,22.9,27.3,4.8,4.8,0.0,13.5,30.6,75
453990,2026-03-18,13:03:26,2026,3,18,13,Wednesday,Matara,මාතර,5.9485,80.5353,63,32.1,24.4,27.4,3.5,3.5,0.0,18.3,39.2,79
453975,2026-03-18,12:35:01,2026,3,18,12,Wednesday,Matara,මාතර,5.9485,80.5353,63,32.1,24.4,27.4,3.5,3.5,0.0,18.3,39.2,79
453946,2026-03-18,11:41:31,2026,3,18,11,Wednesday,Kandy,මහනුවර,7.2906,80.6337,53,33.7,19.7,25.2,1.0,1.0,0.0,12.2,33.1,73
453712,2026-03-17,13:50:48,2026,3,17,13,Tuesday,Jaffna,යාපනය,9.6615,80.0255,51,33.2,26.2,29.3,0.7,0.7,0.0,16.6,33.8,67
453554,2026-03-16,17:52:09,2026,3,16,17,Monday,Polonnaruwa,පොළොන්නරුව,7.9403,81.0188,51,31.7,23.0,27.1,1.3,1.3,0.0,9.5,22.7,80
453082,2026-03-14,14:54:13,2026,3,14,14,Saturday,Kurunegala,කුරුණෑගල,7.4863,80.3623,51,36.3,22.7,27.5,0.3,0.3,0.0,22.0,46.1,70
453080,2026-03-14,14:49:33,2026,3,14,14,Saturday,Colombo,කොළඹ,6.9271,79.8612,63,30.5,22.7,25.8,20.3,20.3,0.0,11.3,36.7,85
452820,2026-03-13,12:57:58,2026,3,13,12,Friday,Gampaha,රාගම,7.0289,79.9175,63,30.5,22.9,26.1,13.1,13.1,0.0,13.2,35.3,84
452811,2026-03-13,12:48:00,2026,3,13,12,Friday,Hambantota,තංගල්ල,6.0239,80.7944,53,31.4,23.9,27.9,1.0,1.0,0.0,20.3,46.8,74
452807,2026-03-13,12:36:48,2026,3,13,12,Friday,Kandy,මහනුවර,7.2906,80.6337,51,31.0,20.6,25.0,0.5,0.5,0.0,16.0,40.0,76
452528,2026-03-12,13:31:56,2026,3,12,13,Thursday,Kandy,මහනුවර,7.2906,80.6337,53,31.4,19.0,24.8,0.9,0.9,0.0,16.5,40.7,74
452293,2026-03-11,15:26:50,2026,3,11,15,Wednesday,Gampaha,ගම්පහ,7.0917,79.9997,53,36.0,23.8,28.5,2.5,2.5,0.0,22.2,45.7,67
452054,2026-03-10,15:54:26,2026,3,10,15,Tuesday,Colombo,කොළඹ,6.9271,79.8612,1,31.7,23.5,27.9,0.0,0.0,0.0,14.6,39.6,67
451979,2026-03-10,12:45:43,2026,3,10,12,Tuesday,Colombo,කොළඹ,6.9271,79.8612,1,31.7,23.5,27.9,0.0,0.0,0.0,14.6,39.6,67
451851,2026-03-09,18:20:49,2026,3,9,18,Monday,Colombo,කැස්බෑව,6.795,79.939,51,31.4,23.5,26.9,0.3,0.3,0.0,18.6,41.4,79
451840,2026-03-09,17:33:52,2026,3,9,17,Monday,Kalutara,පානදුර,6.7133,79.9072,51,30.9,23.3,26.9,0.4,0.4,0.0,19.8,44.3,79
451768,2026-03-09,13:39:08,2026,3,9,13,Monday,Batticaloa,මඩකලපුව,7.7102,81.6924,51,30.6,23.1,26.8,0.6,0.6,0.0,11.9,22.7,73
451689,2026-03-09,10:13:58,2026,3,9,10,Monday,Puttalam,ආණමඩුව,8.0167,80.0167,3,33.8,22.9,27.6,0.0,0.0,0.0,21.5,42.5,63
451598,2026-03-08,19:00:34,2026,3,8,19,Sunday,Colombo,කොළඹ,6.9271,79.8612,53,33.2,24.2,27.9,0.8,0.8,0.0,18.3,49.3,72
451122,2026-03-06,17:17:56,2026,3,6,17,Friday,Colombo,කොළඹ,6.9271,79.8612,53,30.6,24.5,27.7,1.7,1.7,0.0,13.8,38.5,74
451052,2026-03-06,13:45:16,2026,3,6,13,Friday,Kandy,කටුගස්තොට,7.3167,80.6333,2,31.7,19.2,24.3,0.0,0.0,0.0,10.2,25.6,69
451024,2026-03-06,12:52:00,2026,3,6,12,Friday,Puttalam,පුත්තලම,8.0362,79.8283,51,31.9,23.0,27.0,0.5,0.5,0.0,16.6,36.7,78
451008,2026-03-06,12:22:12,2026,3,6,12,Friday,Jaffna,යාපනය,9.6615,80.0255,3,32.0,23.5,27.2,0.0,0.0,0.0,16.4,36.0,76
450989,2026-03-06,11:42:32,2026,3,6,11,Friday,Kurunegala,වාරියපොල,7.6167,80.2333,51,34.9,23.1,28.2,0.4,0.4,0.0,13.7,25.2,68
450599,2026-03-04,16:41:00,2026,3,4,16,Wednesday,Galle,ගාල්ල,6.0535,80.221,3,30.6,20.9,25.6,0.0,0.0,0.0,15.2,34.6,78
450577,2026-03-04,15:34:49,2026,3,4,15,Wednesday,Colombo,කොළඹ,6.9271,79.8612,3,32.4,22.9,27.5,0.0,0.0,0.0,16.6,45.4,68
450575,2026-03-04,15:33:39,2026,3,4,15,Wednesday,Galle,ගාල්ල,6.0535,80.221,3,30.6,20.9,25.6,0.0,0.0,0.0,15.2,34.6,78
450529,2026-03-04,13:00:29,2026,3,4,13,Wednesday,Matale,දඹුල්ල,7.86,80.6517,53,29.2,21.0,24.6,2.4,2.4,0.0,13.9,29.2,85
450464,2026-03-04,09:33:22,2026,3,4,9,Wednesday,Colombo,කොළඹ,6.9271,79.8612,3,32.4,22.9,27.5,0.0,0.0,0.0,16.6,45.4,68
450337,2026-03-03,17:31:53,2026,3,3,17,Tuesday,Colombo,කොළඹ,6.9271,79.8612,51,30.8,22.0,26.8,0.2,0.2,0.0,15.2,42.1,65
450336,2026-03-03,17:28:55,2026,3,3,17,Tuesday,Kalutara,කළුතර,6.5854,79.9607,51,31.2,21.0,25.6,0.1,0.1,0.0,15.3,34.2,76
450185,2026-03-03,10:39:52,2026,3,3,10,Tuesday,Matale,දඹුල්ල,7.86,80.6517,3,29.2,19.6,23.9,0.0,0.0,0.0,13.5,37.8,75
450079,2026-03-02,19:04:45,2026,3,2,19,Monday,Anuradhapura,අනුරාධපුර,8.3114,80.4037,3,30.4,20.0,24.5,0.0,0.0,0.0,14.0,24.8,72
449986,2026-03-02,12:50:57,2026,3,2,12,Monday,Colombo,දෙහිවල,6.8511,79.8653,3,31.0,22.4,26.8,0.0,0.0,0.0,14.2,38.9,70
449616,2026-02-28,14:52:13,2026,2,28,14,Saturday,Colombo,කොළඹ,6.9271,79.8612,53,32.0,23.6,27.2,2.2,2.2,0.0,14.7,38.9,73
449581,2026-02-28,13:07:14,2026,2,28,13,Saturday,Kurunegala,කුරුණෑගල,7.4863,80.3623,3,33.9,21.2,27.1,0.0,0.0,0.0,16.7,37.4,62
449550,2026-02-28,11:00:58,2026,2,28,11,Saturday,Matale,දඹුල්ල,7.86,80.6517,3,30.1,21.6,25.0,0.0,0.0,0.0,14.6,26.6,76
449447,2026-02-27,18:17:37,2026,2,27,18,Friday,Polonnaruwa,පොළොන්නරුව,7.9403,81.0188,3,30.7,22.0,25.5,0.0,0.0,0.0,12.6,22.7,82
449336,2026-02-27,11:52:00,2026,2,27,11,Friday,Kalutara,බේරුවල,6.4789,79.9828,53,29.5,22.3,25.7,1.5,1.5,0.0,12.6,28.8,84
449217,2026-02-26,18:07:03,2026,2,26,18,Thursday,Kilinochchi,කිලිනොච්චි,9.3961,80.3981,51,31.0,22.4,26.0,0.1,0.1,0.0,14.2,28.8,82
449213,2026-02-26,17:40:52,2026,2,26,17,Thursday,Colombo,කොළඹ,6.9271,79.8612,3,31.6,24.3,27.4,0.0,0.0,0.0,16.0,42.5,77
449209,2026-02-26,17:37:01,2026,2,26,17,Thursday,Trincomalee,ත්‍රිකුණාමලය,8.5874,81.2152,3,29.2,22.6,26.1,0.0,0.0,0.0,14.3,31.3,84
449208,2026-02-26,17:26:26,2026,2,26,17,Thursday,Kandy,මහනුවර,7.2906,80.6337,3,29.9,19.4,23.9,0.0,0.0,0.0,11.2,28.8,76
449197,2026-02-26,16:59:24,2026,2,26,16,Thursday,Gampaha,ජා-ඇල,7.0744,79.8919,3,31.2,24.0,27.1,0.0,0.0,0.0,15.9,37.4,79
449162,2026-02-26,14:49:48,2026,2,26,14,Thursday,Colombo,මහරගම,6.848,79.9265,3,30.8,24.3,26.9,0.0,0.0,0.0,16.4,40.3,82
448887,2026-02-25,12:31:03,2026,2,25,12,Wednesday,Anuradhapura,මිහින්තලය,8.35,80.5167,53,29.6,21.3,24.5,1.0,1.0,0.0,13.0,31.0,85
448701,2026-02-24,17:01:05,2026,2,24,17,Tuesday,Nuwara Eliya,මස්කෙළිය,6.8333,80.5667,51,25.0,16.1,20.2,0.1,0.1,0.0,11.2,34.6,74
448659,2026-02-24,15:29:14,2026,2,24,15,Tuesday,Colombo,කොළඹ,6.9271,79.8612,51,29.6,23.7,26.6,0.2,0.2,0.0,13.2,34.6,85
448605,2026-02-24,12:19:00,2026,2,24,12,Tuesday,Colombo,කොළඹ,6.9271,79.8612,51,29.6,23.7,26.6,0.2,0.2,0.0,13.2,34.6,85
448530,2026-02-24,07:58:25,2026,2,24,7,Tuesday,Colombo,හෝමාගම,6.8408,80.0022,51,30.9,22.7,26.4,0.2,0.2,0.0,11.2,25.9,85
448482,2026-02-23,20:00:57,2026,2,23,20,Monday,Kandy,නාවලපිටිය,7.05,80.5333,51,28.0,17.9,22.3,0.2,0.2,0.0,11.4,33.8,82
448480,2026-02-23,19:54:36,2026,2,23,19,Monday,Kandy,නාවලපිටිය,7.05,80.5333,51,28.0,17.9,22.3,0.2,0.2,0.0,11.4,33.8,82
448471,2026-02-23,19:32:43,2026,2,23,19,Monday,Galle,ගාල්ල,6.0535,80.221,51,29.4,24.7,26.7,1.1,1.1,0.0,21.0,41.8,84
448459,2026-02-23,18:41:56,2026,2,23,18,Monday,Colombo,කොළඹ,6.9271,79.8612,51,29.3,23.8,26.5,0.9,0.9,0.0,14.7,38.2,85
448450,2026-02-23,17:59:04,2026,2,23,17,Monday,Polonnaruwa,පොළොන්නරුව,7.9403,81.0188,51,31.1,23.1,26.4,0.4,0.4,0.0,14.7,28.1,83
448402,2026-02-23,15:11:01,2026,2,23,15,Monday,Kalutara,පානදුර,6.7133,79.9072,53,29.3,23.8,26.6,1.8,1.8,0.0,18.2,39.2,85
448179,2026-02-22,13:40:23,2026,2,22,13,Sunday,Colombo,කොළඹ,6.9271,79.8612,61,28.6,23.2,25.9,15.0,15.0,0.0,16.0,39.6,87
448162,2026-02-22,11:45:35,2026,2,22,11,Sunday,Colombo,කොළඹ,6.9271,79.8612,61,28.6,23.2,25.9,15.0,15.0,0.0,16.0,39.6,87
448154,2026-02-22,11:24:29,2026,2,22,11,Sunday,Hambantota,බෙලිඅත්ත,6.05,80.75,61,31.5,22.7,25.7,7.5,7.5,0.0,15.3,32.8,86
448118,2026-02-22,07:08:17,2026,2,22,7,Sunday,Colombo,කොළඹ,6.9271,79.8612,61,28.6,23.2,25.9,15.0,15.0,0.0,16.0,39.6,87
447879,2026-02-20,19:22:35,2026,2,20,19,Friday,Colombo,කොළඹ,6.9271,79.8612,61,30.9,23.9,26.3,3.9,3.9,0.0,13.9,30.6,85
447878,2026-02-20,19:20:02,2026,2,20,19,Friday,Kandy,පේරාදෙණිය,7.2597,80.5967,53,26.2,21.0,22.9,6.8,6.8,0.0,15.1,33.8,90
447877,2026-02-20,19:17:25,2026,2,20,19,Friday,Kandy,මහනුවර,7.2906,80.6337,53,26.2,21.0,22.9,6.8,6.8,0.0,15.1,33.8,90
447862,2026-02-20,17:51:19,2026,2,20,17,Friday,Colombo,කොළඹ,6.9271,79.8612,61,30.9,23.9,26.3,3.9,3.9,0.0,13.9,30.6,85
447580,2026-02-19,15:32:34,2026,2,19,15,Thursday,Kurunegala,කුරුණෑගල,7.4863,80.3623,51,31.8,21.6,25.7,0.2,0.2,0.0,22.1,46.4,79
447557,2026-02-19,13:27:27,2026,2,19,13,Thursday,Anuradhapura,තඹුත්තේගම,8.15,80.4,51,29.4,22.6,25.1,1.5,1.5,0.0,21.8,39.6,86
447550,2026-02-19,13:07:38,2026,2,19,13,Thursday,Badulla,බණ්ඩාරවෙල,6.8333,80.9833,55,22.3,17.1,19.0,3.5,3.5,0.0,13.7,34.2,93
447336,2026-02-18,18:21:41,2026,2,18,18,Wednesday,Kalutara,හොරණ,6.7156,80.0631,63,30.1,21.9,25.3,3.0,3.0,0.0,16.8,33.8,85
447289,2026-02-18,16:12:33,2026,2,18,16,Wednesday,Galle,ගාල්ල,6.0535,80.221,63,29.2,22.9,25.2,8.6,8.6,0.0,8.3,23.8,88
447260,2026-02-18,14:04:06,2026,2,18,14,Wednesday,Badulla,මහියංගනය,7.3333,81.0,63,24.3,22.7,23.5,27.8,27.8,0.0,8.1,21.6,98
447249,2026-02-18,13:26:40,2026,2,18,13,Wednesday,Kandy,මහනුවර,7.2906,80.6337,63,24.3,20.6,22.0,9.1,9.1,0.0,13.3,29.9,92
447240,2026-02-18,13:03:56,2026,2,18,13,Wednesday,Trincomalee,කන්තලේ,8.35,81.0,63,24.2,22.3,23.3,19.4,19.4,0.0,11.8,23.0,97
446859,2026-02-16,19:32:48,2026,2,16,19,Monday,Colombo,කොට්ටාව,6.8412,79.9653,3,34.5,21.8,26.7,0.0,0.0,0.0,10.7,19.8,75
446822,2026-02-16,16:31:25,2026,2,16,16,Monday,Badulla,බදුල්ල,6.9934,81.055,51,24.8,17.7,20.8,0.4,0.4,0.0,8.7,26.6,84
446821,2026-02-16,16:29:08,2026,2,16,16,Monday,Colombo,කොළඹ,6.9271,79.8612,3,34.7,22.7,27.9,0.0,0.0,0.0,20.4,50.8,60
446816,2026-02-16,16:13:29,2026,2,16,16,Monday,Mullaitivu,මාන්කුලම,9.15,80.45,3,29.4,21.5,24.9,0.0,0.0,0.0,15.1,35.3,77
446790,2026-02-16,14:27:01,2026,2,16,14,Monday,Kurunegala,කුරුණෑගල,7.4863,80.3623,3,31.7,19.9,25.6,0.0,0.0,0.0,23.0,49.3,69
446608,2026-02-15,14:22:44,2026,2,15,14,Sunday,Nuwara Eliya,නල්ලතන්නිය,6.8,80.5,63,19.7,13.0,14.9,5.4,5.4,0.0,6.9,20.2,90
446578,2026-02-15,12:36:03,2026,2,15,12,Sunday,Galle,ගාල්ල,6.0535,80.221,63,27.2,23.1,24.5,18.8,18.8,0.0,9.2,22.0,91
446577,2026-02-15,12:33:18,2026,2,15,12,Sunday,Ampara,අම්පාර,7.2975,81.682,53,27.1,22.8,24.5,2.4,2.4,0.0,18.2,33.5,88
446389,2026-02-14,12:59:02,2026,2,14,12,Saturday,Colombo,කොට්ටාව,6.8412,79.9653,63,31.7,22.9,26.1,8.9,8.9,0.0,12.9,34.2,82
446215,2026-02-13,13:05:01,2026,2,13,13,Friday,Colombo,මොරටුව,6.773,79.8816,63,32.3,23.4,26.6,4.2,4.2,0.0,12.2,27.7,82
446111,2026-02-12,18:32:21,2026,2,12,18,Thursday,Kalutara,හොරණ,6.7156,80.0631,63,31.9,21.7,25.5,13.3,13.3,0.0,15.4,31.0,81
446096,2026-02-12,17:13:30,2026,2,12,17,Thursday,Colombo,කඩුවෙල,6.9333,79.9833,63,32.6,22.9,26.6,4.4,4.4,0.0,18.2,38.9,73
446071,2026-02-12,15:39:12,2026,2,12,15,Thursday,Colombo,රාජගිරිය,6.9095,79.8937,63,32.2,23.5,26.9,6.3,6.3,0.0,20.3,52.2,71
446034,2026-02-12,13:05:07,2026,2,12,13,Thursday,Colombo,කොළඹ,6.9271,79.8612,63,32.2,23.5,26.9,6.3,6.3,0.0,20.3,52.2,71
445910,2026-02-11,18:20:13,2026,2,11,18,Wednesday,Colombo,කොළඹ,6.9271,79.8612,3,33.6,23.0,27.5,0.0,0.0,0.0,18.9,46.4,56
445907,2026-02-11,18:14:08,2026,2,11,18,Wednesday,Kandy,මහනුවර,7.2906,80.6337,3,28.2,17.4,22.5,0.0,0.0,0.0,15.7,37.1,73
445640,2026-02-10,13:44:58,2026,2,10,13,Tuesday,Trincomalee,ත්‍රිකුණාමලය,8.5874,81.2152,3,27.2,23.6,25.3,0.0,0.0,0.0,17.1,35.3,68
445578,2026-02-10,10:28:10,2026,2,10,10,Tuesday,Matale,දඹුල්ල,7.86,80.6517,3,27.2,19.2,22.7,0.0,0.0,0.0,18.3,34.9,77
445315,2026-02-08,18:06:25,2026,2,8,18,Sunday,Colombo,අවිස්සාවේල්ල,6.9533,80.2097,3,33.1,20.9,26.1,0.0,0.0,0.0,12.0,28.8,76
445282,2026-02-08,16:10:12,2026,2,8,16,Sunday,Colombo,කොළඹ,6.9271,79.8612,3,32.0,23.4,26.7,0.0,0.0,0.0,19.8,42.1,71
445154,2026-02-07,19:37:23,2026,2,7,19,Saturday,Colombo,කොට්ටාව,6.8412,79.9653,51,32.0,23.2,26.2,1.0,1.0,0.0,15.9,30.2,84
445086,2026-02-07,13:31:25,2026,2,7,13,Saturday,Anuradhapura,හබරණ,8.0333,80.75,51,27.7,21.9,24.2,1.6,1.6,0.0,18.0,36.0,87
445041,2026-02-07,09:55:25,2026,2,7,9,Saturday,Ratnapura,රත්නපුර,6.6828,80.3992,65,33.2,21.9,25.5,10.6,10.6,0.0,7.0,19.4,88
444912,2026-02-06,11:14:59,2026,2,6,11,Friday,Galle,ගාල්ල,6.0535,80.221,65,29.4,22.1,24.9,35.2,35.2,0.0,8.9,29.2,90
444551,2026-02-04,14:27:12,2026,2,4,14,Wednesday,Badulla,ඇල්ල,6.8667,81.05,63,24.5,18.9,20.6,11.1,11.1,0.0,12.1,35.3,93
444405,2026-02-03,17:58:59,2026,2,3,17,Tuesday,Kalutara,බණ්ඩාරගම,6.7133,79.9072,61,29.9,22.8,25.9,3.8,3.8,0.0,12.0,27.0,84
444400,2026-02-03,17:36:51,2026,2,3,17,Tuesday,Colombo,කොළඹ,6.9271,79.8612,61,31.4,23.5,26.5,2.1,2.1,0.0,15.1,32.8,78
444291,2026-02-03,10:32:22,2026,2,3,10,Tuesday,Nuwara Eliya,නුවරඑළිය,6.9497,80.7891,53,19.6,11.1,15.0,1.1,1.1,0.0,10.4,31.0,84
444047,2026-02-02,07:22:30,2026,2,2,7,Monday,Kurunegala,කුරුණෑගල,7.4863,80.3623,53,30.2,22.8,25.8,1.1,1.1,0.0,22.0,47.5,79
443909,2026-02-01,11:52:41,2026,2,1,11,Sunday,Matara,මාතර,5.9485,80.5353,63,30.8,23.1,25.6,7.6,7.6,0.0,17.4,29.9,87
443899,2026-02-01,11:10:20,2026,2,1,11,Sunday,Anuradhapura,අනුරාධපුර,8.3114,80.4037,63,27.8,22.0,24.4,5.6,5.6,0.0,17.8,36.4,90
443879,2026-02-01,09:49:09,2026,2,1,9,Sunday,Colombo,කොළඹ,6.9271,79.8612,61,31.5,24.0,26.5,4.6,4.6,0.0,14.0,40.0,80
443866,2026-02-01,07:00:19,2026,2,1,7,Sunday,Galle,ගාල්ල,6.0535,80.221,65,29.9,22.6,25.3,13.6,13.6,0.0,10.3,29.2,89
443567,2026-01-30,11:00:23,2026,1,30,11,Friday,Anuradhapura,අනුරාධපුර,8.3114,80.4037,51,28.3,20.9,24.4,1.1,1.1,0.0,14.9,30.6,83
443449,2026-01-29,17:14:11,2026,1,29,17,Thursday,Kalutara,හොරණ,6.7156,80.0631,51,31.7,19.7,25.0,0.1,0.1,0.0,16.7,33.5,77
443413,2026-01-29,15:19:25,2026,1,29,15,Thursday,Kandy,මහනුවර,7.2906,80.6337,3,30.3,16.1,23.3,0.0,0.0,0.0,13.0,28.4,70
443286,2026-01-28,19:18:52,2026,1,28,19,Wednesday,Monaragala,මොණරාගල,6.8728,81.3507,3,30.0,19.7,24.5,0.0,0.0,0.0,21.2,51.8,69
442997,2026-01-27,11:59:30,2026,1,27,11,Tuesday,Jaffna,යාපනය,9.6615,80.0255,51,28.3,24.1,25.7,0.5,0.5,0.0,23.1,44.3,78
442902,2026-01-26,17:38:23,2026,1,26,17,Monday,Kandy,මහනුවර,7.2906,80.6337,61,29.0,20.9,24.2,2.7,2.7,0.0,20.5,48.2,74
442869,2026-01-26,16:03:06,2026,1,26,16,Monday,Badulla,බදුල්ල,6.9934,81.055,51,26.2,19.6,22.2,3.2,3.2,0.0,11.1,32.4,85
442565,2026-01-24,22:31:54,2026,1,24,22,Saturday,Colombo,කොළඹ,6.9271,79.8612,51,30.9,22.8,26.4,0.7,0.7,0.0,17.4,45.4,75
442232,2026-01-23,00:40:38,2026,1,23,0,Friday,Kalutara,කළුතර,6.5854,79.9607,2,29.9,20.0,24.8,0.0,0.0,0.0,18.5,38.5,79
442113,2026-01-22,13:34:51,2026,1,22,13,Thursday,Colombo,කොළඹ,6.9271,79.8612,3,32.6,21.7,26.4,0.0,0.0,0.0,19.9,47.2,64
442022,2026-01-21,22:00:12,2026,1,21,22,Wednesday,Colombo,කොළඹ,6.9271,79.8612,3,32.2,21.5,26.5,0.0,0.0,0.0,18.4,46.8,59
442009,2026-01-21,21:01:30,2026,1,21,21,Wednesday,Kilinochchi,කිලිනොච්චි,9.3961,80.3981,3,27.9,21.3,24.6,0.0,0.0,0.0,18.2,33.5,71
441893,2026-01-21,12:01:48,2026,1,21,12,Wednesday,Colombo,කොළඹ,6.9271,79.8612,3,32.2,21.5,26.5,0.0,0.0,0.0,18.4,46.8,59
441524,2026-01-19,15:39:58,2026,1,19,15,Monday,Anuradhapura,අනුරාධපුර,8.3114,80.4037,3,28.3,18.7,23.2,0.0,0.0,0.0,14.8,29.5,81
441497,2026-01-19,13:37:30,2026,1,19,13,Monday,Colombo,කොළඹ,6.9271,79.8612,3,31.5,21.2,25.9,0.0,0.0,0.0,18.9,47.9,68
441285,2026-01-18,12:11:50,2026,1,18,12,Sunday,Colombo,කොළඹ,6.9271,79.8612,3,31.4,21.9,26.1,0.0,0.0,0.0,19.2,47.9,66
441278,2026-01-18,11:18:53,2026,1,18,11,Sunday,Puttalam,දංකොටුව,7.3,79.9,3,29.8,20.7,24.8,0.0,0.0,0.0,19.9,39.6,72
441231,2026-01-18,08:49:40,2026,1,18,8,Sunday,Colombo,කොළඹ,6.9271,79.8612,3,31.4,21.9,26.1,0.0,0.0,0.0,19.2,47.9,66
441177,2026-01-17,18:18:35,2026,1,17,18,Saturday,Nuwara Eliya,නුවරඑළිය,6.9497,80.7891,3,20.6,8.7,14.3,0.0,0.0,0.0,5.3,18.4,82
441106,2026-01-17,11:44:07,2026,1,17,11,Saturday,Colombo,කොළඹ,6.9271,79.8612,2,32.0,21.2,26.2,0.0,0.0,0.0,16.0,44.3,63
440848,2026-01-15,18:58:35,2026,1,15,18,Thursday,Matara,මාතර,5.9485,80.5353,53,30.9,21.7,25.4,0.6,0.6,0.0,17.4,35.6,84
440844,2026-01-15,18:30:06,2026,1,15,18,Thursday,Galle,ගාල්ල,6.0535,80.221,61,29.7,22.5,25.3,4.0,4.0,0.0,14.5,34.6,87
440807,2026-01-15,15:08:59,2026,1,15,15,Thursday,Gampaha,මීරිගම,7.2333,80.1167,3,32.0,20.5,25.7,0.0,0.0,0.0,21.5,42.5,73
440686,2026-01-14,20:27:27,2026,1,14,20,Wednesday,Colombo,කොළඹ,6.9271,79.8612,51,30.8,22.0,25.7,0.1,0.1,0.0,12.7,34.6,86
440589,2026-01-14,12:23:17,2026,1,14,12,Wednesday,Colombo,කොළඹ,6.9271,79.8612,51,30.8,22.0,25.7,0.1,0.1,0.0,12.7,34.6,86
440306,2026-01-12,16:55:14,2026,1,12,16,Monday,Colombo,කොළඹ,6.9271,79.8612,65,29.6,22.6,25.2,13.6,13.6,0.0,9.7,23.0,89
440304,2026-01-12,16:50:26,2026,1,12,16,Monday,Anuradhapura,අනුරාධපුර,8.3114,80.4037,65,26.9,22.6,23.8,21.7,21.7,0.0,13.7,32.0,93
440254,2026-01-12,12:06:30,2026,1,12,12,Monday,Nuwara Eliya,මස්කෙළිය,6.8333,80.5667,65,23.2,13.7,17.6,28.1,28.1,0.0,6.9,26.6,94
440221,2026-01-12,09:15:12,2026,1,12,9,Monday,Colombo,කොළඹ,6.9271,79.8612,65,29.6,22.6,25.2,13.6,13.6,0.0,9.7,23.0,89
440148,2026-01-11,14:49:49,2026,1,11,14,Sunday,Matale,දඹුල්ල,7.86,80.6517,53,28.7,21.5,24.3,1.2,1.2,0.0,18.0,34.2,87
440057,2026-01-10,23:23:01,2026,1,10,23,Saturday,Colombo,කොළඹ,6.9271,79.8612,53,28.4,23.4,25.5,1.6,1.6,0.0,17.6,45.0,82
439961,2026-01-10,10:18:57,2026,1,10,10,Saturday,Kalutara,කළුතර,6.5854,79.9607,53,30.4,23.0,25.7,3.3,3.3,0.0,15.8,34.2,83
439872,2026-01-09,17:45:32,2026,1,9,17,Friday,Colombo,කොළඹ,6.9271,79.8612,51,29.4,22.3,25.2,0.7,0.7,0.0,20.9,51.8,78
439855,2026-01-09,16:09:13,2026,1,9,16,Friday,Galle,ගාල්ල,6.0535,80.221,53,30.9,21.6,25.6,0.8,0.8,0.0,17.5,34.2,79
439813,2026-01-09,11:12:28,2026,1,9,11,Friday,Monaragala,මොණරාගල,6.8728,81.3507,53,29.4,21.6,24.8,3.0,3.0,0.0,17.2,43.9,81
439738,2026-01-08,19:58:52,2026,1,8,19,Thursday,Nuwara Eliya,නුවරඑළිය,6.9497,80.7891,51,16.3,10.4,13.3,2.5,2.5,0.0,10.9,29.9,96
439723,2026-01-08,18:38:37,2026,1,8,18,Thursday,Kalutara,හොරණ,6.7156,80.0631,51,27.9,22.8,24.9,0.1,0.1,0.0,25.1,47.5,76
439673,2026-01-08,12:53:16,2026,1,8,12,Thursday,Colombo,කොළඹ,6.9271,79.8612,3,27.7,22.5,24.8,0.0,0.0,0.0,23.7,58.0,77
439523,2026-01-07,13:07:38,2026,1,7,13,Wednesday,Nuwara Eliya,නුවරඑළිය,6.9497,80.7891,51,17.9,10.3,13.6,0.4,0.4,0.0,11.7,32.0,91
439308,2026-01-06,11:16:19,2026,1,6,11,Tuesday,Anuradhapura,අනුරාධපුර,8.3114,80.4037,63,25.4,22.5,23.6,25.6,25.6,0.0,17.1,32.4,90
439035,2026-01-04,14:30:44,2026,1,4,14,Sunday,Colombo,පිළියන්දල,6.801,79.9228,53,32.1,23.1,27.0,1.7,1.7,0.0,19.5,38.2,69
439023,2026-01-04,12:58:22,2026,1,4,12,Sunday,Monaragala,මොණරාගල,6.8728,81.3507,51,28.5,22.8,24.9,0.8,0.8,0.0,21.8,53.3,76
439004,2026-01-04,10:46:29,2026,1,4,10,Sunday,Colombo,කැස්බෑව,6.795,79.939,53,32.1,23.1,27.0,1.7,1.7,0.0,19.5,38.2,69
438805,2026-01-02,19:08:34,2026,1,2,19,Friday,Trincomalee,ත්‍රිකුණාමලය,8.5874,81.2152,51,28.1,25.1,26.5,0.4,0.4,0.0,17.4,34.9,79
438729,2026-01-02,13:32:59,2026,1,2,13,Friday,Colombo,කොළඹ,6.9271,79.8612,51,31.2,24.5,26.8,0.4,0.4,0.0,17.4,43.6,76
438725,2026-01-02,13:22:49,2026,1,2,13,Friday,Colombo,කැස්බෑව,6.795,79.939,51,29.6,24.1,26.3,0.2,0.2,0.0,20.0,39.6,83
438648,2026-01-01,17:57:47,2026,1,1,17,Thursday,Kandy,නුවර,7.2906,80.6337,53,27.6,20.6,23.1,1.9,1.9,0.0,12.7,33.5,87
438599,2026-01-01,12:36:24,2026,1,1,12,Thursday,Hambantota,තංගල්ල,6.0239,80.7944,61,29.8,23.4,25.9,4.7,4.7,0.0,13.7,30.2,83
438476,2025-12-31,12:29:10,2025,12,31,12,Wednesday,Colombo,කැස්බෑව,6.795,79.939,61,28.8,23.5,26.1,2.5,2.5,0.0,22.4,45.4,85
438451,2025-12-31,10:50:51,2025,12,31,10,Wednesday,Colombo,කොළඹ,6.9271,79.8612,53,29.8,23.9,26.5,2.5,2.5,0.0,20.9,51.1,80
438372,2025-12-30,18:47:38,2025,12,30,18,Tuesday,Colombo,කොළඹ,6.9271,79.8612,53,31.0,24.0,27.1,1.9,1.9,0.0,20.1,47.5,76
438346,2025-12-30,16:22:09,2025,12,30,16,Tuesday,Nuwara Eliya,නුවරඑළිය,6.9497,80.7891,51,21.5,12.2,16.3,1.3,1.3,0.0,5.5,20.5,88
438186,2025-12-29,20:17:18,2025,12,29,20,Monday,Colombo,පාදුක්ක,6.8408,80.0925,55,30.8,22.2,26.1,3.0,3.0,0.0,14.1,29.5,82
438184,2025-12-29,19:48:01,2025,12,29,19,Monday,Kalutara,අලුත්ගම,6.4333,79.9958,51,30.0,23.0,26.1,1.6,1.6,0.0,12.0,28.4,88
438143,2025-12-29,16:00:56,2025,12,29,16,Monday,Colombo,කොළඹ,6.9271,79.8612,53,31.9,24.0,27.5,2.9,2.9,0.0,15.7,39.2,73
438027,2025-12-28,17:43:09,2025,12,28,17,Sunday,Kandy,නුවර,7.2906,80.6337,51,28.5,20.2,23.8,0.5,0.5,0.0,14.1,32.8,79
437677,2025-12-26,10:14:42,2025,12,26,10,Friday,Kalutara,මතුගම,6.5222,80.1167,3,30.5,21.0,25.3,0.0,0.0,0.0,10.2,24.5,83
437619,2025-12-25,18:01:13,2025,12,25,18,Thursday,Matara,මාතර,5.9485,80.5353,61,28.6,22.6,25.3,3.0,3.0,0.0,11.6,27.0,88
437598,2025-12-25,15:55:31,2025,12,25,15,Thursday,Matara,දික්වැල්ල,5.9667,80.6833,61,29.3,22.2,25.3,3.2,3.2,0.0,12.7,27.7,86
437548,2025-12-25,10:42:46,2025,12,25,10,Thursday,Kandy,නුවර,7.2906,80.6337,3,28.4,19.4,23.1,0.0,0.0,0.0,12.5,29.9,77
437217,2025-12-23,11:57:08,2025,12,23,11,Tuesday,Colombo,කොළඹ,6.9271,79.8612,51,31.4,22.9,26.5,0.4,0.4,0.0,17.7,43.6,75
437130,2025-12-22,19:29:25,2025,12,22,19,Monday,Colombo,කොළඹ,6.9271,79.8612,51,30.6,23.2,26.5,0.1,0.1,0.0,16.9,40.7,73
437105,2025-12-22,16:55:00,2025,12,22,16,Monday,Galle,ඇල්පිටිය,6.2833,80.1667,65,28.8,22.5,25.4,16.0,16.0,0.0,8.5,22.3,90
436923,2025-12-21,16:43:34,2025,12,21,16,Sunday,Anuradhapura,අනුරාධපුර,8.3114,80.4037,51,27.5,22.2,24.7,0.5,0.5,0.0,19.0,39.2,78
436780,2025-12-20,14:41:15,2025,12,20,14,Saturday,Colombo,කොළඹ,6.9271,79.8612,53,29.5,22.8,25.7,1.7,1.7,0.0,17.1,42.8,79
436666,2025-12-19,18:38:24,2025,12,19,18,Friday,Colombo,කොළඹ,6.9271,79.8612,53,29.9,23.7,26.1,1.3,1.3,0.0,18.1,44.6,84
436570,2025-12-19,10:28:42,2025,12,19,10,Friday,Colombo,හෝමාගම,6.8408,80.0022,63,30.7,23.1,25.5,6.0,6.0,0.0,16.2,37.4,88
436313,2025-12-17,18:41:16,2025,12,17,18,Wednesday,Kurunegala,කුරුණෑගල,7.4863,80.3623,51,28.5,22.4,24.7,0.7,0.7,0.0,18.7,41.4,88
436290,2025-12-17,17:07:30,2025,12,17,17,Wednesday,Matale,දඹුල්ල,7.86,80.6517,63,25.7,22.2,23.3,10.9,10.9,0.0,20.6,42.5,95
436219,2025-12-17,12:19:09,2025,12,17,12,Wednesday,Matale,දඹුල්ල,7.86,80.6517,63,25.7,22.2,23.3,10.9,10.9,0.0,20.6,42.5,95
435959,2025-12-15,20:49:31,2025,12,15,20,Monday,Monaragala,වැල්ලවාය,6.7333,81.1,51,30.9,22.4,26.0,0.3,0.3,0.0,10.2,24.1,74
435954,2025-12-15,19:42:48,2025,12,15,19,Monday,Colombo,කොළඹ,6.9271,79.8612,51,29.5,22.7,25.8,0.5,0.5,0.0,22.8,54.7,79
435758,2025-12-14,17:09:05,2025,12,14,17,Sunday,Colombo,කොළඹ,6.9271,79.8612,51,29.5,23.2,25.8,0.8,0.8,0.0,17.0,41.0,83
435753,2025-12-14,16:15:02,2025,12,14,16,Sunday,Colombo,කොළඹ,6.9271,79.8612,51,29.5,23.2,25.8,0.8,0.8,0.0,17.0,41.0,83
435737,2025-12-14,13:54:05,2025,12,14,13,Sunday,Colombo,කොළඹ,6.9271,79.8612,51,29.5,23.2,25.8,0.8,0.8,0.0,17.0,41.0,83
435736,2025-12-14,13:40:15,2025,12,14,13,Sunday,Galle,අම්බලන්ගොඩ,6.2358,80.0536,63,28.9,22.9,25.3,13.0,13.0,0.0,12.0,26.3,89
435675,2025-12-13,21:07:51,2025,12,13,21,Saturday,Colombo,කොළඹ,6.9271,79.8612,61,29.7,23.0,25.4,5.4,5.4,0.0,17.1,42.1,86
435513,2025-12-12,18:38:23,2025,12,12,18,Friday,Gampaha,ගම්පහ,7.0917,79.9997,65,30.8,22.1,24.8,17.6,17.6,0.0,10.7,22.3,90
435469,2025-12-12,15:30:08,2025,12,12,15,Friday,Colombo,කොළඹ,6.9271,79.8612,63,29.8,22.8,25.0,10.4,10.4,0.0,13.0,36.4,88
435450,2025-12-12,13:38:59,2025,12,12,13,Friday,Colombo,කොළඹ,6.9271,79.8612,63,29.8,22.8,25.0,10.4,10.4,0.0,13.0,36.4,88
435397,2025-12-12,07:53:15,2025,12,12,7,Friday,Colombo,කොළඹ,6.9271,79.8612,63,29.8,22.8,25.0,10.4,10.4,0.0,13.0,36.4,88
435372,2025-12-11,22:05:43,2025,12,11,22,Thursday,Gampaha,කිරිබත්ගොඩ,6.9786,79.9283,53,29.2,23.4,25.3,2.3,2.3,0.0,22.1,49.0,87
435300,2025-12-11,14:02:52,2025,12,11,14,Thursday,Kandy,මහනුවර,7.2906,80.6337,65,26.6,20.5,22.4,20.2,20.2,0.0,15.5,34.9,90
435293,2025-12-11,13:23:17,2025,12,11,13,Thursday,Ampara,අම්පාර,7.2975,81.682,65,27.2,22.8,24.1,38.7,38.7,0.0,15.0,33.1,94
435272,2025-12-11,11:31:42,2025,12,11,11,Thursday,Gampaha,කඩවත,7.0,79.95,63,29.4,23.2,25.2,7.3,7.3,0.0,20.0,42.5,88
434936,2025-12-09,12:48:17,2025,12,9,12,Tuesday,Colombo,කොළඹ,6.9271,79.8612,63,29.2,23.5,25.3,15.3,15.3,0.0,18.0,45.0,87
434663,2025-12-07,15:55:01,2025,12,7,15,Sunday,Nuwara Eliya,නුවරඑළිය,6.9497,80.7891,55,20.3,11.6,14.9,3.7,3.7,0.0,11.2,31.7,90
434446,2025-12-06,07:16:06,2025,12,6,7,Saturday,Colombo,කොළඹ,6.9271,79.8612,65,30.6,22.9,25.5,19.8,19.8,0.0,9.2,24.8,86
434196,2025-12-04,14:23:50,2025,12,4,14,Thursday,Puttalam,වෙන්නප්පුව,7.35,79.8333,63,30.4,22.9,25.5,8.8,8.8,0.0,14.9,35.3,87
433995,2025-12-03,11:58:52,2025,12,3,11,Wednesday,Gampaha,මීගමුව,7.2083,79.8358,3,29.7,23.1,26.0,0.0,0.0,0.0,11.8,29.2,83
433754,2025-12-02,01:32:18,2025,12,2,1,Tuesday,Gampaha,මීගමුව,7.2083,79.8358,51,29.2,22.5,25.8,0.6,0.6,0.0,13.3,30.2,84
433536,2025-11-30,22:08:01,2025,11,30,22,Sunday,Puttalam,වෙන්නප්පුව,7.35,79.8333,51,28.8,20.8,24.8,0.2,0.2,0.0,14.2,32.0,82
433123,2025-11-28,13:30:22,2025,11,28,13,Friday,Kandy,නාවලපිටිය,7.05,80.5333,65,20.0,19.1,19.5,247.3,247.3,0.0,20.0,77.0,100
432991,2025-11-27,17:54:43,2025,11,27,17,Thursday,Colombo,කොළඹ,6.9271,79.8612,65,24.7,23.6,24.2,111.1,111.1,0.0,32.8,70.6,91
432925,2025-11-27,13:04:16,2025,11,27,13,Thursday,Ampara,අම්පාර,7.2975,81.682,63,26.8,23.3,24.7,54.1,54.1,0.0,32.0,59.4,94
432665,2025-11-25,18:07:05,2025,11,25,18,Tuesday,Jaffna,යාපනය,9.6615,80.0255,63,29.7,23.5,26.1,9.2,9.2,0.0,26.9,51.8,82
432605,2025-11-25,14:18:33,2025,11,25,14,Tuesday,Colombo,කොළඹ,6.9271,79.8612,63,27.3,23.0,24.7,12.9,12.9,0.0,17.3,39.2,91
432569,2025-11-25,12:14:29,2025,11,25,12,Tuesday,Colombo,කොළඹ,6.9271,79.8612,63,27.3,23.0,24.7,12.9,12.9,0.0,17.3,39.2,91
432490,2025-11-24,17:57:24,2025,11,24,17,Monday,Kandy,මහනුවර,7.2906,80.6337,63,25.0,20.9,22.2,30.1,30.1,0.0,15.5,35.3,94
432368,2025-11-24,08:33:41,2025,11,24,8,Monday,Colombo,කොළඹ,6.9271,79.8612,63,28.5,23.4,25.1,12.4,12.4,0.0,10.9,25.9,90
432357,2025-11-24,06:38:51,2025,11,24,6,Monday,Kegalle,මාවනැල්ල,7.25,80.45,63,27.1,22.1,23.5,24.5,24.5,0.0,12.6,27.7,96
432339,2025-11-23,21:01:01,2025,11,23,21,Sunday,Colombo,කොළඹ,6.9271,79.8612,61,29.1,23.2,25.7,8.4,8.4,0.0,14.1,36.0,87
432292,2025-11-23,15:03:19,2025,11,23,15,Sunday,Colombo,කොළඹ,6.9271,79.8612,61,29.1,23.2,25.7,8.4,8.4,0.0,14.1,36.0,87
432282,2025-11-23,13:33:33,2025,11,23,13,Sunday,Colombo,කොළඹ,6.9271,79.8612,61,29.1,23.2,25.7,8.4,8.4,0.0,14.1,36.0,87
432255,2025-11-23,10:16:52,2025,11,23,10,Sunday,Kandy,කඩුගන්නාව,7.25,80.5167,63,26.8,19.1,21.7,20.0,20.0,0.0,11.0,25.9,92
432215,2025-11-22,19:43:15,2025,11,22,19,Saturday,Colombo,කොළඹ,6.9271,79.8612,63,29.2,23.3,25.6,11.0,11.0,0.0,9.4,26.3,88
432184,2025-11-22,15:12:28,2025,11,22,15,Saturday,Matale,දඹුල්ල,7.86,80.6517,65,28.9,22.3,24.2,46.6,46.6,0.0,14.2,29.2,92
432144,2025-11-22,11:54:50,2025,11,22,11,Saturday,Colombo,කොළඹ,6.9271,79.8612,63,29.2,23.3,25.6,11.0,11.0,0.0,9.4,26.3,88
432013,2025-11-21,14:18:23,2025,11,21,14,Friday,Kandy,මහනුවර,7.2906,80.6337,63,29.7,20.5,23.7,6.5,6.5,0.0,11.7,26.3,89
431810,2025-11-20,14:22:17,2025,11,20,14,Thursday,Hambantota,හම්බන්තොට,6.1246,81.1185,53,31.0,23.8,26.4,0.9,0.9,0.0,16.7,33.8,84
431638,2025-11-19,15:22:29,2025,11,19,15,Wednesday,Nuwara Eliya,කොටගල,6.9,80.6167,53,23.2,14.9,18.1,1.0,1.0,0.0,11.2,29.2,87
431503,2025-11-18,23:18:03,2025,11,18,23,Tuesday,Anuradhapura,කැබිතිගොල්ලෑව,8.65,80.6667,63,27.1,22.4,24.4,11.6,11.6,0.0,16.5,34.9,93
431228,2025-11-17,15:16:55,2025,11,17,15,Monday,Colombo,කොළඹ,6.9271,79.8612,63,28.4,23.4,25.1,22.9,22.9,0.0,14.0,36.4,90
431123,2025-11-17,09:18:19,2025,11,17,9,Monday,Batticaloa,මඩකලපුව,7.7102,81.6924,63,28.5,23.8,25.6,24.5,24.5,0.0,13.5,28.1,88
431111,2025-11-17,07:42:23,2025,11,17,7,Monday,Kurunegala,මහව,7.8167,80.2833,63,27.5,22.7,24.1,11.8,11.8,0.0,16.2,31.7,95
431058,2025-11-16,18:30:37,2025,11,16,18,Sunday,Badulla,බදුල්ල,6.9934,81.055,55,24.2,20.6,21.9,5.8,5.8,0.0,7.6,24.1,93
431002,2025-11-16,14:17:16,2025,11,16,14,Sunday,Gampaha,ගම්පහ,7.0917,79.9997,51,30.7,23.6,26.4,0.4,0.4,0.0,15.2,32.8,84
430977,2025-11-16,08:58:12,2025,11,16,8,Sunday,Badulla,ඇල්ල,6.8667,81.05,55,24.2,17.7,20.9,4.4,4.4,0.0,8.1,22.7,93
430972,2025-11-16,07:55:27,2025,11,16,7,Sunday,Gampaha,ගම්පහ,7.0917,79.9997,51,30.7,23.6,26.4,0.4,0.4,0.0,15.2,32.8,84
430899,2025-11-15,16:02:12,2025,11,15,16,Saturday,Colombo,හෝමාගම,6.8408,80.0022,51,31.0,22.6,26.2,0.2,0.2,0.0,18.1,36.4,82
430850,2025-11-15,12:25:12,2025,11,15,12,Saturday,Polonnaruwa,පොළොන්නරුව,7.9403,81.0188,63,28.4,23.5,24.8,20.6,20.6,0.0,16.7,33.8,92
430549,2025-11-13,16:13:54,2025,11,13,16,Thursday,Polonnaruwa,පොළොන්නරුව,7.9403,81.0188,63,29.3,22.7,24.6,17.4,17.4,0.0,12.7,34.6,92
430464,2025-11-13,11:21:39,2025,11,13,11,Thursday,Trincomalee,ත්‍රිකුණාමලය,8.5874,81.2152,63,27.7,23.3,25.4,23.7,23.7,0.0,18.2,38.9,90
430385,2025-11-12,18:34:41,2025,11,12,18,Wednesday,Matara,මාතර,5.9485,80.5353,63,30.4,23.7,25.9,18.5,18.5,0.0,13.2,30.6,88
430375,2025-11-12,18:00:32,2025,11,12,18,Wednesday,Colombo,කොළඹ,6.9271,79.8612,61,30.1,24.0,26.0,6.6,6.6,0.0,14.3,38.2,88
430219,2025-11-11,23:10:22,2025,11,11,23,Tuesday,Anuradhapura,තඹුත්තේගම,8.15,80.4,61,30.3,23.3,25.4,5.7,5.7,0.0,12.8,33.8,89
430186,2025-11-11,18:14:52,2025,11,11,18,Tuesday,Colombo,මොරටුව,6.773,79.8816,63,29.6,23.6,26.5,8.0,8.0,0.0,13.5,29.2,86
430132,2025-11-11,15:03:03,2025,11,11,15,Tuesday,Kandy,මහනුවර,7.2906,80.6337,63,28.3,20.3,23.1,6.9,6.9,0.0,9.8,27.7,88
430130,2025-11-11,14:52:15,2025,11,11,14,Tuesday,Jaffna,යාපනය,9.6615,80.0255,63,30.1,24.6,27.0,5.9,5.9,0.0,17.3,34.9,83
429925,2025-11-10,13:51:08,2025,11,10,13,Monday,Anuradhapura,අනුරාධපුර,8.3114,80.4037,61,30.2,23.6,25.5,5.7,5.7,0.0,14.9,32.4,89
429822,2025-11-09,20:46:24,2025,11,9,20,Sunday,Gampaha,මිනුවන්ගොඩ,7.1667,79.95,53,31.1,22.0,25.7,1.0,1.0,0.0,12.4,30.6,85
429790,2025-11-09,15:59:37,2025,11,9,15,Sunday,Gampaha,වත්තල,6.9897,79.8917,55,29.9,23.5,26.3,2.2,2.2,0.0,13.3,32.0,84
429727,2025-11-09,09:42:54,2025,11,9,9,Sunday,Kandy,මහනුවර,7.2906,80.6337,51,28.7,19.3,23.4,0.4,0.4,0.0,14.5,35.3,83
429690,2025-11-08,23:11:01,2025,11,8,23,Saturday,Kurunegala,මහව,7.8167,80.2833,65,29.7,22.6,24.8,14.1,14.1,0.0,11.8,31.7,92
429652,2025-11-08,16:34:31,2025,11,8,16,Saturday,Nuwara Eliya,නුවරඑළිය,6.9497,80.7891,63,19.3,13.0,15.2,12.9,12.9,0.0,6.7,21.2,95
429492,2025-11-07,17:08:49,2025,11,7,17,Friday,Gampaha,කටුනායක,7.1697,79.8844,53,29.4,23.8,26.4,2.0,2.0,0.0,17.5,37.8,85
429484,2025-11-07,15:26:20,2025,11,7,15,Friday,Kandy,මහනුවර,7.2906,80.6337,61,27.5,20.1,23.0,5.2,5.2,0.0,12.8,33.8,87
429454,2025-11-07,13:36:09,2025,11,7,13,Friday,Colombo,කොළඹ,6.9271,79.8612,63,29.0,23.6,26.2,7.0,7.0,0.0,15.8,37.8,85
429420,2025-11-07,11:26:41,2025,11,7,11,Friday,Nuwara Eliya,මස්කෙළිය,6.8333,80.5667,55,22.1,17.4,18.9,5.0,5.0,0.0,9.9,30.6,90
429336,2025-11-06,19:39:29,2025,11,6,19,Thursday,Nuwara Eliya,මස්කෙළිය,6.8333,80.5667,61,20.8,17.1,18.5,12.7,12.7,0.0,9.3,30.6,97
429325,2025-11-06,18:43:57,2025,11,6,18,Thursday,Kandy,පේරාදෙණිය,7.2597,80.5967,53,27.3,21.1,23.1,5.6,5.6,0.0,14.4,36.7,89
428939,2025-11-04,16:17:21,2025,11,4,16,Tuesday,Matara,දික්වැල්ල,5.9667,80.6833,3,31.6,24.8,27.8,0.0,0.0,0.0,24.2,54.7,72
428821,2025-11-03,19:21:14,2025,11,3,19,Monday,Colombo,හෝමාගම,6.8408,80.0022,3,30.9,23.9,27.3,0.0,0.0,0.0,14.8,32.4,78
428817,2025-11-03,18:56:31,2025,11,3,18,Monday,Badulla,බදුල්ල,6.9934,81.055,3,31.3,17.7,24.7,0.0,0.0,0.0,12.2,34.9,67
428765,2025-11-03,16:14:50,2025,11,3,16,Monday,Colombo,කොළඹ,6.9271,79.8612,51,31.2,26.0,28.7,0.1,0.1,0.0,15.6,42.5,68
428746,2025-11-03,15:01:50,2025,11,3,15,Monday,Colombo,පිළියන්දල,6.801,79.9228,3,30.3,25.6,28.0,0.0,0.0,0.0,15.7,34.6,76
428521,2025-11-01,19:15:32,2025,11,1,19,Saturday,Gampaha,මිනුවන්ගොඩ,7.1667,79.95,3,31.1,22.9,26.9,0.0,0.0,0.0,11.0,25.6,85
428518,2025-11-01,19:05:35,2025,11,1,19,Saturday,Kalutara,හොරණ,6.7156,80.0631,51,30.7,23.1,26.5,0.1,0.1,0.0,12.3,27.7,86
428443,2025-11-01,11:37:01,2025,11,1,11,Saturday,Kurunegala,කුරුණෑගල,7.4863,80.3623,53,32.0,22.7,26.9,1.6,1.6,0.0,9.5,21.2,79
428255,2025-10-31,08:56:34,2025,10,31,8,Friday,Gampaha,ගම්පහ,7.0917,79.9997,51,31.3,22.5,26.9,0.1,0.1,0.0,9.9,24.8,83
428108,2025-10-30,12:46:34,2025,10,30,12,Thursday,Gampaha,කටුනායක,7.1697,79.8844,51,30.3,24.9,27.4,0.3,0.3,0.0,12.1,32.4,81
427607,2025-10-27,18:05:38,2025,10,27,18,Monday,Kurunegala,වාරියපොල,7.6167,80.2333,51,29.6,23.8,26.4,0.3,0.3,0.0,23.1,43.9,84
427564,2025-10-27,14:41:54,2025,10,27,14,Monday,Badulla,පස්සර,6.9333,81.15,3,28.1,16.7,22.2,0.0,0.0,0.0,15.0,55.4,64
427538,2025-10-27,12:16:51,2025,10,27,12,Monday,Kurunegala,කුරුණෑගල,7.4863,80.3623,51,29.3,23.4,25.9,0.9,0.9,0.0,21.1,43.6,82
427393,2025-10-26,13:41:50,2025,10,26,13,Sunday,Galle,ගාල්ල,6.0535,80.221,3,29.6,25.8,27.3,0.0,0.0,0.0,21.7,43.6,80
427021,2025-10-24,01:18:34,2025,10,24,1,Friday,Jaffna,යාපනය,9.6615,80.0255,63,29.3,25.7,27.8,4.2,4.2,0.0,28.2,51.1,82
426973,2025-10-23,17:33:15,2025,10,23,17,Thursday,Colombo,කොළඹ,6.9271,79.8612,61,28.7,24.2,26.2,10.3,10.3,0.0,16.7,39.6,87
426876,2025-10-23,12:06:16,2025,10,23,12,Thursday,Matale,දඹුල්ල,7.86,80.6517,61,26.3,22.1,23.6,10.5,10.5,0.0,25.6,46.8,93
426762,2025-10-22,17:40:23,2025,10,22,17,Wednesday,Kalutara,හොරණ,6.7156,80.0631,63,28.7,22.6,25.0,15.0,15.0,0.0,18.0,40.0,90
426577,2025-10-21,19:09:59,2025,10,21,19,Tuesday,Kurunegala,කුරුණෑගල,7.4863,80.3623,63,26.9,22.3,23.6,32.1,32.1,0.0,15.7,31.3,95
426177,2025-10-20,00:07:52,2025,10,20,0,Monday,Kandy,නුවර,7.2906,80.6337,65,26.0,21.0,22.3,57.9,57.9,0.0,8.3,22.3,95
426092,2025-10-19,11:54:19,2025,10,19,11,Sunday,Colombo,කොළඹ,6.9271,79.8612,63,27.5,23.6,25.2,19.4,19.4,0.0,8.7,31.7,92
425783,2025-10-17,10:13:50,2025,10,17,10,Friday,Kandy,ගම්පොල,7.1667,80.5667,63,28.5,21.2,23.3,19.1,19.1,0.0,6.7,20.9,92
425735,2025-10-16,19:03:12,2025,10,16,19,Thursday,Kurunegala,අලව්ව,7.3,80.2333,63,30.7,22.9,25.0,16.8,16.8,0.0,7.9,18.4,92
425247,2025-10-14,14:00:56,2025,10,14,14,Tuesday,Nuwara Eliya,නුවරඑළිය,6.9497,80.7891,61,20.6,12.4,16.0,3.7,3.7,0.0,11.5,33.5,89
425131,2025-10-13,18:53:43,2025,10,13,18,Monday,Nuwara Eliya,නුවරඑළිය,6.9497,80.7891,63,20.0,12.3,15.7,8.5,8.5,0.0,6.8,22.0,92
424966,2025-10-12,22:29:26,2025,10,12,22,Sunday,Kandy,මහනුවර,7.2906,80.6337,53,30.7,20.0,24.7,1.4,1.4,0.0,8.0,25.6,80
424963,2025-10-12,21:54:12,2025,10,12,21,Sunday,Kandy,මහනුවර,7.2906,80.6337,53,30.7,20.0,24.7,1.4,1.4,0.0,8.0,25.6,80
424892,2025-10-12,11:57:13,2025,10,12,11,Sunday,Kurunegala,නාරම්මල,7.4333,80.2,61,35.6,22.6,27.6,7.0,7.0,0.0,16.7,37.8,75
424372,2025-10-09,07:40:15,2025,10,9,7,Thursday,Kalutara,කළුතර,6.5854,79.9607,51,30.2,23.6,27.3,0.2,0.2,0.0,10.4,24.5,75
424326,2025-10-08,18:25:47,2025,10,8,18,Wednesday,Kalutara,හොරණ,6.7156,80.0631,51,30.1,23.0,26.4,0.7,0.7,0.0,15.7,31.0,83
424155,2025-10-07,23:45:04,2025,10,7,23,Tuesday,Kandy,නුවර,7.2906,80.6337,51,29.9,19.4,23.9,0.4,0.4,0.0,11.0,29.9,82
424132,2025-10-07,19:13:59,2025,10,7,19,Tuesday,Jaffna,යාපනය,9.6615,80.0255,63,31.1,23.3,27.8,16.0,16.0,0.0,18.5,33.5,82
424077,2025-10-07,15:14:40,2025,10,7,15,Tuesday,Nuwara Eliya,කොටගල,6.9,80.6167,53,21.9,15.2,18.2,2.1,2.1,0.0,7.3,24.1,88
424052,2025-10-07,13:56:22,2025,10,7,13,Tuesday,Kalutara,කළුතර,6.5854,79.9607,63,29.4,23.3,26.4,8.9,8.9,0.0,10.0,24.1,86
423978,2025-10-07,07:46:45,2025,10,7,7,Tuesday,Kandy,ගම්පොල,7.1667,80.5667,53,28.8,18.4,23.0,1.0,1.0,0.0,12.2,29.5,83
423970,2025-10-07,01:32:51,2025,10,7,1,Tuesday,Colombo,පිළියන්දල,6.801,79.9228,61,29.5,23.6,26.8,4.9,4.9,0.0,11.0,25.2,86
423915,2025-10-06,15:46:22,2025,10,6,15,Monday,Kandy,ගම්පොල,7.1667,80.5667,53,28.1,17.1,22.6,1.1,1.1,0.0,13.0,31.7,80
423721,2025-10-05,10:37:01,2025,10,5,10,Sunday,Gampaha,කටුනායක,7.1697,79.8844,51,28.8,23.3,25.9,1.0,1.0,0.0,14.9,33.1,87
423668,2025-10-04,17:51:32,2025,10,4,17,Saturday,Galle,ගාල්ල,6.0535,80.221,63,29.1,22.7,25.7,11.5,11.5,0.0,16.5,34.6,88
423648,2025-10-04,16:02:40,2025,10,4,16,Saturday,Kalutara,හොරණ,6.7156,80.0631,61,27.9,22.6,25.1,5.4,5.4,0.0,10.3,25.9,91
423643,2025-10-04,15:22:20,2025,10,4,15,Saturday,Gampaha,මිනුවන්ගොඩ,7.1667,79.95,63,29.0,23.1,25.6,10.1,10.1,0.0,9.5,24.5,90
423619,2025-10-04,12:25:40,2025,10,4,12,Saturday,Gampaha,මිනුවන්ගොඩ,7.1667,79.95,63,29.0,23.1,25.6,10.1,10.1,0.0,9.5,24.5,90
423488,2025-10-03,14:23:20,2025,10,3,14,Friday,Colombo,කොළඹ,6.9271,79.8612,51,30.2,25.5,27.8,0.2,0.2,0.0,12.3,33.5,82
423440,2025-10-03,11:23:39,2025,10,3,11,Friday,Matale,දඹුල්ල,7.86,80.6517,3,35.4,24.9,28.7,0.0,0.0,0.0,20.5,40.0,64
423361,2025-10-02,18:31:46,2025,10,2,18,Thursday,Nuwara Eliya,නුවරඑළිය,6.9497,80.7891,51,23.1,12.9,16.7,0.3,0.3,0.0,12.9,37.4,74
423299,2025-10-02,12:17:52,2025,10,2,12,Thursday,Colombo,බොරලැස්ගමුව,6.8389,79.9003,53,30.3,25.7,27.9,1.1,1.1,0.0,13.3,33.5,80
423295,2025-10-02,11:45:20,2025,10,2,11,Thursday,Colombo,බොරලැස්ගමුව,6.8389,79.9003,53,30.3,25.7,27.9,1.1,1.1,0.0,13.3,33.5,80
422977,2025-09-30,17:29:28,2025,9,30,17,Tuesday,Hambantota,කතරගම,6.4134,81.3346,3,37.9,24.4,30.1,0.0,0.0,0.0,28.9,56.9,62
422845,2025-09-29,22:26:57,2025,9,29,22,Monday,Colombo,කොළඹ,6.9271,79.8612,53,29.3,26.4,27.6,2.7,2.7,0.0,19.9,51.8,81
422835,2025-09-29,20:47:13,2025,9,29,20,Monday,Kandy,මහනුවර,7.2906,80.6337,53,28.2,21.9,24.2,2.5,2.5,0.0,21.4,52.9,81
422776,2025-09-29,14:41:31,2025,9,29,14,Monday,Colombo,කොළඹ,6.9271,79.8612,53,29.3,26.4,27.6,2.7,2.7,0.0,19.9,51.8,81
422741,2025-09-29,11:47:31,2025,9,29,11,Monday,Kandy,මහනුවර,7.2906,80.6337,53,28.2,21.9,24.2,2.5,2.5,0.0,21.4,52.9,81
422624,2025-09-28,15:36:51,2025,9,28,15,Sunday,Colombo,කොළඹ,6.9271,79.8612,63,29.0,23.9,26.9,6.6,6.6,0.0,19.8,47.2,83
422574,2025-09-28,07:56:26,2025,9,28,7,Sunday,Colombo,කොළඹ,6.9271,79.8612,63,29.0,23.9,26.9,6.6,6.6,0.0,19.8,47.2,83
422494,2025-09-27,14:47:21,2025,9,27,14,Saturday,Colombo,කොළඹ,6.9271,79.8612,61,29.3,25.1,27.2,4.4,4.4,0.0,16.7,44.3,81
422466,2025-09-27,12:19:28,2025,9,27,12,Saturday,Kurunegala,කුරුණෑගල,7.4863,80.3623,51,30.3,23.1,26.1,1.1,1.1,0.0,23.3,52.6,81
422464,2025-09-27,12:15:00,2025,9,27,12,Saturday,Nuwara Eliya,මස්කෙළිය,6.8333,80.5667,55,21.9,17.2,18.9,6.0,6.0,0.0,14.6,56.5,95
422427,2025-09-27,09:23:53,2025,9,27,9,Saturday,Colombo,කොළඹ,6.9271,79.8612,61,29.3,25.1,27.2,4.4,4.4,0.0,16.7,44.3,81
422415,2025-09-27,07:38:09,2025,9,27,7,Saturday,Anuradhapura,අනුරාධපුර,8.3114,80.4037,51,31.0,24.9,27.4,0.1,0.1,0.0,30.5,63.7,77
422337,2025-09-26,15:53:03,2025,9,26,15,Friday,Kalutara,බණ්ඩාරගම,6.7133,79.9072,63,27.1,24.3,25.9,27.2,27.2,0.0,22.0,48.6,88
422297,2025-09-26,11:32:03,2025,9,26,11,Friday,Colombo,පාදුක්ක,6.8408,80.0925,65,26.6,22.0,23.6,48.2,48.2,0.0,17.8,42.5,96
422222,2025-09-26,07:46:12,2025,9,26,7,Friday,Kurunegala,කුරුණෑගල,7.4863,80.3623,63,29.2,22.3,24.0,22.5,22.5,0.0,22.7,55.4,91
422192,2025-09-25,19:11:37,2025,9,25,19,Thursday,Kurunegala,මැල්සිරිපුර,7.4833,80.5167,63,29.4,23.3,24.6,14.7,14.7,0.0,22.0,59.0,91
422121,2025-09-25,15:06:24,2025,9,25,15,Thursday,Colombo,කොළඹ,6.9271,79.8612,63,27.9,24.1,25.7,20.0,20.0,0.0,21.5,51.5,88
422094,2025-09-25,13:16:27,2025,9,25,13,Thursday,Kurunegala,මැල්සිරිපුර,7.4833,80.5167,63,29.4,23.3,24.6,14.7,14.7,0.0,22.0,59.0,91
422032,2025-09-25,09:03:47,2025,9,25,9,Thursday,Kurunegala,කුරුණෑගල,7.4863,80.3623,63,29.5,23.2,24.9,9.1,9.1,0.0,26.8,55.1,87
422021,2025-09-25,07:35:53,2025,9,25,7,Thursday,Kurunegala,කුරුණෑගල,7.4863,80.3623,63,29.5,23.2,24.9,9.1,9.1,0.0,26.8,55.1,87
422017,2025-09-25,07:18:54,2025,9,25,7,Thursday,Colombo,කොළඹ,6.9271,79.8612,63,27.9,24.1,25.7,20.0,20.0,0.0,21.5,51.5,88
421918,2025-09-24,15:18:21,2025,9,24,15,Wednesday,Puttalam,වෙන්නප්පුව,7.35,79.8333,65,27.3,24.5,26.2,32.1,32.1,0.0,22.9,46.4,87
421770,2025-09-23,18:58:46,2025,9,23,18,Tuesday,Kalutara,කළුතර,6.5854,79.9607,61,29.6,23.8,26.4,9.3,9.3,0.0,20.2,41.8,87
421769,2025-09-23,18:52:22,2025,9,23,18,Tuesday,Gampaha,නිට්ටඹුව,7.1417,80.0958,55,29.8,22.7,25.8,2.1,2.1,0.0,19.9,41.8,85
421577,2025-09-22,20:41:04,2025,9,22,20,Monday,Ampara,අම්පාර,7.2975,81.682,53,35.1,25.0,29.1,0.8,0.8,0.0,10.8,28.4,70
421525,2025-09-22,15:33:59,2025,9,22,15,Monday,Colombo,කොළඹ,6.9271,79.8612,63,28.5,23.1,25.9,18.0,18.0,0.0,17.4,45.4,88
421515,2025-09-22,14:51:23,2025,9,22,14,Monday,Matale,දඹුල්ල,7.86,80.6517,53,32.7,23.1,27.0,1.6,1.6,0.0,32.4,61.9,73
421450,2025-09-22,10:48:42,2025,9,22,10,Monday,Nuwara Eliya,රාගල,6.9833,80.7667,53,17.5,13.1,14.6,4.6,4.6,0.0,18.5,51.8,93
421316,2025-09-21,11:12:38,2025,9,21,11,Sunday,Kurunegala,කුරුණෑගල,7.4863,80.3623,55,30.7,22.7,25.6,3.6,3.6,0.0,21.9,48.2,82
421313,2025-09-21,11:04:38,2025,9,21,11,Sunday,Gampaha,ගම්පහ,7.0917,79.9997,61,29.6,22.8,25.6,15.2,15.2,0.0,14.9,37.1,88
421311,2025-09-21,10:59:54,2025,9,21,10,Sunday,Colombo,කොළඹ,6.9271,79.8612,63,28.5,23.0,25.8,23.4,23.4,0.0,15.5,41.4,87
421304,2025-09-21,10:43:17,2025,9,21,10,Sunday,Puttalam,පුත්තලම,8.0362,79.8283,61,30.8,24.1,27.7,5.3,5.3,0.0,27.7,53.3,78
421286,2025-09-21,07:45:12,2025,9,21,7,Sunday,Colombo,කොළඹ,6.9271,79.8612,63,28.5,23.0,25.8,23.4,23.4,0.0,15.5,41.4,87
421245,2025-09-20,19:04:52,2025,9,20,19,Saturday,Kandy,නාවලපිටිය,7.05,80.5333,55,25.5,19.4,22.0,5.2,5.2,0.0,13.3,40.0,88
420895,2025-09-18,16:43:16,2025,9,18,16,Thursday,Anuradhapura,තලාව,8.2333,80.35,63,30.8,24.7,27.4,5.0,5.0,0.0,27.1,51.1,76
420674,2025-09-17,15:09:15,2025,9,17,15,Wednesday,Badulla,බණ්ඩාරවෙල,6.8333,80.9833,63,24.8,18.3,20.6,15.6,15.6,0.0,9.5,26.6,83
420615,2025-09-17,10:54:23,2025,9,17,10,Wednesday,Colombo,කොළඹ,6.9271,79.8612,63,27.9,24.1,25.7,18.7,18.7,0.0,15.4,42.1,88
420558,2025-09-17,07:03:46,2025,9,17,7,Wednesday,Colombo,කොළඹ,6.9271,79.8612,63,27.9,24.1,25.7,18.7,18.7,0.0,15.4,42.1,88
420442,2025-09-16,12:26:43,2025,9,16,12,Tuesday,Ratnapura,රත්නපුර,6.6828,80.3992,63,28.4,23.5,25.4,17.9,17.9,0.0,13.0,34.9,91
420356,2025-09-16,07:54:27,2025,9,16,7,Tuesday,Colombo,කොළඹ,6.9271,79.8612,63,28.5,24.7,26.3,14.5,14.5,0.0,11.4,34.2,87
420240,2025-09-15,13:25:44,2025,9,15,13,Monday,Polonnaruwa,පොළොන්නරුව,7.9403,81.0188,51,32.4,26.7,29.2,0.3,0.3,0.0,23.7,46.4,64
420111,2025-09-14,18:45:41,2025,9,14,18,Sunday,Batticaloa,මඩකලපුව,7.7102,81.6924,51,34.4,24.5,28.6,0.4,0.4,0.0,18.4,42.1,75
420080,2025-09-14,14:52:50,2025,9,14,14,Sunday,Galle,ගාල්ල,6.0535,80.221,53,30.8,25.2,27.5,2.2,2.2,0.0,24.0,47.5,78
420054,2025-09-14,10:08:54,2025,9,14,10,Sunday,Badulla,බදුල්ල,6.9934,81.055,51,31.3,19.0,24.7,0.7,0.7,0.0,7.9,25.9,68
420003,2025-09-13,18:23:55,2025,9,13,18,Saturday,Nuwara Eliya,නුවරඑළිය,6.9497,80.7891,51,20.4,12.6,15.8,0.5,0.5,0.0,17.7,47.9,85
419924,2025-09-13,10:50:38,2025,9,13,10,Saturday,Kandy,නාවලපිටිය,7.05,80.5333,53,25.9,18.9,21.8,3.5,3.5,0.0,14.6,41.8,86
419828,2025-09-12,17:26:35,2025,9,12,17,Friday,Nuwara Eliya,නුවරඑළිය,6.9497,80.7891,51,20.2,12.9,16.0,0.7,0.7,0.0,17.9,47.2,87
419789,2025-09-12,14:48:10,2025,9,12,14,Friday,Matara,වැලිගම,5.975,80.4297,53,30.1,25.1,27.6,4.2,4.2,0.0,23.4,49.3,80
419625,2025-09-11,15:13:45,2025,9,11,15,Thursday,Colombo,කොළඹ,6.9271,79.8612,61,29.8,25.7,27.5,2.4,2.4,0.0,17.0,45.0,80
419568,2025-09-11,11:39:37,2025,9,11,11,Thursday,Nuwara Eliya,නුවරඑළිය,6.9497,80.7891,51,20.5,12.1,15.5,0.6,0.6,0.0,15.5,41.8,85
419486,2025-09-10,20:21:14,2025,9,10,20,Wednesday,Nuwara Eliya,නුවරඑළිය,6.9497,80.7891,65,21.2,12.6,15.6,12.9,12.9,0.0,9.4,23.4,90
419430,2025-09-10,15:10:48,2025,9,10,15,Wednesday,Badulla,බණ්ඩාරවෙල,6.8333,80.9833,61,25.7,15.4,20.5,3.2,3.2,0.0,8.3,24.8,80
419415,2025-09-10,14:12:26,2025,9,10,14,Wednesday,Kandy,මහනුවර,7.2906,80.6337,63,28.5,20.8,23.5,7.7,7.7,0.0,14.3,37.8,88
419345,2025-09-10,10:28:40,2025,9,10,10,Wednesday,Badulla,ඇල්ල,6.8667,81.05,53,27.8,17.8,22.8,1.8,1.8,0.0,8.0,25.2,79
419096,2025-09-09,08:02:59,2025,9,9,8,Tuesday,Colombo,කොළඹ,6.9271,79.8612,53,29.4,24.4,26.9,2.2,2.2,0.0,18.0,42.1,86
419079,2025-09-09,06:33:42,2025,9,9,6,Tuesday,Colombo,කොළඹ,6.9271,79.8612,53,29.4,24.4,26.9,2.2,2.2,0.0,18.0,42.1,86
419066,2025-09-08,21:17:12,2025,9,8,21,Monday,Colombo,කොළඹ,6.9271,79.8612,61,29.5,25.1,27.2,4.8,4.8,0.0,11.9,34.9,85
419042,2025-09-08,17:09:56,2025,9,8,17,Monday,Galle,ගාල්ල,6.0535,80.221,55,29.6,24.4,26.9,3.5,3.5,0.0,22.8,45.4,83
419002,2025-09-08,13:27:01,2025,9,8,13,Monday,Colombo,කොළඹ,6.9271,79.8612,61,29.5,25.1,27.2,4.8,4.8,0.0,11.9,34.9,85
418904,2025-09-08,07:22:51,2025,9,8,7,Monday,Hambantota,තංගල්ල,6.0239,80.7944,51,34.0,25.0,28.5,1.6,1.6,0.0,23.5,52.6,72
418872,2025-09-07,19:27:03,2025,9,7,19,Sunday,Hambantota,තංගල්ල,6.0239,80.7944,3,34.6,25.1,28.9,0.0,0.0,0.0,27.2,58.0,67
418859,2025-09-07,16:58:25,2025,9,7,16,Sunday,Hambantota,තංගල්ල,6.0239,80.7944,3,34.6,25.1,28.9,0.0,0.0,0.0,27.2,58.0,67
418857,2025-09-07,16:42:45,2025,9,7,16,Sunday,Badulla,ඇල්ල,6.8667,81.05,55,31.8,19.0,24.0,2.0,2.0,0.0,12.2,31.7,69
418834,2025-09-07,14:33:56,2025,9,7,14,Sunday,Badulla,ඇල්ල,6.8667,81.05,55,31.8,19.0,24.0,2.0,2.0,0.0,12.2,31.7,69
418832,2025-09-07,14:29:04,2025,9,7,14,Sunday,Badulla,ඇල්ල,6.8667,81.05,55,31.8,19.0,24.0,2.0,2.0,0.0,12.2,31.7,69
418818,2025-09-07,11:35:26,2025,9,7,11,Sunday,Gampaha,කඩවත,7.0,79.95,51,29.5,24.3,26.7,1.1,1.1,0.0,16.9,38.2,85
418799,2025-09-07,09:09:10,2025,9,7,9,Sunday,Colombo,කොළඹ,6.9271,79.8612,51,29.0,25.7,27.2,1.4,1.4,0.0,17.8,44.3,82
418772,2025-09-06,21:12:11,2025,9,6,21,Saturday,Hambantota,තංගල්ල,6.0239,80.7944,51,32.8,25.0,28.2,1.0,1.0,0.0,28.3,61.2,73
418750,2025-09-06,17:54:48,2025,9,6,17,Saturday,Hambantota,තංගල්ල,6.0239,80.7944,51,32.8,25.0,28.2,1.0,1.0,0.0,28.3,61.2,73
418741,2025-09-06,17:08:02,2025,9,6,17,Saturday,Hambantota,තංගල්ල,6.0239,80.7944,51,32.8,25.0,28.2,1.0,1.0,0.0,28.3,61.2,73
418736,2025-09-06,16:50:25,2025,9,6,16,Saturday,Badulla,බදුල්ල,6.9934,81.055,61,33.2,19.8,25.3,7.2,7.2,0.0,11.7,37.4,65
418727,2025-09-06,16:21:07,2025,9,6,16,Saturday,Badulla,දියතලාව,6.8167,80.9667,53,27.6,16.2,21.0,1.9,1.9,0.0,11.0,28.8,76
418702,2025-09-06,14:25:31,2025,9,6,14,Saturday,Colombo,කොළඹ,6.9271,79.8612,61,28.9,25.7,27.1,4.3,4.3,0.0,17.8,43.9,83
418683,2025-09-06,12:26:56,2025,9,6,12,Saturday,Hambantota,තංගල්ල,6.0239,80.7944,51,32.8,25.0,28.2,1.0,1.0,0.0,28.3,61.2,73
418652,2025-09-06,10:06:44,2025,9,6,10,Saturday,Hambantota,තංගල්ල,6.0239,80.7944,51,32.8,25.0,28.2,1.0,1.0,0.0,28.3,61.2,73
418640,2025-09-06,08:57:14,2025,9,6,8,Saturday,Hambantota,තංගල්ල,6.0239,80.7944,51,32.8,25.0,28.2,1.0,1.0,0.0,28.3,61.2,73
418635,2025-09-06,08:30:10,2025,9,6,8,Saturday,Hambantota,තංගල්ල,6.0239,80.7944,51,32.8,25.0,28.2,1.0,1.0,0.0,28.3,61.2,73
418572,2025-09-05,16:32:49,2025,9,5,16,Friday,Badulla,බදුල්ල,6.9934,81.055,3,34.2,20.6,26.7,0.0,0.0,0.0,14.9,46.8,52
418554,2025-09-05,14:33:24,2025,9,5,14,Friday,Hambantota,තංගල්ල,6.0239,80.7944,51,32.5,25.2,28.3,0.3,0.3,0.0,28.0,62.3,71
418552,2025-09-05,14:01:39,2025,9,5,14,Friday,Hambantota,තංගල්ල,6.0239,80.7944,51,32.5,25.2,28.3,0.3,0.3,0.0,28.0,62.3,71
418548,2025-09-05,13:20:33,2025,9,5,13,Friday,Badulla,බදුල්ල,6.9934,81.055,3,34.2,20.6,26.7,0.0,0.0,0.0,14.9,46.8,52
418536,2025-09-05,12:32:45,2025,9,5,12,Friday,Hambantota,තංගල්ල,6.0239,80.7944,51,32.5,25.2,28.3,0.3,0.3,0.0,28.0,62.3,71
418512,2025-09-05,10:01:37,2025,9,5,10,Friday,Hambantota,තංගල්ල,6.0239,80.7944,51,32.5,25.2,28.3,0.3,0.3,0.0,28.0,62.3,71
418498,2025-09-05,09:14:06,2025,9,5,9,Friday,Hambantota,තංගල්ල,6.0239,80.7944,51,32.5,25.2,28.3,0.3,0.3,0.0,28.0,62.3,71
418471,2025-09-05,07:36:21,2025,9,5,7,Friday,Hambantota,තංගල්ල,6.0239,80.7944,51,32.5,25.2,28.3,0.3,0.3,0.0,28.0,62.3,71
418460,2025-09-05,07:25:11,2025,9,5,7,Friday,Hambantota,තංගල්ල,6.0239,80.7944,51,32.5,25.2,28.3,0.3,0.3,0.0,28.0,62.3,71
418445,2025-09-05,06:20:41,2025,9,5,6,Friday,Hambantota,තංගල්ල,6.0239,80.7944,51,32.5,25.2,28.3,0.3,0.3,0.0,28.0,62.3,71
418439,2025-09-04,22:07:49,2025,9,4,22,Thursday,Hambantota,තංගල්ල,6.0239,80.7944,53,31.4,24.2,27.6,1.5,1.5,0.0,30.8,65.9,72
418031,2025-09-03,06:20:24,2025,9,3,6,Wednesday,Gampaha,මීරිගම,7.2333,80.1167,61,29.1,23.0,25.3,6.2,6.2,0.0,22.4,46.4,88
417890,2025-09-02,11:13:57,2025,9,2,11,Tuesday,Hambantota,කතරගම,6.4134,81.3346,3,37.0,25.7,30.2,0.0,0.0,0.0,32.0,62.3,59
417140,2025-08-29,08:28:11,2025,8,29,8,Friday,Kurunegala,කුලියාපිටිය,7.4667,80.0333,61,31.1,23.1,26.7,7.6,7.6,0.0,25.8,52.6,82
417094,2025-08-28,18:21:07,2025,8,28,18,Thursday,Anuradhapura,අනුරාධපුර,8.3114,80.4037,55,32.6,24.8,28.3,2.2,2.2,0.0,36.1,69.8,70
417050,2025-08-28,14:10:42,2025,8,28,14,Thursday,Matale,දඹුල්ල,7.86,80.6517,53,32.3,22.7,26.7,1.4,1.4,0.0,37.1,70.2,74
417037,2025-08-28,13:32:04,2025,8,28,13,Thursday,Kurunegala,කුලියාපිටිය,7.4667,80.0333,63,30.7,22.8,26.3,10.7,10.7,0.0,25.4,56.2,84
416928,2025-08-27,21:02:41,2025,8,27,21,Wednesday,Hambantota,තංගල්ල,6.0239,80.7944,53,30.7,25.0,27.2,2.7,2.7,0.0,30.3,64.4,75
416876,2025-08-27,15:13:36,2025,8,27,15,Wednesday,Colombo,කොළඹ,6.9271,79.8612,53,29.7,25.1,27.3,3.1,3.1,0.0,21.1,55.1,77
416866,2025-08-27,14:21:16,2025,8,27,14,Wednesday,Colombo,කොළඹ,6.9271,79.8612,53,29.7,25.1,27.3,3.1,3.1,0.0,21.1,55.1,77
416851,2025-08-27,12:49:35,2025,8,27,12,Wednesday,Colombo,හෝමාගම,6.8408,80.0022,63,29.3,23.2,26.2,15.3,15.3,0.0,19.3,43.2,84
416782,2025-08-27,08:28:28,2025,8,27,8,Wednesday,Kurunegala,කුලියාපිටිය,7.4667,80.0333,61,31.3,22.4,26.4,7.2,7.2,0.0,26.1,53.6,80
416295,2025-08-24,11:11:04,2025,8,24,11,Sunday,Colombo,කොළඹ,6.9271,79.8612,51,29.9,25.5,27.4,0.6,0.6,0.0,13.6,38.5,82
416275,2025-08-24,08:35:30,2025,8,24,8,Sunday,Gampaha,මිනුවන්ගොඩ,7.1667,79.95,51,30.4,23.7,26.8,0.5,0.5,0.0,15.1,34.9,84
416160,2025-08-23,10:38:48,2025,8,23,10,Saturday,Colombo,කොළඹ,6.9271,79.8612,61,28.0,24.2,26.5,5.7,5.7,0.0,11.3,36.7,85
416144,2025-08-23,09:22:50,2025,8,23,9,Saturday,Colombo,කොළඹ,6.9271,79.8612,61,28.0,24.2,26.5,5.7,5.7,0.0,11.3,36.7,85
415286,2025-08-18,21:25:47,2025,8,18,21,Monday,Anuradhapura,කැකිරාව,8.0333,80.6,51,32.3,22.7,27.1,1.1,1.1,0.0,34.9,65.5,73
415102,2025-08-17,20:59:30,2025,8,17,20,Sunday,Jaffna,යාපනය,9.6615,80.0255,51,29.5,27.2,28.3,0.7,0.7,0.0,29.3,54.0,81
414909,2025-08-16,15:14:58,2025,8,16,15,Saturday,Colombo,හෝමාගම,6.8408,80.0022,63,29.1,23.3,26.4,8.5,8.5,0.0,19.7,41.0,82
414905,2025-08-16,14:51:02,2025,8,16,14,Saturday,Colombo,කොළඹ,6.9271,79.8612,53,28.7,24.7,26.9,5.2,5.2,0.0,20.7,52.6,80
414900,2025-08-16,14:27:09,2025,8,16,14,Saturday,Matale,රත්තොට,7.5167,80.6833,53,25.6,21.6,23.0,5.2,5.2,0.0,26.2,66.6,88
414836,2025-08-16,07:31:45,2025,8,16,7,Saturday,Monaragala,මොණරාගල,6.8728,81.3507,51,34.6,23.2,28.5,0.1,0.1,0.0,14.2,34.9,60
414713,2025-08-15,10:18:25,2025,8,15,10,Friday,Badulla,බදුල්ල,6.9934,81.055,51,31.1,19.9,25.2,0.3,0.3,0.0,9.8,35.3,63
414708,2025-08-15,09:51:25,2025,8,15,9,Friday,Badulla,බණ්ඩාරවෙල,6.8333,80.9833,51,26.0,17.8,21.4,0.3,0.3,0.0,14.7,31.3,70
414161,2025-08-12,10:24:27,2025,8,12,10,Tuesday,Colombo,කොළඹ,6.9271,79.8612,53,28.2,25.1,26.4,5.1,5.1,0.0,22.0,51.1,84
414147,2025-08-12,09:10:42,2025,8,12,9,Tuesday,Matale,දඹුල්ල,7.86,80.6517,51,29.9,23.0,25.8,1.9,1.9,0.0,36.3,65.9,77
414125,2025-08-12,06:30:17,2025,8,12,6,Tuesday,Colombo,කොළඹ,6.9271,79.8612,53,28.2,25.1,26.4,5.1,5.1,0.0,22.0,51.1,84
414043,2025-08-11,13:51:32,2025,8,11,13,Monday,Galle,ඇල්පිටිය,6.2833,80.1667,63,29.0,24.0,26.1,10.1,10.1,0.0,15.3,34.9,83
413901,2025-08-10,14:37:41,2025,8,10,14,Sunday,Colombo,කොළඹ,6.9271,79.8612,53,29.1,24.8,26.9,3.1,3.1,0.0,19.5,47.5,81
413826,2025-08-09,17:37:30,2025,8,9,17,Saturday,Gampaha,දිවුලපිටිය,7.2167,80.0,51,29.2,23.0,25.8,1.4,1.4,0.0,15.2,34.2,87
413730,2025-08-09,08:57:07,2025,8,9,8,Saturday,Colombo,කොළඹ,6.9271,79.8612,51,28.7,25.1,26.7,0.7,0.7,0.0,14.5,36.4,84
413652,2025-08-08,16:07:04,2025,8,8,16,Friday,Colombo,කොළඹ,6.9271,79.8612,53,28.7,25.6,26.9,2.6,2.6,0.0,16.3,41.8,83
413268,2025-08-06,10:55:20,2025,8,6,10,Wednesday,Colombo,බත්තරමුල්ල,6.898,79.918,51,28.0,25.5,26.6,1.2,1.2,0.0,18.9,45.7,85
412791,2025-08-03,16:10:32,2025,8,3,16,Sunday,Kandy,පේරාදෙණිය,7.2597,80.5967,61,25.0,21.0,22.6,7.6,7.6,0.0,16.1,40.3,92
412583,2025-08-02,08:47:10,2025,8,2,8,Saturday,Kegalle,කෑගල්ල,7.2513,80.3464,61,28.5,23.3,25.4,6.3,6.3,0.0,15.9,36.4,89
412552,2025-08-01,22:22:40,2025,8,1,22,Friday,Kurunegala,කුරුණෑගල,7.4863,80.3623,63,29.9,24.1,26.3,9.6,9.6,0.0,14.9,36.4,85
412325,2025-07-31,10:47:48,2025,7,31,10,Thursday,Colombo,කොළඹ,6.9271,79.8612,53,28.6,25.8,27.0,2.3,2.3,0.0,18.6,37.4,86
412208,2025-07-30,14:54:38,2025,7,30,14,Wednesday,Kalutara,අලුත්ගම,6.4333,79.9958,3,29.0,24.2,26.7,0.0,0.0,0.0,20.6,43.2,87
412148,2025-07-30,09:58:00,2025,7,30,9,Wednesday,Nuwara Eliya,නුවරඑළිය,6.9497,80.7891,53,21.3,12.9,16.8,3.1,3.1,0.0,10.4,27.0,83
412114,2025-07-29,23:27:57,2025,7,29,23,Tuesday,Galle,ගාල්ල,6.0535,80.221,51,30.2,25.3,27.1,0.1,0.1,0.0,25.3,47.2,83
412113,2025-07-29,23:14:06,2025,7,29,23,Tuesday,Kegalle,රඹුක්කන,7.3167,80.4,3,31.2,23.5,26.6,0.0,0.0,0.0,15.1,36.0,76
412109,2025-07-29,22:09:30,2025,7,29,22,Tuesday,Colombo,කොළඹ,6.9271,79.8612,51,29.5,24.4,27.0,0.1,0.1,0.0,15.9,38.2,84
411981,2025-07-29,09:43:16,2025,7,29,9,Tuesday,Colombo,කොළඹ,6.9271,79.8612,51,29.5,24.4,27.0,0.1,0.1,0.0,15.9,38.2,84
411920,2025-07-28,17:33:55,2025,7,28,17,Monday,Colombo,කොළඹ,6.9271,79.8612,51,28.9,25.4,26.9,0.6,0.6,0.0,18.8,44.3,86
411863,2025-07-28,13:05:09,2025,7,28,13,Monday,Colombo,කොළඹ,6.9271,79.8612,51,28.9,25.4,26.9,0.6,0.6,0.0,18.8,44.3,86
411828,2025-07-28,10:12:40,2025,7,28,10,Monday,Colombo,කොළඹ,6.9271,79.8612,51,28.9,25.4,26.9,0.6,0.6,0.0,18.8,44.3,86
411815,2025-07-28,08:35:28,2025,7,28,8,Monday,Jaffna,යාපනය,9.6615,80.0255,51,31.5,27.3,29.0,0.9,0.9,0.0,20.0,39.2,76
411811,2025-07-28,08:20:49,2025,7,28,8,Monday,Vavuniya,වවුනියාව,8.7514,80.4971,53,37.9,25.2,30.0,1.1,1.1,0.0,18.8,34.2,63
411713,2025-07-27,14:48:18,2025,7,27,14,Sunday,Nuwara Eliya,කොටගල,6.9,80.6167,53,20.8,15.8,17.7,3.3,3.3,0.0,18.1,42.1,89
411711,2025-07-27,14:28:18,2025,7,27,14,Sunday,Matara,මිරිස්ස,5.9483,80.4589,51,30.2,23.7,26.6,0.1,0.1,0.0,25.3,50.0,82
411682,2025-07-27,10:31:25,2025,7,27,10,Sunday,Colombo,කොළඹ,6.9271,79.8612,51,28.6,23.7,26.4,0.3,0.3,0.0,16.2,42.5,86
411668,2025-07-27,08:30:59,2025,7,27,8,Sunday,Kilinochchi,කිලිනොච්චි,9.3961,80.3981,3,33.4,25.8,29.5,0.0,0.0,0.0,23.8,45.4,63
411438,2025-07-25,15:50:59,2025,7,25,15,Friday,Colombo,කොළඹ,6.9271,79.8612,53,28.0,25.1,26.3,4.1,4.1,0.0,18.5,51.1,86
411175,2025-07-23,15:23:51,2025,7,23,15,Wednesday,Colombo,නුගේගොඩ,6.8649,79.8997,61,28.3,24.4,26.4,7.6,7.6,0.0,18.6,49.0,86
411134,2025-07-23,10:40:36,2025,7,23,10,Wednesday,Hambantota,බෙලිඅත්ත,6.05,80.75,51,29.0,24.2,26.3,1.1,1.1,0.0,24.0,52.2,83
411066,2025-07-22,17:49:52,2025,7,22,17,Tuesday,Colombo,කොළඹ,6.9271,79.8612,63,27.5,24.9,26.2,19.3,19.3,0.0,18.6,50.0,87
410889,2025-07-21,15:54:41,2025,7,21,15,Monday,Hambantota,හම්බන්තොට,6.1246,81.1185,53,29.7,24.9,26.7,3.2,3.2,0.0,34.3,64.1,80
410829,2025-07-21,09:33:53,2025,7,21,9,Monday,Colombo,කොළඹ,6.9271,79.8612,63,27.3,25.0,25.8,22.4,22.4,0.0,19.2,49.3,88
410814,2025-07-21,07:59:16,2025,7,21,7,Monday,Kegalle,කෑගල්ල,7.2513,80.3464,63,26.1,22.3,23.5,24.0,24.0,0.0,17.3,49.0,97
410718,2025-07-20,07:46:44,2025,7,20,7,Sunday,Kurunegala,නාරම්මල,7.4333,80.2,63,26.9,23.0,24.4,15.7,15.7,0.0,20.3,56.2,93
410694,2025-07-19,19:44:24,2025,7,19,19,Saturday,Colombo,කොළඹ,6.9271,79.8612,61,28.0,25.5,26.6,11.7,11.7,0.0,26.7,61.6,85
410631,2025-07-19,11:43:36,2025,7,19,11,Saturday,Anuradhapura,අනුරාධපුර,8.3114,80.4037,51,32.7,25.7,28.3,0.6,0.6,0.0,33.9,68.8,72
410407,2025-07-17,12:20:26,2025,7,17,12,Thursday,Colombo,හංවැල්ල,6.9,80.0833,53,29.2,23.9,26.5,4.4,4.4,0.0,21.1,45.7,84
410318,2025-07-16,15:49:50,2025,7,16,15,Wednesday,Badulla,ඇල්ල,6.8667,81.05,63,28.3,21.5,23.8,6.8,6.8,0.0,9.6,24.5,76
410021,2025-07-13,18:54:56,2025,7,13,18,Sunday,Gampaha,මීරිගම,7.2333,80.1167,53,29.1,22.9,25.9,4.6,4.6,0.0,18.8,37.8,88
409999,2025-07-13,14:14:33,2025,7,13,14,Sunday,Colombo,රාජගිරිය,6.9095,79.8937,63,30.1,26.1,28.0,12.4,12.4,0.0,21.1,53.3,79
409898,2025-07-12,08:21:39,2025,7,12,8,Saturday,Mullaitivu,මාන්කුලම,9.15,80.45,61,35.1,26.7,30.1,2.1,2.1,0.0,16.1,40.0,66
409840,2025-07-11,14:29:54,2025,7,11,14,Friday,Nuwara Eliya,නුවරඑළිය,6.9497,80.7891,53,20.5,13.5,16.3,2.0,2.0,0.0,17.9,42.8,89
409731,2025-07-10,11:28:46,2025,7,10,11,Thursday,Nuwara Eliya,නුවරඑළිය,6.9497,80.7891,53,21.3,13.5,16.8,3.9,3.9,0.0,10.5,29.2,86
409401,2025-07-07,07:43:11,2025,7,7,7,Monday,Badulla,ඇල්ල,6.8667,81.05,53,30.7,19.5,24.5,1.4,1.4,0.0,11.0,29.5,64
409389,2025-07-06,21:28:20,2025,7,6,21,Sunday,Colombo,මොරටුව,6.773,79.8816,61,28.9,25.1,27.5,5.7,5.7,0.0,18.5,42.5,82
409248,2025-07-05,08:54:34,2025,7,5,8,Saturday,Colombo,කොළඹ,6.9271,79.8612,53,29.7,26.4,28.0,2.1,2.1,0.0,17.3,48.6,83
409187,2025-07-04,13:17:33,2025,7,4,13,Friday,Puttalam,පුත්තලම,8.0362,79.8283,51,32.5,26.7,29.1,0.1,0.1,0.0,28.6,55.4,74
408834,2025-06-30,17:31:06,2025,6,30,17,Monday,Hambantota,කතරගම,6.4134,81.3346,53,36.6,25.8,30.6,1.7,1.7,0.0,26.5,54.0,58
408786,2025-06-30,10:39:12,2025,6,30,10,Monday,Kalutara,හොරණ,6.7156,80.0631,53,30.2,24.0,27.0,3.0,3.0,0.0,17.2,36.7,84
408739,2025-06-29,17:08:43,2025,6,29,17,Sunday,Hambantota,තංගල්ල,6.0239,80.7944,51,31.4,24.5,28.0,0.9,0.9,0.0,22.6,51.8,76
408697,2025-06-29,10:02:21,2025,6,29,10,Sunday,Nuwara Eliya,නුවරඑළිය,6.9497,80.7891,51,18.4,14.0,15.7,0.5,0.5,0.0,21.5,54.0,86
408685,2025-06-29,07:06:36,2025,6,29,7,Sunday,Hambantota,තංගල්ල,6.0239,80.7944,51,31.4,24.5,28.0,0.9,0.9,0.0,22.6,51.8,76
408680,2025-06-28,23:15:37,2025,6,28,23,Saturday,Galle,හික්කඩුව,6.1395,80.1011,63,28.2,24.2,25.9,20.9,20.9,0.0,16.7,37.4,91
408610,2025-06-28,09:59:15,2025,6,28,9,Saturday,Galle,ගාල්ල,6.0535,80.221,63,28.6,24.3,25.9,12.7,12.7,0.0,17.3,36.0,89
408560,2025-06-27,17:26:29,2025,6,27,17,Friday,Kegalle,කෑගල්ල,7.2513,80.3464,53,29.6,24.3,26.5,2.4,2.4,0.0,17.2,38.2,81
408460,2025-06-26,16:37:06,2025,6,26,16,Thursday,Matara,මාතර,5.9485,80.5353,55,29.4,24.6,26.7,6.4,6.4,0.0,21.5,46.1,85
408401,2025-06-26,10:09:49,2025,6,26,10,Thursday,Colombo,කොළඹ,6.9271,79.8612,63,28.6,23.9,26.0,20.7,20.7,0.0,14.4,38.9,89
408364,2025-06-25,20:41:06,2025,6,25,20,Wednesday,Colombo,දෙහිවල,6.8511,79.8653,61,29.0,25.6,27.3,9.1,9.1,0.0,17.5,42.8,84
408239,2025-06-24,21:56:05,2025,6,24,21,Tuesday,Colombo,කොළඹ,6.9271,79.8612,53,29.6,26.6,27.8,2.8,2.8,0.0,22.5,53.3,82
408208,2025-06-24,17:24:54,2025,6,24,17,Tuesday,Monaragala,මොණරාගල,6.8728,81.3507,51,33.6,23.0,27.9,0.2,0.2,0.0,11.5,28.8,72
408171,2025-06-24,14:12:30,2025,6,24,14,Tuesday,Colombo,කොළඹ,6.9271,79.8612,53,29.6,26.6,27.8,2.8,2.8,0.0,22.5,53.3,82
408027,2025-06-23,11:38:08,2025,6,23,11,Monday,Nuwara Eliya,නුවරඑළිය,6.9497,80.7891,51,18.3,14.1,15.7,1.9,1.9,0.0,22.7,58.0,91
407984,2025-06-22,20:01:21,2025,6,22,20,Sunday,Anuradhapura,තඹුත්තේගම,8.15,80.4,51,32.7,24.7,28.1,0.5,0.5,0.0,30.4,56.9,75
407966,2025-06-22,15:48:11,2025,6,22,15,Sunday,Colombo,කොළඹ,6.9271,79.8612,53,29.4,24.9,27.5,5.1,5.1,0.0,20.0,49.0,82
407916,2025-06-22,07:33:24,2025,6,22,7,Sunday,Anuradhapura,තඹුත්තේගම,8.15,80.4,51,32.7,24.7,28.1,0.5,0.5,0.0,30.4,56.9,75
407903,2025-06-21,21:39:57,2025,6,21,21,Saturday,Colombo,කොළඹ,6.9271,79.8612,53,29.2,24.7,27.1,6.0,6.0,0.0,17.8,47.9,85
407886,2025-06-21,18:25:09,2025,6,21,18,Saturday,Badulla,බදුල්ල,6.9934,81.055,61,31.3,20.9,25.4,3.2,3.2,0.0,8.8,27.7,72
407884,2025-06-21,17:53:26,2025,6,21,17,Saturday,Kandy,මහනුවර,7.2906,80.6337,53,26.7,22.5,24.1,3.7,3.7,0.0,16.8,40.7,84
407821,2025-06-21,06:52:06,2025,6,21,6,Saturday,Badulla,බදුල්ල,6.9934,81.055,61,31.3,20.9,25.4,3.2,3.2,0.0,8.8,27.7,72
407810,2025-06-20,20:40:21,2025,6,20,20,Friday,Colombo,කොළඹ,6.9271,79.8612,63,28.6,25.5,27.0,5.9,5.9,0.0,15.7,43.6,85
407767,2025-06-20,14:54:37,2025,6,20,14,Friday,Colombo,කොළඹ,6.9271,79.8612,63,28.6,25.5,27.0,5.9,5.9,0.0,15.7,43.6,85
407734,2025-06-20,10:23:58,2025,6,20,10,Friday,Kandy,මහනුවර,7.2906,80.6337,53,26.4,22.5,24.1,2.5,2.5,0.0,18.5,45.4,84
407654,2025-06-19,12:42:48,2025,6,19,12,Thursday,Kandy,නුවර,7.2906,80.6337,53,27.4,21.8,24.3,2.1,2.1,0.0,19.0,45.4,83
407612,2025-06-19,07:13:03,2025,6,19,7,Thursday,Puttalam,කල්පිටිය,8.2333,79.7667,51,30.7,27.2,28.7,0.1,0.1,0.0,30.1,62.6,79
407527,2025-06-18,10:23:04,2025,6,18,10,Wednesday,Colombo,කොළඹ,6.9271,79.8612,51,29.5,25.7,27.5,1.3,1.3,0.0,14.1,39.2,84
407512,2025-06-18,08:45:40,2025,6,18,8,Wednesday,Trincomalee,ත්‍රිකුණාමලය,8.5874,81.2152,3,35.6,26.5,30.2,0.0,0.0,0.0,23.9,47.5,65
407343,2025-06-16,17:36:55,2025,6,16,17,Monday,Colombo,කොළඹ,6.9271,79.8612,63,28.9,24.8,26.5,27.1,27.1,0.0,18.6,46.4,85
406958,2025-06-12,16:03:28,2025,6,12,16,Thursday,Monaragala,බිබිල,7.1667,81.2167,51,33.1,24.3,28.2,0.9,0.9,0.0,13.2,34.2,69
406945,2025-06-12,14:41:09,2025,6,12,14,Thursday,Colombo,කොළඹ,6.9271,79.8612,61,28.5,24.8,26.9,13.3,13.3,0.0,20.8,49.3,83
406899,2025-06-12,07:49:44,2025,6,12,7,Thursday,Ratnapura,රත්නපුර,6.6828,80.3992,63,28.0,23.0,24.7,33.1,33.1,0.0,13.4,40.3,94
406822,2025-06-11,10:17:11,2025,6,11,10,Wednesday,Colombo,කොළඹ,6.9271,79.8612,63,27.4,25.3,26.2,40.7,40.7,0.0,22.3,55.8,87
406813,2025-06-11,08:37:27,2025,6,11,8,Wednesday,Anuradhapura,හබරණ,8.0333,80.75,51,29.5,23.4,25.8,0.6,0.6,0.0,36.2,69.8,81
406744,2025-06-10,10:16:08,2025,6,10,10,Tuesday,Anuradhapura,අනුරාධපුර,8.3114,80.4037,55,33.0,25.3,27.9,2.3,2.3,0.0,32.4,63.7,78
406683,2025-06-09,15:08:22,2025,6,9,15,Monday,Colombo,කොළඹ,6.9271,79.8612,53,29.9,26.3,28.3,2.8,2.8,0.0,21.9,53.6,76
406504,2025-06-07,11:12:21,2025,6,7,11,Saturday,Nuwara Eliya,රාගල,6.9833,80.7667,51,18.3,12.0,14.4,0.4,0.4,0.0,16.5,47.2,86
406474,2025-06-06,20:15:59,2025,6,6,20,Friday,Colombo,කොළඹ,6.9271,79.8612,53,30.0,25.9,27.9,3.3,3.3,0.0,16.2,40.3,82
406439,2025-06-06,12:37:35,2025,6,6,12,Friday,Colombo,කොළඹ,6.9271,79.8612,53,30.0,25.9,27.9,3.3,3.3,0.0,16.2,40.3,82
406434,2025-06-06,11:25:39,2025,6,6,11,Friday,Kurunegala,කුලියාපිටිය,7.4667,80.0333,51,31.0,24.6,27.3,0.5,0.5,0.0,20.5,42.1,83
406409,2025-06-06,08:02:58,2025,6,6,8,Friday,Colombo,කොළඹ,6.9271,79.8612,53,30.0,25.9,27.9,3.3,3.3,0.0,16.2,40.3,82
406346,2025-06-05,12:55:24,2025,6,5,12,Thursday,Colombo,මොරටුව,6.773,79.8816,55,29.8,25.6,27.7,7.6,7.6,0.0,21.0,42.5,85
406285,2025-06-04,17:14:28,2025,6,4,17,Wednesday,Batticaloa,මඩකලපුව,7.7102,81.6924,63,35.1,26.1,30.2,4.9,4.9,0.0,13.4,28.1,72
406193,2025-06-03,15:42:04,2025,6,3,15,Tuesday,Badulla,බදුල්ල,6.9934,81.055,51,33.0,19.8,25.8,1.2,1.2,0.0,10.6,29.9,64
406018,2025-06-01,11:31:28,2025,6,1,11,Sunday,Colombo,කොළඹ,6.9271,79.8612,55,29.9,26.8,28.3,3.9,3.9,0.0,19.8,53.6,83
406008,2025-06-01,09:51:14,2025,6,1,9,Sunday,Kandy,මහනුවර,7.2906,80.6337,55,27.9,22.7,24.5,4.9,4.9,0.0,17.9,43.2,86
405971,2025-05-31,16:51:43,2025,5,31,16,Saturday,Kandy,මහනුවර,7.2906,80.6337,61,26.6,21.8,23.6,7.5,7.5,0.0,20.3,60.5,93
405787,2025-05-29,15:43:12,2025,5,29,15,Thursday,Kandy,මහනුවර,7.2906,80.6337,55,26.9,22.9,24.2,5.8,5.8,0.0,25.7,70.6,91
405739,2025-05-29,07:28:44,2025,5,29,7,Thursday,Colombo,කොළඹ,6.9271,79.8612,63,30.3,26.7,28.3,11.9,11.9,0.0,27.4,66.6,80
405635,2025-05-28,06:58:33,2025,5,28,6,Wednesday,Gampaha,මිනුවන්ගොඩ,7.1667,79.95,53,30.8,27.0,28.6,3.2,3.2,0.0,26.5,54.0,81
405556,2025-05-27,10:15:51,2025,5,27,10,Tuesday,Kandy,මහනුවර,7.2906,80.6337,53,27.1,21.7,23.9,4.3,4.3,0.0,23.1,57.6,91
405409,2025-05-25,08:41:26,2025,5,25,8,Sunday,Hambantota,හම්බන්තොට,6.1246,81.1185,51,33.1,26.1,28.9,0.3,0.3,0.0,34.5,62.6,75
405376,2025-05-24,16:36:13,2025,5,24,16,Saturday,Monaragala,වැල්ලවාය,6.7333,81.1,51,30.2,23.8,26.6,0.2,0.2,0.0,20.1,45.7,83
405340,2025-05-24,09:07:45,2025,5,24,9,Saturday,Colombo,කොළඹ,6.9271,79.8612,65,28.5,25.5,27.0,33.1,33.1,0.0,20.4,50.0,86
405330,2025-05-24,06:20:04,2025,5,24,6,Saturday,Nuwara Eliya,නුවරඑළිය,6.9497,80.7891,61,17.9,14.9,16.2,4.4,4.4,0.0,27.2,70.6,94
405133,2025-05-21,21:51:06,2025,5,21,21,Wednesday,Colombo,කොළඹ,6.9271,79.8612,63,29.4,25.3,27.7,8.5,8.5,0.0,18.1,45.0,82
404951,2025-05-20,06:45:42,2025,5,20,6,Tuesday,Colombo,කොළඹ,6.9271,79.8612,63,29.8,25.2,27.9,10.0,10.0,0.0,20.9,50.8,80
404693,2025-05-15,14:53:05,2025,5,15,14,Thursday,Kandy,මහනුවර,7.2906,80.6337,51,29.0,22.3,24.9,2.2,2.2,0.0,14.1,35.6,83
404688,2025-05-15,13:47:02,2025,5,15,13,Thursday,Colombo,කොළඹ,6.9271,79.8612,51,31.1,24.9,28.2,2.6,2.6,0.0,17.3,43.6,81
404681,2025-05-15,13:38:39,2025,5,15,13,Thursday,Nuwara Eliya,නුවරඑළිය,6.9497,80.7891,51,21.7,14.6,17.6,0.4,0.4,0.0,11.7,29.9,85
404625,2025-05-14,11:52:42,2025,5,14,11,Wednesday,Nuwara Eliya,නුවරඑළිය,6.9497,80.7891,53,22.5,15.1,17.8,1.3,1.3,0.0,14.6,37.4,85
404518,2025-05-11,08:09:46,2025,5,11,8,Sunday,Kandy,ගම්පොල,7.1667,80.5667,61,29.4,19.9,24.2,3.1,3.1,0.0,13.3,31.3,83
404481,2025-05-10,08:49:01,2025,5,10,8,Saturday,Polonnaruwa,පොළොන්නරුව,7.9403,81.0188,51,33.5,25.5,29.2,0.2,0.2,0.0,16.1,31.7,74
404393,2025-05-08,08:34:41,2025,5,8,8,Thursday,Gampaha,කටුනායක,7.1697,79.8844,53,30.7,24.5,27.2,1.9,1.9,0.0,16.5,36.7,83
404348,2025-05-05,15:04:33,2025,5,5,15,Monday,Colombo,කොළඹ,6.9271,79.8612,55,31.4,25.7,28.4,1.9,1.9,0.0,15.6,41.4,81
404140,2025-05-01,18:30:00,2025,5,1,18,Thursday,Anuradhapura,හබරණ,8.0333,80.75,51,31.6,23.3,26.9,1.1,1.1,0.0,20.0,36.4,84
404031,2025-04-30,11:22:06,2025,4,30,11,Wednesday,Colombo,කොළඹ,6.9271,79.8612,63,29.3,24.7,26.2,14.2,14.2,0.0,13.8,36.7,87
404028,2025-04-30,10:59:00,2025,4,30,10,Wednesday,Anuradhapura,තලාව,8.2333,80.35,65,29.6,24.0,26.1,11.5,11.5,0.0,20.6,38.2,88
403918,2025-04-28,14:44:23,2025,4,28,14,Monday,Colombo,කොළඹ,6.9271,79.8612,61,31.3,25.3,27.7,3.9,3.9,0.0,14.8,41.8,81
403802,2025-04-26,16:13:55,2025,4,26,16,Saturday,Kandy,මහනුවර,7.2906,80.6337,63,30.4,20.6,24.3,5.0,5.0,0.0,9.9,28.8,87
403763,2025-04-26,09:14:05,2025,4,26,9,Saturday,Kandy,නුවර,7.2906,80.6337,63,30.4,20.6,24.3,5.0,5.0,0.0,9.9,28.8,87
403669,2025-04-24,07:47:04,2025,4,24,7,Thursday,Ampara,අක්කරෙයිපත්තුව,7.2167,81.85,53,31.9,24.9,28.0,1.0,1.0,0.0,12.2,27.4,83
403654,2025-04-23,20:38:47,2025,4,23,20,Wednesday,Kandy,මහනුවර,7.2906,80.6337,53,30.2,20.4,24.1,1.9,1.9,0.0,13.4,34.9,85
403457,2025-04-21,19:06:19,2025,4,21,19,Monday,Gampaha,වත්තල,6.9897,79.8917,51,31.0,25.1,27.9,1.3,1.3,0.0,13.5,33.8,81
403421,2025-04-21,14:08:03,2025,4,21,14,Monday,Gampaha,නිට්ටඹුව,7.1417,80.0958,53,32.0,23.6,26.6,1.7,1.7,0.0,11.3,30.6,87
403402,2025-04-21,11:12:43,2025,4,21,11,Monday,Matale,දඹුල්ල,7.86,80.6517,63,33.3,24.0,26.8,10.1,10.1,0.0,15.8,30.2,81
403271,2025-04-19,17:12:08,2025,4,19,17,Saturday,Anuradhapura,තලාව,8.2333,80.35,53,34.2,24.8,28.8,1.0,1.0,0.0,23.7,46.1,73
403188,2025-04-18,18:09:37,2025,4,18,18,Friday,Colombo,කොළඹ,6.9271,79.8612,51,32.3,25.1,28.7,0.4,0.4,0.0,15.9,43.2,75
403061,2025-04-17,11:16:02,2025,4,17,11,Thursday,Kandy,මහනුවර,7.2906,80.6337,61,29.9,20.0,24.2,4.0,4.0,0.0,10.3,30.6,85
402918,2025-04-15,16:01:34,2025,4,15,16,Tuesday,Colombo,කොළඹ,6.9271,79.8612,53,31.0,24.5,27.2,2.0,2.0,0.0,11.0,33.8,85
402882,2025-04-15,08:02:32,2025,4,15,8,Tuesday,Galle,අම්බලන්ගොඩ,6.2358,80.0536,51,30.2,24.6,27.2,1.7,1.7,0.0,13.1,30.6,88
402696,2025-04-12,09:40:21,2025,4,12,9,Saturday,Colombo,කොළඹ,6.9271,79.8612,61,30.4,25.2,27.3,5.5,5.5,0.0,16.0,40.7,83
402689,2025-04-12,08:21:11,2025,4,12,8,Saturday,Colombo,කොළඹ,6.9271,79.8612,61,30.4,25.2,27.3,5.5,5.5,0.0,16.0,40.7,83
402601,2025-04-11,07:16:54,2025,4,11,7,Friday,Colombo,කොළඹ,6.9271,79.8612,63,27.2,24.4,25.7,17.9,17.9,0.0,13.5,36.7,89
402449,2025-04-09,14:59:42,2025,4,9,14,Wednesday,Kandy,මහනුවර,7.2906,80.6337,53,28.8,20.0,23.8,2.7,2.7,0.0,12.6,34.9,88
402226,2025-04-06,12:38:23,2025,4,6,12,Sunday,Gampaha,රාගම,7.0289,79.9175,61,30.0,24.2,26.6,7.6,7.6,0.0,13.0,33.5,87
402130,2025-04-05,11:30:34,2025,4,5,11,Saturday,Colombo,කොළඹ,6.9271,79.8612,63,29.9,23.2,26.5,19.8,19.8,0.0,9.5,29.9,85
402057,2025-04-04,15:33:23,2025,4,4,15,Friday,Gampaha,කටුනායක,7.1697,79.8844,63,28.8,23.8,25.5,18.2,18.2,0.0,14.0,32.8,91
402023,2025-04-04,10:36:51,2025,4,4,10,Friday,Colombo,කොළඹ,6.9271,79.8612,61,28.6,24.0,26.2,7.6,7.6,0.0,10.8,36.0,86
401792,2025-04-01,17:55:50,2025,4,1,17,Tuesday,Batticaloa,මඩකලපුව,7.7102,81.6924,63,31.5,24.9,27.9,11.0,11.0,0.0,19.7,35.6,76
401633,2025-03-31,07:13:53,2025,3,31,7,Monday,Kandy,පේරාදෙණිය,7.2597,80.5967,53,33.4,21.4,26.0,1.1,1.1,0.0,11.9,34.6,71
401289,2025-03-27,11:04:59,2025,3,27,11,Thursday,Kegalle,රඹුක්කන,7.3167,80.4,61,32.8,21.8,25.3,3.3,3.3,0.0,13.5,28.8,85
401284,2025-03-27,10:40:20,2025,3,27,10,Thursday,Nuwara Eliya,ගිනිගත්හේන,6.9833,80.4833,63,30.1,20.2,24.3,9.0,9.0,0.0,10.0,28.4,89
401274,2025-03-27,09:15:34,2025,3,27,9,Thursday,Kalutara,හොරණ,6.7156,80.0631,51,31.1,22.8,26.1,1.1,1.1,0.0,11.9,28.1,86
401164,2025-03-26,10:19:07,2025,3,26,10,Wednesday,Colombo,කොළඹ,6.9271,79.8612,63,31.4,24.5,27.5,4.0,4.0,0.0,12.8,39.2,80
400970,2025-03-24,13:51:04,2025,3,24,13,Monday,Badulla,බණ්ඩාරවෙල,6.8333,80.9833,53,25.1,15.7,19.8,2.6,2.6,0.0,14.2,34.6,85
400881,2025-03-23,17:51:33,2025,3,23,17,Sunday,Badulla,බදුල්ල,6.9934,81.055,51,29.1,17.0,23.0,1.9,1.9,0.0,7.8,26.3,81
400837,2025-03-23,10:38:04,2025,3,23,10,Sunday,Kandy,ගම්පොල,7.1667,80.5667,55,31.4,18.6,24.5,1.3,1.3,0.0,14.9,36.0,76
400804,2025-03-22,20:33:49,2025,3,22,20,Saturday,Colombo,කොළඹ,6.9271,79.8612,51,31.5,23.6,27.4,0.8,0.8,0.0,10.6,33.1,80
400783,2025-03-22,16:26:16,2025,3,22,16,Saturday,Colombo,කොළඹ,6.9271,79.8612,51,31.5,23.6,27.4,0.8,0.8,0.0,10.6,33.1,80
400709,2025-03-21,21:00:18,2025,3,21,21,Friday,Gampaha,කටුනායක,7.1697,79.8844,63,31.2,24.1,26.8,6.1,6.1,0.0,12.7,31.7,87
400657,2025-03-21,10:47:38,2025,3,21,10,Friday,Kandy,නුවර,7.2906,80.6337,51,31.4,20.6,25.6,0.6,0.6,0.0,18.5,45.0,77
400581,2025-03-20,15:47:26,2025,3,20,15,Thursday,Badulla,ඇල්ල,6.8667,81.05,53,26.4,17.3,21.5,2.5,2.5,0.0,11.7,31.0,87
400533,2025-03-20,09:47:19,2025,3,20,9,Thursday,Colombo,කොළඹ,6.9271,79.8612,51,30.5,23.3,27.1,0.2,0.2,0.0,10.0,31.3,83
400530,2025-03-20,09:03:05,2025,3,20,9,Thursday,Colombo,කොළඹ,6.9271,79.8612,51,30.5,23.3,27.1,0.2,0.2,0.0,10.0,31.3,83
400512,2025-03-19,23:13:47,2025,3,19,23,Wednesday,Hambantota,තිස්සමහාරාම,6.2786,81.2894,65,28.7,22.5,25.1,23.3,23.3,0.0,17.2,35.3,90
400464,2025-03-19,14:56:25,2025,3,19,14,Wednesday,Matale,දඹුල්ල,7.86,80.6517,53,30.4,22.3,25.3,2.8,2.8,0.0,16.0,32.0,85
400426,2025-03-19,10:51:10,2025,3,19,10,Wednesday,Matale,දඹුල්ල,7.86,80.6517,53,30.4,22.3,25.3,2.8,2.8,0.0,16.0,32.0,85
400423,2025-03-19,10:19:22,2025,3,19,10,Wednesday,Kurunegala,කුරුණෑගල,7.4863,80.3623,55,31.4,22.8,25.8,3.0,3.0,0.0,6.7,27.0,86
400204,2025-03-17,11:39:39,2025,3,17,11,Monday,Colombo,කොළඹ,6.9271,79.8612,53,30.2,23.4,26.8,0.6,0.6,0.0,9.2,25.6,84
400091,2025-03-16,12:16:27,2025,3,16,12,Sunday,Galle,ගාල්ල,6.0535,80.221,51,28.4,23.3,25.4,0.9,0.9,0.0,12.0,22.0,89
400043,2025-03-15,19:13:05,2025,3,15,19,Saturday,Kandy,මහනුවර,7.2906,80.6337,61,32.0,18.8,24.4,2.7,2.7,0.0,7.2,21.2,78
399688,2025-03-12,15:43:40,2025,3,12,15,Wednesday,Galle,බලපිටිය,6.2833,80.0333,51,31.3,23.7,27.0,0.6,0.6,0.0,17.8,37.8,78
399552,2025-03-11,13:36:42,2025,3,11,13,Tuesday,Colombo,කොළඹ,6.9271,79.8612,63,28.0,24.1,25.9,12.4,12.4,0.0,13.6,33.8,88
399506,2025-03-11,07:03:24,2025,3,11,7,Tuesday,Kandy,කටුගස්තොට,7.3167,80.6333,65,26.5,21.5,23.1,25.4,25.4,0.0,10.1,22.0,93
399491,2025-03-10,20:17:05,2025,3,10,20,Monday,Colombo,කොළඹ,6.9271,79.8612,3,33.8,24.1,28.3,0.0,0.0,0.0,21.5,52.2,67
399482,2025-03-10,18:04:06,2025,3,10,18,Monday,Matale,දඹුල්ල,7.86,80.6517,53,27.1,21.6,24.4,2.6,2.6,0.0,22.0,43.2,85
399478,2025-03-10,17:18:55,2025,3,10,17,Monday,Colombo,කොළඹ,6.9271,79.8612,3,33.8,24.1,28.3,0.0,0.0,0.0,21.5,52.2,67
399463,2025-03-10,15:50:34,2025,3,10,15,Monday,Colombo,කොළඹ,6.9271,79.8612,3,33.8,24.1,28.3,0.0,0.0,0.0,21.5,52.2,67
399393,2025-03-10,08:50:26,2025,3,10,8,Monday,Colombo,කොළඹ,6.9271,79.8612,3,33.8,24.1,28.3,0.0,0.0,0.0,21.5,52.2,67
399342,2025-03-09,16:44:56,2025,3,9,16,Sunday,Kandy,මහනුවර,7.2906,80.6337,3,30.7,17.6,23.7,0.0,0.0,0.0,19.1,46.8,68
399320,2025-03-09,13:00:42,2025,3,9,13,Sunday,Anuradhapura,අනුරාධපුර,8.3114,80.4037,1,31.1,21.0,25.6,0.0,0.0,0.0,17.7,36.0,75
399232,2025-03-08,14:58:11,2025,3,8,14,Saturday,Matara,වැලිගම,5.975,80.4297,55,31.6,23.3,26.6,2.1,2.1,0.0,17.9,40.0,81
399192,2025-03-08,09:17:17,2025,3,8,9,Saturday,Colombo,කොළඹ,6.9271,79.8612,3,31.4,22.7,27.4,0.0,0.0,0.0,15.5,41.4,76
399165,2025-03-07,19:56:57,2025,3,7,19,Friday,Anuradhapura,කැකිරාව,8.0333,80.6,3,31.9,20.7,25.7,0.0,0.0,0.0,9.3,22.0,74
398897,2025-03-05,16:04:10,2025,3,5,16,Wednesday,Kalutara,හොරණ,6.7156,80.0631,55,31.0,22.6,26.4,1.9,1.9,0.0,12.1,25.6,84
398861,2025-03-05,12:08:07,2025,3,5,12,Wednesday,Colombo,කොළඹ,6.9271,79.8612,53,30.4,23.2,26.9,1.1,1.1,0.0,8.2,29.9,84
398632,2025-03-03,12:11:31,2025,3,3,12,Monday,Ratnapura,රත්නපුර,6.6828,80.3992,63,30.5,22.1,25.1,17.0,17.0,0.0,8.0,22.3,91
398560,2025-03-02,18:41:51,2025,3,2,18,Sunday,Galle,ගාල්ල,6.0535,80.221,63,30.3,22.9,25.1,22.0,22.0,0.0,14.8,32.8,89
398545,2025-03-02,16:02:56,2025,3,2,16,Sunday,Kandy,මහනුවර,7.2906,80.6337,53,28.2,20.5,23.8,2.4,2.4,0.0,13.9,36.7,85
398467,2025-03-01,20:05:04,2025,3,1,20,Saturday,Gampaha,මීරිගම,7.2333,80.1167,65,32.1,23.2,25.4,21.5,21.5,0.0,11.9,26.3,91
398445,2025-03-01,17:49:38,2025,3,1,17,Saturday,Matara,මාතර,5.9485,80.5353,63,29.9,23.2,25.6,14.6,14.6,0.0,15.5,33.8,89
398431,2025-03-01,15:34:16,2025,3,1,15,Saturday,Gampaha,මිනුවන්ගොඩ,7.1667,79.95,65,30.8,23.1,25.5,29.9,29.9,0.0,12.7,28.8,90
398313,2025-02-28,14:18:04,2025,2,28,14,Friday,Colombo,කොළඹ,6.9271,79.8612,65,30.8,23.9,26.2,14.0,14.0,0.0,13.9,35.3,87
398142,2025-02-27,07:17:09,2025,2,27,7,Thursday,Colombo,කොළඹ,6.9271,79.8612,61,31.8,24.1,26.3,9.3,9.3,0.0,15.8,45.4,84
398092,2025-02-26,15:43:30,2025,2,26,15,Wednesday,Kandy,නාවලපිටිය,7.05,80.5333,53,28.9,17.6,23.3,1.4,1.4,0.0,16.3,50.8,79
397981,2025-02-25,16:41:10,2025,2,25,16,Tuesday,Kandy,නුවර,7.2906,80.6337,51,30.0,21.5,25.0,0.5,0.5,0.0,15.9,39.6,75
397972,2025-02-25,16:10:27,2025,2,25,16,Tuesday,Colombo,කොළඹ,6.9271,79.8612,63,35.1,24.6,28.9,6.1,6.1,0.0,17.1,46.1,69
397955,2025-02-25,14:07:42,2025,2,25,14,Tuesday,Kurunegala,මහව,7.8167,80.2833,53,31.3,23.2,26.8,2.2,2.2,0.0,22.4,44.3,77
397872,2025-02-24,17:31:01,2025,2,24,17,Monday,Kegalle,කෑගල්ල,7.2513,80.3464,51,35.4,22.6,28.0,0.3,0.3,0.0,15.1,35.3,61
397846,2025-02-24,14:10:21,2025,2,24,14,Monday,Vavuniya,වවුනියාව,8.7514,80.4971,3,31.3,22.5,26.5,0.0,0.0,0.0,22.9,44.6,74
397656,2025-02-22,14:03:02,2025,2,22,14,Saturday,Colombo,කොළඹ,6.9271,79.8612,51,30.8,24.3,27.6,0.4,0.4,0.0,12.8,37.1,74
397525,2025-02-21,07:48:06,2025,2,21,7,Friday,Colombo,කොළඹ,6.9271,79.8612,51,32.2,23.9,28.0,0.8,0.8,0.0,15.2,43.2,71
397423,2025-02-20,10:32:37,2025,2,20,10,Thursday,Nuwara Eliya,නුවරඑළිය,6.9497,80.7891,51,22.3,9.5,15.3,0.3,0.3,0.0,10.8,32.0,68
397406,2025-02-20,07:02:10,2025,2,20,7,Thursday,Colombo,කොළඹ,6.9271,79.8612,1,32.3,23.7,28.0,0.0,0.0,0.0,12.5,37.4,71
397031,2025-02-16,17:27:14,2025,2,16,17,Sunday,Colombo,අවිස්සාවේල්ල,6.9533,80.2097,3,33.6,19.8,26.3,0.0,0.0,0.0,14.0,32.4,74
397002,2025-02-16,12:08:34,2025,2,16,12,Sunday,Kalutara,බණ්ඩාරගම,6.7133,79.9072,51,29.9,23.4,26.6,0.1,0.1,0.0,16.2,36.0,82
396957,2025-02-15,19:08:16,2025,2,15,19,Saturday,Jaffna,යාපනය,9.6615,80.0255,3,31.5,21.2,25.7,0.0,0.0,0.0,16.7,35.3,74
396936,2025-02-15,15:10:52,2025,2,15,15,Saturday,Puttalam,පුත්තලම,8.0362,79.8283,3,31.5,20.9,25.8,0.0,0.0,0.0,13.9,31.0,75
396894,2025-02-15,08:01:52,2025,2,15,8,Saturday,Puttalam,පුත්තලම,8.0362,79.8283,3,31.5,20.9,25.8,0.0,0.0,0.0,13.9,31.0,75
396889,2025-02-15,06:48:11,2025,2,15,6,Saturday,Colombo,කොළඹ,6.9271,79.8612,3,32.1,22.8,27.6,0.0,0.0,0.0,16.1,43.9,70
396817,2025-02-14,11:45:56,2025,2,14,11,Friday,Matara,වැලිගම,5.975,80.4297,51,31.0,21.2,26.0,0.1,0.1,0.0,19.0,43.6,75
396795,2025-02-14,09:08:28,2025,2,14,9,Friday,Colombo,කොළඹ,6.9271,79.8612,51,31.0,23.4,27.2,0.4,0.4,0.0,13.8,39.2,74
396713,2025-02-13,13:40:24,2025,2,13,13,Thursday,Kurunegala,කුරුණෑගල,7.4863,80.3623,3,32.5,17.8,25.1,0.0,0.0,0.0,21.3,43.9,72
396635,2025-02-12,19:25:32,2025,2,12,19,Wednesday,Badulla,බදුල්ල,6.9934,81.055,53,26.9,18.6,22.3,3.7,3.7,0.0,11.7,34.6,86
396623,2025-02-12,17:37:48,2025,2,12,17,Wednesday,Hambantota,හම්බන්තොට,6.1246,81.1185,51,31.4,24.5,27.6,0.3,0.3,0.0,24.1,43.9,75
396579,2025-02-12,11:11:12,2025,2,12,11,Wednesday,Colombo,කොළඹ,6.9271,79.8612,51,32.2,24.6,28.5,0.4,0.4,0.0,13.9,36.4,73
396574,2025-02-12,10:18:28,2025,2,12,10,Wednesday,Gampaha,මිනුවන්ගොඩ,7.1667,79.95,3,34.2,23.2,28.2,0.0,0.0,0.0,17.2,33.5,71
396489,2025-02-11,14:32:59,2025,2,11,14,Tuesday,Kalutara,මතුගම,6.5222,80.1167,53,31.9,21.8,26.5,0.6,0.6,0.0,8.7,20.2,82
396486,2025-02-11,14:05:26,2025,2,11,14,Tuesday,Kurunegala,කුරුණෑගල,7.4863,80.3623,51,32.2,20.7,26.3,0.2,0.2,0.0,17.7,40.3,75
396465,2025-02-11,11:34:42,2025,2,11,11,Tuesday,Hambantota,කතරගම,6.4134,81.3346,53,30.6,22.7,26.1,1.5,1.5,0.0,18.9,39.2,80
396342,2025-02-10,08:40:12,2025,2,10,8,Monday,Colombo,කොළඹ,6.9271,79.8612,3,33.1,22.8,27.2,0.0,0.0,0.0,18.4,43.2,64
396325,2025-02-10,06:25:18,2025,2,10,6,Monday,Colombo,කොළඹ,6.9271,79.8612,3,33.1,22.8,27.2,0.0,0.0,0.0,18.4,43.2,64
396245,2025-02-09,10:54:55,2025,2,9,10,Sunday,Nuwara Eliya,හැටන්,6.8917,80.5958,3,25.4,10.9,17.4,0.0,0.0,0.0,8.8,23.0,72
395882,2025-02-05,18:34:00,2025,2,5,18,Wednesday,Galle,ගාල්ල,6.0535,80.221,61,30.3,22.5,25.8,3.6,3.6,0.0,15.0,33.5,83
395692,2025-02-03,21:10:54,2025,2,3,21,Monday,Badulla,බණ්ඩාරවෙල,6.8333,80.9833,3,24.2,12.9,18.2,0.0,0.0,0.0,10.1,23.4,70
395611,2025-02-03,08:58:02,2025,2,3,8,Monday,Vavuniya,වවුනියාව,8.7514,80.4971,3,29.0,21.8,24.9,0.0,0.0,0.0,15.5,30.6,84
395569,2025-02-02,19:23:09,2025,2,2,19,Sunday,Colombo,කොළඹ,6.9271,79.8612,3,30.8,20.8,26.0,0.0,0.0,0.0,11.5,32.8,83
395549,2025-02-02,16:10:22,2025,2,2,16,Sunday,Gampaha,මීගමුව,7.2083,79.8358,3,31.7,21.7,26.4,0.0,0.0,0.0,19.5,41.8,73
395492,2025-02-01,23:04:53,2025,2,1,23,Saturday,Nuwara Eliya,නුවරඑළිය,6.9497,80.7891,3,19.6,11.8,14.9,0.0,0.0,0.0,13.4,36.4,89
395437,2025-02-01,12:22:32,2025,2,1,12,Saturday,Colombo,කොළඹ,6.9271,79.8612,53,29.7,23.5,25.8,1.5,1.5,0.0,10.9,32.0,89
395301,2025-01-31,07:05:20,2025,1,31,7,Friday,Gampaha,රාගම,7.0289,79.9175,61,30.2,23.0,25.9,3.6,3.6,0.0,8.9,24.5,89
395122,2025-01-29,13:50:40,2025,1,29,13,Wednesday,Gampaha,කටුනායක,7.1697,79.8844,63,30.4,22.9,25.5,10.9,10.9,0.0,20.9,45.4,84
395048,2025-01-28,17:30:53,2025,1,28,17,Tuesday,Anuradhapura,අනුරාධපුර,8.3114,80.4037,3,27.8,20.5,24.2,0.0,0.0,0.0,14.5,31.0,79
394998,2025-01-28,09:22:22,2025,1,28,9,Tuesday,Hambantota,බෙලිඅත්ත,6.05,80.75,61,25.2,21.9,23.3,11.7,11.7,0.0,9.7,16.2,92
394961,2025-01-27,17:40:27,2025,1,27,17,Monday,Colombo,කොළඹ,6.9271,79.8612,3,30.1,22.7,25.6,0.0,0.0,0.0,15.2,33.1,74
394952,2025-01-27,16:18:27,2025,1,27,16,Monday,Colombo,කොළඹ,6.9271,79.8612,3,30.1,22.7,25.6,0.0,0.0,0.0,15.2,33.1,74
394827,2025-01-26,09:47:49,2025,1,26,9,Sunday,Galle,ගාල්ල,6.0535,80.221,65,28.8,22.4,25.4,12.2,12.2,0.0,11.9,29.9,90
394811,2025-01-26,06:59:42,2025,1,26,6,Sunday,Puttalam,පුත්තලම,8.0362,79.8283,51,29.7,22.8,25.8,0.1,0.1,0.0,24.2,43.9,80
394610,2025-01-24,07:48:40,2025,1,24,7,Friday,Colombo,කොළඹ,6.9271,79.8612,63,29.0,22.6,24.7,5.3,5.3,0.0,12.3,24.1,90
394604,2025-01-23,23:27:49,2025,1,23,23,Thursday,Colombo,කොළඹ,6.9271,79.8612,63,28.7,23.0,24.9,25.1,25.1,0.0,9.4,26.6,91
394561,2025-01-23,15:31:00,2025,1,23,15,Thursday,Kalutara,කළුතර,6.5854,79.9607,55,28.9,22.6,25.0,2.0,2.0,0.0,11.7,27.7,90
394518,2025-01-23,10:04:09,2025,1,23,10,Thursday,Colombo,කොළඹ,6.9271,79.8612,63,28.7,23.0,24.9,25.1,25.1,0.0,9.4,26.6,91
394385,2025-01-22,07:22:14,2025,1,22,7,Wednesday,Trincomalee,ත්‍රිකුණාමලය,8.5874,81.2152,63,27.1,23.2,25.2,19.8,19.8,0.0,14.7,36.0,89
394326,2025-01-21,14:39:00,2025,1,21,14,Tuesday,Colombo,කොළඹ,6.9271,79.8612,63,26.3,23.5,24.9,8.2,8.2,0.0,16.3,41.8,86
394158,2025-01-20,06:44:02,2025,1,20,6,Monday,Colombo,කොළඹ,6.9271,79.8612,65,30.6,22.7,25.6,10.1,10.1,0.0,19.0,40.3,85
394155,2025-01-19,23:38:28,2025,1,19,23,Sunday,Kandy,මහනුවර,7.2906,80.6337,65,22.2,20.8,21.3,48.4,48.4,0.0,15.0,33.8,97
394112,2025-01-19,15:04:35,2025,1,19,15,Sunday,Kandy,මහනුවර,7.2906,80.6337,65,22.2,20.8,21.3,48.4,48.4,0.0,15.0,33.8,97
394084,2025-01-19,10:19:57,2025,1,19,10,Sunday,Matara,මාතර,5.9485,80.5353,63,25.0,22.8,23.6,59.1,59.1,0.0,13.0,23.0,97
394003,2025-01-18,11:49:15,2025,1,18,11,Saturday,Nuwara Eliya,නුවරඑළිය,6.9497,80.7891,63,17.1,14.2,15.2,26.4,26.4,0.0,13.0,32.8,98
393866,2025-01-16,23:17:54,2025,1,16,23,Thursday,Badulla,බදුල්ල,6.9934,81.055,63,22.3,20.2,20.9,17.5,17.5,0.0,6.5,24.8,98
393407,2025-01-12,16:41:14,2025,1,12,16,Sunday,Colombo,කොළඹ,6.9271,79.8612,63,28.3,21.9,24.4,25.2,25.2,0.0,18.0,38.2,92
393389,2025-01-12,14:39:09,2025,1,12,14,Sunday,Gampaha,කටුනායක,7.1697,79.8844,63,28.8,21.7,24.2,24.9,24.9,0.0,17.6,41.4,92
393365,2025-01-12,11:02:36,2025,1,12,11,Sunday,Hambantota,හම්බන්තොට,6.1246,81.1185,65,27.2,22.9,24.4,75.3,75.3,0.0,24.2,45.7,92
393277,2025-01-11,08:44:49,2025,1,11,8,Saturday,Colombo,කොළඹ,6.9271,79.8612,51,31.6,22.9,26.4,1.6,1.6,0.0,24.9,59.8,75
393215,2025-01-10,11:49:08,2025,1,10,11,Friday,Colombo,කොළඹ,6.9271,79.8612,63,33.6,24.5,27.5,5.6,5.6,0.0,14.2,38.2,77
393095,2025-01-09,07:57:08,2025,1,9,7,Thursday,Anuradhapura,මැදවච්චිය,8.5333,80.5,51,27.8,21.8,24.8,0.8,0.8,0.0,18.7,34.9,84
393067,2025-01-08,20:23:11,2025,1,8,20,Wednesday,Anuradhapura,මැදවච්චිය,8.5333,80.5,53,27.3,22.2,24.4,2.0,2.0,0.0,14.4,29.2,88
393053,2025-01-08,18:03:27,2025,1,8,18,Wednesday,Colombo,කොළඹ,6.9271,79.8612,51,30.8,23.0,26.7,0.2,0.2,0.0,12.5,33.8,78
393016,2025-01-08,11:35:35,2025,1,8,11,Wednesday,Kurunegala,මහව,7.8167,80.2833,53,28.3,22.7,24.8,2.4,2.4,0.0,15.5,32.4,88
392771,2025-01-06,06:46:48,2025,1,6,6,Monday,Puttalam,පුත්තලම,8.0362,79.8283,3,30.0,20.8,25.0,0.0,0.0,0.0,17.6,29.5,76
392713,2025-01-05,11:10:02,2025,1,5,11,Sunday,Anuradhapura,අනුරාධපුර,8.3114,80.4037,3,28.7,21.4,24.7,0.0,0.0,0.0,18.8,37.4,75
392693,2025-01-05,07:12:43,2025,1,5,7,Sunday,Gampaha,නිට්ටඹුව,7.1417,80.0958,51,30.4,22.1,25.5,0.5,0.5,0.0,13.9,30.2,76
392619,2025-01-04,06:27:48,2025,1,4,6,Saturday,Matara,මාතර,5.9485,80.5353,63,28.0,22.3,25.0,6.7,6.7,0.0,12.1,28.1,89
392530,2025-01-03,07:15:42,2025,1,3,7,Friday,Colombo,කොළඹ,6.9271,79.8612,51,30.7,23.1,26.1,0.2,0.2,0.0,17.4,37.4,75
392513,2025-01-02,20:25:38,2025,1,2,20,Thursday,Galle,ගාල්ල,6.0535,80.221,63,24.8,23.0,24.0,20.5,20.5,0.0,8.5,22.7,97
392465,2025-01-02,12:52:39,2025,1,2,12,Thursday,Kilinochchi,කිලිනොච්චි,9.3961,80.3981,3,29.0,23.6,26.1,0.0,0.0,0.0,24.4,45.0,70
392455,2025-01-02,10:07:35,2025,1,2,10,Thursday,Colombo,කොළඹ,6.9271,79.8612,53,27.5,23.5,25.1,4.1,4.1,0.0,17.7,36.7,83
392386,2025-01-01,14:46:26,2025,1,1,14,Wednesday,Anuradhapura,අනුරාධපුර,8.3114,80.4037,63,26.4,23.0,24.4,12.2,12.2,0.0,23.0,48.6,90
392302,2024-12-31,15:29:50,2024,12,31,15,Tuesday,Badulla,දියතලාව,6.8167,80.9667,61,21.7,18.1,19.0,20.6,20.6,0.0,13.3,35.3,97
392090,2024-12-29,14:08:07,2024,12,29,14,Sunday,Colombo,කොළඹ,6.9271,79.8612,61,31.4,23.0,26.6,4.6,4.6,0.0,16.8,42.8,79
392024,2024-12-28,16:43:15,2024,12,28,16,Saturday,Colombo,හෝමාගම,6.8408,80.0022,53,30.5,23.1,26.0,1.6,1.6,0.0,12.0,27.4,86
391903,2024-12-27,08:38:33,2024,12,27,8,Friday,Matale,දඹුල්ල,7.86,80.6517,63,28.1,20.7,23.8,11.8,11.8,0.0,16.9,31.7,90
391895,2024-12-27,07:06:23,2024,12,27,7,Friday,Colombo,කොළඹ,6.9271,79.8612,65,30.5,23.8,26.9,9.6,9.6,0.0,12.0,36.0,79
391869,2024-12-26,19:10:19,2024,12,26,19,Thursday,Colombo,කොළඹ,6.9271,79.8612,51,31.9,22.1,27.2,0.5,0.5,0.0,13.8,38.2,71
391854,2024-12-26,15:57:08,2024,12,26,15,Thursday,Matara,මාතර,5.9485,80.5353,53,29.9,21.1,25.5,1.5,1.5,0.0,13.5,29.9,84
391843,2024-12-26,14:48:58,2024,12,26,14,Thursday,Kalutara,කළුතර,6.5854,79.9607,51,29.8,20.4,25.5,0.3,0.3,0.0,16.8,34.9,81
391822,2024-12-26,09:37:33,2024,12,26,9,Thursday,Kandy,මහනුවර,7.2906,80.6337,3,29.6,16.7,23.0,0.0,0.0,0.0,10.9,23.0,79
391805,2024-12-25,22:54:37,2024,12,25,22,Wednesday,Badulla,බණ්ඩාරවෙල,6.8333,80.9833,53,25.4,12.0,17.5,1.6,1.6,0.0,7.5,22.7,84
391522,2024-12-22,18:04:20,2024,12,22,18,Sunday,Kandy,මහනුවර,7.2906,80.6337,53,27.8,19.8,23.3,1.8,1.8,0.0,10.5,28.4,87
391499,2024-12-22,14:03:35,2024,12,22,14,Sunday,Colombo,මොරටුව,6.773,79.8816,53,30.3,23.8,27.0,1.9,1.9,0.0,11.7,31.3,87
391491,2024-12-22,12:42:26,2024,12,22,12,Sunday,Kandy,මහනුවර,7.2906,80.6337,53,27.8,19.8,23.3,1.8,1.8,0.0,10.5,28.4,87
391483,2024-12-22,11:16:59,2024,12,22,11,Sunday,Kandy,මහනුවර,7.2906,80.6337,53,27.8,19.8,23.3,1.8,1.8,0.0,10.5,28.4,87
391426,2024-12-21,15:47:01,2024,12,21,15,Saturday,Colombo,කොළඹ,6.9271,79.8612,61,28.7,24.1,26.0,7.0,7.0,0.0,12.1,34.9,89
391405,2024-12-21,11:47:01,2024,12,21,11,Saturday,Colombo,කොළඹ,6.9271,79.8612,61,28.7,24.1,26.0,7.0,7.0,0.0,12.1,34.9,89
391400,2024-12-21,11:08:54,2024,12,21,11,Saturday,Kandy,මහනුවර,7.2906,80.6337,53,27.9,19.5,22.7,3.0,3.0,0.0,11.9,31.7,91
391375,2024-12-21,06:36:07,2024,12,21,6,Saturday,Colombo,කොළඹ,6.9271,79.8612,61,28.7,24.1,26.0,7.0,7.0,0.0,12.1,34.9,89
391368,2024-12-20,21:38:14,2024,12,20,21,Friday,Kalutara,කළුතර,6.5854,79.9607,63,28.7,24.1,25.6,13.9,13.9,0.0,17.1,36.0,92
391186,2024-12-19,07:21:36,2024,12,19,7,Thursday,Gampaha,කඩවත,7.0,79.95,61,28.7,23.3,26.1,4.2,4.2,0.0,8.6,25.6,88
390893,2024-12-16,12:20:10,2024,12,16,12,Monday,Kandy,මහනුවර,7.2906,80.6337,63,22.9,21.3,22.0,21.1,21.1,0.0,6.5,18.0,96
390884,2024-12-16,11:12:24,2024,12,16,11,Monday,Matale,දඹුල්ල,7.86,80.6517,65,23.5,22.7,23.1,125.4,125.4,0.0,14.5,25.9,96
390863,2024-12-16,08:09:04,2024,12,16,8,Monday,Hambantota,බෙලිඅත්ත,6.05,80.75,63,30.6,23.1,25.9,5.4,5.4,0.0,10.2,24.1,90
390855,2024-12-16,07:13:01,2024,12,16,7,Monday,Colombo,කැස්බෑව,6.795,79.939,51,28.4,24.4,25.7,1.3,1.3,0.0,19.0,40.3,85
390827,2024-12-15,17:18:59,2024,12,15,17,Sunday,Hambantota,බෙලිඅත්ත,6.05,80.75,53,29.5,21.5,25.4,2.6,2.6,0.0,10.9,25.2,89
390726,2024-12-14,11:30:36,2024,12,14,11,Saturday,Anuradhapura,අනුරාධපුර,8.3114,80.4037,63,27.9,22.7,24.8,7.7,7.7,0.0,15.1,33.1,91
390613,2024-12-13,07:42:26,2024,12,13,7,Friday,Colombo,කොළඹ,6.9271,79.8612,63,29.0,23.1,25.9,17.9,17.9,0.0,8.2,27.7,89
390527,2024-12-12,09:04:03,2024,12,12,9,Thursday,Colombo,කොට්ටාව,6.8412,79.9653,61,29.0,24.0,25.9,8.4,8.4,0.0,16.8,37.4,89
390507,2024-12-11,23:13:28,2024,12,11,23,Wednesday,Matale,දඹුල්ල,7.86,80.6517,53,27.2,22.8,24.3,3.2,3.2,0.0,15.9,34.9,92
390472,2024-12-11,16:16:08,2024,12,11,16,Wednesday,Anuradhapura,අනුරාධපුර,8.3114,80.4037,51,27.8,23.3,25.0,2.4,2.4,0.0,20.2,40.3,91
390341,2024-12-10,09:23:28,2024,12,10,9,Tuesday,Colombo,කඩුවෙල,6.9333,79.9833,3,31.7,22.1,26.4,0.0,0.0,0.0,16.8,33.8,77
390333,2024-12-10,08:05:17,2024,12,10,8,Tuesday,Puttalam,පුත්තලම,8.0362,79.8283,53,29.4,22.6,25.8,1.6,1.6,0.0,17.7,34.9,84
390280,2024-12-09,13:47:01,2024,12,9,13,Monday,Colombo,කොළඹ,6.9271,79.8612,53,32.0,22.8,27.1,1.9,1.9,0.0,15.2,37.8,75
390270,2024-12-09,11:25:43,2024,12,9,11,Monday,Colombo,කොළඹ,6.9271,79.8612,53,32.0,22.8,27.1,1.9,1.9,0.0,15.2,37.8,75
390211,2024-12-08,18:14:42,2024,12,8,18,Sunday,Kalutara,කළුතර,6.5854,79.9607,63,29.6,22.7,25.4,6.9,6.9,0.0,10.3,24.8,89
390193,2024-12-08,15:03:39,2024,12,8,15,Sunday,Batticaloa,මඩකලපුව,7.7102,81.6924,53,29.5,24.4,26.8,1.8,1.8,0.0,18.5,33.1,81
390142,2024-12-07,19:44:02,2024,12,7,19,Saturday,Hambantota,කතරගම,6.4134,81.3346,3,30.1,24.2,26.6,0.0,0.0,0.0,18.0,36.0,76
390116,2024-12-07,14:17:20,2024,12,7,14,Saturday,Colombo,කොළඹ,6.9271,79.8612,55,30.9,23.7,26.6,1.7,1.7,0.0,9.7,31.7,83
390107,2024-12-07,12:51:46,2024,12,7,12,Saturday,Colombo,කොළඹ,6.9271,79.8612,55,30.9,23.7,26.6,1.7,1.7,0.0,9.7,31.7,83
390085,2024-12-07,07:28:48,2024,12,7,7,Saturday,Batticaloa,මඩකලපුව,7.7102,81.6924,51,29.2,24.2,26.8,0.5,0.5,0.0,17.7,31.3,82
389828,2024-12-04,14:37:48,2024,12,4,14,Wednesday,Kalutara,කළුතර,6.5854,79.9607,3,29.8,22.5,26.4,0.0,0.0,0.0,12.2,27.4,81
389825,2024-12-04,14:05:12,2024,12,4,14,Wednesday,Colombo,කොළඹ,6.9271,79.8612,3,30.2,23.8,26.8,0.0,0.0,0.0,11.5,31.0,80
389780,2024-12-03,22:23:25,2024,12,3,22,Tuesday,Galle,ගාල්ල,6.0535,80.221,3,30.2,23.9,27.0,0.0,0.0,0.0,17.2,34.9,76
389772,2024-12-03,20:14:31,2024,12,3,20,Tuesday,Puttalam,හලාවත,7.5758,79.7953,3,30.2,24.1,27.1,0.0,0.0,0.0,13.6,28.4,77
389631,2024-12-02,12:17:31,2024,12,2,12,Monday,Matara,මාතර,5.9485,80.5353,3,30.4,24.8,27.4,0.0,0.0,0.0,26.3,55.4,73
389513,2024-12-01,07:55:49,2024,12,1,7,Sunday,Colombo,කොළඹ,6.9271,79.8612,53,29.6,26.0,27.9,1.5,1.5,0.0,21.4,56.9,72
389478,2024-11-30,17:58:42,2024,11,30,17,Saturday,Ampara,අම්පාර,7.2975,81.682,55,28.8,23.5,25.8,1.9,1.9,0.0,8.5,20.5,90
389477,2024-11-30,17:32:02,2024,11,30,17,Saturday,Colombo,මහරගම,6.848,79.9265,53,29.6,24.5,26.8,3.7,3.7,0.0,16.9,39.2,82
389398,2024-11-29,22:24:51,2024,11,29,22,Friday,Ampara,අම්පාර,7.2975,81.682,63,30.4,23.5,26.4,7.0,7.0,0.0,14.0,35.3,82
389144,2024-11-27,13:06:57,2024,11,27,13,Wednesday,Colombo,කොළඹ,6.9271,79.8612,65,27.6,24.6,25.6,57.0,57.0,0.0,30.2,65.2,87
389035,2024-11-26,09:56:14,2024,11,26,9,Tuesday,Puttalam,හලාවත,7.5758,79.7953,65,25.0,23.4,24.3,83.8,83.8,0.0,36.1,63.0,96
389029,2024-11-26,09:06:04,2024,11,26,9,Tuesday,Badulla,බණ්ඩාරවෙල,6.8333,80.9833,65,20.8,17.7,18.9,117.4,117.4,0.0,18.5,40.0,98
388904,2024-11-24,15:09:20,2024,11,24,15,Sunday,Gampaha,මීගමුව,7.2083,79.8358,63,28.5,23.6,24.9,13.9,13.9,0.0,18.0,41.0,91
388828,2024-11-23,14:19:20,2024,11,23,14,Saturday,Jaffna,යාපනය,9.6615,80.0255,61,27.9,23.1,25.8,5.5,5.5,0.0,19.2,37.8,87
388799,2024-11-23,09:18:41,2024,11,23,9,Saturday,Kurunegala,කුලියාපිටිය,7.4667,80.0333,51,29.4,22.5,25.5,0.8,0.8,0.0,17.3,34.6,88
388788,2024-11-23,07:33:55,2024,11,23,7,Saturday,Colombo,කොළඹ,6.9271,79.8612,55,29.3,23.2,25.7,1.1,1.1,0.0,13.0,32.0,89
388700,2024-11-22,07:32:45,2024,11,22,7,Friday,Puttalam,කල්පිටිය,8.2333,79.7667,63,29.3,23.8,25.2,15.4,15.4,0.0,15.6,36.0,91
388649,2024-11-21,14:25:45,2024,11,21,14,Thursday,Kilinochchi,කිලිනොච්චි,9.3961,80.3981,53,27.1,24.1,25.2,2.7,2.7,0.0,20.4,36.7,89
388618,2024-11-21,09:32:17,2024,11,21,9,Thursday,Jaffna,යාපනය,9.6615,80.0255,65,26.8,23.3,25.3,15.9,15.9,0.0,20.1,38.2,89
388591,2024-11-20,21:09:46,2024,11,20,21,Wednesday,Kurunegala,කුරුණෑගල,7.4863,80.3623,63,29.1,22.0,24.8,9.8,9.8,0.0,10.0,21.2,91
388574,2024-11-20,17:30:14,2024,11,20,17,Wednesday,Anuradhapura,අනුරාධපුර,8.3114,80.4037,63,28.9,22.9,25.0,12.9,12.9,0.0,18.8,35.6,91
388385,2024-11-18,22:16:19,2024,11,18,22,Monday,Colombo,කොළඹ,6.9271,79.8612,63,29.8,23.7,25.8,8.4,8.4,0.0,10.2,27.7,90
388329,2024-11-18,13:04:20,2024,11,18,13,Monday,Colombo,කොළඹ,6.9271,79.8612,63,29.8,23.7,25.8,8.4,8.4,0.0,10.2,27.7,90
388188,2024-11-16,14:42:27,2024,11,16,14,Saturday,Matara,වැලිගම,5.975,80.4297,61,29.8,23.1,26.2,3.8,3.8,0.0,16.9,38.5,86
388158,2024-11-16,07:38:36,2024,11,16,7,Saturday,Matale,දඹුල්ල,7.86,80.6517,51,30.1,21.8,25.3,0.6,0.6,0.0,17.7,33.8,86
388143,2024-11-15,20:47:13,2024,11,15,20,Friday,Galle,ගාල්ල,6.0535,80.221,63,29.6,23.7,25.5,15.7,15.7,0.0,14.1,31.0,90
387914,2024-11-14,21:45:38,2024,11,14,21,Thursday,Matale,මාතලේ,7.4675,80.6234,65,28.8,21.9,24.2,28.2,28.2,0.0,7.4,26.6,92
387789,2024-11-13,12:45:19,2024,11,13,12,Wednesday,Galle,ගාල්ල,6.0535,80.221,65,30.4,23.3,25.8,17.7,17.7,0.0,10.0,25.6,90
387723,2024-11-12,16:27:28,2024,11,12,16,Tuesday,Colombo,කොළඹ,6.9271,79.8612,53,29.0,23.4,26.4,1.6,1.6,0.0,17.5,34.6,87
387710,2024-11-12,14:12:55,2024,11,12,14,Tuesday,Colombo,පිළියන්දල,6.801,79.9228,51,29.2,24.0,26.7,0.9,0.9,0.0,19.2,35.6,88
387644,2024-11-11,20:31:16,2024,11,11,20,Monday,Badulla,බදුල්ල,6.9934,81.055,51,27.4,18.7,23.1,0.8,0.8,0.0,8.0,24.5,82
387585,2024-11-11,09:55:11,2024,11,11,9,Monday,Colombo,කොළඹ,6.9271,79.8612,53,29.7,23.7,26.6,1.2,1.2,0.0,16.8,32.4,83
387500,2024-11-10,09:54:30,2024,11,10,9,Sunday,Anuradhapura,අනුරාධපුර,8.3114,80.4037,53,30.5,22.6,25.8,1.9,1.9,0.0,15.6,34.2,83
387393,2024-11-08,22:12:35,2024,11,8,22,Friday,Colombo,කොළඹ,6.9271,79.8612,63,27.8,23.2,25.1,25.2,25.2,0.0,15.5,31.0,91
387364,2024-11-08,15:22:17,2024,11,8,15,Friday,Nuwara Eliya,නුවරඑළිය,6.9497,80.7891,61,19.6,14.0,16.4,6.1,6.1,0.0,9.6,25.6,93
387334,2024-11-08,10:16:27,2024,11,8,10,Friday,Colombo,කොළඹ,6.9271,79.8612,63,27.8,23.2,25.1,25.2,25.2,0.0,15.5,31.0,91
387250,2024-11-07,12:10:16,2024,11,7,12,Thursday,Colombo,හෝමාගම,6.8408,80.0022,53,29.7,21.7,25.9,2.2,2.2,0.0,15.7,34.2,87
387074,2024-11-05,15:13:04,2024,11,5,15,Tuesday,Galle,ගාල්ල,6.0535,80.221,65,27.6,23.0,24.8,28.9,28.9,0.0,13.6,30.6,90
387062,2024-11-05,13:14:36,2024,11,5,13,Tuesday,Anuradhapura,තලාව,8.2333,80.35,51,31.7,22.4,26.4,0.1,0.1,0.0,11.3,24.8,77
387057,2024-11-05,12:08:42,2024,11,5,12,Tuesday,Colombo,කොළඹ,6.9271,79.8612,63,28.2,23.0,25.2,9.5,9.5,0.0,9.6,23.8,90
387026,2024-11-05,07:35:54,2024,11,5,7,Tuesday,Badulla,බණ්ඩාරවෙල,6.8333,80.9833,63,22.9,15.8,19.1,17.4,17.4,0.0,7.4,21.2,91
386938,2024-11-04,09:30:05,2024,11,4,9,Monday,Anuradhapura,කැකිරාව,8.0333,80.6,63,28.9,22.3,24.7,14.1,14.1,0.0,12.0,25.2,89
386917,2024-11-03,22:51:33,2024,11,3,22,Sunday,Matara,මාතර,5.9485,80.5353,55,28.9,22.6,25.4,4.9,4.9,0.0,13.9,31.7,90
386905,2024-11-03,19:54:24,2024,11,3,19,Sunday,Kurunegala,කුරුණෑගල,7.4863,80.3623,65,30.1,21.5,24.3,10.4,10.4,0.0,8.5,24.1,91
386849,2024-11-03,09:16:06,2024,11,3,9,Sunday,Kurunegala,කුරුණෑගල,7.4863,80.3623,65,30.1,21.5,24.3,10.4,10.4,0.0,8.5,24.1,91
386837,2024-11-03,07:29:43,2024,11,3,7,Sunday,Matale,දඹුල්ල,7.86,80.6517,63,30.2,21.6,24.5,22.9,22.9,0.0,9.5,24.5,88
386816,2024-11-02,19:44:24,2024,11,2,19,Saturday,Colombo,කොළඹ,6.9271,79.8612,63,28.5,23.8,25.6,12.4,12.4,0.0,12.1,28.8,91
386809,2024-11-02,18:22:32,2024,11,2,18,Saturday,Colombo,කොළඹ,6.9271,79.8612,63,28.5,23.8,25.6,12.4,12.4,0.0,12.1,28.8,91
386787,2024-11-02,14:06:25,2024,11,2,14,Saturday,Kandy,මහනුවර,7.2906,80.6337,65,28.0,21.6,23.1,40.3,40.3,0.0,9.3,24.1,91
386775,2024-11-02,12:38:34,2024,11,2,12,Saturday,Badulla,බදුල්ල,6.9934,81.055,63,26.7,19.5,22.1,12.5,12.5,0.0,8.2,27.0,90
386773,2024-11-02,12:11:17,2024,11,2,12,Saturday,Colombo,අවිස්සාවේල්ල,6.9533,80.2097,65,29.3,23.2,25.1,18.8,18.8,0.0,10.0,33.8,92
386753,2024-11-02,07:40:55,2024,11,2,7,Saturday,Ampara,අම්පාර,7.2975,81.682,65,29.9,22.9,25.3,27.5,27.5,0.0,10.3,26.6,89
386750,2024-11-02,07:23:59,2024,11,2,7,Saturday,Nuwara Eliya,නුවරඑළිය,6.9497,80.7891,65,19.1,13.6,15.6,42.1,42.1,0.0,4.8,20.5,92
386746,2024-11-01,23:39:41,2024,11,1,23,Friday,Nuwara Eliya,නුවරඑළිය,6.9497,80.7891,63,18.8,12.5,15.7,27.8,27.8,0.0,5.5,16.9,92
386734,2024-11-01,20:25:38,2024,11,1,20,Friday,Nuwara Eliya,නුවරඑළිය,6.9497,80.7891,63,18.8,12.5,15.7,27.8,27.8,0.0,5.5,16.9,92
386731,2024-11-01,19:54:45,2024,11,1,19,Friday,Kandy,මහනුවර,7.2906,80.6337,63,26.6,20.8,22.9,15.7,15.7,0.0,8.8,24.1,91
386692,2024-11-01,12:07:13,2024,11,1,12,Friday,Kalutara,කළුතර,6.5854,79.9607,63,28.2,23.3,25.6,6.4,6.4,0.0,9.1,27.4,90
386679,2024-11-01,09:13:45,2024,11,1,9,Friday,Kurunegala,කුරුණෑගල,7.4863,80.3623,63,29.4,22.7,24.5,28.3,28.3,0.0,9.6,23.0,93
386634,2024-10-31,17:12:53,2024,10,31,17,Thursday,Ratnapura,බලංගොඩ,6.65,80.7,53,28.1,21.0,23.7,2.8,2.8,0.0,12.5,29.9,84
386594,2024-10-31,11:50:11,2024,10,31,11,Thursday,Galle,ගාල්ල,6.0535,80.221,61,28.3,23.6,25.8,6.9,6.9,0.0,11.2,28.4,89
386542,2024-10-30,19:27:46,2024,10,30,19,Wednesday,Jaffna,යාපනය,9.6615,80.0255,51,29.9,26.1,28.2,0.9,0.9,0.0,16.5,34.6,82
386539,2024-10-30,18:56:08,2024,10,30,18,Wednesday,Kalutara,පානදුර,6.7133,79.9072,51,29.9,24.9,27.5,1.4,1.4,0.0,15.7,33.8,83
386244,2024-10-28,08:28:32,2024,10,28,8,Monday,Gampaha,නිට්ටඹුව,7.1417,80.0958,63,28.7,23.0,25.0,16.0,16.0,0.0,14.9,33.1,91
386228,2024-10-27,22:48:57,2024,10,27,22,Sunday,Badulla,මහියංගනය,7.3333,81.0,63,32.1,24.5,27.7,4.7,4.7,0.0,5.0,22.7,78
386197,2024-10-27,15:59:24,2024,10,27,15,Sunday,Colombo,කොළඹ,6.9271,79.8612,61,28.2,23.7,25.9,7.3,7.3,0.0,18.0,36.4,89
386156,2024-10-27,09:17:55,2024,10,27,9,Sunday,Batticaloa,මඩකලපුව,7.7102,81.6924,63,30.5,24.0,26.9,6.3,6.3,0.0,12.1,29.2,90
386073,2024-10-26,09:05:15,2024,10,26,9,Saturday,Kurunegala,වාරියපොල,7.6167,80.2333,63,29.7,23.0,25.2,24.8,24.8,0.0,16.0,36.0,89
386025,2024-10-25,15:55:06,2024,10,25,15,Friday,Hambantota,තංගල්ල,6.0239,80.7944,51,29.4,24.6,27.0,1.7,1.7,0.0,19.5,44.6,81
386017,2024-10-25,14:46:33,2024,10,25,14,Friday,Kalutara,බණ්ඩාරගම,6.7133,79.9072,63,29.3,24.0,26.8,13.1,13.1,0.0,16.5,35.6,85
385974,2024-10-25,07:32:04,2024,10,25,7,Friday,Kandy,මහනුවර,7.2906,80.6337,53,28.1,19.4,23.4,2.0,2.0,0.0,16.0,36.4,88
385971,2024-10-25,07:04:46,2024,10,25,7,Friday,Kurunegala,පොල්ගහවෙල,7.3333,80.3,63,29.7,23.2,25.8,16.0,16.0,0.0,16.4,34.9,85
385948,2024-10-24,19:00:34,2024,10,24,19,Thursday,Puttalam,පුත්තලම,8.0362,79.8283,65,29.4,23.9,26.5,13.4,13.4,0.0,19.1,40.7,84
385883,2024-10-24,07:26:53,2024,10,24,7,Thursday,Monaragala,මොණරාගල,6.8728,81.3507,51,31.3,23.0,26.2,0.1,0.1,0.0,21.4,50.8,80
385729,2024-10-22,17:44:47,2024,10,22,17,Tuesday,Colombo,කොළඹ,6.9271,79.8612,53,27.6,24.1,25.7,3.5,3.5,0.0,12.0,24.8,91
385722,2024-10-22,16:49:41,2024,10,22,16,Tuesday,Colombo,කොළඹ,6.9271,79.8612,53,27.6,24.1,25.7,3.5,3.5,0.0,12.0,24.8,91
385646,2024-10-21,20:45:20,2024,10,21,20,Monday,Matale,දඹුල්ල,7.86,80.6517,61,29.8,23.2,25.4,4.7,4.7,0.0,15.7,32.4,86
385618,2024-10-21,15:50:31,2024,10,21,15,Monday,Colombo,කැස්බෑව,6.795,79.939,63,29.0,24.6,26.2,8.4,8.4,0.0,13.0,27.7,90
385559,2024-10-21,08:57:29,2024,10,21,8,Monday,Gampaha,රාගම,7.0289,79.9175,63,28.6,24.4,25.9,8.4,8.4,0.0,13.9,29.5,90
385510,2024-10-20,16:51:36,2024,10,20,16,Sunday,Nuwara Eliya,නුවරඑළිය,6.9497,80.7891,53,20.0,13.6,16.2,2.8,2.8,0.0,6.0,17.6,90
385444,2024-10-19,19:49:14,2024,10,19,19,Saturday,Colombo,කොළඹ,6.9271,79.8612,55,29.0,24.6,26.7,2.4,2.4,0.0,13.6,29.9,84
385384,2024-10-19,09:22:24,2024,10,19,9,Saturday,Colombo,කොළඹ,6.9271,79.8612,55,29.0,24.6,26.7,2.4,2.4,0.0,13.6,29.9,84
385336,2024-10-18,17:17:52,2024,10,18,17,Friday,Badulla,බණ්ඩාරවෙල,6.8333,80.9833,51,25.8,14.9,20.2,0.5,0.5,0.0,7.0,17.3,77
385309,2024-10-18,13:27:25,2024,10,18,13,Friday,Colombo,කොළඹ,6.9271,79.8612,51,29.8,25.0,27.2,0.7,0.7,0.0,16.1,32.8,84
385269,2024-10-18,07:00:01,2024,10,18,7,Friday,Colombo,කොළඹ,6.9271,79.8612,51,29.8,25.0,27.2,0.7,0.7,0.0,16.1,32.8,84
385057,2024-10-15,18:52:35,2024,10,15,18,Tuesday,Anuradhapura,කැකිරාව,8.0333,80.6,63,27.8,22.9,24.4,12.4,12.4,0.0,19.2,41.8,91
385045,2024-10-15,17:12:03,2024,10,15,17,Tuesday,Colombo,හෝමාගම,6.8408,80.0022,61,29.0,23.4,25.5,14.5,14.5,0.0,16.2,38.9,89
384960,2024-10-14,21:04:24,2024,10,14,21,Monday,Badulla,ඇල්ල,6.8667,81.05,63,24.8,19.8,21.9,12.1,12.1,0.0,6.0,22.3,91
384938,2024-10-14,17:23:52,2024,10,14,17,Monday,Colombo,කොළඹ,6.9271,79.8612,63,25.6,24.1,24.7,41.7,41.7,0.0,20.2,39.2,93
384845,2024-10-13,21:51:14,2024,10,13,21,Sunday,Colombo,කොළඹ,6.9271,79.8612,63,28.2,24.1,25.4,30.9,30.9,0.0,17.4,35.3,91
384831,2024-10-13,19:36:07,2024,10,13,19,Sunday,Colombo,කොළඹ,6.9271,79.8612,63,28.2,24.1,25.4,30.9,30.9,0.0,17.4,35.3,91
384796,2024-10-13,13:38:13,2024,10,13,13,Sunday,Colombo,කොළඹ,6.9271,79.8612,63,28.2,24.1,25.4,30.9,30.9,0.0,17.4,35.3,91
384647,2024-10-11,20:04:40,2024,10,11,20,Friday,Colombo,කොළඹ,6.9271,79.8612,65,26.8,24.5,25.2,52.9,52.9,0.0,21.9,48.2,91
384608,2024-10-11,13:29:14,2024,10,11,13,Friday,Colombo,කොළඹ,6.9271,79.8612,65,26.8,24.5,25.2,52.9,52.9,0.0,21.9,48.2,91
384588,2024-10-11,10:28:30,2024,10,11,10,Friday,Colombo,කොළඹ,6.9271,79.8612,65,26.8,24.5,25.2,52.9,52.9,0.0,21.9,48.2,91
384562,2024-10-10,23:26:38,2024,10,10,23,Thursday,Anuradhapura,හබරණ,8.0333,80.75,65,32.4,22.6,25.2,23.5,23.5,0.0,15.9,36.0,87
384447,2024-10-09,21:50:13,2024,10,9,21,Wednesday,Kandy,මහනුවර,7.2906,80.6337,53,28.0,21.3,23.6,1.6,1.6,0.0,14.2,33.5,88
384156,2024-10-06,23:07:27,2024,10,6,23,Sunday,Colombo,කොළඹ,6.9271,79.8612,51,29.5,25.0,27.1,2.5,2.5,0.0,14.8,30.6,84
384152,2024-10-06,22:21:35,2024,10,6,22,Sunday,Colombo,කොළඹ,6.9271,79.8612,51,29.5,25.0,27.1,2.5,2.5,0.0,14.8,30.6,84
384134,2024-10-06,18:27:16,2024,10,6,18,Sunday,Colombo,පිළියන්දල,6.801,79.9228,55,29.8,24.9,27.3,4.2,4.2,0.0,13.7,28.1,84
384089,2024-10-06,09:32:12,2024,10,6,9,Sunday,Hambantota,තංගල්ල,6.0239,80.7944,51,30.1,25.3,27.4,0.7,0.7,0.0,20.7,46.4,80
384009,2024-10-05,11:12:37,2024,10,5,11,Saturday,Gampaha,මීගමුව,7.2083,79.8358,51,29.1,25.8,27.2,1.5,1.5,0.0,15.7,34.6,83
383696,2024-10-02,11:04:31,2024,10,2,11,Wednesday,Colombo,කොළඹ,6.9271,79.8612,51,29.8,24.8,27.2,1.1,1.1,0.0,23.5,44.6,82
383451,2024-09-29,18:57:05,2024,9,29,18,Sunday,Hambantota,හම්බන්තොට,6.1246,81.1185,63,30.4,24.0,26.7,23.2,23.2,0.0,22.7,46.8,84
383439,2024-09-29,16:11:17,2024,9,29,16,Sunday,Badulla,බදුල්ල,6.9934,81.055,61,30.1,21.6,24.4,7.3,7.3,0.0,8.3,30.6,81
383379,2024-09-28,17:54:12,2024,9,28,17,Saturday,Colombo,කොළඹ,6.9271,79.8612,61,30.1,24.4,26.7,5.4,5.4,0.0,10.3,25.2,89
383335,2024-09-28,09:48:47,2024,9,28,9,Saturday,Kandy,මහනුවර,7.2906,80.6337,65,30.3,20.1,24.4,17.5,17.5,0.0,11.3,26.6,82
383298,2024-09-27,19:30:32,2024,9,27,19,Friday,Colombo,කොළඹ,6.9271,79.8612,63,28.9,24.1,26.2,19.1,19.1,0.0,14.0,28.8,89
383293,2024-09-27,18:10:21,2024,9,27,18,Friday,Badulla,බණ්ඩාරවෙල,6.8333,80.9833,63,25.8,17.2,20.5,9.2,9.2,0.0,8.5,22.0,83
383121,2024-09-25,21:04:10,2024,9,25,21,Wednesday,Galle,ගාල්ල,6.0535,80.221,53,28.7,24.6,26.6,6.6,6.6,0.0,20.9,46.1,86
382942,2024-09-23,23:04:46,2024,9,23,23,Monday,Colombo,කඩුවෙල,6.9333,79.9833,51,30.2,26.1,27.6,1.7,1.7,0.0,20.7,44.6,77
382506,2024-09-20,16:06:52,2024,9,20,16,Friday,Colombo,කොළඹ,6.9271,79.8612,51,29.5,26.5,27.7,2.0,2.0,0.0,20.5,40.0,78
382391,2024-09-19,09:01:56,2024,9,19,9,Thursday,Colombo,කොළඹ,6.9271,79.8612,53,29.4,24.5,26.9,2.9,2.9,0.0,21.1,40.0,83
382389,2024-09-19,08:51:24,2024,9,19,8,Thursday,Kilinochchi,කිලිනොච්චි,9.3961,80.3981,51,35.3,27.0,30.3,0.3,0.3,0.0,25.7,52.2,61
382289,2024-09-18,09:43:35,2024,9,18,9,Wednesday,Polonnaruwa,පොළොන්නරුව,7.9403,81.0188,3,35.7,26.8,30.7,0.0,0.0,0.0,27.4,54.7,56
382211,2024-09-17,14:09:39,2024,9,17,14,Tuesday,Nuwara Eliya,නුවරඑළිය,6.9497,80.7891,51,20.1,13.4,16.0,0.5,0.5,0.0,19.7,49.3,88
382139,2024-09-16,17:28:28,2024,9,16,17,Monday,Colombo,කොළඹ,6.9271,79.8612,63,29.1,24.4,27.1,19.2,19.2,0.0,21.8,45.4,85
382099,2024-09-16,10:24:32,2024,9,16,10,Monday,Kandy,මහනුවර,7.2906,80.6337,53,27.9,21.4,24.2,3.1,3.1,0.0,20.9,50.4,85
382062,2024-09-15,21:47:52,2024,9,15,21,Sunday,Puttalam,පුත්තලම,8.0362,79.8283,53,29.9,26.9,28.2,1.7,1.7,0.0,26.1,52.6,80
382047,2024-09-15,19:49:44,2024,9,15,19,Sunday,Badulla,මහියංගනය,7.3333,81.0,3,35.6,27.3,30.5,0.0,0.0,0.0,19.2,45.4,58
382041,2024-09-15,18:45:43,2024,9,15,18,Sunday,Kurunegala,කුරුණෑගල,7.4863,80.3623,51,30.4,24.6,26.9,1.6,1.6,0.0,20.3,47.2,81
382016,2024-09-15,13:07:40,2024,9,15,13,Sunday,Colombo,කඩුවෙල,6.9333,79.9833,55,30.4,24.8,27.5,4.0,4.0,0.0,18.3,41.4,83
382001,2024-09-15,10:51:39,2024,9,15,10,Sunday,Puttalam,පුත්තලම,8.0362,79.8283,53,29.9,26.9,28.2,1.7,1.7,0.0,26.1,52.6,80
381996,2024-09-15,09:55:09,2024,9,15,9,Sunday,Jaffna,යාපනය,9.6615,80.0255,51,32.0,27.8,29.5,0.4,0.4,0.0,26.1,49.7,77
381931,2024-09-14,14:43:53,2024,9,14,14,Saturday,Badulla,බදුල්ල,6.9934,81.055,55,33.2,21.9,26.9,1.9,1.9,0.0,8.8,30.2,60
381926,2024-09-14,13:39:56,2024,9,14,13,Saturday,Kegalle,මාවනැල්ල,7.25,80.45,53,28.2,24.1,25.8,3.0,3.0,0.0,20.2,43.6,86
381831,2024-09-13,14:47:18,2024,9,13,14,Friday,Gampaha,මීගමුව,7.2083,79.8358,53,29.2,24.4,27.2,4.4,4.4,0.0,21.1,43.2,84
381830,2024-09-13,14:43:30,2024,9,13,14,Friday,Kandy,මහනුවර,7.2906,80.6337,53,29.5,20.7,24.5,1.7,1.7,0.0,18.4,43.2,83
381803,2024-09-13,10:16:22,2024,9,13,10,Friday,Galle,ගාල්ල,6.0535,80.221,53,29.2,24.7,27.1,4.5,4.5,0.0,20.6,41.8,83
381741,2024-09-12,16:46:11,2024,9,12,16,Thursday,Hambantota,හම්බන්තොට,6.1246,81.1185,3,32.2,24.9,28.3,0.0,0.0,0.0,29.2,58.3,74
381733,2024-09-12,15:46:57,2024,9,12,15,Thursday,Colombo,පාදුක්ක,6.8408,80.0925,53,29.9,22.7,26.0,1.7,1.7,0.0,15.8,35.3,87
381608,2024-09-11,12:37:02,2024,9,11,12,Wednesday,Badulla,බදුල්ල,6.9934,81.055,51,33.3,21.5,26.5,0.9,0.9,0.0,10.5,34.6,64
381586,2024-09-11,09:40:30,2024,9,11,9,Wednesday,Jaffna,යාපනය,9.6615,80.0255,51,30.5,27.3,28.8,0.5,0.5,0.0,35.4,67.7,80
381571,2024-09-11,07:33:36,2024,9,11,7,Wednesday,Colombo,කොළඹ,6.9271,79.8612,63,28.0,24.3,26.2,21.5,21.5,0.0,18.2,39.2,88
381514,2024-09-10,16:02:18,2024,9,10,16,Tuesday,Badulla,බදුල්ල,6.9934,81.055,3,33.0,22.2,27.2,0.0,0.0,0.0,8.5,29.2,61
381346,2024-09-08,23:15:39,2024,9,8,23,Sunday,Colombo,කොළඹ,6.9271,79.8612,53,28.8,25.0,27.1,3.4,3.4,0.0,21.7,43.6,83
381304,2024-09-08,15:25:14,2024,9,8,15,Sunday,Gampaha,මීගමුව,7.2083,79.8358,55,28.6,24.7,26.9,5.7,5.7,0.0,22.1,47.9,84
381236,2024-09-07,17:08:17,2024,9,7,17,Saturday,Colombo,කොළඹ,6.9271,79.8612,51,29.3,26.7,27.9,2.2,2.2,0.0,23.8,44.6,80
381209,2024-09-07,11:24:21,2024,9,7,11,Saturday,Polonnaruwa,පොළොන්නරුව,7.9403,81.0188,3,35.6,27.0,30.3,0.0,0.0,0.0,26.7,54.7,62
381195,2024-09-07,09:06:23,2024,9,7,9,Saturday,Anuradhapura,තඹුත්තේගම,8.15,80.4,51,32.0,25.4,28.0,0.3,0.3,0.0,26.0,54.7,75
381085,2024-09-05,21:08:20,2024,9,5,21,Thursday,Monaragala,බිබිල,7.1667,81.2167,3,34.9,23.6,28.1,0.0,0.0,0.0,12.9,32.4,71
381024,2024-09-05,11:06:13,2024,9,5,11,Thursday,Jaffna,යාපනය,9.6615,80.0255,51,31.7,27.8,29.3,0.2,0.2,0.0,28.8,54.4,77
381018,2024-09-05,09:50:19,2024,9,5,9,Thursday,Colombo,කොළඹ,6.9271,79.8612,53,29.3,26.6,27.9,3.5,3.5,0.0,23.9,44.6,80
380986,2024-09-04,21:59:50,2024,9,4,21,Wednesday,Anuradhapura,කැකිරාව,8.0333,80.6,51,31.2,24.3,26.6,0.4,0.4,0.0,28.3,54.7,80
380921,2024-09-04,10:15:53,2024,9,4,10,Wednesday,Monaragala,බිබිල,7.1667,81.2167,53,30.2,24.1,26.7,1.9,1.9,0.0,6.8,22.7,79
380901,2024-09-04,07:32:56,2024,9,4,7,Wednesday,Monaragala,බිබිල,7.1667,81.2167,53,30.2,24.1,26.7,1.9,1.9,0.0,6.8,22.7,79
380814,2024-09-03,11:01:38,2024,9,3,11,Tuesday,Badulla,බදුල්ල,6.9934,81.055,61,29.6,22.5,25.7,4.1,4.1,0.0,7.3,28.8,73
380796,2024-09-03,08:39:12,2024,9,3,8,Tuesday,Trincomalee,ත්‍රිකුණාමලය,8.5874,81.2152,51,31.7,25.9,28.2,0.1,0.1,0.0,31.1,62.6,74
380646,2024-09-01,17:18:12,2024,9,1,17,Sunday,Matara,මාතර,5.9485,80.5353,63,29.3,24.1,25.8,15.8,15.8,0.0,23.0,49.0,90
380578,2024-08-31,19:59:42,2024,8,31,19,Saturday,Colombo,කොළඹ,6.9271,79.8612,63,27.7,24.5,25.8,21.3,21.3,0.0,20.2,41.8,88
380577,2024-08-31,20:00:01,2024,8,31,20,Saturday,Puttalam,පුත්තලම,8.0362,79.8283,63,29.1,23.8,26.8,16.0,16.0,0.0,26.6,54.7,84
380488,2024-08-30,20:14:32,2024,8,30,20,Friday,Jaffna,යාපනය,9.6615,80.0255,53,29.9,27.3,28.3,2.4,2.4,0.0,33.4,60.8,81
380430,2024-08-30,11:21:25,2024,8,30,11,Friday,Matara,මාතර,5.9485,80.5353,63,28.6,24.2,26.2,8.7,8.7,0.0,20.2,44.3,87
380401,2024-08-29,22:07:07,2024,8,29,22,Thursday,Colombo,මොරටුව,6.773,79.8816,61,29.8,24.8,27.4,9.9,9.9,0.0,20.8,39.6,80
380393,2024-08-29,20:54:16,2024,8,29,20,Thursday,Kandy,මහනුවර,7.2906,80.6337,53,26.4,21.4,23.7,2.8,2.8,0.0,18.7,46.4,85
380303,2024-08-29,08:10:40,2024,8,29,8,Thursday,Galle,අම්බලන්ගොඩ,6.2358,80.0536,61,29.3,25.5,27.7,7.7,7.7,0.0,24.1,49.7,78
380239,2024-08-28,14:48:59,2024,8,28,14,Wednesday,Gampaha,කටුනායක,7.1697,79.8844,51,29.3,26.8,27.8,1.7,1.7,0.0,20.6,42.8,76
380207,2024-08-28,10:23:11,2024,8,28,10,Wednesday,Jaffna,යාපනය,9.6615,80.0255,53,29.6,27.6,28.4,2.1,2.1,0.0,28.0,52.2,80
380189,2024-08-28,07:50:25,2024,8,28,7,Wednesday,Gampaha,කටුනායක,7.1697,79.8844,51,29.3,26.8,27.8,1.7,1.7,0.0,20.6,42.8,76
379861,2024-08-25,07:08:26,2024,8,25,7,Sunday,Jaffna,යාපනය,9.6615,80.0255,3,30.5,27.3,28.6,0.0,0.0,0.0,30.7,58.3,79
379848,2024-08-24,21:26:54,2024,8,24,21,Saturday,Anuradhapura,අනුරාධපුර,8.3114,80.4037,51,31.7,24.5,27.3,0.1,0.1,0.0,22.3,46.1,78
379786,2024-08-24,08:10:12,2024,8,24,8,Saturday,Colombo,කොට්ටාව,6.8412,79.9653,51,29.8,24.2,26.6,1.7,1.7,0.0,17.6,37.1,85
379731,2024-08-23,16:14:51,2024,8,23,16,Friday,Colombo,කොළඹ,6.9271,79.8612,53,29.4,25.2,27.0,2.7,2.7,0.0,19.4,37.4,84
379676,2024-08-23,07:25:29,2024,8,23,7,Friday,Kalutara,අලුත්ගම,6.4333,79.9958,53,29.5,24.8,26.9,1.8,1.8,0.0,17.9,37.1,86
379630,2024-08-22,16:57:03,2024,8,22,16,Thursday,Badulla,බදුල්ල,6.9934,81.055,3,28.2,20.5,24.1,0.0,0.0,0.0,7.3,23.8,76
379529,2024-08-21,17:48:04,2024,8,21,17,Wednesday,Colombo,කොළඹ,6.9271,79.8612,63,26.4,24.4,25.2,19.6,19.6,0.0,18.0,37.8,90
379489,2024-08-21,13:19:04,2024,8,21,13,Wednesday,Trincomalee,ත්‍රිකුණාමලය,8.5874,81.2152,3,30.6,25.2,27.3,0.0,0.0,0.0,29.0,59.0,75
379295,2024-08-19,19:47:14,2024,8,19,19,Monday,Matara,වැලිගම,5.975,80.4297,65,27.9,24.6,26.1,35.0,35.0,0.0,21.1,42.1,89
379230,2024-08-19,07:36:58,2024,8,19,7,Monday,Matara,මාතර,5.9485,80.5353,63,28.2,24.6,26.0,24.2,24.2,0.0,18.7,39.6,90
379207,2024-08-18,20:43:37,2024,8,18,20,Sunday,Colombo,කොළඹ,6.9271,79.8612,63,28.3,24.8,26.6,20.8,20.8,0.0,15.0,34.2,86
379020,2024-08-16,19:34:16,2024,8,16,19,Friday,Matara,මාතර,5.9485,80.5353,65,28.2,24.7,26.1,41.8,41.8,0.0,19.1,41.0,89
378933,2024-08-16,07:03:15,2024,8,16,7,Friday,Colombo,හෝමාගම,6.8408,80.0022,65,28.5,24.2,25.8,34.1,34.1,0.0,17.8,38.5,91
378883,2024-08-15,14:34:25,2024,8,15,14,Thursday,Gampaha,මීගමුව,7.2083,79.8358,53,28.9,24.6,26.9,2.8,2.8,0.0,20.7,42.5,85
378872,2024-08-15,12:44:47,2024,8,15,12,Thursday,Anuradhapura,අනුරාධපුර,8.3114,80.4037,51,31.4,24.6,27.5,1.2,1.2,0.0,21.7,44.3,78
378769,2024-08-14,12:34:29,2024,8,14,12,Wednesday,Colombo,කොළඹ,6.9271,79.8612,53,28.5,24.9,26.4,4.9,4.9,0.0,17.7,34.6,87
378744,2024-08-14,09:35:38,2024,8,14,9,Wednesday,Colombo,කොළඹ,6.9271,79.8612,53,28.5,24.9,26.4,4.9,4.9,0.0,17.7,34.6,87
378736,2024-08-14,08:12:48,2024,8,14,8,Wednesday,Colombo,කොළඹ,6.9271,79.8612,53,28.5,24.9,26.4,4.9,4.9,0.0,17.7,34.6,87
378713,2024-08-13,20:44:28,2024,8,13,20,Tuesday,Colombo,කොළඹ,6.9271,79.8612,53,27.4,24.2,25.9,4.1,4.1,0.0,14.8,29.9,90
378628,2024-08-13,09:41:24,2024,8,13,9,Tuesday,Matara,මාතර,5.9485,80.5353,63,27.4,24.3,25.6,14.0,14.0,0.0,13.4,28.8,91
378579,2024-08-12,16:44:01,2024,8,12,16,Monday,Colombo,කැස්බෑව,6.795,79.939,63,29.6,24.9,26.4,28.8,28.8,0.0,15.9,30.6,91
378577,2024-08-12,16:15:31,2024,8,12,16,Monday,Colombo,කොළඹ,6.9271,79.8612,63,29.6,24.4,26.3,32.0,32.0,0.0,14.9,32.4,91
378482,2024-08-11,17:18:49,2024,8,11,17,Sunday,Puttalam,හලාවත,7.5758,79.7953,61,29.0,25.5,27.2,6.4,6.4,0.0,21.3,42.1,84
378407,2024-08-10,17:54:01,2024,8,10,17,Saturday,Nuwara Eliya,මස්කෙළිය,6.8333,80.5667,55,21.7,18.1,19.6,9.2,9.2,0.0,12.9,40.0,95
378343,2024-08-10,07:57:16,2024,8,10,7,Saturday,Colombo,කොළඹ,6.9271,79.8612,61,28.5,24.8,27.1,10.0,10.0,0.0,18.8,38.2,83
378268,2024-08-09,13:03:35,2024,8,9,13,Friday,Jaffna,යාපනය,9.6615,80.0255,51,32.8,27.1,29.3,0.2,0.2,0.0,24.8,46.4,74
378232,2024-08-09,06:58:53,2024,8,9,6,Friday,Colombo,කොළඹ,6.9271,79.8612,51,29.1,25.7,27.3,0.8,0.8,0.0,15.6,32.0,83
378189,2024-08-08,16:15:17,2024,8,8,16,Thursday,Puttalam,පුත්තලම,8.0362,79.8283,63,31.1,26.1,27.9,9.3,9.3,0.0,19.0,37.4,80
378071,2024-08-07,13:27:18,2024,8,7,13,Wednesday,Ratnapura,රත්නපුර,6.6828,80.3992,51,30.5,23.7,26.9,1.6,1.6,0.0,14.3,32.8,81
378050,2024-08-07,10:42:43,2024,8,7,10,Wednesday,Colombo,කොළඹ,6.9271,79.8612,51,29.1,25.8,27.3,1.4,1.4,0.0,18.6,37.1,82
377809,2024-08-04,19:41:19,2024,8,4,19,Sunday,Badulla,බදුල්ල,6.9934,81.055,55,32.4,21.1,25.7,2.0,2.0,0.0,6.9,27.7,69
377717,2024-08-03,17:46:18,2024,8,3,17,Saturday,Colombo,කොළඹ,6.9271,79.8612,51,29.4,24.9,27.4,1.7,1.7,0.0,17.9,36.7,84
377711,2024-08-03,16:12:17,2024,8,3,16,Saturday,Monaragala,වැල්ලවාය,6.7333,81.1,53,32.8,24.4,28.3,2.6,2.6,0.0,16.3,38.2,67
377655,2024-08-03,08:14:26,2024,8,3,8,Saturday,Ratnapura,බලංගොඩ,6.65,80.7,51,26.8,22.9,24.6,0.6,0.6,0.0,21.6,49.7,76
377654,2024-08-03,08:01:59,2024,8,3,8,Saturday,Gampaha,නිට්ටඹුව,7.1417,80.0958,61,29.9,23.7,26.4,4.8,4.8,0.0,17.1,36.4,86
377606,2024-08-02,14:32:37,2024,8,2,14,Friday,Colombo,කොළඹ,6.9271,79.8612,63,28.4,24.9,26.5,9.1,9.1,0.0,18.7,37.4,88
377581,2024-08-02,10:42:58,2024,8,2,10,Friday,Nuwara Eliya,නුවරඑළිය,6.9497,80.7891,51,19.2,13.8,16.2,1.8,1.8,0.0,22.0,50.4,92
377511,2024-08-01,14:19:49,2024,8,1,14,Thursday,Galle,ගාලු,6.0535,80.221,63,28.6,24.8,26.3,10.6,10.6,0.0,17.9,45.4,89
377474,2024-08-01,09:02:48,2024,8,1,9,Thursday,Jaffna,යාපනය,9.6615,80.0255,51,30.9,27.4,28.9,0.4,0.4,0.0,32.6,61.6,79
377318,2024-07-30,17:04:40,2024,7,30,17,Tuesday,Colombo,කොළඹ,6.9271,79.8612,63,29.1,23.6,26.6,13.2,13.2,0.0,17.7,44.6,89
377278,2024-07-30,11:04:50,2024,7,30,11,Tuesday,Colombo,කොළඹ,6.9271,79.8612,63,29.1,23.6,26.6,13.2,13.2,0.0,17.7,44.6,89
377208,2024-07-29,17:15:15,2024,7,29,17,Monday,Colombo,අවිස්සාවේල්ල,6.9533,80.2097,65,28.9,23.8,25.2,51.2,51.2,0.0,15.3,37.8,91
377088,2024-07-28,16:41:42,2024,7,28,16,Sunday,Kandy,නාවලපිටිය,7.05,80.5333,63,25.7,21.1,22.5,15.8,15.8,0.0,15.8,54.4,93
377045,2024-07-28,09:59:08,2024,7,28,9,Sunday,Colombo,පාදුක්ක,6.8408,80.0925,65,30.0,23.3,26.6,37.0,37.0,0.0,19.2,45.4,86
376946,2024-07-27,08:25:04,2024,7,27,8,Saturday,Colombo,කොළඹ,6.9271,79.8612,53,29.6,26.8,27.9,3.4,3.4,0.0,23.0,47.2,85
376940,2024-07-27,07:29:26,2024,7,27,7,Saturday,Kandy,මහනුවර,7.2906,80.6337,51,28.4,23.0,25.3,0.4,0.4,0.0,26.0,58.0,79
376777,2024-07-25,14:03:24,2024,7,25,14,Thursday,Monaragala,මොණරාගල,6.8728,81.3507,55,35.2,24.4,29.4,2.2,2.2,0.0,14.2,33.8,65
376643,2024-07-24,11:18:54,2024,7,24,11,Wednesday,Hambantota,හම්බන්තොට,6.1246,81.1185,53,30.6,26.4,28.2,2.6,2.6,0.0,30.0,59.0,79
376459,2024-07-22,17:17:13,2024,7,22,17,Monday,Matara,වැලිගම,5.975,80.4297,55,28.8,25.4,26.9,3.5,3.5,0.0,17.7,37.1,87
376419,2024-07-22,11:50:24,2024,7,22,11,Monday,Colombo,කොළඹ,6.9271,79.8612,63,29.0,25.3,26.9,6.4,6.4,0.0,15.0,39.2,87
376345,2024-07-21,16:21:55,2024,7,21,16,Sunday,Galle,බද්දේගම,6.1667,80.1833,3,30.2,26.5,27.9,0.0,0.0,0.0,15.6,33.1,82
376254,2024-07-20,16:40:38,2024,7,20,16,Saturday,Jaffna,යාපනය,9.6615,80.0255,3,31.3,28.2,29.4,0.0,0.0,0.0,33.7,64.4,76
376248,2024-07-20,15:25:33,2024,7,20,15,Saturday,Puttalam,පුත්තලම,8.0362,79.8283,51,30.2,26.7,28.4,0.2,0.2,0.0,25.9,52.9,77
376216,2024-07-20,10:29:50,2024,7,20,10,Saturday,Galle,ගාල්ල,6.0535,80.221,51,30.1,26.4,27.9,1.1,1.1,0.0,20.0,41.4,82
376201,2024-07-20,08:11:26,2024,7,20,8,Saturday,Hambantota,කතරගම,6.4134,81.3346,3,36.3,25.3,30.2,0.0,0.0,0.0,30.6,63.7,63
376178,2024-07-19,21:23:54,2024,7,19,21,Friday,Trincomalee,ත්‍රිකුණාමලය,8.5874,81.2152,3,36.1,27.1,30.6,0.0,0.0,0.0,28.4,62.3,60
376060,2024-07-18,18:39:47,2024,7,18,18,Thursday,Hambantota,බෙලිඅත්ත,6.05,80.75,61,29.2,24.7,26.4,3.6,3.6,0.0,19.6,48.6,87
375874,2024-07-17,08:54:38,2024,7,17,8,Wednesday,Colombo,කොළඹ,6.9271,79.8612,63,28.2,25.7,27.1,20.7,20.7,0.0,21.1,43.9,86
375872,2024-07-17,08:16:01,2024,7,17,8,Wednesday,Jaffna,යාපනය,9.6615,80.0255,53,31.1,27.8,29.1,2.1,2.1,0.0,31.3,61.2,80
375666,2024-07-15,14:13:49,2024,7,15,14,Monday,Colombo,කඩුවෙල,6.9333,79.9833,65,28.7,23.8,26.0,30.6,30.6,0.0,14.4,38.2,90
375650,2024-07-15,11:48:48,2024,7,15,11,Monday,Kalutara,පානදුර,6.7133,79.9072,63,28.3,25.1,26.8,21.2,21.2,0.0,27.3,51.8,87
375561,2024-07-14,12:56:10,2024,7,14,12,Sunday,Trincomalee,ත්‍රිකුණාමලය,8.5874,81.2152,53,35.9,26.0,30.0,0.7,0.7,0.0,22.8,49.3,66
375489,2024-07-13,18:52:40,2024,7,13,18,Saturday,Anuradhapura,අනුරාධපුර,8.3114,80.4037,53,30.4,24.8,27.0,4.7,4.7,0.0,26.0,54.0,82
375467,2024-07-13,15:03:55,2024,7,13,15,Saturday,Puttalam,පුත්තලම,8.0362,79.8283,63,29.0,26.2,27.2,12.0,12.0,0.0,27.2,53.6,84
375258,2024-07-11,15:23:46,2024,7,11,15,Thursday,Hambantota,තංගල්ල,6.0239,80.7944,51,30.6,25.0,27.5,0.6,0.6,0.0,22.2,50.0,81
375241,2024-07-11,12:58:59,2024,7,11,12,Thursday,Colombo,කොළඹ,6.9271,79.8612,53,29.3,25.5,27.4,3.0,3.0,0.0,17.9,36.4,85
375188,2024-07-11,06:52:46,2024,7,11,6,Thursday,Kandy,මහනුවර,7.2906,80.6337,53,27.8,21.5,24.6,1.9,1.9,0.0,16.8,37.8,83
374981,2024-07-09,07:37:00,2024,7,9,7,Tuesday,Puttalam,පුත්තලම,8.0362,79.8283,51,29.6,26.7,27.8,0.3,0.3,0.0,23.2,47.2,80
374807,2024-07-07,11:26:20,2024,7,7,11,Sunday,Jaffna,යාපනය,9.6615,80.0255,51,31.1,27.8,29.0,0.7,0.7,0.0,30.0,58.0,79
374758,2024-07-06,18:20:46,2024,7,6,18,Saturday,Colombo,කොළඹ,6.9271,79.8612,55,28.6,25.1,26.7,5.9,5.9,0.0,15.4,30.2,86
374706,2024-07-06,09:33:44,2024,7,6,9,Saturday,Badulla,බණ්ඩාරවෙල,6.8333,80.9833,51,25.2,18.2,21.7,0.2,0.2,0.0,10.5,23.8,81
374640,2024-07-05,13:28:28,2024,7,5,13,Friday,Badulla,බදුල්ල,6.9934,81.055,55,29.4,20.2,24.4,1.3,1.3,0.0,9.3,25.2,78
374591,2024-07-04,20:34:51,2024,7,4,20,Thursday,Colombo,කොළඹ,6.9271,79.8612,61,28.6,24.4,26.7,7.3,7.3,0.0,16.3,35.3,88
374555,2024-07-04,15:22:47,2024,7,4,15,Thursday,Gampaha,දිවුලපිටිය,7.2167,80.0,55,29.7,23.5,26.1,5.5,5.5,0.0,15.5,35.6,89
374543,2024-07-04,13:55:59,2024,7,4,13,Thursday,Badulla,ඇල්ල,6.8667,81.05,63,26.7,20.1,23.0,8.3,8.3,0.0,7.9,25.6,87
374513,2024-07-04,09:44:33,2024,7,4,9,Thursday,Colombo,කොළඹ,6.9271,79.8612,61,28.6,24.4,26.7,7.3,7.3,0.0,16.3,35.3,88
374484,2024-07-03,21:50:25,2024,7,3,21,Wednesday,Kandy,මහනුවර,7.2906,80.6337,51,29.2,22.0,24.9,1.3,1.3,0.0,17.5,39.2,84
374456,2024-07-03,17:49:20,2024,7,3,17,Wednesday,Kalutara,පානදුර,6.7133,79.9072,55,29.6,25.1,27.3,6.4,6.4,0.0,18.2,38.2,86
374212,2024-07-01,12:43:34,2024,7,1,12,Monday,Colombo,කොළඹ,6.9271,79.8612,63,28.3,24.6,26.6,10.0,10.0,0.0,17.3,34.9,87
374199,2024-07-01,11:03:16,2024,7,1,11,Monday,Vavuniya,වවුනියාව,8.7514,80.4971,51,33.0,25.8,28.6,0.9,0.9,0.0,23.8,52.9,73
374185,2024-07-01,07:32:13,2024,7,1,7,Monday,Colombo,කොළඹ,6.9271,79.8612,63,28.3,24.6,26.6,10.0,10.0,0.0,17.3,34.9,87
374099,2024-06-29,23:23:31,2024,6,29,23,Saturday,Gampaha,රාගම,7.0289,79.9175,51,29.2,24.9,27.0,1.7,1.7,0.0,19.3,38.2,85
374066,2024-06-29,16:35:30,2024,6,29,16,Saturday,Puttalam,පුත්තලම,8.0362,79.8283,53,29.5,25.9,27.5,2.1,2.1,0.0,21.4,44.3,83
374044,2024-06-29,12:15:00,2024,6,29,12,Saturday,Puttalam,පුත්තලම,8.0362,79.8283,53,29.5,25.9,27.5,2.1,2.1,0.0,21.4,44.3,83
374033,2024-06-29,09:26:27,2024,6,29,9,Saturday,Ampara,අම්පාර,7.2975,81.682,51,36.1,24.4,29.6,0.1,0.1,0.0,15.3,37.8,71
373919,2024-06-27,20:11:58,2024,6,27,20,Thursday,Badulla,ඇල්ල,6.8667,81.05,51,28.9,20.4,23.7,0.3,0.3,0.0,6.9,24.8,77
373858,2024-06-27,11:26:14,2024,6,27,11,Thursday,Colombo,කොළඹ,6.9271,79.8612,53,29.4,25.6,27.5,4.3,4.3,0.0,16.6,34.9,84
373757,2024-06-26,11:15:48,2024,6,26,11,Wednesday,Colombo,කොළඹ,6.9271,79.8612,63,27.6,25.2,26.6,26.0,26.0,0.0,23.7,49.3,86
373730,2024-06-26,06:41:48,2024,6,26,6,Wednesday,Kilinochchi,කිලිනොච්චි,9.3961,80.3981,3,32.7,27.7,29.4,0.0,0.0,0.0,31.0,61.2,70
373704,2024-06-25,18:18:56,2024,6,25,18,Tuesday,Gampaha,මීගමුව,7.2083,79.8358,63,27.4,24.8,26.2,28.6,28.6,0.0,21.3,50.0,88
373689,2024-06-25,16:26:05,2024,6,25,16,Tuesday,Colombo,කොළඹ,6.9271,79.8612,63,27.9,24.8,26.2,40.2,40.2,0.0,20.1,46.4,88
373451,2024-06-23,11:13:00,2024,6,23,11,Sunday,Gampaha,මිනුවන්ගොඩ,7.1667,79.95,65,29.6,25.2,26.8,24.9,24.9,0.0,24.0,50.0,86
373450,2024-06-23,11:14:55,2024,6,23,11,Sunday,Colombo,කොළඹ,6.9271,79.8612,61,29.4,25.6,27.2,9.1,9.1,0.0,27.3,51.8,84
373382,2024-06-22,16:21:40,2024,6,22,16,Saturday,Anuradhapura,අනුරාධපුර,8.3114,80.4037,51,31.7,25.0,27.7,0.8,0.8,0.0,26.4,52.2,78
373338,2024-06-22,09:41:09,2024,6,22,9,Saturday,Colombo,කොළඹ,6.9271,79.8612,63,29.2,25.0,26.9,16.2,16.2,0.0,27.6,51.8,85
373281,2024-06-21,14:53:31,2024,6,21,14,Friday,Puttalam,පුත්තලම,8.0362,79.8283,53,29.7,25.9,27.7,3.0,3.0,0.0,26.6,56.5,84
373267,2024-06-21,12:29:17,2024,6,21,12,Friday,Monaragala,බිබිල,7.1667,81.2167,51,34.4,23.9,28.3,0.4,0.4,0.0,13.1,36.4,70
373212,2024-06-20,19:42:20,2024,6,20,19,Thursday,Badulla,බදුල්ල,6.9934,81.055,51,31.7,21.5,25.9,0.7,0.7,0.0,9.2,32.0,72
373164,2024-06-20,11:59:51,2024,6,20,11,Thursday,Matale,දඹුල්ල,7.86,80.6517,55,29.6,23.9,26.0,2.3,2.3,0.0,28.7,55.1,82
373078,2024-06-19,15:33:46,2024,6,19,15,Wednesday,Colombo,කොළඹ,6.9271,79.8612,63,28.5,24.6,26.3,18.7,18.7,0.0,22.5,46.4,89
373060,2024-06-19,11:11:09,2024,6,19,11,Wednesday,Colombo,කොළඹ,6.9271,79.8612,63,28.5,24.6,26.3,18.7,18.7,0.0,22.5,46.4,89
372817,2024-06-16,18:37:29,2024,6,16,18,Sunday,Matale,ගලේවෙල,7.75,80.5667,51,30.1,23.5,26.3,0.4,0.4,0.0,26.0,52.9,80
372757,2024-06-15,23:01:31,2024,6,15,23,Saturday,Colombo,කොළඹ,6.9271,79.8612,53,29.7,24.7,27.1,7.7,7.7,0.0,21.9,42.1,85
372464,2024-06-13,07:41:12,2024,6,13,7,Thursday,Colombo,කොළඹ,6.9271,79.8612,51,29.5,25.8,27.7,3.6,3.6,0.0,20.1,38.5,84
372425,2024-06-12,16:20:50,2024,6,12,16,Wednesday,Badulla,මහියංගනය,7.3333,81.0,3,32.7,26.1,28.8,0.0,0.0,0.0,15.8,37.8,71
372393,2024-06-12,10:19:43,2024,6,12,10,Wednesday,Colombo,හෝමාගම,6.8408,80.0022,63,29.9,24.2,26.9,12.7,12.7,0.0,17.3,37.8,87
372313,2024-06-11,15:20:27,2024,6,11,15,Tuesday,Colombo,කොළඹ,6.9271,79.8612,55,29.2,25.2,27.6,6.3,6.3,0.0,25.0,46.8,84
372287,2024-06-11,11:01:30,2024,6,11,11,Tuesday,Gampaha,කටුනායක,7.1697,79.8844,63,29.0,25.9,27.7,12.8,12.8,0.0,25.9,51.5,83
372281,2024-06-11,09:43:46,2024,6,11,9,Tuesday,Kandy,මහනුවර,7.2906,80.6337,51,27.7,22.9,24.7,0.8,0.8,0.0,21.3,46.1,85
372043,2024-06-08,15:29:37,2024,6,8,15,Saturday,Kegalle,කෑගල්ල,7.2513,80.3464,53,29.3,23.9,26.3,2.8,2.8,0.0,22.5,45.7,84
371948,2024-06-07,12:41:06,2024,6,7,12,Friday,Kandy,මහනුවර,7.2906,80.6337,53,28.7,21.2,24.6,0.8,0.8,0.0,16.7,36.7,89
371938,2024-06-07,11:12:41,2024,6,7,11,Friday,Colombo,කොළඹ,6.9271,79.8612,61,29.3,24.9,27.0,6.8,6.8,0.0,23.9,46.1,86
371845,2024-06-06,12:46:34,2024,6,6,12,Thursday,Colombo,කොළඹ,6.9271,79.8612,53,29.4,25.5,27.3,2.1,2.1,0.0,20.6,39.6,85
371774,2024-06-05,15:34:35,2024,6,5,15,Wednesday,Vavuniya,වවුනියාව,8.7514,80.4971,51,32.0,25.2,28.2,0.3,0.3,0.0,20.8,45.0,79
371503,2024-06-02,13:58:02,2024,6,2,13,Sunday,Colombo,කොළඹ,6.9271,79.8612,63,28.3,25.1,26.2,28.1,28.1,0.0,19.8,37.1,92
371501,2024-06-02,13:33:10,2024,6,2,13,Sunday,Colombo,කොළඹ,6.9271,79.8612,63,28.3,25.1,26.2,28.1,28.1,0.0,19.8,37.1,92
371313,2024-05-31,12:45:26,2024,5,31,12,Friday,Colombo,කොළඹ,6.9271,79.8612,63,30.1,25.0,27.6,12.2,12.2,0.0,18.8,37.1,89
371072,2024-05-29,08:13:57,2024,5,29,8,Wednesday,Colombo,කොළඹ,6.9271,79.8612,63,29.4,26.0,27.5,25.1,25.1,0.0,22.3,42.8,86
370998,2024-05-28,10:22:46,2024,5,28,10,Tuesday,Gampaha,වේයන්ගොඩ,7.15,80.05,63,29.6,23.4,26.2,31.8,31.8,0.0,20.0,45.0,90
370725,2024-05-24,21:19:56,2024,5,24,21,Friday,Monaragala,වැල්ලවාය,6.7333,81.1,53,29.2,25.3,26.6,5.6,5.6,0.0,28.7,65.5,84
370620,2024-05-23,16:06:01,2024,5,23,16,Thursday,Colombo,කොළඹ,6.9271,79.8612,63,29.3,26.1,27.4,35.3,35.3,0.0,34.5,67.7,86
370575,2024-05-23,07:30:36,2024,5,23,7,Thursday,Nuwara Eliya,ගිනිගත්හේන,6.9833,80.4833,63,25.4,23.7,24.3,51.1,51.1,0.0,21.2,70.9,98
370540,2024-05-22,18:02:43,2024,5,22,18,Wednesday,Anuradhapura,තලාව,8.2333,80.35,61,29.6,24.8,26.3,9.3,9.3,0.0,30.0,67.0,89
370496,2024-05-22,11:17:37,2024,5,22,11,Wednesday,Kurunegala,කුලියාපිටිය,7.4667,80.0333,63,28.6,24.4,26.1,31.8,31.8,0.0,26.4,62.6,91
370424,2024-05-21,13:27:03,2024,5,21,13,Tuesday,Colombo,කොළඹ,6.9271,79.8612,61,29.0,25.2,27.3,11.2,11.2,0.0,21.9,45.4,87
370418,2024-05-21,12:31:03,2024,5,21,12,Tuesday,Kurunegala,කුලියාපිටිය,7.4667,80.0333,63,29.1,24.3,25.8,11.5,11.5,0.0,19.1,47.2,92
370400,2024-05-21,08:43:25,2024,5,21,8,Tuesday,Ratnapura,රත්නපුර,6.6828,80.3992,63,27.5,24.2,25.6,31.2,31.2,0.0,13.4,38.5,92
370365,2024-05-20,16:30:26,2024,5,20,16,Monday,Jaffna,යාපනය,9.6615,80.0255,63,29.6,26.1,27.3,24.9,24.9,0.0,19.4,41.0,88
370305,2024-05-20,07:36:00,2024,5,20,7,Monday,Kilinochchi,කිලිනොච්චි,9.3961,80.3981,65,29.6,24.7,26.6,13.4,13.4,0.0,20.3,40.0,90
370198,2024-05-18,19:17:11,2024,5,18,19,Saturday,Colombo,කෝට්ටේ,6.889,79.9017,63,28.0,24.2,26.4,51.9,51.9,0.0,16.9,36.0,91
370139,2024-05-18,07:10:50,2024,5,18,7,Saturday,Colombo,කොළඹ,6.9271,79.8612,63,28.0,24.1,26.4,51.9,51.9,0.0,16.9,36.0,91
369962,2024-05-15,22:41:38,2024,5,15,22,Wednesday,Badulla,බදුල්ල,6.9934,81.055,53,28.5,21.5,24.7,2.9,2.9,0.0,9.1,30.6,85
369942,2024-05-15,18:18:13,2024,5,15,18,Wednesday,Kalutara,බණ්ඩාරගම,6.7133,79.9072,51,30.6,25.4,27.8,0.6,0.6,0.0,14.4,32.4,86
369861,2024-05-14,20:07:14,2024,5,14,20,Tuesday,Jaffna,යාපනය,9.6615,80.0255,63,30.8,25.9,28.4,14.0,14.0,0.0,12.2,28.4,85
369753,2024-05-13,18:44:04,2024,5,13,18,Monday,Matara,මාතර,5.9485,80.5353,63,31.4,24.7,27.7,20.5,20.5,0.0,11.5,28.8,86
369679,2024-05-12,19:43:05,2024,5,12,19,Sunday,Kandy,මහනුවර,7.2906,80.6337,63,29.0,22.6,24.8,16.1,16.1,0.0,9.1,23.8,89
369585,2024-05-11,18:48:35,2024,5,11,18,Saturday,Ratnapura,රත්නපුර,6.6828,80.3992,63,32.8,25.1,27.9,17.0,17.0,0.0,17.7,38.2,86
369573,2024-05-11,16:16:31,2024,5,11,16,Saturday,Kandy,මහනුවර,7.2906,80.6337,65,31.1,22.9,25.9,18.5,18.5,0.0,11.4,24.8,83
369551,2024-05-11,11:31:44,2024,5,11,11,Saturday,Kandy,මහනුවර,7.2906,80.6337,65,31.1,22.9,25.9,18.5,18.5,0.0,11.4,24.8,83
369535,2024-05-11,08:27:49,2024,5,11,8,Saturday,Badulla,බදුල්ල,6.9934,81.055,63,30.4,21.3,25.5,10.4,10.4,0.0,8.3,28.1,81
369285,2024-05-08,07:08:20,2024,5,8,7,Wednesday,Colombo,කොළඹ,6.9271,79.8612,63,32.1,25.7,28.4,7.0,7.0,0.0,19.0,40.3,84
369137,2024-05-06,09:38:00,2024,5,6,9,Monday,Colombo,මහරගම,6.848,79.9265,55,33.0,26.2,28.8,3.4,3.4,0.0,17.9,37.1,83
368917,2024-05-03,14:56:18,2024,5,3,14,Friday,Ampara,අම්පාර,7.2975,81.682,51,36.0,26.5,30.9,0.4,0.4,0.0,16.6,36.0,74
368762,2024-05-01,18:18:57,2024,5,1,18,Wednesday,Gampaha,කටුනායක,7.1697,79.8844,51,31.5,25.1,28.5,0.3,0.3,0.0,16.1,35.3,84
368552,2024-04-29,12:07:55,2024,4,29,12,Monday,Colombo,කොළඹ,6.9271,79.8612,63,32.0,25.0,27.6,7.4,7.4,0.0,12.4,26.3,88
368283,2024-04-26,09:24:32,2024,4,26,9,Friday,Kilinochchi,කිලිනොච්චි,9.3961,80.3981,3,38.4,25.9,31.2,0.0,0.0,0.0,20.2,42.5,64
368150,2024-04-24,17:07:05,2024,4,24,17,Wednesday,Colombo,කොළඹ,6.9271,79.8612,53,31.0,24.6,28.1,2.8,2.8,0.0,14.8,31.0,85
368132,2024-04-24,14:02:43,2024,4,24,14,Wednesday,Badulla,බණ්ඩාරවෙල,6.8333,80.9833,51,26.4,16.3,21.3,1.3,1.3,0.0,8.6,21.6,77
368086,2024-04-23,21:37:23,2024,4,23,21,Tuesday,Badulla,බදුල්ල,6.9934,81.055,3,31.9,19.0,26.0,0.0,0.0,0.0,9.4,28.1,68
368038,2024-04-23,11:14:26,2024,4,23,11,Tuesday,Matara,මාතර,5.9485,80.5353,61,31.5,25.4,28.0,4.3,4.3,0.0,11.0,27.7,86
368011,2024-04-22,23:19:23,2024,4,22,23,Monday,Matara,මාතර,5.9485,80.5353,51,31.5,25.6,28.6,1.4,1.4,0.0,13.7,31.3,83
367999,2024-04-22,20:09:52,2024,4,22,20,Monday,Colombo,කොළඹ,6.9271,79.8612,61,31.5,25.1,28.2,2.3,2.3,0.0,14.7,31.0,85
367993,2024-04-22,18:16:18,2024,4,22,18,Monday,Badulla,දියතලාව,6.8167,80.9667,3,26.2,15.4,21.1,0.0,0.0,0.0,8.6,22.3,80
367946,2024-04-22,08:55:11,2024,4,22,8,Monday,Badulla,බදුල්ල,6.9934,81.055,3,32.0,18.0,26.0,0.0,0.0,0.0,7.9,24.1,71
367940,2024-04-22,07:54:24,2024,4,22,7,Monday,Hambantota,කතරගම,6.4134,81.3346,61,32.9,24.4,28.3,2.5,2.5,0.0,14.0,31.0,83
367937,2024-04-22,07:09:32,2024,4,22,7,Monday,Gampaha,සීදූව,7.128,79.886,61,31.6,25.3,28.3,1.9,1.9,0.0,14.8,33.1,84
367903,2024-04-21,15:38:02,2024,4,21,15,Sunday,Badulla,බදුල්ල,6.9934,81.055,51,31.8,19.9,25.9,0.1,0.1,0.0,7.5,22.7,74
367882,2024-04-21,11:38:54,2024,4,21,11,Sunday,Galle,ඇල්පිටිය,6.2833,80.1667,63,31.8,23.0,27.7,7.3,7.3,0.0,17.9,32.8,85
367832,2024-04-20,16:56:10,2024,4,20,16,Saturday,Matale,රත්තොට,7.5167,80.6833,53,32.3,23.7,27.3,2.3,2.3,0.0,14.0,38.5,77
367465,2024-04-16,08:09:15,2024,4,16,8,Tuesday,Badulla,බණ්ඩාරවෙල,6.8333,80.9833,53,24.0,16.5,20.3,2.8,2.8,0.0,9.8,25.2,93
367442,2024-04-15,20:20:48,2024,4,15,20,Monday,Colombo,කොළඹ,6.9271,79.8612,63,30.7,24.7,27.4,12.3,12.3,0.0,8.8,24.1,88
367384,2024-04-15,10:06:04,2024,4,15,10,Monday,Kandy,ගම්පොල,7.1667,80.5667,63,30.3,21.6,25.3,8.7,8.7,0.0,19.8,43.9,84
367334,2024-04-14,15:43:03,2024,4,14,15,Sunday,Galle,ගාල්ල,6.0535,80.221,63,32.0,23.8,26.9,18.4,18.4,0.0,13.3,28.4,85
367271,2024-04-13,17:53:06,2024,4,13,17,Saturday,Galle,ගාල්ල,6.0535,80.221,63,31.6,24.3,27.4,6.2,6.2,0.0,14.8,34.9,82
367194,2024-04-12,16:11:29,2024,4,12,16,Friday,Monaragala,වැල්ලවාය,6.7333,81.1,63,30.7,23.7,25.5,21.8,21.8,0.0,16.7,41.8,87
366961,2024-04-09,14:39:02,2024,4,9,14,Tuesday,Kandy,නාවලපිටිය,7.05,80.5333,3,31.8,16.6,24.6,0.0,0.0,0.0,11.3,34.9,67
366923,2024-04-09,07:20:20,2024,4,9,7,Tuesday,Gampaha,කිරිබත්ගොඩ,6.9786,79.9283,51,33.3,24.7,29.0,0.6,0.6,0.0,18.4,38.5,77
366893,2024-04-08,15:59:14,2024,4,8,15,Monday,Anuradhapura,අනුරාධපුර,8.3114,80.4037,51,37.2,25.0,30.3,0.2,0.2,0.0,10.1,20.2,69
366814,2024-04-07,16:56:27,2024,4,7,16,Sunday,Ampara,අම්පාර,7.2975,81.682,51,34.4,24.4,28.9,0.3,0.3,0.0,13.3,28.8,80
366691,2024-04-06,07:30:57,2024,4,6,7,Saturday,Kalutara,ඉංගිරිය,6.75,80.1667,61,33.9,24.3,28.3,3.0,3.0,0.0,16.0,35.6,79
366496,2024-04-03,19:25:51,2024,4,3,19,Wednesday,Colombo,කොළඹ,6.9271,79.8612,55,32.4,24.6,28.2,2.5,2.5,0.0,16.8,33.1,79
366486,2024-04-03,16:32:02,2024,4,3,16,Wednesday,Polonnaruwa,හිඟුරක්ගොඩ,8.05,80.95,61,34.7,25.0,29.3,2.4,2.4,0.0,13.8,29.5,74
366364,2024-04-02,07:23:12,2024,4,2,7,Tuesday,Kandy,පේරාදෙණිය,7.2597,80.5967,53,32.8,21.6,26.8,1.6,1.6,0.0,8.5,27.0,76
366201,2024-03-31,07:07:06,2024,3,31,7,Sunday,Colombo,කොළඹ,6.9271,79.8612,51,33.1,24.3,28.6,0.9,0.9,0.0,13.4,32.0,74
366161,2024-03-30,14:07:18,2024,3,30,14,Saturday,Colombo,කොළඹ,6.9271,79.8612,53,32.0,24.3,28.3,1.9,1.9,0.0,14.5,31.7,78
366012,2024-03-28,21:45:49,2024,3,28,21,Thursday,Kurunegala,කුරුණෑගල,7.4863,80.3623,61,34.8,23.8,28.0,3.3,3.3,0.0,13.8,29.5,77
365995,2024-03-28,18:07:52,2024,3,28,18,Thursday,Gampaha,මීගමුව,7.2083,79.8358,63,32.0,24.9,28.1,11.3,11.3,0.0,13.2,34.6,81
365893,2024-03-27,17:25:43,2024,3,27,17,Wednesday,Kurunegala,අලව්ව,7.3,80.2333,63,35.1,23.4,27.1,10.1,10.1,0.0,10.1,26.6,82
365872,2024-03-27,15:17:20,2024,3,27,15,Wednesday,Colombo,කොළඹ,6.9271,79.8612,65,31.8,24.5,27.8,17.7,17.7,0.0,15.6,35.6,82
365856,2024-03-27,12:29:17,2024,3,27,12,Wednesday,Kurunegala,කුරුණෑගල,7.4863,80.3623,63,34.1,23.0,26.9,12.3,12.3,0.0,11.8,29.9,82
365837,2024-03-27,08:59:11,2024,3,27,8,Wednesday,Gampaha,මීගමුව,7.2083,79.8358,63,32.4,24.6,27.6,10.7,10.7,0.0,13.4,32.4,82
365756,2024-03-26,07:39:44,2024,3,26,7,Tuesday,Colombo,හෝමාගම,6.8408,80.0022,55,32.1,24.4,28.0,3.2,3.2,0.0,13.0,30.2,82
365733,2024-03-25,19:12:18,2024,3,25,19,Monday,Ampara,අම්පාර,7.2975,81.682,51,31.5,24.7,27.8,1.8,1.8,0.0,14.9,32.4,82
365573,2024-03-23,18:07:46,2024,3,23,18,Saturday,Kandy,මහනුවර,7.2906,80.6337,53,31.5,21.0,25.7,1.3,1.3,0.0,14.8,34.2,76
365467,2024-03-22,12:07:05,2024,3,22,12,Friday,Anuradhapura,කැකිරාව,8.0333,80.6,61,31.5,23.7,26.7,2.6,2.6,0.0,17.0,35.3,81
365298,2024-03-20,11:50:20,2024,3,20,11,Wednesday,Ampara,අම්පාර,7.2975,81.682,51,33.3,22.7,27.9,0.9,0.9,0.0,11.0,27.7,75
365023,2024-03-17,08:23:23,2024,3,17,8,Sunday,Colombo,කොළඹ,6.9271,79.8612,51,32.1,24.6,28.4,0.2,0.2,0.0,18.0,35.6,76
364821,2024-03-14,17:40:49,2024,3,14,17,Thursday,Batticaloa,මඩකලපුව,7.7102,81.6924,1,32.1,23.9,28.1,0.0,0.0,0.0,19.4,36.4,75
364566,2024-03-11,22:37:34,2024,3,11,22,Monday,Ratnapura,බලංගොඩ,6.65,80.7,3,29.3,20.1,24.3,0.0,0.0,0.0,12.4,28.4,64
364509,2024-03-11,08:45:39,2024,3,11,8,Monday,Kurunegala,මහව,7.8167,80.2833,3,36.4,23.0,28.9,0.0,0.0,0.0,18.7,43.6,63
364461,2024-03-10,14:40:23,2024,3,10,14,Sunday,Anuradhapura,අනුරාධපුර,8.3114,80.4037,2,35.4,22.5,27.9,0.0,0.0,0.0,15.1,29.5,68
364419,2024-03-09,20:34:43,2024,3,9,20,Saturday,Colombo,කොළඹ,6.9271,79.8612,3,31.7,23.0,27.7,0.0,0.0,0.0,18.1,37.4,79
364365,2024-03-09,06:34:48,2024,3,9,6,Saturday,Anuradhapura,අනුරාධපුර,8.3114,80.4037,51,35.7,21.8,28.2,0.1,0.1,0.0,10.9,25.6,66
364246,2024-03-07,17:56:06,2024,3,7,17,Thursday,Kurunegala,කුරුණෑගල,7.4863,80.3623,3,35.0,24.0,28.2,0.0,0.0,0.0,14.5,35.6,65
364214,2024-03-07,13:12:39,2024,3,7,13,Thursday,Anuradhapura,අනුරාධපුර,8.3114,80.4037,3,31.8,22.6,27.2,0.0,0.0,0.0,10.9,23.0,73
364145,2024-03-06,15:54:18,2024,3,6,15,Wednesday,Ratnapura,රත්නපුර,6.6828,80.3992,51,32.8,24.7,28.2,0.8,0.8,0.0,11.0,27.7,75
364103,2024-03-06,09:05:21,2024,3,6,9,Wednesday,Colombo,කොළඹ,6.9271,79.8612,51,31.0,23.9,27.6,0.1,0.1,0.0,14.8,31.7,77
364056,2024-03-05,15:57:35,2024,3,5,15,Tuesday,Anuradhapura,තලාව,8.2333,80.35,3,34.8,22.2,27.8,0.0,0.0,0.0,13.3,28.4,67
364004,2024-03-05,07:30:52,2024,3,5,7,Tuesday,Colombo,කොළඹ,6.9271,79.8612,3,31.6,22.6,27.4,0.0,0.0,0.0,19.4,40.3,75
363891,2024-03-03,22:07:33,2024,3,3,22,Sunday,Colombo,කොළඹ,6.9271,79.8612,51,31.4,23.4,27.8,1.2,1.2,0.0,17.8,36.4,78
363827,2024-03-03,07:05:41,2024,3,3,7,Sunday,Jaffna,යාපනය,9.6615,80.0255,3,33.2,24.6,28.0,0.0,0.0,0.0,15.4,33.1,72
363769,2024-03-02,11:30:15,2024,3,2,11,Saturday,Jaffna,යාපනය,9.6615,80.0255,3,34.4,24.5,28.4,0.0,0.0,0.0,17.5,36.4,73
363756,2024-03-02,08:55:10,2024,3,2,8,Saturday,Gampaha,මීගමුව,7.2083,79.8358,3,34.6,23.7,28.2,0.0,0.0,0.0,17.7,40.3,70
363730,2024-03-01,18:23:44,2024,3,1,18,Friday,Colombo,කොළඹ,6.9271,79.8612,51,34.2,24.8,29.2,0.5,0.5,0.0,17.2,34.9,67
363725,2024-03-01,17:00:40,2024,3,1,17,Friday,Colombo,කොළඹ,6.9271,79.8612,51,34.2,24.8,29.2,0.5,0.5,0.0,17.2,34.9,67
363543,2024-02-28,23:29:29,2024,2,28,23,Wednesday,Puttalam,පුත්තලම,8.0362,79.8283,3,34.2,24.2,28.6,0.0,0.0,0.0,21.2,43.6,65
363399,2024-02-27,14:02:09,2024,2,27,14,Tuesday,Matara,මාතර,5.9485,80.5353,51,35.1,26.4,29.5,0.8,0.8,0.0,24.3,50.4,66
363259,2024-02-26,06:58:30,2024,2,26,6,Monday,Monaragala,මොණරාගල,6.8728,81.3507,53,31.4,24.2,26.7,4.6,4.6,0.0,20.9,49.7,78
362959,2024-02-22,13:21:27,2024,2,22,13,Thursday,Kandy,මහනුවර,7.2906,80.6337,3,33.1,20.0,26.0,0.0,0.0,0.0,19.8,47.2,65
362955,2024-02-22,12:23:19,2024,2,22,12,Thursday,Jaffna,යාපනය,9.6615,80.0255,3,30.5,24.5,27.1,0.0,0.0,0.0,16.8,36.0,82
362860,2024-02-21,09:03:26,2024,2,21,9,Wednesday,Colombo,කොළඹ,6.9271,79.8612,51,32.3,24.5,28.1,0.1,0.1,0.0,18.1,38.2,81
362742,2024-02-20,07:54:44,2024,2,20,7,Tuesday,Colombo,කොළඹ,6.9271,79.8612,55,31.3,23.3,27.4,1.4,1.4,0.0,18.3,37.1,80
362622,2024-02-19,10:01:11,2024,2,19,10,Monday,Colombo,මහරගම,6.848,79.9265,3,31.5,22.5,27.3,0.0,0.0,0.0,17.2,35.6,78
362584,2024-02-18,23:04:48,2024,2,18,23,Sunday,Colombo,කොළඹ,6.9271,79.8612,51,32.4,23.9,27.6,0.4,0.4,0.0,16.4,34.9,79
362574,2024-02-18,19:43:42,2024,2,18,19,Sunday,Colombo,කොළඹ,6.9271,79.8612,51,32.4,23.9,27.6,0.4,0.4,0.0,16.4,34.9,79
362515,2024-02-18,14:04:38,2024,2,18,14,Sunday,Colombo,කොළඹ,6.9271,79.8612,51,32.4,23.9,27.6,0.4,0.4,0.0,16.4,34.9,79
362357,2024-02-17,13:32:02,2024,2,17,13,Saturday,Gampaha,කඩවත,7.0,79.95,51,35.2,24.2,28.6,0.5,0.5,0.0,18.1,41.0,74
362342,2024-02-17,09:16:22,2024,2,17,9,Saturday,Colombo,කොළඹ,6.9271,79.8612,53,34.4,24.5,28.4,1.1,1.1,0.0,18.1,36.0,76
362162,2024-02-15,11:45:06,2024,2,15,11,Thursday,Colombo,රාජගිරිය,6.9095,79.8937,63,32.6,25.0,27.6,6.0,6.0,0.0,11.4,31.0,78
362144,2024-02-15,09:04:15,2024,2,15,9,Thursday,Polonnaruwa,පොළොන්නරුව,7.9403,81.0188,53,30.6,24.1,26.7,1.8,1.8,0.0,15.6,31.7,81
362119,2024-02-14,21:00:24,2024,2,14,21,Wednesday,Jaffna,යාපනය,9.6615,80.0255,51,31.4,25.4,28.2,0.1,0.1,0.0,23.4,45.4,72
361950,2024-02-13,07:53:36,2024,2,13,7,Tuesday,Jaffna,යාපනය,9.6615,80.0255,61,30.4,25.6,27.8,3.1,3.1,0.0,25.5,49.0,75
361943,2024-02-13,07:09:02,2024,2,13,7,Tuesday,Puttalam,පුත්තලම,8.0362,79.8283,53,31.6,24.1,27.5,1.6,1.6,0.0,19.6,43.9,76
361911,2024-02-12,16:49:08,2024,2,12,16,Monday,Kandy,මහනුවර,7.2906,80.6337,51,29.4,21.0,24.3,0.1,0.1,0.0,28.6,61.2,74
361901,2024-02-12,15:52:48,2024,2,12,15,Monday,Colombo,කොළඹ,6.9271,79.8612,51,33.6,24.1,28.1,0.3,0.3,0.0,17.9,38.2,66
361874,2024-02-12,11:13:56,2024,2,12,11,Monday,Jaffna,යාපනය,9.6615,80.0255,3,31.3,24.3,27.7,0.0,0.0,0.0,22.0,44.3,67
361842,2024-02-11,23:21:33,2024,2,11,23,Sunday,Ratnapura,රත්නපුර,6.6828,80.3992,3,31.2,21.3,26.1,0.0,0.0,0.0,8.9,19.8,72
361841,2024-02-11,23:09:23,2024,2,11,23,Sunday,Kurunegala,වාරියපොල,7.6167,80.2333,3,32.1,23.1,26.9,0.0,0.0,0.0,23.8,51.5,66
361809,2024-02-11,15:57:49,2024,2,11,15,Sunday,Galle,ගාල්ල,6.0535,80.221,3,33.0,23.3,27.4,0.0,0.0,0.0,17.6,35.6,66
361679,2024-02-10,07:52:47,2024,2,10,7,Saturday,Colombo,කොළඹ,6.9271,79.8612,3,32.6,22.7,27.3,0.0,0.0,0.0,17.6,32.8,70
361673,2024-02-10,06:58:43,2024,2,10,6,Saturday,Jaffna,යාපනය,9.6615,80.0255,3,31.4,25.7,28.1,0.0,0.0,0.0,24.8,48.6,67
361611,2024-02-09,10:59:57,2024,2,9,10,Friday,Hambantota,හම්බන්තොට,6.1246,81.1185,3,31.7,24.1,27.5,0.0,0.0,0.0,25.1,50.8,68
361575,2024-02-08,22:20:44,2024,2,8,22,Thursday,Hambantota,වීරවිල,6.15,80.9333,3,32.3,20.8,26.7,0.0,0.0,0.0,15.9,34.9,70
361566,2024-02-08,20:22:14,2024,2,8,20,Thursday,Colombo,කොළඹ,6.9271,79.8612,3,29.4,20.7,25.5,0.0,0.0,0.0,12.7,28.1,82
361552,2024-02-08,15:51:00,2024,2,8,15,Thursday,Puttalam,පුත්තලම,8.0362,79.8283,3,32.5,20.7,26.2,0.0,0.0,0.0,16.0,30.6,76
361510,2024-02-08,09:39:02,2024,2,8,9,Thursday,Puttalam,පුත්තලම,8.0362,79.8283,3,32.5,20.7,26.2,0.0,0.0,0.0,16.0,30.6,76
361329,2024-02-06,11:49:33,2024,2,6,11,Tuesday,Kandy,මහනුවර,7.2906,80.6337,3,28.4,20.8,24.2,0.0,0.0,0.0,21.8,47.2,78
361322,2024-02-06,10:23:55,2024,2,6,10,Tuesday,Kandy,මහනුවර,7.2906,80.6337,3,28.4,20.8,24.2,0.0,0.0,0.0,21.8,47.2,78
361258,2024-02-05,13:30:46,2024,2,5,13,Monday,Kandy,ගම්පොල,7.1667,80.5667,53,28.2,21.4,24.1,1.5,1.5,0.0,21.4,46.8,82
361248,2024-02-05,11:31:25,2024,2,5,11,Monday,Puttalam,පුත්තලම,8.0362,79.8283,55,30.4,23.3,26.5,1.6,1.6,0.0,16.1,34.2,81
361236,2024-02-05,09:04:20,2024,2,5,9,Monday,Matara,මාතර,5.9485,80.5353,61,31.2,24.1,26.5,5.4,5.4,0.0,16.6,36.4,84
361189,2024-02-04,15:54:06,2024,2,4,15,Sunday,Hambantota,තංගල්ල,6.0239,80.7944,63,30.5,24.5,26.5,9.7,9.7,0.0,16.2,39.6,82
360864,2024-01-31,17:49:50,2024,1,31,17,Wednesday,Colombo,කොළඹ,6.9271,79.8612,51,27.7,23.7,25.7,0.6,0.6,0.0,13.0,25.6,88
360767,2024-01-30,18:55:40,2024,1,30,18,Tuesday,Galle,ගාල්ල,6.0535,80.221,63,30.1,22.8,26.0,8.3,8.3,0.0,14.8,29.5,88
360745,2024-01-30,14:28:49,2024,1,30,14,Tuesday,Kalutara,හොරණ,6.7156,80.0631,65,31.9,23.0,25.9,22.5,22.5,0.0,11.0,23.0,87
360732,2024-01-30,12:47:08,2024,1,30,12,Tuesday,Kandy,මහනුවර,7.2906,80.6337,55,28.8,21.5,24.4,6.4,6.4,0.0,14.4,32.8,85
360666,2024-01-29,19:26:59,2024,1,29,19,Monday,Hambantota,හම්බන්තොට,6.1246,81.1185,61,31.0,25.5,27.5,2.8,2.8,0.0,24.5,49.0,74
360626,2024-01-29,12:48:20,2024,1,29,12,Monday,Hambantota,හම්බන්තොට,6.1246,81.1185,61,31.0,25.5,27.5,2.8,2.8,0.0,24.5,49.0,74
360577,2024-01-28,20:41:52,2024,1,28,20,Sunday,Hambantota,කතරගම,6.4134,81.3346,3,30.6,24.0,27.0,0.0,0.0,0.0,23.9,50.4,72
360499,2024-01-28,07:06:29,2024,1,28,7,Sunday,Colombo,කොළඹ,6.9271,79.8612,51,31.9,23.7,27.6,0.7,0.7,0.0,16.8,32.0,72
360490,2024-01-27,21:30:02,2024,1,27,21,Saturday,Colombo,කොළඹ,6.9271,79.8612,3,32.6,22.7,27.1,0.0,0.0,0.0,18.7,35.3,71
360470,2024-01-27,17:57:37,2024,1,27,17,Saturday,Kandy,මහනුවර,7.2906,80.6337,3,28.6,19.7,23.7,0.0,0.0,0.0,18.1,39.6,76
360452,2024-01-27,14:04:06,2024,1,27,14,Saturday,Colombo,කොළඹ,6.9271,79.8612,3,32.6,22.7,27.1,0.0,0.0,0.0,18.7,35.3,71
360449,2024-01-27,13:47:03,2024,1,27,13,Saturday,Colombo,කොළඹ,6.9271,79.8612,3,32.6,22.7,27.1,0.0,0.0,0.0,18.7,35.3,71
360432,2024-01-27,10:18:30,2024,1,27,10,Saturday,Gampaha,කැළණිය,6.9553,79.9219,3,32.7,22.8,27.1,0.0,0.0,0.0,18.7,35.3,71
360411,2024-01-27,07:24:38,2024,1,27,7,Saturday,Colombo,කොළඹ,6.9271,79.8612,3,32.6,22.7,27.1,0.0,0.0,0.0,18.7,35.3,71
360391,2024-01-26,20:01:00,2024,1,26,20,Friday,Colombo,කොළඹ,6.9271,79.8612,3,32.2,20.5,26.0,0.0,0.0,0.0,17.9,31.0,74
360362,2024-01-26,13:52:39,2024,1,26,13,Friday,Colombo,කොළඹ,6.9271,79.8612,3,32.2,20.5,26.0,0.0,0.0,0.0,17.9,31.0,74
360355,2024-01-26,11:32:09,2024,1,26,11,Friday,Gampaha,කටුනායක,7.1697,79.8844,3,32.4,20.8,26.4,0.0,0.0,0.0,21.5,43.2,69
360348,2024-01-26,10:09:40,2024,1,26,10,Friday,Colombo,කොළඹ,6.9271,79.8612,3,32.2,20.5,26.0,0.0,0.0,0.0,17.9,31.0,74
360342,2024-01-26,08:52:00,2024,1,26,8,Friday,Colombo,කොළඹ,6.9271,79.8612,3,32.2,20.5,26.0,0.0,0.0,0.0,17.9,31.0,74
360331,2024-01-26,07:27:48,2024,1,26,7,Friday,Colombo,කොළඹ,6.9271,79.8612,3,32.2,20.5,26.0,0.0,0.0,0.0,17.9,31.0,74
360270,2024-01-25,12:56:08,2024,1,25,12,Thursday,Colombo,කොළඹ,6.9271,79.8612,2,30.9,20.7,25.3,0.0,0.0,0.0,13.9,28.8,81
360262,2024-01-25,11:36:14,2024,1,25,11,Thursday,Colombo,කොළඹ,6.9271,79.8612,2,30.9,20.7,25.3,0.0,0.0,0.0,13.9,28.8,81
360259,2024-01-25,10:49:11,2024,1,25,10,Thursday,Colombo,කොළඹ,6.9271,79.8612,2,30.9,20.7,25.3,0.0,0.0,0.0,13.9,28.8,81
360254,2024-01-25,09:36:32,2024,1,25,9,Thursday,Puttalam,පුත්තලම,8.0362,79.8283,3,31.3,20.5,25.4,0.0,0.0,0.0,14.3,31.7,73
360252,2024-01-25,08:55:59,2024,1,25,8,Thursday,Colombo,කොළඹ,6.9271,79.8612,2,30.9,20.7,25.3,0.0,0.0,0.0,13.9,28.8,81
360251,2024-01-25,08:51:41,2024,1,25,8,Thursday,Kandy,මහනුවර,7.2906,80.6337,3,27.9,17.0,22.3,0.0,0.0,0.0,15.2,33.8,75
360247,2024-01-25,08:28:47,2024,1,25,8,Thursday,Puttalam,පුත්තලම,8.0362,79.8283,3,31.3,20.5,25.4,0.0,0.0,0.0,14.3,31.7,73
360231,2024-01-25,06:01:18,2024,1,25,6,Thursday,Colombo,කොළඹ,6.9271,79.8612,2,30.9,20.7,25.3,0.0,0.0,0.0,13.9,28.8,81
360151,2024-01-24,10:22:53,2024,1,24,10,Wednesday,Kandy,මහනුවර,7.2906,80.6337,2,28.0,17.6,22.7,0.0,0.0,0.0,13.4,30.2,75
360051,2024-01-23,09:28:34,2024,1,23,9,Tuesday,Jaffna,යාපනය,9.6615,80.0255,3,30.1,22.7,26.1,0.0,0.0,0.0,16.3,33.1,73
360014,2024-01-22,17:54:25,2024,1,22,17,Monday,Colombo,කොළඹ,6.9271,79.8612,3,31.0,23.4,26.8,0.0,0.0,0.0,13.7,29.9,89
359779,2024-01-20,07:08:57,2024,1,20,7,Saturday,Jaffna,යාපනය,9.6615,80.0255,51,30.0,25.0,26.9,0.1,0.1,0.0,18.1,35.6,79
359686,2024-01-19,07:06:33,2024,1,19,7,Friday,Kurunegala,පොල්ගහවෙල,7.3333,80.3,55,30.2,22.5,25.3,1.9,1.9,0.0,7.3,21.6,88
359580,2024-01-17,17:51:50,2024,1,17,17,Wednesday,Colombo,කොළඹ,6.9271,79.8612,51,29.8,19.9,24.9,0.1,0.1,0.0,14.7,30.2,85
359234,2024-01-13,19:17:49,2024,1,13,19,Saturday,Kandy,මහනුවර,7.2906,80.6337,51,27.5,20.3,23.2,0.2,0.2,0.0,16.3,36.7,81
359190,2024-01-13,10:38:04,2024,1,13,10,Saturday,Colombo,කොළඹ,6.9271,79.8612,3,30.9,23.1,26.6,0.0,0.0,0.0,19.5,36.7,74
358689,2024-01-08,15:13:25,2024,1,8,15,Monday,Kalutara,මතුගම,6.5222,80.1167,63,28.7,22.8,25.0,8.5,8.5,0.0,5.5,22.7,92
358588,2024-01-07,15:16:13,2024,1,7,15,Sunday,Galle,ඇල්පිටිය,6.2833,80.1667,65,29.7,22.8,24.9,42.7,42.7,0.0,9.2,25.2,91
358463,2024-01-06,07:26:18,2024,1,6,7,Saturday,Colombo,කොළඹ,6.9271,79.8612,63,29.0,23.1,25.6,7.8,7.8,0.0,14.6,29.2,91
358383,2024-01-05,08:23:28,2024,1,5,8,Friday,Colombo,කොළඹ,6.9271,79.8612,63,30.4,22.9,26.1,10.8,10.8,0.0,12.8,28.8,88
358316,2024-01-04,13:48:04,2024,1,4,13,Thursday,Colombo,කොළඹ,6.9271,79.8612,63,29.2,23.5,26.2,5.1,5.1,0.0,13.5,27.7,88
358295,2024-01-04,11:12:48,2024,1,4,11,Thursday,Colombo,කොළඹ,6.9271,79.8612,63,29.2,23.5,26.2,5.1,5.1,0.0,13.5,27.7,88
357980,2023-12-31,11:14:42,2023,12,31,11,Sunday,Gampaha,මීගමුව,7.2083,79.8358,61,31.1,23.7,26.7,4.8,4.8,0.0,22.8,48.2,81
357931,2023-12-30,18:49:18,2023,12,30,18,Saturday,Kalutara,හොරණ,6.7156,80.0631,63,30.0,22.4,25.3,8.7,8.7,0.0,9.3,23.4,90
357862,2023-12-29,20:32:51,2023,12,29,20,Friday,Matara,මාතර,5.9485,80.5353,63,28.8,23.9,25.5,7.0,7.0,0.0,19.3,42.8,88
357840,2023-12-29,14:31:00,2023,12,29,14,Friday,Puttalam,මාරවිල,7.4167,79.8167,63,30.0,24.4,26.1,7.6,7.6,0.0,19.1,36.7,85
357652,2023-12-27,14:05:30,2023,12,27,14,Wednesday,Kandy,මහනුවර,7.2906,80.6337,51,26.5,22.3,23.9,2.4,2.4,0.0,18.8,40.3,86
357579,2023-12-26,15:30:00,2023,12,26,15,Tuesday,Colombo,කොළඹ,6.9271,79.8612,51,31.3,23.0,26.8,0.4,0.4,0.0,20.9,37.1,78
357496,2023-12-25,15:28:39,2023,12,25,15,Monday,Badulla,බදුල්ල,6.9934,81.055,53,25.1,19.2,22.3,3.0,3.0,0.0,10.0,32.0,88
357431,2023-12-24,17:59:51,2023,12,24,17,Sunday,Kurunegala,කුරුණෑගල,7.4863,80.3623,51,30.4,23.2,26.1,0.2,0.2,0.0,17.7,38.5,81
357405,2023-12-24,11:26:01,2023,12,24,11,Sunday,Anuradhapura,කැකිරාව,8.0333,80.6,53,28.3,22.9,25.2,2.7,2.7,0.0,17.4,36.4,86
357345,2023-12-23,14:51:01,2023,12,23,14,Saturday,Anuradhapura,අනුරාධපුර,8.3114,80.4037,51,29.0,22.4,25.2,1.9,1.9,0.0,16.4,35.3,87
357242,2023-12-22,11:16:33,2023,12,22,11,Friday,Puttalam,පුත්තලම,8.0362,79.8283,53,29.6,23.4,26.0,1.7,1.7,0.0,19.2,38.5,84
356985,2023-12-19,09:52:06,2023,12,19,9,Tuesday,Kurunegala,කුරුණෑගල,7.4863,80.3623,55,29.9,22.8,25.4,1.6,1.6,0.0,16.4,37.8,86
356843,2023-12-17,20:39:36,2023,12,17,20,Sunday,Kalutara,කළුතර,6.5854,79.9607,63,30.4,22.9,26.1,7.8,7.8,0.0,16.9,36.4,87
356799,2023-12-17,11:25:48,2023,12,17,11,Sunday,Galle,අම්බලන්ගොඩ,6.2358,80.0536,61,29.7,22.6,26.2,6.0,6.0,0.0,21.7,44.3,86
356556,2023-12-14,15:05:28,2023,12,14,15,Thursday,Jaffna,යාපනය,9.6615,80.0255,63,28.0,24.1,25.9,10.9,10.9,0.0,25.6,50.0,80
356389,2023-12-13,07:28:39,2023,12,13,7,Wednesday,Kandy,මහනුවර,7.2906,80.6337,51,27.2,21.0,23.7,0.9,0.9,0.0,16.0,35.6,84
356240,2023-12-11,13:06:07,2023,12,11,13,Monday,Galle,ගාල්ල,6.0535,80.221,65,29.6,22.3,25.1,27.1,27.1,0.0,12.7,31.0,89
356199,2023-12-11,07:19:43,2023,12,11,7,Monday,Galle,ගාල්ල,6.0535,80.221,65,29.6,22.3,25.1,27.1,27.1,0.0,12.7,31.0,89
356187,2023-12-10,21:53:46,2023,12,10,21,Sunday,Colombo,හෝමාගම,6.8408,80.0022,63,29.7,22.6,25.0,19.6,19.6,0.0,8.7,24.5,92
355980,2023-12-08,09:56:06,2023,12,8,9,Friday,Kandy,මහනුවර,7.2906,80.6337,63,27.4,21.1,23.2,14.6,14.6,0.0,9.9,25.6,90
355830,2023-12-06,15:54:55,2023,12,6,15,Wednesday,Colombo,කොළඹ,6.9271,79.8612,61,28.9,23.7,26.1,6.4,6.4,0.0,16.6,33.5,89
355802,2023-12-06,10:23:43,2023,12,6,10,Wednesday,Jaffna,යාපනය,9.6615,80.0255,51,29.5,25.8,27.6,0.7,0.7,0.0,21.7,43.6,84
355701,2023-12-05,07:24:13,2023,12,5,7,Tuesday,Kurunegala,මහව,7.8167,80.2833,61,29.3,23.2,25.2,4.7,4.7,0.0,18.2,39.2,90
355603,2023-12-04,07:01:55,2023,12,4,7,Monday,Kurunegala,කුරුණෑගල,7.4863,80.3623,63,26.4,22.4,24.5,11.6,11.6,0.0,18.1,40.0,90
355507,2023-12-02,18:35:49,2023,12,2,18,Saturday,Jaffna,යාපනය,9.6615,80.0255,61,28.1,24.7,26.1,5.8,5.8,0.0,22.1,45.0,86
355413,2023-12-01,16:30:38,2023,12,1,16,Friday,Jaffna,යාපනය,9.6615,80.0255,63,27.0,24.5,25.4,29.3,29.3,0.0,18.4,38.5,90
355373,2023-12-01,10:31:54,2023,12,1,10,Friday,Gampaha,වේයන්ගොඩ,7.15,80.05,63,29.4,23.1,25.3,22.8,22.8,0.0,14.8,32.4,91
355164,2023-11-29,07:01:07,2023,11,29,7,Wednesday,Gampaha,කටුනායක,7.1697,79.8844,63,30.2,23.0,25.7,6.2,6.2,0.0,12.5,27.0,89
355116,2023-11-28,12:50:10,2023,11,28,12,Tuesday,Colombo,කොළඹ,6.9271,79.8612,63,28.3,23.2,25.3,10.4,10.4,0.0,13.4,27.0,91
355095,2023-11-28,08:10:31,2023,11,28,8,Tuesday,Anuradhapura,හබරණ,8.0333,80.75,63,27.8,22.2,24.5,10.6,10.6,0.0,15.0,33.5,91
354961,2023-11-26,14:20:57,2023,11,26,14,Sunday,Colombo,කොළඹ,6.9271,79.8612,51,29.5,22.6,25.9,0.2,0.2,0.0,11.5,23.4,88
354809,2023-11-24,11:48:18,2023,11,24,11,Friday,Matale,ගලේවෙල,7.75,80.5667,51,29.8,23.3,25.7,0.7,0.7,0.0,15.7,33.5,81
354751,2023-11-23,17:51:16,2023,11,23,17,Thursday,Colombo,හෝමාගම,6.8408,80.0022,63,29.7,23.3,25.3,43.4,43.4,0.0,11.5,28.1,93
354506,2023-11-20,17:39:58,2023,11,20,17,Monday,Kandy,මහනුවර,7.2906,80.6337,65,27.3,21.5,23.6,22.4,22.4,0.0,8.9,20.9,90
354324,2023-11-18,16:46:20,2023,11,18,16,Saturday,Kandy,නාවලපිටිය,7.05,80.5333,63,26.0,20.2,22.2,26.3,26.3,0.0,8.3,26.6,93
354238,2023-11-17,18:34:34,2023,11,17,18,Friday,Kalutara,බේරුවල,6.4789,79.9828,63,29.2,23.9,26.2,9.2,9.2,0.0,10.6,26.6,89
354175,2023-11-17,07:05:44,2023,11,17,7,Friday,Colombo,කොළඹ,6.9271,79.8612,61,28.9,24.5,26.2,7.2,7.2,0.0,10.5,24.1,91
354108,2023-11-16,11:03:50,2023,11,16,11,Thursday,Colombo,හෝමාගම,6.8408,80.0022,63,30.4,23.3,26.2,7.2,7.2,0.0,10.9,26.3,89
354065,2023-11-15,18:06:55,2023,11,15,18,Wednesday,Colombo,කොළඹ,6.9271,79.8612,53,28.5,23.5,25.8,3.8,3.8,0.0,14.2,32.4,90
354019,2023-11-15,10:51:05,2023,11,15,10,Wednesday,Kalutara,හොරණ,6.7156,80.0631,63,29.1,22.8,25.3,9.5,9.5,0.0,10.8,28.1,91
353791,2023-11-12,22:40:38,2023,11,12,22,Sunday,Colombo,කොළඹ,6.9271,79.8612,65,28.6,23.1,25.2,32.9,32.9,0.0,12.1,24.5,91
353663,2023-11-11,12:17:54,2023,11,11,12,Saturday,Colombo,කොළඹ,6.9271,79.8612,61,29.2,22.6,25.6,5.5,5.5,0.0,10.9,23.4,90
353637,2023-11-10,22:27:12,2023,11,10,22,Friday,Colombo,කොළඹ,6.9271,79.8612,65,28.7,23.4,25.4,19.5,19.5,0.0,16.4,32.8,91
353484,2023-11-09,12:07:46,2023,11,9,12,Thursday,Matale,දඹුල්ල,7.86,80.6517,63,29.1,22.1,24.5,13.3,13.3,0.0,10.5,25.6,89
353374,2023-11-08,08:43:44,2023,11,8,8,Wednesday,Colombo,කොළඹ,6.9271,79.8612,63,29.0,22.9,25.2,20.8,20.8,0.0,12.4,23.8,91
353195,2023-11-06,13:24:18,2023,11,6,13,Monday,Colombo,කොළඹ,6.9271,79.8612,65,29.5,22.7,25.3,16.5,16.5,0.0,9.5,27.0,91
352824,2023-11-01,15:30:40,2023,11,1,15,Wednesday,Jaffna,යාපනය,9.6615,80.0255,63,30.8,24.3,27.5,8.1,8.1,0.0,13.3,31.7,80
352676,2023-10-30,22:15:56,2023,10,30,22,Monday,Colombo,කොළඹ,6.9271,79.8612,63,29.1,22.7,25.4,7.3,7.3,0.0,12.2,27.7,90
352641,2023-10-30,15:31:20,2023,10,30,15,Monday,Kegalle,මාවනැල්ල,7.25,80.45,65,29.0,21.8,24.4,31.0,31.0,0.0,9.8,22.0,91
352532,2023-10-29,09:05:21,2023,10,29,9,Sunday,Kurunegala,මහව,7.8167,80.2833,63,30.9,22.2,25.2,13.8,13.8,0.0,11.1,30.6,89
352472,2023-10-28,11:52:10,2023,10,28,11,Saturday,Colombo,හෝමාගම,6.8408,80.0022,65,30.3,22.6,25.3,31.6,31.6,0.0,9.9,26.3,90
352319,2023-10-26,13:05:23,2023,10,26,13,Thursday,Monaragala,මොණරාගල,6.8728,81.3507,53,31.0,21.6,25.9,1.4,1.4,0.0,10.8,26.6,80
352267,2023-10-25,19:41:51,2023,10,25,19,Wednesday,Gampaha,රාගම,7.0289,79.9175,63,29.5,22.4,25.5,8.5,8.5,0.0,11.7,25.9,89
352236,2023-10-25,12:42:30,2023,10,25,12,Wednesday,Gampaha,කටුනායක,7.1697,79.8844,63,29.7,23.1,25.6,13.7,13.7,0.0,9.8,27.4,89
352233,2023-10-25,11:54:55,2023,10,25,11,Wednesday,Kurunegala,මහව,7.8167,80.2833,61,32.1,21.6,25.9,4.6,4.6,0.0,10.9,28.8,86
352184,2023-10-24,18:47:17,2023,10,24,18,Tuesday,Badulla,බදුල්ල,6.9934,81.055,65,26.7,18.2,22.2,23.5,23.5,0.0,6.3,21.6,85
351966,2023-10-22,11:53:55,2023,10,22,11,Sunday,Kandy,නුවර,7.2906,80.6337,65,27.1,21.6,23.2,30.5,30.5,0.0,10.8,31.7,91
351836,2023-10-20,16:50:52,2023,10,20,16,Friday,Kandy,මහනුවර,7.2906,80.6337,63,26.8,20.6,22.8,15.3,15.3,0.0,7.7,19.1,91
351829,2023-10-20,15:55:58,2023,10,20,15,Friday,Anuradhapura,හබරණ,8.0333,80.75,65,30.8,22.3,25.1,22.9,22.9,0.0,13.0,28.4,87
351815,2023-10-20,13:28:46,2023,10,20,13,Friday,Badulla,බදුල්ල,6.9934,81.055,63,25.9,19.4,22.1,19.3,19.3,0.0,6.2,20.5,90
351802,2023-10-20,10:15:48,2023,10,20,10,Friday,Puttalam,කල්පිටිය,8.2333,79.7667,63,29.1,23.9,25.9,5.4,5.4,0.0,17.8,37.8,86
351772,2023-10-19,22:07:39,2023,10,19,22,Thursday,Hambantota,හම්බන්තොට,6.1246,81.1185,65,26.5,24.5,25.1,32.6,32.6,0.0,20.1,40.0,90
351749,2023-10-19,17:48:33,2023,10,19,17,Thursday,Colombo,හෝමාගම,6.8408,80.0022,63,26.4,22.8,24.4,16.8,16.8,0.0,12.0,23.4,93
351728,2023-10-19,14:07:32,2023,10,19,14,Thursday,Kurunegala,නාරම්මල,7.4333,80.2,63,27.3,22.9,24.3,13.1,13.1,0.0,11.6,26.6,91
351664,2023-10-18,18:15:58,2023,10,18,18,Wednesday,Colombo,කොළඹ,6.9271,79.8612,65,26.9,23.1,24.5,73.8,73.8,0.0,15.5,27.7,94
351421,2023-10-16,11:10:15,2023,10,16,11,Monday,Jaffna,යාපනය,9.6615,80.0255,63,29.5,24.5,27.2,11.6,11.6,0.0,16.0,34.9,81
351409,2023-10-16,09:01:24,2023,10,16,9,Monday,Badulla,මහියංගනය,7.3333,81.0,51,31.6,23.1,26.7,0.2,0.2,0.0,4.5,21.6,83
351155,2023-10-13,10:58:26,2023,10,13,10,Friday,Matara,මාතර,5.9485,80.5353,63,27.0,23.7,25.1,22.9,22.9,0.0,8.9,21.2,92
351086,2023-10-12,16:46:20,2023,10,12,16,Thursday,Badulla,ඇල්ල,6.8667,81.05,53,24.6,19.0,21.7,2.9,2.9,0.0,5.8,19.8,91
350986,2023-10-11,15:13:20,2023,10,11,15,Wednesday,Matale,දඹුල්ල,7.86,80.6517,55,29.4,22.8,25.0,3.7,3.7,0.0,16.3,34.6,88
350967,2023-10-11,11:37:22,2023,10,11,11,Wednesday,Kalutara,බණ්ඩාරගම,6.7133,79.9072,63,27.8,24.2,25.6,20.4,20.4,0.0,14.0,31.3,89
350954,2023-10-11,09:46:48,2023,10,11,9,Wednesday,Anuradhapura,අනුරාධපුර,8.3114,80.4037,61,31.0,23.6,26.0,9.6,9.6,0.0,16.5,35.6,88
350833,2023-10-10,09:13:07,2023,10,10,9,Tuesday,Colombo,කොළඹ,6.9271,79.8612,61,29.2,24.6,26.2,10.5,10.5,0.0,13.8,29.2,90
350787,2023-10-09,19:35:05,2023,10,9,19,Monday,Galle,ගාල්ල,6.0535,80.221,63,28.5,24.6,26.4,4.5,4.5,0.0,12.8,30.2,87
350718,2023-10-09,08:35:51,2023,10,9,8,Monday,Batticaloa,මඩකලපුව,7.7102,81.6924,63,30.4,24.4,26.6,15.1,15.1,0.0,13.8,33.1,88
350672,2023-10-08,16:07:05,2023,10,8,16,Sunday,Colombo,කොළඹ,6.9271,79.8612,61,28.9,24.5,26.3,10.2,10.2,0.0,18.3,34.6,89
350630,2023-10-08,09:21:10,2023,10,8,9,Sunday,Colombo,කොළඹ,6.9271,79.8612,61,28.9,24.5,26.3,10.2,10.2,0.0,18.3,34.6,89
350505,2023-10-06,18:09:58,2023,10,6,18,Friday,Gampaha,මීරිගම,7.2333,80.1167,63,28.7,23.1,25.0,7.6,7.6,0.0,15.6,34.9,90
350504,2023-10-06,17:55:50,2023,10,6,17,Friday,Colombo,කොළඹ,6.9271,79.8612,63,28.3,23.7,25.5,21.7,21.7,0.0,19.1,38.2,91
350497,2023-10-06,16:50:32,2023,10,6,16,Friday,Colombo,කොළඹ,6.9271,79.8612,63,28.3,23.7,25.5,21.7,21.7,0.0,19.1,38.2,91
350488,2023-10-06,15:37:40,2023,10,6,15,Friday,Colombo,කොළඹ,6.9271,79.8612,63,28.3,23.7,25.5,21.7,21.7,0.0,19.1,38.2,91
350465,2023-10-06,12:19:55,2023,10,6,12,Friday,Monaragala,බිබිල,7.1667,81.2167,63,30.5,22.9,25.7,10.8,10.8,0.0,8.2,28.4,88
350447,2023-10-06,08:55:18,2023,10,6,8,Friday,Colombo,කොළඹ,6.9271,79.8612,63,28.3,23.7,25.5,21.7,21.7,0.0,19.1,38.2,91
350445,2023-10-06,08:37:06,2023,10,6,8,Friday,Kurunegala,කුලියාපිටිය,7.4667,80.0333,61,29.8,23.5,25.5,5.7,5.7,0.0,15.9,35.3,89
350435,2023-10-06,07:29:50,2023,10,6,7,Friday,Colombo,කොළඹ,6.9271,79.8612,63,28.3,23.7,25.5,21.7,21.7,0.0,19.1,38.2,91
350431,2023-10-06,07:01:54,2023,10,6,7,Friday,Colombo,කොළඹ,6.9271,79.8612,63,28.3,23.7,25.5,21.7,21.7,0.0,19.1,38.2,91
350400,2023-10-05,18:56:17,2023,10,5,18,Thursday,Colombo,කොළඹ,6.9271,79.8612,63,27.8,24.8,25.7,39.1,39.1,0.0,17.6,38.2,90
350341,2023-10-05,10:58:45,2023,10,5,10,Thursday,Colombo,දෙහිවල,6.8511,79.8653,63,27.8,24.8,25.7,38.3,38.3,0.0,17.1,38.5,90
350328,2023-10-05,08:44:42,2023,10,5,8,Thursday,Gampaha,කැළණිය,6.9553,79.9219,63,27.9,24.8,25.7,39.1,39.1,0.0,17.6,38.2,90
350231,2023-10-04,10:28:44,2023,10,4,10,Wednesday,Vavuniya,වවුනියාව,8.7514,80.4971,63,33.4,24.8,27.7,6.0,6.0,0.0,23.2,50.0,76
350220,2023-10-04,08:50:49,2023,10,4,8,Wednesday,Gampaha,ගම්පහ,7.0917,79.9997,61,29.4,23.8,25.7,8.6,8.6,0.0,17.5,37.8,89
350207,2023-10-04,07:39:50,2023,10,4,7,Wednesday,Colombo,කොළඹ,6.9271,79.8612,63,28.3,24.7,25.9,13.1,13.1,0.0,20.2,38.5,89
350163,2023-10-03,15:24:15,2023,10,3,15,Tuesday,Kurunegala,කුරුණෑගල,7.4863,80.3623,63,29.6,23.0,25.1,11.5,11.5,0.0,19.5,43.2,89
350144,2023-10-03,12:13:19,2023,10,3,12,Tuesday,Colombo,කොළඹ,6.9271,79.8612,63,28.6,23.9,25.7,26.0,26.0,0.0,21.0,40.3,90
350066,2023-10-02,16:10:20,2023,10,2,16,Monday,Puttalam,වෙන්නප්පුව,7.35,79.8333,63,28.3,24.4,25.9,13.0,13.0,0.0,21.0,48.2,88
350011,2023-10-02,07:31:10,2023,10,2,7,Monday,Colombo,කොළඹ,6.9271,79.8612,63,27.4,24.1,25.7,19.0,19.0,0.0,19.2,38.9,89
349930,2023-10-01,09:49:02,2023,10,1,9,Sunday,Colombo,හංවැල්ල,6.9,80.0833,65,29.0,23.3,25.1,25.7,25.7,0.0,15.0,35.3,91
349830,2023-09-29,23:28:54,2023,9,29,23,Friday,Colombo,කොළඹ,6.9271,79.8612,63,27.1,24.2,25.3,35.5,35.5,0.0,21.3,41.8,90
349753,2023-09-29,10:30:42,2023,9,29,10,Friday,Nuwara Eliya,නුවරඑළිය,6.9497,80.7891,63,18.9,14.6,16.0,11.3,11.3,0.0,18.3,47.5,93
349674,2023-09-28,15:59:56,2023,9,28,15,Thursday,Colombo,කොළඹ,6.9271,79.8612,63,27.9,24.0,25.3,21.4,21.4,0.0,18.8,38.9,90
349658,2023-09-28,13:54:40,2023,9,28,13,Thursday,Kandy,පේරාදෙණිය,7.2597,80.5967,51,27.0,21.4,23.7,1.9,1.9,0.0,17.0,42.1,85
349639,2023-09-28,12:11:31,2023,9,28,12,Thursday,Colombo,කොළඹ,6.9271,79.8612,63,27.9,24.0,25.3,21.4,21.4,0.0,18.8,38.9,90
349582,2023-09-27,20:38:24,2023,9,27,20,Wednesday,Kurunegala,පොල්ගහවෙල,7.3333,80.3,63,29.3,23.7,25.3,6.3,6.3,0.0,19.9,44.3,87
349554,2023-09-27,14:42:19,2023,9,27,14,Wednesday,Colombo,කොළඹ,6.9271,79.8612,63,27.3,24.5,25.6,14.6,14.6,0.0,18.3,40.3,89
349408,2023-09-26,08:38:31,2023,9,26,8,Tuesday,Colombo,කොළඹ,6.9271,79.8612,63,28.3,24.8,26.1,14.1,14.1,0.0,21.6,42.1,89
349329,2023-09-25,12:45:38,2023,9,25,12,Monday,Colombo,කොළඹ,6.9271,79.8612,63,29.2,24.6,26.4,28.9,28.9,0.0,16.6,36.4,88
349311,2023-09-25,09:36:36,2023,9,25,9,Monday,Colombo,කොළඹ,6.9271,79.8612,63,29.2,24.6,26.4,28.9,28.9,0.0,16.6,36.4,88
349252,2023-09-24,12:48:27,2023,9,24,12,Sunday,Nuwara Eliya,රාගල,6.9833,80.7667,53,17.7,12.0,14.6,1.8,1.8,0.0,14.8,41.4,92
349241,2023-09-24,10:14:39,2023,9,24,10,Sunday,Matale,දඹුල්ල,7.86,80.6517,53,31.1,23.7,26.6,2.4,2.4,0.0,23.9,47.5,76
349141,2023-09-23,07:27:31,2023,9,23,7,Saturday,Colombo,කොළඹ,6.9271,79.8612,51,29.0,24.1,26.4,2.5,2.5,0.0,20.0,38.5,87
349041,2023-09-22,07:43:50,2023,9,22,7,Friday,Colombo,කොළඹ,6.9271,79.8612,63,28.5,24.4,25.9,12.7,12.7,0.0,18.4,40.3,88
348777,2023-09-19,17:17:35,2023,9,19,17,Tuesday,Badulla,ඇල්ල,6.8667,81.05,63,25.8,18.9,21.8,22.3,22.3,0.0,6.6,20.2,89
348642,2023-09-18,13:54:00,2023,9,18,13,Monday,Matara,මාතර,5.9485,80.5353,63,28.1,24.3,26.3,8.7,8.7,0.0,16.1,33.8,84
348637,2023-09-18,13:42:23,2023,9,18,13,Monday,Anuradhapura,අනුරාධපුර,8.3114,80.4037,61,32.6,24.3,27.1,2.9,2.9,0.0,24.2,51.1,78
348587,2023-09-17,21:49:01,2023,9,17,21,Sunday,Jaffna,යාපනය,9.6615,80.0255,51,29.9,27.5,28.6,0.9,0.9,0.0,29.5,56.2,77
348531,2023-09-17,09:56:24,2023,9,17,9,Sunday,Badulla,බණ්ඩාරවෙල,6.8333,80.9833,63,24.0,16.2,19.5,14.8,14.8,0.0,11.3,24.5,88
348367,2023-09-15,14:32:10,2023,9,15,14,Friday,Nuwara Eliya,ගිනිගත්හේන,6.9833,80.4833,61,28.7,22.3,25.0,3.6,3.6,0.0,19.0,47.5,86
348363,2023-09-15,14:00:54,2023,9,15,14,Friday,Colombo,හෝමාගම,6.8408,80.0022,55,29.8,22.7,26.0,3.5,3.5,0.0,18.4,39.2,87
348133,2023-09-13,13:59:56,2023,9,13,13,Wednesday,Colombo,කොට්ටාව,6.8412,79.9653,63,28.7,23.9,25.8,27.3,27.3,0.0,17.9,39.6,89
347770,2023-09-10,09:19:54,2023,9,10,9,Sunday,Gampaha,රාගම,7.0289,79.9175,65,28.0,24.3,25.9,34.5,34.5,0.0,19.3,39.6,89
347686,2023-09-09,11:40:53,2023,9,9,11,Saturday,Trincomalee,ත්‍රිකුණාමලය,8.5874,81.2152,53,35.0,25.9,29.3,0.8,0.8,0.0,22.3,47.5,67
347551,2023-09-08,10:10:56,2023,9,8,10,Friday,Trincomalee,ත්‍රිකුණාමලය,8.5874,81.2152,51,33.6,25.1,28.6,0.6,0.6,0.0,26.5,56.9,69
347316,2023-09-06,10:41:17,2023,9,6,10,Wednesday,Mullaitivu,මාන්කුලම,9.15,80.45,51,31.9,24.8,27.9,0.2,0.2,0.0,28.5,64.8,74
347158,2023-09-04,18:52:24,2023,9,4,18,Monday,Kalutara,කළුතර,6.5854,79.9607,63,29.4,24.1,26.5,26.5,26.5,0.0,22.6,49.3,83
347138,2023-09-04,16:15:45,2023,9,4,16,Monday,Colombo,කොළඹ,6.9271,79.8612,63,28.9,24.5,26.4,23.7,23.7,0.0,21.7,46.4,86
347121,2023-09-04,14:18:32,2023,9,4,14,Monday,Colombo,කොළඹ,6.9271,79.8612,63,28.9,24.5,26.4,23.7,23.7,0.0,21.7,46.4,86
347049,2023-09-03,20:17:20,2023,9,3,20,Sunday,Colombo,කොළඹ,6.9271,79.8612,63,27.6,24.5,25.6,32.4,32.4,0.0,21.4,43.2,88
346994,2023-09-03,12:38:46,2023,9,3,12,Sunday,Kegalle,මාවනැල්ල,7.25,80.45,55,26.8,23.1,24.5,5.7,5.7,0.0,26.3,53.3,88
346979,2023-09-03,11:05:38,2023,9,3,11,Sunday,Colombo,මහරගම,6.848,79.9265,63,27.7,24.6,25.7,32.8,32.8,0.0,22.1,42.5,88
346919,2023-09-02,16:43:13,2023,9,2,16,Saturday,Gampaha,ගම්පහ,7.0917,79.9997,63,27.9,23.9,25.2,16.2,16.2,0.0,21.2,45.7,91
346893,2023-09-02,11:38:10,2023,9,2,11,Saturday,Gampaha,මිනුවන්ගොඩ,7.1667,79.95,63,27.8,23.9,25.2,19.7,19.7,0.0,22.4,46.4,91
346864,2023-09-02,07:54:29,2023,9,2,7,Saturday,Gampaha,මිනුවන්ගොඩ,7.1667,79.95,63,27.8,23.9,25.2,19.7,19.7,0.0,22.4,46.4,91
346792,2023-09-01,12:25:16,2023,9,1,12,Friday,Galle,ගාල්ල,6.0535,80.221,63,27.1,24.5,25.5,27.8,27.8,0.0,21.5,46.1,91
346739,2023-08-31,18:26:06,2023,8,31,18,Thursday,Kalutara,හොරණ,6.7156,80.0631,63,29.0,22.7,25.1,35.4,35.4,0.0,13.9,30.2,92
346683,2023-08-31,11:10:49,2023,8,31,11,Thursday,Kegalle,කෑගල්ල,7.2513,80.3464,61,32.0,23.8,26.0,5.3,5.3,0.0,16.6,44.6,83
346655,2023-08-31,07:40:20,2023,8,31,7,Thursday,Nuwara Eliya,රාගල,6.9833,80.7667,63,20.3,13.6,15.6,11.4,11.4,0.0,8.5,22.0,94
346601,2023-08-30,11:30:43,2023,8,30,11,Wednesday,Kandy,මහනුවර,7.2906,80.6337,53,29.2,21.9,24.7,2.7,2.7,0.0,16.1,38.9,80
346566,2023-08-29,21:47:53,2023,8,29,21,Tuesday,Colombo,කොළඹ,6.9271,79.8612,63,29.1,24.4,26.2,19.3,19.3,0.0,21.8,43.2,87
346453,2023-08-28,23:13:07,2023,8,28,23,Monday,Matara,මාතර,5.9485,80.5353,51,30.6,24.5,27.7,2.1,2.1,0.0,22.9,49.0,78
346376,2023-08-28,09:46:37,2023,8,28,9,Monday,Gampaha,කටුනායක,7.1697,79.8844,53,30.0,24.7,26.9,4.7,4.7,0.0,21.4,45.7,86
346319,2023-08-27,19:26:38,2023,8,27,19,Sunday,Nuwara Eliya,නුවරඑළිය,6.9497,80.7891,53,22.3,11.6,17.0,2.0,2.0,0.0,7.2,20.9,81
346205,2023-08-26,21:21:47,2023,8,26,21,Saturday,Colombo,කොළඹ,6.9271,79.8612,53,29.4,24.7,27.2,3.3,3.3,0.0,18.6,37.1,84
346156,2023-08-26,13:51:18,2023,8,26,13,Saturday,Trincomalee,ත්‍රිකුණාමලය,8.5874,81.2152,53,35.2,26.1,29.5,0.9,0.9,0.0,19.3,41.8,69
346130,2023-08-26,08:30:58,2023,8,26,8,Saturday,Anuradhapura,අනුරාධපුර,8.3114,80.4037,51,34.9,24.8,29.0,0.1,0.1,0.0,20.2,42.8,69
346016,2023-08-25,08:24:39,2023,8,25,8,Friday,Colombo,කොළඹ,6.9271,79.8612,53,29.8,25.2,27.4,2.5,2.5,0.0,17.5,35.6,82
345912,2023-08-24,11:08:09,2023,8,24,11,Thursday,Colombo,කොළඹ,6.9271,79.8612,51,29.7,24.9,27.5,2.2,2.2,0.0,17.3,34.6,82
345814,2023-08-23,13:48:32,2023,8,23,13,Wednesday,Colombo,කොළඹ,6.9271,79.8612,53,29.3,24.9,27.1,2.4,2.4,0.0,17.4,34.6,84
345743,2023-08-22,20:43:58,2023,8,22,20,Tuesday,Trincomalee,ත්‍රිකුණාමලය,8.5874,81.2152,53,35.5,26.9,29.5,1.2,1.2,0.0,17.2,39.2,73
345589,2023-08-21,15:08:56,2023,8,21,15,Monday,Anuradhapura,අනුරාධපුර,8.3114,80.4037,53,36.9,25.0,29.7,0.7,0.7,0.0,19.5,40.3,67
345581,2023-08-21,14:08:04,2023,8,21,14,Monday,Jaffna,යාපනය,9.6615,80.0255,3,31.9,27.1,29.1,0.0,0.0,0.0,23.9,42.5,78
345553,2023-08-21,09:53:50,2023,8,21,9,Monday,Nuwara Eliya,නුවරඑළිය,6.9497,80.7891,51,22.6,12.2,17.4,0.8,0.8,0.0,14.5,37.1,77
345530,2023-08-20,22:30:49,2023,8,20,22,Sunday,Galle,ගාල්ල,6.0535,80.221,51,29.3,25.6,27.2,1.6,1.6,0.0,18.7,40.3,81
345462,2023-08-20,11:08:41,2023,8,20,11,Sunday,Jaffna,යාපනය,9.6615,80.0255,3,31.1,27.5,28.8,0.0,0.0,0.0,26.1,48.2,77
345155,2023-08-17,15:24:40,2023,8,17,15,Thursday,Anuradhapura,තලාව,8.2333,80.35,3,33.5,24.3,28.1,0.0,0.0,0.0,24.1,50.0,70
345096,2023-08-17,08:50:25,2023,8,17,8,Thursday,Colombo,කොළඹ,6.9271,79.8612,51,29.2,25.1,27.3,0.9,0.9,0.0,18.6,37.1,79
345027,2023-08-16,17:16:26,2023,8,16,17,Wednesday,Anuradhapura,අනුරාධපුර,8.3114,80.4037,51,34.4,24.4,28.4,0.1,0.1,0.0,22.5,46.8,68
344940,2023-08-15,21:12:33,2023,8,15,21,Tuesday,Colombo,දෙහිවල,6.8511,79.8653,51,29.0,25.4,27.2,2.1,2.1,0.0,18.4,36.4,79
344900,2023-08-15,13:26:31,2023,8,15,13,Tuesday,Gampaha,කටුනායක,7.1697,79.8844,51,29.2,25.2,27.1,1.8,1.8,0.0,19.6,41.4,79
344877,2023-08-15,09:46:44,2023,8,15,9,Tuesday,Jaffna,යාපනය,9.6615,80.0255,3,30.6,27.5,28.6,0.0,0.0,0.0,30.3,58.3,76
344850,2023-08-15,07:04:41,2023,8,15,7,Tuesday,Kandy,කටුගස්තොට,7.3167,80.6333,51,28.4,20.6,24.1,0.1,0.1,0.0,17.3,40.3,80
344849,2023-08-15,06:56:38,2023,8,15,6,Tuesday,Colombo,කොළඹ,6.9271,79.8612,53,29.0,25.3,27.1,1.9,1.9,0.0,18.9,37.4,79
344825,2023-08-14,18:55:42,2023,8,14,18,Monday,Jaffna,යාපනය,9.6615,80.0255,51,30.5,27.4,28.7,0.1,0.1,0.0,27.6,50.8,79
344762,2023-08-14,10:02:26,2023,8,14,10,Monday,Colombo,කොළඹ,6.9271,79.8612,53,28.9,25.9,27.0,4.1,4.1,0.0,19.8,37.8,81
344738,2023-08-14,07:49:07,2023,8,14,7,Monday,Kandy,මහනුවර,7.2906,80.6337,3,30.0,21.3,25.1,0.0,0.0,0.0,18.7,43.2,72
344660,2023-08-13,12:14:57,2023,8,13,12,Sunday,Badulla,බණ්ඩාරවෙල,6.8333,80.9833,55,26.2,18.4,21.6,2.2,2.2,0.0,10.6,22.0,76
344595,2023-08-12,18:16:10,2023,8,12,18,Saturday,Colombo,කොළඹ,6.9271,79.8612,61,28.0,24.9,26.2,6.8,6.8,0.0,17.9,36.4,88
344494,2023-08-11,22:18:05,2023,8,11,22,Friday,Badulla,බදුල්ල,6.9934,81.055,65,33.0,22.0,25.3,26.4,26.4,0.0,13.2,34.2,74
344461,2023-08-11,17:07:37,2023,8,11,17,Friday,Vavuniya,වවුනියාව,8.7514,80.4971,63,37.5,23.8,28.2,14.7,14.7,0.0,12.9,36.4,75
344306,2023-08-10,12:37:41,2023,8,10,12,Thursday,Galle,හික්කඩුව,6.1395,80.1011,61,28.8,25.0,26.8,8.8,8.8,0.0,18.8,37.1,85
344246,2023-08-09,19:22:54,2023,8,9,19,Wednesday,Gampaha,මීරිගම,7.2333,80.1167,51,30.4,24.3,26.7,0.7,0.7,0.0,16.6,36.4,84
344172,2023-08-09,08:24:18,2023,8,9,8,Wednesday,Gampaha,මීරිගම,7.2333,80.1167,51,30.4,24.3,26.7,0.7,0.7,0.0,16.6,36.4,84
344163,2023-08-09,06:36:55,2023,8,9,6,Wednesday,Colombo,කොළඹ,6.9271,79.8612,53,29.0,25.1,27.0,2.9,2.9,0.0,17.7,35.3,87
344095,2023-08-08,15:06:50,2023,8,8,15,Tuesday,Jaffna,යාපනය,9.6615,80.0255,3,31.5,27.2,29.1,0.0,0.0,0.0,25.8,49.0,77
343968,2023-08-07,15:57:11,2023,8,7,15,Monday,Puttalam,පුත්තලම,8.0362,79.8283,3,32.7,26.0,28.6,0.0,0.0,0.0,18.8,43.2,75
343929,2023-08-07,11:07:00,2023,8,7,11,Monday,Colombo,හෝමාගම,6.8408,80.0022,55,29.2,24.9,26.8,5.3,5.3,0.0,21.7,45.7,85
343821,2023-08-06,14:39:31,2023,8,6,14,Sunday,Gampaha,මීගමුව,7.2083,79.8358,51,29.2,25.6,27.2,0.2,0.2,0.0,15.1,33.1,84
343621,2023-08-04,17:07:30,2023,8,4,17,Friday,Colombo,කොළඹ,6.9271,79.8612,55,28.8,25.2,26.9,4.9,4.9,0.0,21.7,41.0,86
343537,2023-08-04,06:37:15,2023,8,4,6,Friday,Kurunegala,කුරුණෑගල,7.4863,80.3623,51,31.7,24.0,27.3,0.9,0.9,0.0,19.1,40.7,76
343533,2023-08-03,23:21:19,2023,8,3,23,Thursday,Jaffna,යාපනය,9.6615,80.0255,51,30.6,27.2,28.6,0.5,0.5,0.0,30.6,58.7,80
343482,2023-08-03,14:13:23,2023,8,3,14,Thursday,Matara,වැලිගම,5.975,80.4297,53,29.3,26.3,27.5,2.9,2.9,0.0,23.5,48.6,82
343424,2023-08-02,20:18:31,2023,8,2,20,Wednesday,Monaragala,මොණරාගල,6.8728,81.3507,3,37.4,23.7,29.9,0.0,0.0,0.0,21.4,52.6,53
343377,2023-08-02,12:09:56,2023,8,2,12,Wednesday,Colombo,කොළඹ,6.9271,79.8612,53,28.8,25.4,27.0,2.9,2.9,0.0,20.7,40.7,86
343338,2023-08-02,07:45:44,2023,8,2,7,Wednesday,Jaffna,යාපනය,9.6615,80.0255,51,31.7,27.8,29.3,0.7,0.7,0.0,28.8,53.6,75
343240,2023-08-01,09:04:57,2023,8,1,9,Tuesday,Matale,දඹුල්ල,7.86,80.6517,3,32.8,24.3,27.5,0.0,0.0,0.0,29.7,58.7,70
343155,2023-07-31,13:51:57,2023,7,31,13,Monday,Vavuniya,වවුනියාව,8.7514,80.4971,51,37.6,25.3,30.0,0.8,0.8,0.0,22.3,42.8,63
343131,2023-07-31,10:57:26,2023,7,31,10,Monday,Colombo,කොළඹ,6.9271,79.8612,55,28.7,26.2,27.2,6.5,6.5,0.0,26.8,49.3,83
342996,2023-07-30,07:51:19,2023,7,30,7,Sunday,Colombo,කොළඹ,6.9271,79.8612,51,28.8,26.0,27.2,0.9,0.9,0.0,23.9,46.4,84
342981,2023-07-29,20:34:01,2023,7,29,20,Saturday,Matara,මාතර,5.9485,80.5353,51,30.1,26.2,27.8,0.7,0.7,0.0,26.7,54.0,77
342954,2023-07-29,15:02:09,2023,7,29,15,Saturday,Kandy,මහනුවර,7.2906,80.6337,51,29.8,22.0,25.1,0.2,0.2,0.0,18.3,41.4,77
342828,2023-07-28,14:53:10,2023,7,28,14,Friday,Kalutara,අලුත්ගම,6.4333,79.9958,53,29.1,24.1,27.2,2.0,2.0,0.0,21.6,44.6,83
342811,2023-07-28,12:33:02,2023,7,28,12,Friday,Colombo,කොළඹ,6.9271,79.8612,53,28.9,25.3,27.2,2.6,2.6,0.0,21.1,40.7,84
342791,2023-07-28,09:45:40,2023,7,28,9,Friday,Hambantota,තංගල්ල,6.0239,80.7944,3,31.1,25.7,27.9,0.0,0.0,0.0,27.7,61.2,77
342790,2023-07-28,09:36:01,2023,7,28,9,Friday,Colombo,කොළඹ,6.9271,79.8612,53,28.9,25.3,27.2,2.6,2.6,0.0,21.1,40.7,84
342688,2023-07-27,12:43:13,2023,7,27,12,Thursday,Kandy,දිගන,7.2833,80.7333,51,29.0,21.9,25.1,0.4,0.4,0.0,22.0,46.4,74
342681,2023-07-27,11:13:51,2023,7,27,11,Thursday,Matale,දඹුල්ල,7.86,80.6517,51,31.8,25.0,27.7,0.3,0.3,0.0,26.0,52.9,68
342444,2023-07-25,10:07:39,2023,7,25,10,Tuesday,Puttalam,හලාවත,7.5758,79.7953,61,28.9,25.3,27.2,6.1,6.1,0.0,21.5,51.1,84
342319,2023-07-24,10:50:42,2023,7,24,10,Monday,Monaragala,වැල්ලවාය,6.7333,81.1,51,35.5,24.7,28.8,0.2,0.2,0.0,18.9,44.3,63
342214,2023-07-23,12:28:23,2023,7,23,12,Sunday,Colombo,කොළඹ,6.9271,79.8612,61,28.6,25.8,27.2,4.0,4.0,0.0,22.3,46.8,83
342111,2023-07-22,12:57:36,2023,7,22,12,Saturday,Badulla,බදුල්ල,6.9934,81.055,51,32.0,19.6,25.6,0.1,0.1,0.0,16.6,50.0,53
342000,2023-07-21,11:23:22,2023,7,21,11,Friday,Jaffna,යාපනය,9.6615,80.0255,3,31.3,28.1,29.7,0.0,0.0,0.0,30.0,56.9,72
341914,2023-07-20,16:20:28,2023,7,20,16,Thursday,Kurunegala,කුලියාපිටිය,7.4667,80.0333,53,30.1,24.3,27.0,1.9,1.9,0.0,21.1,49.0,83
341901,2023-07-20,15:17:41,2023,7,20,15,Thursday,Colombo,කොළඹ,6.9271,79.8612,63,29.2,25.3,27.3,7.7,7.7,0.0,19.7,44.3,83
341877,2023-07-20,12:01:47,2023,7,20,12,Thursday,Colombo,කොළඹ,6.9271,79.8612,63,29.2,25.3,27.3,7.7,7.7,0.0,19.7,44.3,83
341861,2023-07-20,09:05:32,2023,7,20,9,Thursday,Ratnapura,බලංගොඩ,6.65,80.7,53,27.1,22.0,24.2,4.0,4.0,0.0,25.9,59.4,79
341806,2023-07-19,19:53:43,2023,7,19,19,Wednesday,Colombo,කොළඹ,6.9271,79.8612,51,29.5,26.5,27.9,0.5,0.5,0.0,25.4,47.9,77
341745,2023-07-19,12:06:04,2023,7,19,12,Wednesday,Galle,බලපිටිය,6.2833,80.0333,55,29.4,26.6,27.9,3.2,3.2,0.0,26.0,53.3,76
341593,2023-07-18,10:36:56,2023,7,18,10,Tuesday,Hambantota,තංගල්ල,6.0239,80.7944,61,29.0,24.5,26.8,7.1,7.1,0.0,27.9,61.9,83
341506,2023-07-17,14:34:19,2023,7,17,14,Monday,Colombo,කොළඹ,6.9271,79.8612,55,28.8,25.3,27.3,5.4,5.4,0.0,22.2,42.8,84
341480,2023-07-17,10:29:22,2023,7,17,10,Monday,Vavuniya,වවුනියාව,8.7514,80.4971,51,35.4,25.7,29.5,0.1,0.1,0.0,23.1,48.6,68
341283,2023-07-15,11:40:38,2023,7,15,11,Saturday,Colombo,කොළඹ,6.9271,79.8612,53,29.1,25.4,27.4,2.6,2.6,0.0,20.6,40.0,85
341195,2023-07-14,15:42:24,2023,7,14,15,Friday,Kurunegala,කුලියාපිටිය,7.4667,80.0333,53,29.9,23.3,26.6,2.1,2.1,0.0,20.0,44.3,83
341192,2023-07-14,15:28:39,2023,7,14,15,Friday,Colombo,කොළඹ,6.9271,79.8612,63,28.9,24.6,26.7,14.1,14.1,0.0,18.6,40.0,85
340933,2023-07-12,11:55:26,2023,7,12,11,Wednesday,Monaragala,වැල්ලවාය,6.7333,81.1,3,32.9,23.1,27.7,0.0,0.0,0.0,21.9,46.8,70
340929,2023-07-12,11:28:20,2023,7,12,11,Wednesday,Colombo,මොරටුව,6.773,79.8816,51,29.3,25.9,27.4,1.6,1.6,0.0,19.5,36.4,83
340866,2023-07-11,16:21:55,2023,7,11,16,Tuesday,Nuwara Eliya,නුවරඑළිය,6.9497,80.7891,53,19.9,13.5,16.3,1.4,1.4,0.0,16.3,40.7,86
340836,2023-07-11,12:00:08,2023,7,11,12,Tuesday,Colombo,හෝමාගම,6.8408,80.0022,53,29.8,23.9,26.7,2.8,2.8,0.0,12.6,31.7,85
340741,2023-07-10,17:04:50,2023,7,10,17,Monday,Polonnaruwa,පොළොන්නරුව,7.9403,81.0188,51,34.6,26.7,30.1,0.2,0.2,0.0,22.1,45.4,61
340731,2023-07-10,15:42:18,2023,7,10,15,Monday,Kandy,මහනුවර,7.2906,80.6337,53,26.8,21.2,24.0,1.9,1.9,0.0,16.3,36.4,85
340725,2023-07-10,15:01:50,2023,7,10,15,Monday,Nuwara Eliya,නුවරඑළිය,6.9497,80.7891,51,19.8,13.1,16.0,0.4,0.4,0.0,14.6,36.4,87
340679,2023-07-10,09:08:06,2023,7,10,9,Monday,Polonnaruwa,පොළොන්නරුව,7.9403,81.0188,51,34.6,26.7,30.1,0.2,0.2,0.0,22.1,45.4,61
340658,2023-07-10,06:37:05,2023,7,10,6,Monday,Anuradhapura,අනුරාධපුර,8.3114,80.4037,51,32.8,24.9,28.1,0.2,0.2,0.0,21.7,43.2,75
340654,2023-07-09,23:27:08,2023,7,9,23,Sunday,Kurunegala,මහව,7.8167,80.2833,51,31.6,24.4,27.2,0.6,0.6,0.0,15.9,36.7,79
340645,2023-07-09,21:08:33,2023,7,9,21,Sunday,Polonnaruwa,පොළොන්නරුව,7.9403,81.0188,3,36.9,26.7,30.8,0.0,0.0,0.0,20.5,42.8,57
340629,2023-07-09,18:56:33,2023,7,9,18,Sunday,Kandy,නාවලපිටිය,7.05,80.5333,53,25.4,19.4,22.1,2.7,2.7,0.0,10.4,30.2,85
340614,2023-07-09,16:39:09,2023,7,9,16,Sunday,Ratnapura,රත්නපුර,6.6828,80.3992,53,30.0,23.6,26.6,1.9,1.9,0.0,16.0,36.0,81
340600,2023-07-09,15:58:13,2023,7,9,15,Sunday,Ratnapura,රත්නපුර,6.6828,80.3992,53,30.0,23.6,26.6,1.9,1.9,0.0,16.0,36.0,81
340405,2023-07-07,22:06:17,2023,7,7,22,Friday,Matale,දඹුල්ල,7.86,80.6517,51,29.7,24.2,26.6,1.3,1.3,0.0,24.3,53.6,75
340140,2023-07-05,20:30:18,2023,7,5,20,Wednesday,Kalutara,කළුතර,6.5854,79.9607,63,26.6,24.4,25.3,27.5,27.5,0.0,23.3,50.0,89
339948,2023-07-04,09:24:29,2023,7,4,9,Tuesday,Hambantota,තංගල්ල,6.0239,80.7944,63,28.5,24.3,25.8,8.1,8.1,0.0,29.5,64.1,86
339901,2023-07-03,20:10:09,2023,7,3,20,Monday,Badulla,ඇල්ල,6.8667,81.05,63,28.0,19.9,23.3,3.8,3.8,0.0,10.8,33.8,80
339859,2023-07-03,14:23:03,2023,7,3,14,Monday,Colombo,කොළඹ,6.9271,79.8612,63,28.6,24.8,26.9,20.1,20.1,0.0,24.4,48.6,85
339843,2023-07-03,12:41:57,2023,7,3,12,Monday,Anuradhapura,මැදවච්චිය,8.5333,80.5,51,33.2,24.8,28.0,0.2,0.2,0.0,20.2,43.9,75
339840,2023-07-03,12:21:26,2023,7,3,12,Monday,Kurunegala,මහව,7.8167,80.2833,53,30.4,23.1,26.2,2.1,2.1,0.0,22.2,47.9,84
339823,2023-07-03,10:27:00,2023,7,3,10,Monday,Colombo,කොළඹ,6.9271,79.8612,63,28.6,24.8,26.9,20.1,20.1,0.0,24.4,48.6,85
339726,2023-07-02,10:02:51,2023,7,2,10,Sunday,Badulla,බදුල්ල,6.9934,81.055,63,28.8,22.2,25.2,8.1,8.1,0.0,9.1,24.1,75
339494,2023-06-29,18:31:37,2023,6,29,18,Thursday,Jaffna,යාපනය,9.6615,80.0255,51,30.9,27.6,29.0,1.0,1.0,0.0,30.6,56.9,80
339473,2023-06-29,14:48:36,2023,6,29,14,Thursday,Colombo,කොළඹ,6.9271,79.8612,63,28.9,23.7,25.8,30.2,30.2,0.0,18.3,39.2,89
339456,2023-06-29,12:19:17,2023,6,29,12,Thursday,Puttalam,හලාවත,7.5758,79.7953,61,28.8,25.3,26.9,7.4,7.4,0.0,22.5,46.4,84
339213,2023-06-27,08:35:34,2023,6,27,8,Tuesday,Kalutara,පානදුර,6.7133,79.9072,65,28.7,24.5,26.1,37.9,37.9,0.0,19.5,41.0,88
339131,2023-06-26,14:31:36,2023,6,26,14,Monday,Mullaitivu,මාන්කුලම,9.15,80.45,51,34.0,26.4,29.5,0.3,0.3,0.0,19.8,47.9,68
339121,2023-06-26,13:25:40,2023,6,26,13,Monday,Ratnapura,කුරුවිට,6.7833,80.3667,65,28.2,23.0,25.0,64.5,64.5,0.0,11.6,34.2,90
339095,2023-06-26,10:17:42,2023,6,26,10,Monday,Hambantota,හම්බන්තොට,6.1246,81.1185,51,32.7,25.0,28.3,0.5,0.5,0.0,30.3,62.3,70
338910,2023-06-24,09:36:31,2023,6,24,9,Saturday,Monaragala,බිබිල,7.1667,81.2167,53,35.1,23.8,28.4,1.0,1.0,0.0,17.1,32.4,67
338690,2023-06-22,11:05:17,2023,6,22,11,Thursday,Badulla,බදුල්ල,6.9934,81.055,63,29.3,21.5,25.5,7.9,7.9,0.0,6.7,26.6,73
338685,2023-06-22,10:35:55,2023,6,22,10,Thursday,Kalutara,බණ්ඩාරගම,6.7133,79.9072,61,29.5,24.8,27.2,10.3,10.3,0.0,14.9,34.6,86
338621,2023-06-21,15:15:31,2023,6,21,15,Wednesday,Hambantota,කතරගම,6.4134,81.3346,61,33.9,25.1,28.0,3.3,3.3,0.0,26.0,55.8,74
338575,2023-06-21,09:33:32,2023,6,21,9,Wednesday,Colombo,කොළඹ,6.9271,79.8612,63,27.4,24.7,25.9,23.3,23.3,0.0,19.1,38.9,90
338529,2023-06-20,17:39:56,2023,6,20,17,Tuesday,Gampaha,වේයන්ගොඩ,7.15,80.05,53,29.7,24.4,26.3,5.6,5.6,0.0,16.1,35.6,89
338455,2023-06-20,06:44:54,2023,6,20,6,Tuesday,Gampaha,නිට්ටඹුව,7.1417,80.0958,61,28.9,24.2,26.0,6.0,6.0,0.0,16.2,37.1,88
338407,2023-06-19,16:26:50,2023,6,19,16,Monday,Colombo,කොළඹ,6.9271,79.8612,53,29.4,25.7,27.7,3.9,3.9,0.0,20.6,39.2,81
338406,2023-06-19,16:22:57,2023,6,19,16,Monday,Colombo,මොරටුව,6.773,79.8816,53,29.4,26.4,27.8,3.3,3.3,0.0,19.9,40.3,81
338360,2023-06-19,07:39:59,2023,6,19,7,Monday,Colombo,කොළඹ,6.9271,79.8612,53,29.4,25.7,27.7,3.9,3.9,0.0,20.6,39.2,81
338358,2023-06-19,07:28:49,2023,6,19,7,Monday,Colombo,කොළඹ,6.9271,79.8612,53,29.4,25.7,27.7,3.9,3.9,0.0,20.6,39.2,81
338336,2023-06-18,18:37:22,2023,6,18,18,Sunday,Ratnapura,රත්නපුර,6.6828,80.3992,61,28.8,24.1,25.9,9.5,9.5,0.0,15.6,41.8,87
338231,2023-06-17,17:00:28,2023,6,17,17,Saturday,Kurunegala,කුරුණෑගල,7.4863,80.3623,51,29.4,24.4,26.2,1.9,1.9,0.0,20.9,43.6,83
338218,2023-06-17,15:04:18,2023,6,17,15,Saturday,Kurunegala,කුරුණෑගල,7.4863,80.3623,51,29.4,24.4,26.2,1.9,1.9,0.0,20.9,43.6,83
338124,2023-06-16,13:45:49,2023,6,16,13,Friday,Vavuniya,වවුනියාව,8.7514,80.4971,51,35.7,26.5,30.0,0.4,0.4,0.0,21.9,46.8,70
338101,2023-06-16,10:35:30,2023,6,16,10,Friday,Gampaha,රාගම,7.0289,79.9175,63,29.7,26.5,28.1,13.4,13.4,0.0,23.1,43.6,83
338094,2023-06-16,09:38:49,2023,6,16,9,Friday,Badulla,දියතලාව,6.8167,80.9667,53,27.4,18.4,22.4,1.2,1.2,0.0,11.8,23.8,71
338023,2023-06-15,14:17:49,2023,6,15,14,Thursday,Colombo,කොළඹ,6.9271,79.8612,63,29.7,25.8,27.7,8.6,8.6,0.0,20.3,39.2,86
337784,2023-06-13,09:53:40,2023,6,13,9,Tuesday,Galle,ගාල්ල,6.0535,80.221,63,28.4,24.3,26.5,15.0,15.0,0.0,22.5,50.8,88
337750,2023-06-12,19:47:54,2023,6,12,19,Monday,Matale,දඹුල්ල,7.86,80.6517,63,30.5,25.2,27.1,3.1,3.1,0.0,26.9,55.1,79
337743,2023-06-12,18:03:08,2023,6,12,18,Monday,Galle,ගාල්ල,6.0535,80.221,53,29.3,25.8,27.2,6.3,6.3,0.0,23.4,50.8,85
337706,2023-06-12,12:40:36,2023,6,12,12,Monday,Colombo,කොළඹ,6.9271,79.8612,63,29.3,25.2,27.1,15.5,15.5,0.0,17.5,38.9,87
337692,2023-06-12,10:07:31,2023,6,12,10,Monday,Colombo,මොරටුව,6.773,79.8816,63,29.5,25.5,27.2,13.5,13.5,0.0,17.1,38.5,88
337685,2023-06-12,09:41:29,2023,6,12,9,Monday,Colombo,කොළඹ,6.9271,79.8612,63,29.3,25.2,27.1,15.5,15.5,0.0,17.5,38.9,87
337581,2023-06-10,22:16:32,2023,6,10,22,Saturday,Nuwara Eliya,කොටගල,6.9,80.6167,53,21.4,16.0,18.6,4.8,4.8,0.0,14.4,38.5,93
337551,2023-06-10,15:42:07,2023,6,10,15,Saturday,Badulla,ඇල්ල,6.8667,81.05,51,29.4,19.4,24.4,0.5,0.5,0.0,7.4,21.6,72
337524,2023-06-10,08:40:19,2023,6,10,8,Saturday,Kandy,මහනුවර,7.2906,80.6337,53,29.3,22.3,25.4,2.0,2.0,0.0,20.5,50.0,76
337457,2023-06-09,12:44:54,2023,6,9,12,Friday,Anuradhapura,අනුරාධපුර,8.3114,80.4037,51,32.5,25.4,28.4,0.2,0.2,0.0,26.6,50.4,76
337418,2023-06-09,07:42:07,2023,6,9,7,Friday,Colombo,කොළඹ,6.9271,79.8612,63,29.6,24.5,27.2,5.9,5.9,0.0,19.6,43.2,85
337416,2023-06-09,07:32:12,2023,6,9,7,Friday,Colombo,කොළඹ,6.9271,79.8612,63,29.6,24.5,27.2,5.9,5.9,0.0,19.6,43.2,85
337411,2023-06-08,22:36:33,2023,6,8,22,Thursday,Colombo,කොළඹ,6.9271,79.8612,61,29.2,25.3,27.4,7.8,7.8,0.0,18.4,36.7,86
337395,2023-06-08,19:47:26,2023,6,8,19,Thursday,Colombo,කොළඹ,6.9271,79.8612,61,29.2,25.3,27.4,7.8,7.8,0.0,18.4,36.7,86
337344,2023-06-08,09:55:04,2023,6,8,9,Thursday,Colombo,කොළඹ,6.9271,79.8612,61,29.2,25.3,27.4,7.8,7.8,0.0,18.4,36.7,86
337254,2023-06-07,11:11:23,2023,6,7,11,Wednesday,Galle,හික්කඩුව,6.1395,80.1011,63,29.8,25.1,27.2,16.1,16.1,0.0,20.8,52.9,86
337249,2023-06-07,10:13:18,2023,6,7,10,Wednesday,Badulla,බදුල්ල,6.9934,81.055,63,31.9,21.5,26.0,6.3,6.3,0.0,12.5,32.4,70
337230,2023-06-07,07:27:47,2023,6,7,7,Wednesday,Badulla,බදුල්ල,6.9934,81.055,63,31.9,21.5,26.0,6.3,6.3,0.0,12.5,32.4,70
337204,2023-06-06,15:09:12,2023,6,6,15,Tuesday,Anuradhapura,හබරණ,8.0333,80.75,53,33.6,24.8,28.5,0.6,0.6,0.0,25.5,53.6,73
337169,2023-06-06,09:51:45,2023,6,6,9,Tuesday,Colombo,කොළඹ,6.9271,79.8612,63,29.9,24.6,27.1,12.5,12.5,0.0,20.4,39.2,87
337164,2023-06-06,09:15:00,2023,6,6,9,Tuesday,Matale,දඹුල්ල,7.86,80.6517,3,32.3,24.6,27.7,0.0,0.0,0.0,26.9,55.1,75
337066,2023-06-05,08:50:16,2023,6,5,8,Monday,Batticaloa,මඩකලපුව,7.7102,81.6924,51,34.8,26.6,30.4,0.2,0.2,0.0,18.8,37.4,68
336996,2023-06-04,10:14:41,2023,6,4,10,Sunday,Ratnapura,රත්නපුර,6.6828,80.3992,61,29.3,24.6,26.5,6.1,6.1,0.0,16.5,39.6,89
336948,2023-06-03,14:19:46,2023,6,3,14,Saturday,Trincomalee,ත්‍රිකුණාමලය,8.5874,81.2152,53,36.9,27.0,31.0,0.6,0.6,0.0,22.0,46.1,66
336934,2023-06-03,10:48:55,2023,6,3,10,Saturday,Kalutara,කළුතර,6.5854,79.9607,61,30.2,25.1,27.3,10.2,10.2,0.0,17.1,36.4,86
336813,2023-06-01,21:12:52,2023,6,1,21,Thursday,Colombo,කොළඹ,6.9271,79.8612,63,29.7,24.2,26.6,10.1,10.1,0.0,22.5,43.6,88
336752,2023-06-01,10:25:56,2023,6,1,10,Thursday,Kandy,පේරාදෙණිය,7.2597,80.5967,51,29.4,21.6,25.0,1.9,1.9,0.0,20.0,47.2,80
336438,2023-05-28,14:09:21,2023,5,28,14,Sunday,Kandy,මහනුවර,7.2906,80.6337,53,30.3,21.7,25.5,1.9,1.9,0.0,15.5,38.2,81
336435,2023-05-28,13:52:27,2023,5,28,13,Sunday,Colombo,කොළඹ,6.9271,79.8612,53,30.0,25.1,27.8,3.1,3.1,0.0,18.6,36.7,83
336307,2023-05-26,18:04:06,2023,5,26,18,Friday,Kandy,මහනුවර,7.2906,80.6337,55,29.5,21.3,24.9,3.4,3.4,0.0,17.5,42.5,81
336174,2023-05-25,11:52:51,2023,5,25,11,Thursday,Colombo,කොළඹ,6.9271,79.8612,51,30.4,25.9,28.2,0.6,0.6,0.0,18.6,36.7,82
336048,2023-05-24,08:17:28,2023,5,24,8,Wednesday,Vavuniya,වවුනියාව,8.7514,80.4971,51,33.2,25.0,28.4,0.3,0.3,0.0,19.4,39.6,76
336038,2023-05-23,22:12:56,2023,5,23,22,Tuesday,Nuwara Eliya,නුවරඑළිය,6.9497,80.7891,53,20.9,12.7,16.7,1.8,1.8,0.0,6.9,18.0,83
335771,2023-05-20,20:24:57,2023,5,20,20,Saturday,Colombo,පිළියන්දල,6.801,79.9228,51,29.4,25.6,27.2,3.2,3.2,0.0,15.5,33.8,87
335501,2023-05-18,06:58:30,2023,5,18,6,Thursday,Colombo,කොළඹ,6.9271,79.8612,55,30.3,25.6,27.7,3.1,3.1,0.0,15.9,32.8,86
335445,2023-05-17,12:22:48,2023,5,17,12,Wednesday,Jaffna,යාපනය,9.6615,80.0255,3,31.7,28.4,29.9,0.0,0.0,0.0,25.1,46.4,80
335439,2023-05-17,11:28:33,2023,5,17,11,Wednesday,Kandy,මහනුවර,7.2906,80.6337,53,30.7,20.8,25.2,1.2,1.2,0.0,14.2,34.2,86
335434,2023-05-17,10:40:24,2023,5,17,10,Wednesday,Kandy,නුවර,7.2906,80.6337,53,30.7,20.8,25.2,1.2,1.2,0.0,14.2,34.2,86
335419,2023-05-17,07:58:44,2023,5,17,7,Wednesday,Anuradhapura,කැකිරාව,8.0333,80.6,55,33.6,25.4,28.6,1.8,1.8,0.0,17.1,34.6,80
335224,2023-05-15,06:55:24,2023,5,15,6,Monday,Colombo,කොළඹ,6.9271,79.8612,53,30.2,26.6,28.5,3.5,3.5,0.0,20.0,38.5,82
335130,2023-05-14,09:45:34,2023,5,14,9,Sunday,Kurunegala,කුරුණෑගල,7.4863,80.3623,51,29.7,25.2,26.9,1.2,1.2,0.0,22.3,46.4,85
335123,2023-05-14,08:34:19,2023,5,14,8,Sunday,Badulla,බදුල්ල,6.9934,81.055,3,31.1,20.5,25.7,0.0,0.0,0.0,8.6,26.3,74
335059,2023-05-13,13:43:28,2023,5,13,13,Saturday,Ratnapura,රත්නපුර,6.6828,80.3992,63,30.2,23.5,26.4,6.3,6.3,0.0,14.6,41.0,89
335031,2023-05-13,08:07:37,2023,5,13,8,Saturday,Matara,මාතර,5.9485,80.5353,53,29.7,24.5,27.5,2.5,2.5,0.0,26.4,54.7,84
334851,2023-05-11,08:14:35,2023,5,11,8,Thursday,Kandy,කටුගස්තොට,7.3167,80.6333,53,27.5,21.6,24.0,4.2,4.2,0.0,18.5,40.7,90
334644,2023-05-09,06:37:33,2023,5,9,6,Tuesday,Ratnapura,රත්නපුර,6.6828,80.3992,61,30.0,24.2,25.9,10.1,10.1,0.0,11.9,33.8,90
334583,2023-05-08,11:50:47,2023,5,8,11,Monday,Galle,බලපිටිය,6.2833,80.0333,61,28.8,25.7,27.3,10.8,10.8,0.0,14.0,32.0,85
334522,2023-05-07,19:26:51,2023,5,7,19,Sunday,Kandy,මහනුවර,7.2906,80.6337,55,27.3,22.0,23.8,2.4,2.4,0.0,13.3,38.2,88
334516,2023-05-07,17:50:39,2023,5,7,17,Sunday,Polonnaruwa,පොළොන්නරුව,7.9403,81.0188,63,31.0,25.1,27.1,9.3,9.3,0.0,17.6,34.6,81
334512,2023-05-07,16:44:20,2023,5,7,16,Sunday,Colombo,කොළඹ,6.9271,79.8612,63,29.6,24.2,26.7,12.6,12.6,0.0,18.9,36.0,87
334458,2023-05-07,08:54:06,2023,5,7,8,Sunday,Colombo,කොළඹ,6.9271,79.8612,63,29.6,24.2,26.7,12.6,12.6,0.0,18.9,36.0,87
334451,2023-05-07,07:30:33,2023,5,7,7,Sunday,Hambantota,තංගල්ල,6.0239,80.7944,51,29.9,23.4,26.6,1.0,1.0,0.0,22.3,45.4,83
334294,2023-05-05,10:16:30,2023,5,5,10,Friday,Colombo,කොළඹ,6.9271,79.8612,61,27.9,24.1,26.2,10.4,10.4,0.0,8.4,20.9,89
334284,2023-05-05,08:54:33,2023,5,5,8,Friday,Colombo,කොළඹ,6.9271,79.8612,61,27.9,24.1,26.2,10.4,10.4,0.0,8.4,20.9,89
334127,2023-05-03,11:21:29,2023,5,3,11,Wednesday,Kurunegala,වාරියපොල,7.6167,80.2333,63,28.4,23.6,25.4,17.6,17.6,0.0,19.0,42.5,90
334059,2023-05-02,17:46:44,2023,5,2,17,Tuesday,Puttalam,වෙන්නප්පුව,7.35,79.8333,63,28.9,24.5,26.5,24.3,24.3,0.0,13.8,28.1,90
334043,2023-05-02,14:41:27,2023,5,2,14,Tuesday,Colombo,කොළඹ,6.9271,79.8612,61,28.7,24.6,26.5,9.1,9.1,0.0,13.2,28.1,89
333994,2023-05-01,23:07:20,2023,5,1,23,Monday,Jaffna,යාපනය,9.6615,80.0255,63,29.8,25.3,27.2,24.5,24.5,0.0,14.8,38.5,86
333925,2023-05-01,10:22:52,2023,5,1,10,Monday,Anuradhapura,කැබිතිගොල්ලෑව,8.65,80.6667,63,32.4,23.3,25.8,16.4,16.4,0.0,7.0,22.7,91
333923,2023-05-01,09:32:36,2023,5,1,9,Monday,Colombo,කොළඹ,6.9271,79.8612,63,29.1,23.9,26.1,27.0,27.0,0.0,19.6,40.7,90
333843,2023-04-30,12:27:59,2023,4,30,12,Sunday,Nuwara Eliya,නුවරඑළිය,6.9497,80.7891,65,20.4,13.5,16.7,16.5,16.5,0.0,11.8,34.2,89
333719,2023-04-28,23:17:11,2023,4,28,23,Friday,Colombo,කොළඹ,6.9271,79.8612,63,31.4,23.4,26.2,24.6,24.6,0.0,12.0,31.3,88
333463,2023-04-26,07:41:02,2023,4,26,7,Wednesday,Colombo,කොළඹ,6.9271,79.8612,65,31.2,23.9,26.7,15.9,15.9,0.0,10.2,29.5,86
333433,2023-04-25,17:34:31,2023,4,25,17,Tuesday,Colombo,කොළඹ,6.9271,79.8612,53,31.3,24.5,27.0,2.2,2.2,0.0,13.6,30.6,84
333212,2023-04-23,09:17:04,2023,4,23,9,Sunday,Badulla,බදුල්ල,6.9934,81.055,61,28.9,19.9,23.7,2.9,2.9,0.0,7.4,24.8,83
332967,2023-04-20,09:51:12,2023,4,20,9,Thursday,Jaffna,යාපනය,9.6615,80.0255,51,32.3,27.5,30.0,1.0,1.0,0.0,23.2,43.9,77
332905,2023-04-19,12:29:55,2023,4,19,12,Wednesday,Kurunegala,කුලියාපිටිය,7.4667,80.0333,53,34.5,25.1,28.7,2.0,2.0,0.0,15.5,34.9,77
332839,2023-04-18,14:33:00,2023,4,18,14,Tuesday,Colombo,කොළඹ,6.9271,79.8612,51,31.6,25.2,28.5,0.9,0.9,0.0,11.3,28.4,79
332799,2023-04-18,08:25:28,2023,4,18,8,Tuesday,Ampara,අම්පාර,7.2975,81.682,1,33.4,24.0,28.3,0.0,0.0,0.0,11.5,27.7,79
332788,2023-04-17,23:22:45,2023,4,17,23,Monday,Anuradhapura,අනුරාධපුර,8.3114,80.4037,1,35.6,24.3,29.2,0.0,0.0,0.0,10.5,21.2,73
332763,2023-04-17,17:45:33,2023,4,17,17,Monday,Ampara,අම්පාර,7.2975,81.682,1,34.4,23.7,28.2,0.0,0.0,0.0,14.4,32.4,78
332626,2023-04-16,07:53:02,2023,4,16,7,Sunday,Polonnaruwa,පොළොන්නරුව,7.9403,81.0188,3,36.5,23.3,29.7,0.0,0.0,0.0,16.7,35.6,65
332612,2023-04-15,21:00:13,2023,4,15,21,Saturday,Polonnaruwa,පොළොන්නරුව,7.9403,81.0188,51,36.3,24.8,29.2,0.2,0.2,0.0,15.5,34.2,70
332611,2023-04-15,20:55:53,2023,4,15,20,Saturday,Ratnapura,රත්නපුර,6.6828,80.3992,63,32.6,22.6,26.6,7.1,7.1,0.0,11.8,29.5,83
332605,2023-04-15,18:59:59,2023,4,15,18,Saturday,Colombo,කොළඹ,6.9271,79.8612,61,31.4,24.1,27.3,3.9,3.9,0.0,14.7,33.1,82
332569,2023-04-15,11:31:23,2023,4,15,11,Saturday,Colombo,කොළඹ,6.9271,79.8612,61,31.4,24.1,27.3,3.9,3.9,0.0,14.7,33.1,82
332487,2023-04-13,19:39:47,2023,4,13,19,Thursday,Colombo,කොළඹ,6.9271,79.8612,51,32.0,24.3,27.9,0.9,0.9,0.0,14.4,32.0,80
332368,2023-04-12,11:10:40,2023,4,12,11,Wednesday,Colombo,කොළඹ,6.9271,79.8612,53,32.0,23.9,27.8,0.7,0.7,0.0,16.8,36.7,79
332201,2023-04-10,17:27:04,2023,4,10,17,Monday,Colombo,මොරටුව,6.773,79.8816,51,31.1,24.2,27.6,0.5,0.5,0.0,11.3,28.1,81
332085,2023-04-09,13:05:21,2023,4,9,13,Sunday,Colombo,කොළඹ,6.9271,79.8612,3,31.3,23.1,27.3,0.0,0.0,0.0,13.1,29.5,80
332030,2023-04-08,18:40:23,2023,4,8,18,Saturday,Gampaha,මීරිගම,7.2333,80.1167,61,31.3,22.8,25.7,3.3,3.3,0.0,12.2,29.9,85
331955,2023-04-07,17:48:55,2023,4,7,17,Friday,Puttalam,පුත්තලම,8.0362,79.8283,51,33.2,23.7,27.6,0.4,0.4,0.0,19.8,42.1,80
331940,2023-04-07,14:31:40,2023,4,7,14,Friday,Colombo,කොළඹ,6.9271,79.8612,61,31.8,23.4,27.2,2.7,2.7,0.0,14.1,32.0,78
331740,2023-04-05,08:37:07,2023,4,5,8,Wednesday,Monaragala,වැල්ලවාය,6.7333,81.1,55,32.2,22.3,26.2,2.0,2.0,0.0,10.9,28.4,76
331436,2023-04-01,13:08:13,2023,4,1,13,Saturday,Monaragala,වැල්ලවාය,6.7333,81.1,53,34.3,22.8,26.8,2.9,2.9,0.0,13.3,49.3,76
331056,2023-03-27,13:36:36,2023,3,27,13,Monday,Hambantota,බෙලිඅත්ත,6.05,80.75,55,31.1,22.3,26.2,3.2,3.2,0.0,10.1,25.9,86
330883,2023-03-25,14:17:21,2023,3,25,14,Saturday,Kurunegala,වාරියපොල,7.6167,80.2333,51,33.0,23.1,27.4,0.6,0.6,0.0,10.0,19.1,78
330698,2023-03-23,11:30:39,2023,3,23,11,Thursday,Matara,වැලිගම,5.975,80.4297,51,29.2,24.0,26.2,1.7,1.7,0.0,8.5,23.4,89
330524,2023-03-21,10:01:04,2023,3,21,10,Tuesday,Colombo,කොළඹ,6.9271,79.8612,55,30.3,23.4,26.7,3.1,3.1,0.0,13.0,30.6,84
330441,2023-03-20,12:16:34,2023,3,20,12,Monday,Badulla,බදුල්ල,6.9934,81.055,63,26.0,18.5,21.7,18.3,18.3,0.0,7.1,22.3,90
330211,2023-03-17,19:53:26,2023,3,17,19,Friday,Colombo,කොළඹ,6.9271,79.8612,53,29.3,23.1,26.5,0.8,0.8,0.0,11.5,24.8,85
329696,2023-03-12,08:59:12,2023,3,12,8,Sunday,Galle,හික්කඩුව,6.1395,80.1011,63,30.3,23.5,26.3,13.4,13.4,0.0,10.1,31.3,86
329640,2023-03-11,15:10:44,2023,3,11,15,Saturday,Galle,ගාල්ල,6.0535,80.221,63,29.4,23.1,25.5,7.7,7.7,0.0,14.8,34.6,86
329244,2023-03-07,14:52:40,2023,3,7,14,Tuesday,Colombo,කොළඹ,6.9271,79.8612,63,29.6,22.9,26.0,7.9,7.9,0.0,10.1,27.4,88
329139,2023-03-06,13:40:45,2023,3,6,13,Monday,Badulla,වැලිමඩ,6.9,80.9,55,23.2,15.3,18.9,3.0,3.0,0.0,13.0,31.7,89
328929,2023-03-03,21:40:05,2023,3,3,21,Friday,Kandy,නුවර,7.2906,80.6337,53,27.8,20.7,23.4,1.4,1.4,0.0,19.4,44.3,78
328538,2023-02-27,22:16:06,2023,2,27,22,Monday,Colombo,කොළඹ,6.9271,79.8612,51,31.5,21.0,26.0,0.1,0.1,0.0,21.6,37.8,71
328516,2023-02-27,17:54:37,2023,2,27,17,Monday,Anuradhapura,අනුරාධපුර,8.3114,80.4037,51,30.1,21.3,25.3,0.3,0.3,0.0,16.6,34.2,77
328500,2023-02-27,16:15:00,2023,2,27,16,Monday,Anuradhapura,අනුරාධපුර,8.3114,80.4037,51,30.1,21.3,25.3,0.3,0.3,0.0,16.6,34.2,77
328174,2023-02-24,09:47:19,2023,2,24,9,Friday,Colombo,කොට්ටාව,6.8412,79.9653,61,30.1,22.1,25.8,3.8,3.8,0.0,9.8,24.1,83
327882,2023-02-20,17:49:18,2023,2,20,17,Monday,Ampara,අම්පාර,7.2975,81.682,61,28.0,22.3,24.5,10.8,10.8,0.0,11.1,27.7,91
327847,2023-02-20,12:21:34,2023,2,20,12,Monday,Kilinochchi,කිලිනොච්චි,9.3961,80.3981,3,28.9,23.8,26.0,0.0,0.0,0.0,18.4,38.9,81
327838,2023-02-20,10:05:31,2023,2,20,10,Monday,Galle,හික්කඩුව,6.1395,80.1011,65,28.0,23.0,24.8,25.4,25.4,0.0,11.2,31.7,91
327815,2023-02-19,22:22:05,2023,2,19,22,Sunday,Colombo,මහරගම,6.848,79.9265,63,30.2,23.5,25.6,11.0,11.0,0.0,13.1,29.5,85
327784,2023-02-19,13:56:34,2023,2,19,13,Sunday,Hambantota,හම්බන්තොට,6.1246,81.1185,63,30.3,23.8,26.3,9.3,9.3,0.0,23.2,49.0,80
327621,2023-02-17,13:15:24,2023,2,17,13,Friday,Kandy,මහනුවර,7.2906,80.6337,3,28.1,18.0,23.2,0.0,0.0,0.0,20.5,46.4,73
327566,2023-02-16,16:26:03,2023,2,16,16,Thursday,Nuwara Eliya,ගිනිගත්හේන,6.9833,80.4833,3,28.6,19.3,23.7,0.0,0.0,0.0,6.5,19.1,75
327526,2023-02-16,08:09:46,2023,2,16,8,Thursday,Jaffna,යාපනය,9.6615,80.0255,1,28.2,22.5,25.1,0.0,0.0,0.0,21.1,38.5,74
327491,2023-02-15,16:20:51,2023,2,15,16,Wednesday,Colombo,කොළඹ,6.9271,79.8612,2,30.7,22.1,25.9,0.0,0.0,0.0,16.6,33.1,75
327457,2023-02-15,09:52:47,2023,2,15,9,Wednesday,Colombo,කොළඹ,6.9271,79.8612,2,30.7,22.1,25.9,0.0,0.0,0.0,16.6,33.1,75
327444,2023-02-15,07:01:27,2023,2,15,7,Wednesday,Kegalle,රඹුක්කන,7.3167,80.4,1,31.2,19.2,24.4,0.0,0.0,0.0,13.9,30.2,67
327393,2023-02-14,12:51:56,2023,2,14,12,Tuesday,Hambantota,බෙලිඅත්ත,6.05,80.75,2,31.3,21.5,25.4,0.0,0.0,0.0,12.3,31.3,76
327242,2023-02-12,16:33:30,2023,2,12,16,Sunday,Jaffna,යාපනය,9.6615,80.0255,3,28.0,20.3,24.5,0.0,0.0,0.0,15.8,28.8,80
327120,2023-02-10,16:37:53,2023,2,10,16,Friday,Galle,ඇල්පිටිය,6.2833,80.1667,55,29.4,22.2,25.1,3.0,3.0,0.0,10.2,23.0,87
327087,2023-02-10,08:20:27,2023,2,10,8,Friday,Colombo,මොරටුව,6.773,79.8816,51,28.8,23.1,25.8,1.0,1.0,0.0,14.9,26.6,84
327023,2023-02-09,11:08:27,2023,2,9,11,Thursday,Hambantota,කතරගම,6.4134,81.3346,51,31.1,22.5,26.0,0.1,0.1,0.0,16.5,36.4,79
326959,2023-02-08,11:43:57,2023,2,8,11,Wednesday,Kurunegala,කුරුණෑගල,7.4863,80.3623,3,30.3,20.6,25.3,0.0,0.0,0.0,18.4,39.2,79
326664,2023-02-04,17:00:22,2023,2,4,17,Saturday,Colombo,පාදුක්ක,6.8408,80.0925,65,28.9,21.8,24.6,10.7,10.7,0.0,10.6,24.5,92
326624,2023-02-04,08:14:04,2023,2,4,8,Saturday,Anuradhapura,අනුරාධපුර,8.3114,80.4037,63,28.1,22.9,24.6,7.6,7.6,0.0,18.2,36.0,90
326471,2023-02-02,11:05:34,2023,2,2,11,Thursday,Colombo,කොළඹ,6.9271,79.8612,55,28.0,22.2,25.0,2.7,2.7,0.0,14.2,31.0,87
326414,2023-02-01,16:43:11,2023,2,1,16,Wednesday,Matale,දඹුල්ල,7.86,80.6517,61,27.3,21.6,23.4,4.2,4.2,0.0,16.9,38.9,89
326293,2023-01-31,10:34:50,2023,1,31,10,Tuesday,Colombo,කොළඹ,6.9271,79.8612,61,28.3,22.9,24.9,5.3,5.3,0.0,21.9,40.7,86
326277,2023-01-31,08:16:29,2023,1,31,8,Tuesday,Colombo,කොළඹ,6.9271,79.8612,61,28.3,22.9,24.9,5.3,5.3,0.0,21.9,40.7,86
325689,2023-01-23,09:43:27,2023,1,23,9,Monday,Nuwara Eliya,කොටගල,6.9,80.6167,61,22.5,13.8,17.5,2.7,2.7,0.0,6.8,21.6,85
325645,2023-01-22,15:03:06,2023,1,22,15,Sunday,Nuwara Eliya,නුවරඑළිය,6.9497,80.7891,61,15.5,12.3,13.6,11.6,11.6,0.0,16.3,40.0,96
325623,2023-01-22,10:14:30,2023,1,22,10,Sunday,Colombo,කොළඹ,6.9271,79.8612,51,28.6,23.0,25.1,1.9,1.9,0.0,22.4,41.4,79
325621,2023-01-22,10:04:51,2023,1,22,10,Sunday,Matara,මාතර,5.9485,80.5353,55,28.0,22.0,24.6,3.4,3.4,0.0,18.2,39.6,87
325594,2023-01-21,19:38:36,2023,1,21,19,Saturday,Colombo,කොළඹ,6.9271,79.8612,51,29.2,22.4,25.3,0.8,0.8,0.0,26.1,49.3,72
325591,2023-01-21,18:47:53,2023,1,21,18,Saturday,Colombo,කොළඹ,6.9271,79.8612,51,29.2,22.4,25.3,0.8,0.8,0.0,26.1,49.3,72
325543,2023-01-21,08:25:22,2023,1,21,8,Saturday,Colombo,කොළඹ,6.9271,79.8612,51,29.2,22.4,25.3,0.8,0.8,0.0,26.1,49.3,72
325533,2023-01-20,22:36:01,2023,1,20,22,Friday,Colombo,කොළඹ,6.9271,79.8612,3,30.9,21.3,25.6,0.0,0.0,0.0,21.4,37.1,66
325530,2023-01-20,19:40:25,2023,1,20,19,Friday,Colombo,කොළඹ,6.9271,79.8612,3,30.9,21.3,25.6,0.0,0.0,0.0,21.4,37.1,66
325277,2023-01-17,17:48:19,2023,1,17,17,Tuesday,Kilinochchi,කිලිනොච්චි,9.3961,80.3981,51,28.3,22.3,25.0,0.5,0.5,0.0,22.4,43.9,78
325223,2023-01-17,06:58:36,2023,1,17,6,Tuesday,Colombo,කොළඹ,6.9271,79.8612,63,28.2,21.9,24.8,5.1,5.1,0.0,10.9,24.5,89
325160,2023-01-16,10:53:33,2023,1,16,10,Monday,Kandy,නාවලපිටිය,7.05,80.5333,65,25.0,17.4,20.9,14.7,14.7,0.0,5.7,20.2,88
324997,2023-01-14,10:26:47,2023,1,14,10,Saturday,Colombo,කොළඹ,6.9271,79.8612,3,30.3,21.8,25.4,0.0,0.0,0.0,20.9,40.0,78
324920,2023-01-13,09:57:25,2023,1,13,9,Friday,Colombo,කොළඹ,6.9271,79.8612,3,29.5,20.2,24.5,0.0,0.0,0.0,16.5,32.4,74
324690,2023-01-10,10:26:06,2023,1,10,10,Tuesday,Kandy,මහනුවර,7.2906,80.6337,3,26.0,18.4,21.5,0.0,0.0,0.0,16.7,38.5,79
324445,2023-01-06,20:14:29,2023,1,6,20,Friday,Anuradhapura,අනුරාධපුර,8.3114,80.4037,63,25.6,22.5,23.4,11.4,11.4,0.0,18.4,38.2,92
324155,2023-01-03,10:14:50,2023,1,3,10,Tuesday,Matara,දික්වැල්ල,5.9667,80.6833,61,29.6,20.6,24.4,2.6,2.6,0.0,13.8,28.8,84
324028,2023-01-01,16:16:34,2023,1,1,16,Sunday,Colombo,කොළඹ,6.9271,79.8612,3,29.6,19.7,24.7,0.0,0.0,0.0,17.1,33.5,73
324007,2023-01-01,13:27:52,2023,1,1,13,Sunday,Colombo,කොළඹ,6.9271,79.8612,3,29.6,19.7,24.7,0.0,0.0,0.0,17.1,33.5,73
324001,2023-01-01,12:46:16,2023,1,1,12,Sunday,Galle,බද්දේගම,6.1667,80.1833,3,27.6,22.1,25.2,0.0,0.0,0.0,12.0,24.5,82
